timestamp,observed_m,predicted_m,surge_m,datum
2018-01-01 00:00:00+00:00,-0.015,0.009,-0.024,NAVD
2018-01-01 00:06:00+00:00,0.08,0.091,-0.010999999999999996,NAVD
2018-01-01 00:12:00+00:00,0.171,0.172,-0.0009999999999999731,NAVD
2018-01-01 00:18:00+00:00,0.262,0.252,0.010000000000000009,NAVD
2018-01-01 00:24:00+00:00,0.345,0.331,0.013999999999999957,NAVD
2018-01-01 00:30:00+00:00,0.422,0.41,0.01200000000000001,NAVD
2018-01-01 00:36:00+00:00,0.5,0.486,0.014000000000000012,NAVD
2018-01-01 00:42:00+00:00,0.582,0.561,0.020999999999999908,NAVD
2018-01-01 00:48:00+00:00,0.659,0.634,0.025000000000000022,NAVD
2018-01-01 00:54:00+00:00,0.728,0.704,0.02400000000000002,NAVD
2018-01-01 01:00:00+00:00,0.793,0.772,0.02100000000000002,NAVD
2018-01-01 01:06:00+00:00,0.859,0.838,0.02100000000000002,NAVD
2018-01-01 01:12:00+00:00,0.923,0.9,0.02300000000000002,NAVD
2018-01-01 01:18:00+00:00,0.985,0.959,0.026000000000000023,NAVD
2018-01-01 01:24:00+00:00,1.036,1.014,0.02200000000000002,NAVD
2018-01-01 01:30:00+00:00,1.083,1.066,0.016999999999999904,NAVD
2018-01-01 01:36:00+00:00,1.127,1.114,0.0129999999999999,NAVD
2018-01-01 01:42:00+00:00,1.171,1.157,0.014000000000000012,NAVD
2018-01-01 01:48:00+00:00,1.224,1.197,0.026999999999999913,NAVD
2018-01-01 01:54:00+00:00,1.267,1.232,0.03499999999999992,NAVD
2018-01-01 02:00:00+00:00,1.307,1.263,0.04400000000000004,NAVD
2018-01-01 02:06:00+00:00,1.341,1.29,0.050999999999999934,NAVD
2018-01-01 02:12:00+00:00,1.368,1.312,0.05600000000000005,NAVD
2018-01-01 02:18:00+00:00,1.391,1.329,0.062000000000000055,NAVD
2018-01-01 02:24:00+00:00,1.397,1.343,0.05400000000000005,NAVD
2018-01-01 02:30:00+00:00,1.399,1.351,0.04800000000000004,NAVD
2018-01-01 02:36:00+00:00,1.393,1.355,0.038000000000000034,NAVD
2018-01-01 02:42:00+00:00,1.385,1.355,0.030000000000000027,NAVD
2018-01-01 02:48:00+00:00,1.377,1.351,0.026000000000000023,NAVD
2018-01-01 02:54:00+00:00,1.357,1.342,0.014999999999999902,NAVD
2018-01-01 03:00:00+00:00,1.337,1.329,0.008000000000000007,NAVD
2018-01-01 03:06:00+00:00,1.316,1.312,0.0040000000000000036,NAVD
2018-01-01 03:12:00+00:00,1.29,1.291,-0.0009999999999998899,NAVD
2018-01-01 03:18:00+00:00,1.249,1.266,-0.016999999999999904,NAVD
2018-01-01 03:24:00+00:00,1.213,1.237,-0.02400000000000002,NAVD
2018-01-01 03:30:00+00:00,1.165,1.205,-0.040000000000000036,NAVD
2018-01-01 03:36:00+00:00,1.119,1.169,-0.050000000000000044,NAVD
2018-01-01 03:42:00+00:00,1.079,1.13,-0.050999999999999934,NAVD
2018-01-01 03:48:00+00:00,1.037,1.087,-0.050000000000000044,NAVD
2018-01-01 03:54:00+00:00,0.994,1.042,-0.04800000000000004,NAVD
2018-01-01 04:00:00+00:00,0.947,0.993,-0.04600000000000004,NAVD
2018-01-01 04:06:00+00:00,0.898,0.942,-0.04399999999999993,NAVD
2018-01-01 04:12:00+00:00,0.852,0.888,-0.03600000000000003,NAVD
2018-01-01 04:18:00+00:00,0.802,0.831,-0.028999999999999915,NAVD
2018-01-01 04:24:00+00:00,0.743,0.772,-0.029000000000000026,NAVD
2018-01-01 04:30:00+00:00,0.673,0.711,-0.03799999999999992,NAVD
2018-01-01 04:36:00+00:00,0.609,0.647,-0.038000000000000034,NAVD
2018-01-01 04:42:00+00:00,0.546,0.582,-0.03599999999999992,NAVD
2018-01-01 04:48:00+00:00,0.48,0.515,-0.03500000000000003,NAVD
2018-01-01 04:54:00+00:00,0.414,0.446,-0.03200000000000003,NAVD
2018-01-01 05:00:00+00:00,0.35,0.375,-0.025000000000000022,NAVD
2018-01-01 05:06:00+00:00,0.283,0.304,-0.02100000000000002,NAVD
2018-01-01 05:12:00+00:00,0.213,0.231,-0.018000000000000016,NAVD
2018-01-01 05:18:00+00:00,0.143,0.157,-0.014000000000000012,NAVD
2018-01-01 05:24:00+00:00,0.068,0.082,-0.013999999999999999,NAVD
2018-01-01 05:30:00+00:00,-0.008,0.006,-0.014,NAVD
2018-01-01 05:36:00+00:00,-0.087,-0.07,-0.016999999999999987,NAVD
2018-01-01 05:42:00+00:00,-0.164,-0.147,-0.017000000000000015,NAVD
2018-01-01 05:48:00+00:00,-0.246,-0.225,-0.02099999999999999,NAVD
2018-01-01 05:54:00+00:00,-0.321,-0.303,-0.018000000000000016,NAVD
2018-01-01 06:00:00+00:00,-0.4,-0.381,-0.019000000000000017,NAVD
2018-01-01 06:06:00+00:00,-0.481,-0.459,-0.021999999999999964,NAVD
2018-01-01 06:12:00+00:00,-0.557,-0.537,-0.020000000000000018,NAVD
2018-01-01 06:18:00+00:00,-0.634,-0.614,-0.020000000000000018,NAVD
2018-01-01 06:24:00+00:00,-0.713,-0.692,-0.02100000000000002,NAVD
2018-01-01 06:30:00+00:00,-0.8,-0.769,-0.031000000000000028,NAVD
2018-01-01 06:36:00+00:00,-0.881,-0.845,-0.03600000000000003,NAVD
2018-01-01 06:42:00+00:00,-0.956,-0.92,-0.03599999999999992,NAVD
2018-01-01 06:48:00+00:00,-1.027,-0.994,-0.03299999999999992,NAVD
2018-01-01 06:54:00+00:00,-1.1,-1.067,-0.03300000000000014,NAVD
2018-01-01 07:00:00+00:00,-1.172,-1.139,-0.03299999999999992,NAVD
2018-01-01 07:06:00+00:00,-1.234,-1.208,-0.026000000000000023,NAVD
2018-01-01 07:12:00+00:00,-1.291,-1.276,-0.014999999999999902,NAVD
2018-01-01 07:18:00+00:00,-1.349,-1.341,-0.008000000000000007,NAVD
2018-01-01 07:24:00+00:00,-1.408,-1.404,-0.0040000000000000036,NAVD
2018-01-01 07:30:00+00:00,-1.459,-1.463,0.0040000000000000036,NAVD
2018-01-01 07:36:00+00:00,-1.512,-1.52,0.008000000000000007,NAVD
2018-01-01 07:42:00+00:00,-1.566,-1.572,0.006000000000000005,NAVD
2018-01-01 07:48:00+00:00,-1.619,-1.621,0.0020000000000000018,NAVD
2018-01-01 07:54:00+00:00,-1.666,-1.666,0.0,NAVD
2018-01-01 08:00:00+00:00,-1.708,-1.707,-0.0009999999999998899,NAVD
2018-01-01 08:06:00+00:00,-1.748,-1.742,-0.006000000000000005,NAVD
2018-01-01 08:12:00+00:00,-1.783,-1.773,-0.010000000000000009,NAVD
2018-01-01 08:18:00+00:00,-1.804,-1.798,-0.006000000000000005,NAVD
2018-01-01 08:24:00+00:00,-1.818,-1.818,0.0,NAVD
2018-01-01 08:30:00+00:00,-1.833,-1.833,0.0,NAVD
2018-01-01 08:36:00+00:00,-1.841,-1.842,0.001000000000000112,NAVD
2018-01-01 08:42:00+00:00,-1.84,-1.845,0.004999999999999893,NAVD
2018-01-01 08:48:00+00:00,-1.828,-1.842,0.014000000000000012,NAVD
2018-01-01 08:54:00+00:00,-1.812,-1.833,0.020999999999999908,NAVD
2018-01-01 09:00:00+00:00,-1.793,-1.819,0.026000000000000023,NAVD
2018-01-01 09:06:00+00:00,-1.764,-1.799,0.03499999999999992,NAVD
2018-01-01 09:12:00+00:00,-1.72,-1.773,0.052999999999999936,NAVD
2018-01-01 09:18:00+00:00,-1.668,-1.742,0.07400000000000007,NAVD
2018-01-01 09:24:00+00:00,-1.614,-1.705,0.09099999999999997,NAVD
2018-01-01 09:30:00+00:00,-1.557,-1.664,0.10699999999999998,NAVD
2018-01-01 09:36:00+00:00,-1.491,-1.618,0.127,NAVD
2018-01-01 09:42:00+00:00,-1.429,-1.567,0.1379999999999999,NAVD
2018-01-01 09:48:00+00:00,-1.367,-1.513,0.1459999999999999,NAVD
2018-01-01 09:54:00+00:00,-1.299,-1.454,0.15500000000000003,NAVD
2018-01-01 10:00:00+00:00,-1.23,-1.392,0.16199999999999992,NAVD
2018-01-01 10:06:00+00:00,-1.162,-1.326,0.16400000000000015,NAVD
2018-01-01 10:12:00+00:00,-1.098,-1.258,0.15999999999999992,NAVD
2018-01-01 10:18:00+00:00,-1.03,-1.187,0.15700000000000003,NAVD
2018-01-01 10:24:00+00:00,-0.956,-1.113,0.15700000000000003,NAVD
2018-01-01 10:30:00+00:00,-0.89,-1.037,0.1469999999999999,NAVD
2018-01-01 10:36:00+00:00,-0.82,-0.96,0.14,NAVD
2018-01-01 10:42:00+00:00,-0.749,-0.88,0.131,NAVD
2018-01-01 10:48:00+00:00,-0.676,-0.799,0.123,NAVD
2018-01-01 10:54:00+00:00,-0.605,-0.717,0.11199999999999999,NAVD
2018-01-01 11:00:00+00:00,-0.529,-0.634,0.10499999999999998,NAVD
2018-01-01 11:06:00+00:00,-0.45,-0.55,0.10000000000000003,NAVD
2018-01-01 11:12:00+00:00,-0.368,-0.465,0.09700000000000003,NAVD
2018-01-01 11:18:00+00:00,-0.285,-0.379,0.09400000000000003,NAVD
2018-01-01 11:24:00+00:00,-0.195,-0.292,0.09699999999999998,NAVD
2018-01-01 11:30:00+00:00,-0.107,-0.205,0.09799999999999999,NAVD
2018-01-01 11:36:00+00:00,-0.019,-0.118,0.09899999999999999,NAVD
2018-01-01 11:42:00+00:00,0.069,-0.03,0.099,NAVD
2018-01-01 11:48:00+00:00,0.161,0.058,0.10300000000000001,NAVD
2018-01-01 11:54:00+00:00,0.252,0.147,0.10500000000000001,NAVD
2018-01-01 12:00:00+00:00,0.321,0.235,0.08600000000000002,NAVD
2018-01-01 12:06:00+00:00,0.425,0.323,0.10199999999999998,NAVD
2018-01-01 12:12:00+00:00,0.498,0.411,0.08700000000000002,NAVD
2018-01-01 12:18:00+00:00,0.595,0.499,0.09599999999999997,NAVD
2018-01-01 12:24:00+00:00,0.675,0.586,0.08900000000000008,NAVD
2018-01-01 12:30:00+00:00,0.766,0.672,0.09399999999999997,NAVD
2018-01-01 12:36:00+00:00,0.85,0.758,0.09199999999999997,NAVD
2018-01-01 12:42:00+00:00,0.948,0.842,0.10599999999999998,NAVD
2018-01-01 12:48:00+00:00,1.02,0.925,0.09499999999999997,NAVD
2018-01-01 12:54:00+00:00,1.121,1.006,0.11499999999999999,NAVD
2018-01-01 13:00:00+00:00,1.189,1.085,0.10400000000000009,NAVD
2018-01-01 13:06:00+00:00,1.26,1.161,0.09899999999999998,NAVD
2018-01-01 13:12:00+00:00,1.332,1.236,0.09600000000000009,NAVD
2018-01-01 13:18:00+00:00,1.407,1.307,0.10000000000000009,NAVD
2018-01-01 13:24:00+00:00,1.472,1.376,0.09600000000000009,NAVD
2018-01-01 13:30:00+00:00,1.537,1.441,0.09599999999999986,NAVD
2018-01-01 13:36:00+00:00,1.596,1.503,0.0930000000000002,NAVD
2018-01-01 13:42:00+00:00,1.66,1.56,0.09999999999999987,NAVD
2018-01-01 13:48:00+00:00,1.713,1.614,0.09899999999999998,NAVD
2018-01-01 13:54:00+00:00,1.761,1.664,0.09699999999999998,NAVD
2018-01-01 14:00:00+00:00,1.799,1.709,0.08999999999999986,NAVD
2018-01-01 14:06:00+00:00,1.835,1.75,0.08499999999999996,NAVD
2018-01-01 14:12:00+00:00,1.859,1.786,0.07299999999999995,NAVD
2018-01-01 14:18:00+00:00,1.886,1.818,0.06799999999999984,NAVD
2018-01-01 14:24:00+00:00,1.905,1.844,0.06099999999999994,NAVD
2018-01-01 14:30:00+00:00,1.923,1.866,0.05699999999999994,NAVD
2018-01-01 14:36:00+00:00,1.934,1.883,0.050999999999999934,NAVD
2018-01-01 14:42:00+00:00,1.949,1.895,0.05400000000000005,NAVD
2018-01-01 14:48:00+00:00,1.955,1.902,0.05300000000000016,NAVD
2018-01-01 14:54:00+00:00,1.961,1.904,0.05700000000000016,NAVD
2018-01-01 15:00:00+00:00,1.96,1.901,0.05899999999999994,NAVD
2018-01-01 15:06:00+00:00,1.944,1.894,0.050000000000000044,NAVD
2018-01-01 15:12:00+00:00,1.925,1.881,0.04400000000000004,NAVD
2018-01-01 15:18:00+00:00,1.897,1.865,0.03200000000000003,NAVD
2018-01-01 15:24:00+00:00,1.862,1.843,0.019000000000000128,NAVD
2018-01-01 15:30:00+00:00,1.819,1.817,0.0020000000000000018,NAVD
2018-01-01 15:36:00+00:00,1.773,1.787,-0.014000000000000012,NAVD
2018-01-01 15:42:00+00:00,1.728,1.753,-0.02499999999999991,NAVD
2018-01-01 15:48:00+00:00,1.685,1.715,-0.030000000000000027,NAVD
2018-01-01 15:54:00+00:00,1.634,1.673,-0.039000000000000146,NAVD
2018-01-01 16:00:00+00:00,1.586,1.627,-0.040999999999999925,NAVD
2018-01-01 16:06:00+00:00,1.536,1.577,-0.040999999999999925,NAVD
2018-01-01 16:12:00+00:00,1.478,1.524,-0.04600000000000004,NAVD
2018-01-01 16:18:00+00:00,1.417,1.468,-0.050999999999999934,NAVD
2018-01-01 16:24:00+00:00,1.352,1.408,-0.05599999999999983,NAVD
2018-01-01 16:30:00+00:00,1.282,1.345,-0.06299999999999994,NAVD
2018-01-01 16:36:00+00:00,1.201,1.279,-0.07799999999999985,NAVD
2018-01-01 16:42:00+00:00,1.125,1.211,-0.08600000000000008,NAVD
2018-01-01 16:48:00+00:00,1.043,1.139,-0.09600000000000009,NAVD
2018-01-01 16:54:00+00:00,0.968,1.066,-0.09800000000000009,NAVD
2018-01-01 17:00:00+00:00,0.893,0.99,-0.09699999999999998,NAVD
2018-01-01 17:06:00+00:00,0.822,0.911,-0.08900000000000008,NAVD
2018-01-01 17:12:00+00:00,0.746,0.831,-0.08499999999999996,NAVD
2018-01-01 17:18:00+00:00,0.67,0.749,-0.07899999999999996,NAVD
2018-01-01 17:24:00+00:00,0.599,0.665,-0.06600000000000006,NAVD
2018-01-01 17:30:00+00:00,0.522,0.579,-0.05699999999999994,NAVD
2018-01-01 17:36:00+00:00,0.445,0.492,-0.046999999999999986,NAVD
2018-01-01 17:42:00+00:00,0.364,0.404,-0.040000000000000036,NAVD
2018-01-01 17:48:00+00:00,0.277,0.314,-0.03699999999999998,NAVD
2018-01-01 17:54:00+00:00,0.191,0.224,-0.033,NAVD
2018-01-01 18:00:00+00:00,0.101,0.132,-0.031,NAVD
2018-01-01 18:06:00+00:00,0.011,0.04,-0.029,NAVD
2018-01-01 18:12:00+00:00,-0.084,-0.053,-0.031000000000000007,NAVD
2018-01-01 18:18:00+00:00,-0.189,-0.147,-0.04200000000000001,NAVD
2018-01-01 18:24:00+00:00,-0.29,-0.241,-0.04899999999999999,NAVD
2018-01-01 18:30:00+00:00,-0.391,-0.335,-0.055999999999999994,NAVD
2018-01-01 18:36:00+00:00,-0.492,-0.43,-0.062,NAVD
2018-01-01 18:42:00+00:00,-0.593,-0.524,-0.06899999999999995,NAVD
2018-01-01 18:48:00+00:00,-0.69,-0.618,-0.07199999999999995,NAVD
2018-01-01 18:54:00+00:00,-0.776,-0.712,-0.06400000000000006,NAVD
2018-01-01 19:00:00+00:00,-0.872,-0.805,-0.06699999999999995,NAVD
2018-01-01 19:06:00+00:00,-0.96,-0.898,-0.061999999999999944,NAVD
2018-01-01 19:12:00+00:00,-1.044,-0.99,-0.05400000000000005,NAVD
2018-01-01 19:18:00+00:00,-1.132,-1.08,-0.051999999999999824,NAVD
2018-01-01 19:24:00+00:00,-1.22,-1.169,-0.050999999999999934,NAVD
2018-01-01 19:30:00+00:00,-1.306,-1.257,-0.049000000000000155,NAVD
2018-01-01 19:36:00+00:00,-1.39,-1.342,-0.04799999999999982,NAVD
2018-01-01 19:42:00+00:00,-1.473,-1.425,-0.04800000000000004,NAVD
2018-01-01 19:48:00+00:00,-1.556,-1.506,-0.050000000000000044,NAVD
2018-01-01 19:54:00+00:00,-1.635,-1.583,-0.052000000000000046,NAVD
2018-01-01 20:00:00+00:00,-1.71,-1.658,-0.052000000000000046,NAVD
2018-01-01 20:06:00+00:00,-1.78,-1.729,-0.050999999999999934,NAVD
2018-01-01 20:12:00+00:00,-1.847,-1.796,-0.050999999999999934,NAVD
2018-01-01 20:18:00+00:00,-1.908,-1.859,-0.04899999999999993,NAVD
2018-01-01 20:24:00+00:00,-1.966,-1.917,-0.04899999999999993,NAVD
2018-01-01 20:30:00+00:00,-2.023,-1.971,-0.052000000000000046,NAVD
2018-01-01 20:36:00+00:00,-2.076,-2.019,-0.05699999999999994,NAVD
2018-01-01 20:42:00+00:00,-2.119,-2.063,-0.05600000000000005,NAVD
2018-01-01 20:48:00+00:00,-2.163,-2.1,-0.06299999999999972,NAVD
2018-01-01 20:54:00+00:00,-2.208,-2.132,-0.07600000000000007,NAVD
2018-01-01 21:00:00+00:00,-2.234,-2.159,-0.07500000000000018,NAVD
2018-01-01 21:06:00+00:00,-2.252,-2.179,-0.07299999999999995,NAVD
2018-01-01 21:12:00+00:00,-2.265,-2.193,-0.07200000000000006,NAVD
2018-01-01 21:18:00+00:00,-2.265,-2.201,-0.06400000000000006,NAVD
2018-01-01 21:24:00+00:00,-2.265,-2.203,-0.06200000000000028,NAVD
2018-01-01 21:30:00+00:00,-2.249,-2.2,-0.04899999999999993,NAVD
2018-01-01 21:36:00+00:00,-2.227,-2.19,-0.03699999999999992,NAVD
2018-01-01 21:42:00+00:00,-2.192,-2.174,-0.018000000000000238,NAVD
2018-01-01 21:48:00+00:00,-2.153,-2.153,0.0,NAVD
2018-01-01 21:54:00+00:00,-2.095,-2.127,0.031999999999999584,NAVD
2018-01-01 22:00:00+00:00,-2.064,-2.096,0.03200000000000003,NAVD
2018-01-01 22:06:00+00:00,-2.018,-2.059,0.04100000000000037,NAVD
2018-01-01 22:12:00+00:00,-1.963,-2.018,0.054999999999999716,NAVD
2018-01-01 22:18:00+00:00,-1.904,-1.973,0.06900000000000017,NAVD
2018-01-01 22:24:00+00:00,-1.848,-1.923,0.07499999999999996,NAVD
2018-01-01 22:30:00+00:00,-1.797,-1.87,0.07300000000000018,NAVD
2018-01-01 22:36:00+00:00,-1.738,-1.814,0.07600000000000007,NAVD
2018-01-01 22:42:00+00:00,-1.685,-1.754,0.06899999999999995,NAVD
2018-01-01 22:48:00+00:00,-1.622,-1.691,0.06899999999999995,NAVD
2018-01-01 22:54:00+00:00,-1.566,-1.626,0.05999999999999983,NAVD
2018-01-01 23:00:00+00:00,-1.508,-1.558,0.050000000000000044,NAVD
2018-01-01 23:06:00+00:00,-1.45,-1.487,0.037000000000000144,NAVD
2018-01-01 23:12:00+00:00,-1.386,-1.415,0.029000000000000137,NAVD
2018-01-01 23:18:00+00:00,-1.312,-1.341,0.028999999999999915,NAVD
2018-01-01 23:24:00+00:00,-1.245,-1.265,0.019999999999999796,NAVD
2018-01-01 23:30:00+00:00,-1.174,-1.188,0.014000000000000012,NAVD
2018-01-01 23:36:00+00:00,-1.102,-1.109,0.006999999999999895,NAVD
2018-01-01 23:42:00+00:00,-1.025,-1.029,0.0040000000000000036,NAVD
2018-01-01 23:48:00+00:00,-0.947,-0.947,0.0,NAVD
2018-01-01 23:54:00+00:00,-0.868,-0.864,-0.0040000000000000036,NAVD
2018-01-02 00:00:00+00:00,-0.79,-0.78,-0.010000000000000009,NAVD
2018-01-02 00:06:00+00:00,-0.707,-0.696,-0.01100000000000001,NAVD
2018-01-02 00:12:00+00:00,-0.621,-0.61,-0.01100000000000001,NAVD
2018-01-02 00:18:00+00:00,-0.533,-0.524,-0.009000000000000008,NAVD
2018-01-02 00:24:00+00:00,-0.443,-0.436,-0.007000000000000006,NAVD
2018-01-02 00:30:00+00:00,-0.348,-0.349,0.0010000000000000009,NAVD
2018-01-02 00:36:00+00:00,-0.253,-0.261,0.008000000000000007,NAVD
2018-01-02 00:42:00+00:00,-0.162,-0.172,0.009999999999999981,NAVD
2018-01-02 00:48:00+00:00,-0.062,-0.084,0.022000000000000006,NAVD
2018-01-02 00:54:00+00:00,0.038,0.004,0.034,NAVD
2018-01-02 01:00:00+00:00,0.132,0.092,0.04000000000000001,NAVD
2018-01-02 01:06:00+00:00,0.221,0.179,0.04200000000000001,NAVD
2018-01-02 01:12:00+00:00,0.314,0.265,0.04899999999999999,NAVD
2018-01-02 01:18:00+00:00,0.408,0.351,0.056999999999999995,NAVD
2018-01-02 01:24:00+00:00,0.495,0.434,0.061,NAVD
2018-01-02 01:30:00+00:00,0.576,0.516,0.05999999999999994,NAVD
2018-01-02 01:36:00+00:00,0.656,0.597,0.05900000000000005,NAVD
2018-01-02 01:42:00+00:00,0.735,0.674,0.06099999999999994,NAVD
2018-01-02 01:48:00+00:00,0.811,0.75,0.061000000000000054,NAVD
2018-01-02 01:54:00+00:00,0.886,0.822,0.06400000000000006,NAVD
2018-01-02 02:00:00+00:00,0.958,0.891,0.06699999999999995,NAVD
2018-01-02 02:06:00+00:00,1.024,0.957,0.06700000000000006,NAVD
2018-01-02 02:12:00+00:00,1.091,1.02,0.07099999999999995,NAVD
2018-01-02 02:18:00+00:00,1.153,1.078,0.07499999999999996,NAVD
2018-01-02 02:24:00+00:00,1.211,1.133,0.07800000000000007,NAVD
2018-01-02 02:30:00+00:00,1.266,1.183,0.08299999999999996,NAVD
2018-01-02 02:36:00+00:00,1.313,1.229,0.08399999999999985,NAVD
2018-01-02 02:42:00+00:00,1.35,1.271,0.07900000000000018,NAVD
2018-01-02 02:48:00+00:00,1.381,1.308,0.07299999999999995,NAVD
2018-01-02 02:54:00+00:00,1.412,1.341,0.07099999999999995,NAVD
2018-01-02 03:00:00+00:00,1.433,1.369,0.06400000000000006,NAVD
2018-01-02 03:06:00+00:00,1.446,1.392,0.05400000000000005,NAVD
2018-01-02 03:12:00+00:00,1.457,1.411,0.04600000000000004,NAVD
2018-01-02 03:18:00+00:00,1.465,1.425,0.040000000000000036,NAVD
2018-01-02 03:24:00+00:00,1.47,1.434,0.03600000000000003,NAVD
2018-01-02 03:30:00+00:00,1.47,1.439,0.030999999999999917,NAVD
2018-01-02 03:36:00+00:00,1.458,1.439,0.018999999999999906,NAVD
2018-01-02 03:42:00+00:00,1.447,1.435,0.01200000000000001,NAVD
2018-01-02 03:48:00+00:00,1.43,1.426,0.0040000000000000036,NAVD
2018-01-02 03:54:00+00:00,1.402,1.413,-0.01100000000000012,NAVD
2018-01-02 04:00:00+00:00,1.373,1.396,-0.02299999999999991,NAVD
2018-01-02 04:06:00+00:00,1.339,1.375,-0.03600000000000003,NAVD
2018-01-02 04:12:00+00:00,1.3,1.349,-0.04899999999999993,NAVD
2018-01-02 04:18:00+00:00,1.262,1.32,-0.05800000000000005,NAVD
2018-01-02 04:24:00+00:00,1.227,1.287,-0.05999999999999983,NAVD
2018-01-02 04:30:00+00:00,1.19,1.251,-0.06099999999999994,NAVD
2018-01-02 04:36:00+00:00,1.149,1.211,-0.062000000000000055,NAVD
2018-01-02 04:42:00+00:00,1.108,1.167,-0.05899999999999994,NAVD
2018-01-02 04:48:00+00:00,1.066,1.12,-0.05400000000000005,NAVD
2018-01-02 04:54:00+00:00,1.021,1.071,-0.050000000000000044,NAVD
2018-01-02 05:00:00+00:00,0.973,1.018,-0.04500000000000004,NAVD
2018-01-02 05:06:00+00:00,0.923,0.962,-0.038999999999999924,NAVD
2018-01-02 05:12:00+00:00,0.863,0.903,-0.040000000000000036,NAVD
2018-01-02 05:18:00+00:00,0.8,0.842,-0.041999999999999926,NAVD
2018-01-02 05:24:00+00:00,0.737,0.779,-0.04200000000000004,NAVD
2018-01-02 05:30:00+00:00,0.669,0.713,-0.04399999999999993,NAVD
2018-01-02 05:36:00+00:00,0.597,0.645,-0.04800000000000004,NAVD
2018-01-02 05:42:00+00:00,0.526,0.575,-0.04899999999999993,NAVD
2018-01-02 05:48:00+00:00,0.447,0.503,-0.055999999999999994,NAVD
2018-01-02 05:54:00+00:00,0.37,0.429,-0.059,NAVD
2018-01-02 06:00:00+00:00,0.295,0.354,-0.059,NAVD
2018-01-02 06:06:00+00:00,0.216,0.277,-0.061000000000000026,NAVD
2018-01-02 06:12:00+00:00,0.139,0.199,-0.06,NAVD
2018-01-02 06:18:00+00:00,0.062,0.12,-0.057999999999999996,NAVD
2018-01-02 06:24:00+00:00,-0.014,0.04,-0.054,NAVD
2018-01-02 06:30:00+00:00,-0.092,-0.041,-0.051,NAVD
2018-01-02 06:36:00+00:00,-0.17,-0.123,-0.047000000000000014,NAVD
2018-01-02 06:42:00+00:00,-0.254,-0.205,-0.049000000000000016,NAVD
2018-01-02 06:48:00+00:00,-0.334,-0.288,-0.04600000000000004,NAVD
2018-01-02 06:54:00+00:00,-0.417,-0.372,-0.044999999999999984,NAVD
2018-01-02 07:00:00+00:00,-0.503,-0.455,-0.04799999999999999,NAVD
2018-01-02 07:06:00+00:00,-0.593,-0.539,-0.05399999999999994,NAVD
2018-01-02 07:12:00+00:00,-0.681,-0.622,-0.05900000000000005,NAVD
2018-01-02 07:18:00+00:00,-0.764,-0.705,-0.05900000000000005,NAVD
2018-01-02 07:24:00+00:00,-0.849,-0.787,-0.061999999999999944,NAVD
2018-01-02 07:30:00+00:00,-0.931,-0.869,-0.062000000000000055,NAVD
2018-01-02 07:36:00+00:00,-1.011,-0.95,-0.06099999999999994,NAVD
2018-01-02 07:42:00+00:00,-1.091,-1.029,-0.062000000000000055,NAVD
2018-01-02 07:48:00+00:00,-1.169,-1.107,-0.062000000000000055,NAVD
2018-01-02 07:54:00+00:00,-1.246,-1.184,-0.062000000000000055,NAVD
2018-01-02 08:00:00+00:00,-1.321,-1.258,-0.06299999999999994,NAVD
2018-01-02 08:06:00+00:00,-1.396,-1.33,-0.06599999999999984,NAVD
2018-01-02 08:12:00+00:00,-1.471,-1.399,-0.07200000000000006,NAVD
2018-01-02 08:18:00+00:00,-1.546,-1.466,-0.08000000000000007,NAVD
2018-01-02 08:24:00+00:00,-1.62,-1.529,-0.09100000000000019,NAVD
2018-01-02 08:30:00+00:00,-1.686,-1.588,-0.09799999999999986,NAVD
2018-01-02 08:36:00+00:00,-1.746,-1.644,-0.10200000000000009,NAVD
2018-01-02 08:42:00+00:00,-1.802,-1.695,-0.10699999999999998,NAVD
2018-01-02 08:48:00+00:00,-1.851,-1.742,-0.10899999999999999,NAVD
2018-01-02 08:54:00+00:00,-1.894,-1.784,-0.10999999999999988,NAVD
2018-01-02 09:00:00+00:00,-1.929,-1.821,-0.1080000000000001,NAVD
2018-01-02 09:06:00+00:00,-1.957,-1.852,-0.10499999999999998,NAVD
2018-01-02 09:12:00+00:00,-1.978,-1.878,-0.10000000000000009,NAVD
2018-01-02 09:18:00+00:00,-1.995,-1.899,-0.09600000000000009,NAVD
2018-01-02 09:24:00+00:00,-2.007,-1.913,-0.09400000000000008,NAVD
2018-01-02 09:30:00+00:00,-2.01,-1.921,-0.08899999999999975,NAVD
2018-01-02 09:36:00+00:00,-2.005,-1.924,-0.08099999999999996,NAVD
2018-01-02 09:42:00+00:00,-1.992,-1.92,-0.07200000000000006,NAVD
2018-01-02 09:48:00+00:00,-1.97,-1.91,-0.06000000000000005,NAVD
2018-01-02 09:54:00+00:00,-1.94,-1.894,-0.04600000000000004,NAVD
2018-01-02 10:00:00+00:00,-1.904,-1.873,-0.030999999999999917,NAVD
2018-01-02 10:06:00+00:00,-1.857,-1.845,-0.01200000000000001,NAVD
2018-01-02 10:12:00+00:00,-1.802,-1.812,0.010000000000000009,NAVD
2018-01-02 10:18:00+00:00,-1.745,-1.774,0.028999999999999915,NAVD
2018-01-02 10:24:00+00:00,-1.686,-1.731,0.04500000000000015,NAVD
2018-01-02 10:30:00+00:00,-1.62,-1.682,0.06199999999999983,NAVD
2018-01-02 10:36:00+00:00,-1.554,-1.63,0.07599999999999985,NAVD
2018-01-02 10:42:00+00:00,-1.492,-1.573,0.08099999999999996,NAVD
2018-01-02 10:48:00+00:00,-1.43,-1.512,0.08200000000000007,NAVD
2018-01-02 10:54:00+00:00,-1.369,-1.447,0.07800000000000007,NAVD
2018-01-02 11:00:00+00:00,-1.309,-1.379,0.07000000000000006,NAVD
2018-01-02 11:06:00+00:00,-1.25,-1.308,0.05800000000000005,NAVD
2018-01-02 11:12:00+00:00,-1.192,-1.234,0.04200000000000004,NAVD
2018-01-02 11:18:00+00:00,-1.124,-1.157,0.03299999999999992,NAVD
2018-01-02 11:24:00+00:00,-1.062,-1.079,0.016999999999999904,NAVD
2018-01-02 11:30:00+00:00,-0.999,-0.998,-0.0010000000000000009,NAVD
2018-01-02 11:36:00+00:00,-0.921,-0.916,-0.0050000000000000044,NAVD
2018-01-02 11:42:00+00:00,-0.839,-0.831,-0.008000000000000007,NAVD
2018-01-02 11:48:00+00:00,-0.756,-0.746,-0.010000000000000009,NAVD
2018-01-02 11:54:00+00:00,-0.671,-0.659,-0.01200000000000001,NAVD
2018-01-02 12:00:00+00:00,-0.583,-0.571,-0.01200000000000001,NAVD
2018-01-02 12:06:00+00:00,-0.494,-0.482,-0.01200000000000001,NAVD
2018-01-02 12:12:00+00:00,-0.405,-0.392,-0.013000000000000012,NAVD
2018-01-02 12:18:00+00:00,-0.316,-0.302,-0.014000000000000012,NAVD
2018-01-02 12:24:00+00:00,-0.223,-0.21,-0.013000000000000012,NAVD
2018-01-02 12:30:00+00:00,-0.133,-0.118,-0.015000000000000013,NAVD
2018-01-02 12:36:00+00:00,-0.045,-0.026,-0.019,NAVD
2018-01-02 12:42:00+00:00,0.046,0.067,-0.021000000000000005,NAVD
2018-01-02 12:48:00+00:00,0.142,0.16,-0.018000000000000016,NAVD
2018-01-02 12:54:00+00:00,0.238,0.253,-0.015000000000000013,NAVD
2018-01-02 13:00:00+00:00,0.332,0.346,-0.013999999999999957,NAVD
2018-01-02 13:06:00+00:00,0.427,0.438,-0.01100000000000001,NAVD
2018-01-02 13:12:00+00:00,0.517,0.53,-0.013000000000000012,NAVD
2018-01-02 13:18:00+00:00,0.613,0.622,-0.009000000000000008,NAVD
2018-01-02 13:24:00+00:00,0.706,0.713,-0.007000000000000006,NAVD
2018-01-02 13:30:00+00:00,0.8,0.802,-0.0020000000000000018,NAVD
2018-01-02 13:36:00+00:00,0.893,0.89,0.0030000000000000027,NAVD
2018-01-02 13:42:00+00:00,0.984,0.977,0.007000000000000006,NAVD
2018-01-02 13:48:00+00:00,1.074,1.061,0.013000000000000123,NAVD
2018-01-02 13:54:00+00:00,1.16,1.144,0.016000000000000014,NAVD
2018-01-02 14:00:00+00:00,1.251,1.223,0.027999999999999803,NAVD
2018-01-02 14:06:00+00:00,1.332,1.3,0.03200000000000003,NAVD
2018-01-02 14:12:00+00:00,1.412,1.375,0.03699999999999992,NAVD
2018-01-02 14:18:00+00:00,1.484,1.445,0.038999999999999924,NAVD
2018-01-02 14:24:00+00:00,1.555,1.512,0.04299999999999993,NAVD
2018-01-02 14:30:00+00:00,1.621,1.576,0.04499999999999993,NAVD
2018-01-02 14:36:00+00:00,1.681,1.635,0.04600000000000004,NAVD
2018-01-02 14:42:00+00:00,1.738,1.69,0.04800000000000004,NAVD
2018-01-02 14:48:00+00:00,1.786,1.74,0.04600000000000004,NAVD
2018-01-02 14:54:00+00:00,1.829,1.786,0.04299999999999993,NAVD
2018-01-02 15:00:00+00:00,1.863,1.828,0.03499999999999992,NAVD
2018-01-02 15:06:00+00:00,1.892,1.864,0.027999999999999803,NAVD
2018-01-02 15:12:00+00:00,1.917,1.896,0.02100000000000013,NAVD
2018-01-02 15:18:00+00:00,1.939,1.922,0.017000000000000126,NAVD
2018-01-02 15:24:00+00:00,1.953,1.944,0.009000000000000119,NAVD
2018-01-02 15:30:00+00:00,1.965,1.96,0.0050000000000001155,NAVD
2018-01-02 15:36:00+00:00,1.968,1.972,-0.0040000000000000036,NAVD
2018-01-02 15:42:00+00:00,1.973,1.978,-0.004999999999999893,NAVD
2018-01-02 15:48:00+00:00,1.975,1.98,-0.004999999999999893,NAVD
2018-01-02 15:54:00+00:00,1.97,1.977,-0.007000000000000117,NAVD
2018-01-02 16:00:00+00:00,1.953,1.968,-0.014999999999999902,NAVD
2018-01-02 16:06:00+00:00,1.93,1.955,-0.025000000000000133,NAVD
2018-01-02 16:12:00+00:00,1.904,1.938,-0.03400000000000003,NAVD
2018-01-02 16:18:00+00:00,1.876,1.916,-0.040000000000000036,NAVD
2018-01-02 16:24:00+00:00,1.837,1.889,-0.052000000000000046,NAVD
2018-01-02 16:30:00+00:00,1.792,1.858,-0.06600000000000006,NAVD
2018-01-02 16:36:00+00:00,1.745,1.823,-0.07799999999999985,NAVD
2018-01-02 16:42:00+00:00,1.696,1.784,-0.08800000000000008,NAVD
2018-01-02 16:48:00+00:00,1.642,1.74,-0.09800000000000009,NAVD
2018-01-02 16:54:00+00:00,1.589,1.693,-0.10400000000000009,NAVD
2018-01-02 17:00:00+00:00,1.529,1.642,-0.11299999999999999,NAVD
2018-01-02 17:06:00+00:00,1.467,1.587,-0.11999999999999988,NAVD
2018-01-02 17:12:00+00:00,1.403,1.529,-0.1259999999999999,NAVD
2018-01-02 17:18:00+00:00,1.338,1.468,-0.1299999999999999,NAVD
2018-01-02 17:24:00+00:00,1.272,1.403,-0.131,NAVD
2018-01-02 17:30:00+00:00,1.199,1.335,-0.1359999999999999,NAVD
2018-01-02 17:36:00+00:00,1.125,1.264,-0.139,NAVD
2018-01-02 17:42:00+00:00,1.052,1.19,-0.1379999999999999,NAVD
2018-01-02 17:48:00+00:00,0.98,1.114,-0.13400000000000012,NAVD
2018-01-02 17:54:00+00:00,0.905,1.035,-0.1299999999999999,NAVD
2018-01-02 18:00:00+00:00,0.83,0.954,-0.124,NAVD
2018-01-02 18:06:00+00:00,0.755,0.87,-0.11499999999999999,NAVD
2018-01-02 18:12:00+00:00,0.679,0.784,-0.10499999999999998,NAVD
2018-01-02 18:18:00+00:00,0.598,0.697,-0.09899999999999998,NAVD
2018-01-02 18:24:00+00:00,0.514,0.607,-0.09299999999999997,NAVD
2018-01-02 18:30:00+00:00,0.432,0.516,-0.08400000000000002,NAVD
2018-01-02 18:36:00+00:00,0.344,0.424,-0.08000000000000002,NAVD
2018-01-02 18:42:00+00:00,0.251,0.33,-0.07900000000000001,NAVD
2018-01-02 18:48:00+00:00,0.157,0.234,-0.07700000000000001,NAVD
2018-01-02 18:54:00+00:00,0.06,0.138,-0.07800000000000001,NAVD
2018-01-02 19:00:00+00:00,-0.035,0.041,-0.07600000000000001,NAVD
2018-01-02 19:06:00+00:00,-0.129,-0.057,-0.07200000000000001,NAVD
2018-01-02 19:12:00+00:00,-0.228,-0.156,-0.07200000000000001,NAVD
2018-01-02 19:18:00+00:00,-0.325,-0.255,-0.07,NAVD
2018-01-02 19:24:00+00:00,-0.421,-0.354,-0.067,NAVD
2018-01-02 19:30:00+00:00,-0.523,-0.454,-0.069,NAVD
2018-01-02 19:36:00+00:00,-0.626,-0.553,-0.07299999999999995,NAVD
2018-01-02 19:42:00+00:00,-0.724,-0.653,-0.07099999999999995,NAVD
2018-01-02 19:48:00+00:00,-0.828,-0.751,-0.07699999999999996,NAVD
2018-01-02 19:54:00+00:00,-0.936,-0.85,-0.08600000000000008,NAVD
2018-01-02 20:00:00+00:00,-1.043,-0.947,-0.09599999999999997,NAVD
2018-01-02 20:06:00+00:00,-1.143,-1.043,-0.10000000000000009,NAVD
2018-01-02 20:12:00+00:00,-1.243,-1.138,-0.1050000000000002,NAVD
2018-01-02 20:18:00+00:00,-1.339,-1.231,-0.10799999999999987,NAVD
2018-01-02 20:24:00+00:00,-1.433,-1.323,-0.1100000000000001,NAVD
2018-01-02 20:30:00+00:00,-1.525,-1.412,-0.11299999999999999,NAVD
2018-01-02 20:36:00+00:00,-1.603,-1.498,-0.10499999999999998,NAVD
2018-01-02 20:42:00+00:00,-1.69,-1.582,-0.10799999999999987,NAVD
2018-01-02 20:48:00+00:00,-1.762,-1.662,-0.10000000000000009,NAVD
2018-01-02 20:54:00+00:00,-1.82,-1.739,-0.08099999999999996,NAVD
2018-01-02 21:00:00+00:00,-1.903,-1.812,-0.09099999999999997,NAVD
2018-01-02 21:06:00+00:00,-1.974,-1.881,-0.09299999999999997,NAVD
2018-01-02 21:12:00+00:00,-2.044,-1.946,-0.09800000000000009,NAVD
2018-01-02 21:18:00+00:00,-2.094,-2.005,-0.08899999999999997,NAVD
2018-01-02 21:24:00+00:00,-2.155,-2.06,-0.09499999999999975,NAVD
2018-01-02 21:30:00+00:00,-2.213,-2.109,-0.10400000000000009,NAVD
2018-01-02 21:36:00+00:00,-2.268,-2.152,-0.11599999999999966,NAVD
2018-01-02 21:42:00+00:00,-2.302,-2.19,-0.1120000000000001,NAVD
2018-01-02 21:48:00+00:00,-2.328,-2.222,-0.10599999999999987,NAVD
2018-01-02 21:54:00+00:00,-2.356,-2.248,-0.10799999999999965,NAVD
2018-01-02 22:00:00+00:00,-2.377,-2.267,-0.10999999999999988,NAVD
2018-01-02 22:06:00+00:00,-2.384,-2.28,-0.10400000000000009,NAVD
2018-01-02 22:12:00+00:00,-2.39,-2.288,-0.10200000000000031,NAVD
2018-01-02 22:18:00+00:00,-2.383,-2.289,-0.09399999999999986,NAVD
2018-01-02 22:24:00+00:00,-2.365,-2.283,-0.0820000000000003,NAVD
2018-01-02 22:30:00+00:00,-2.341,-2.272,-0.0690000000000004,NAVD
2018-01-02 22:36:00+00:00,-2.306,-2.255,-0.051000000000000156,NAVD
2018-01-02 22:42:00+00:00,-2.272,-2.233,-0.0389999999999997,NAVD
2018-01-02 22:48:00+00:00,-2.229,-2.205,-0.02400000000000002,NAVD
2018-01-02 22:54:00+00:00,-2.178,-2.171,-0.007000000000000117,NAVD
2018-01-02 23:00:00+00:00,-2.125,-2.133,0.008000000000000007,NAVD
2018-01-02 23:06:00+00:00,-2.073,-2.09,0.016999999999999904,NAVD
2018-01-02 23:12:00+00:00,-2.019,-2.043,0.02400000000000002,NAVD
2018-01-02 23:18:00+00:00,-1.962,-1.991,0.029000000000000137,NAVD
2018-01-02 23:24:00+00:00,-1.901,-1.936,0.03499999999999992,NAVD
2018-01-02 23:30:00+00:00,-1.839,-1.877,0.038000000000000034,NAVD
2018-01-02 23:36:00+00:00,-1.777,-1.815,0.038000000000000034,NAVD
2018-01-02 23:42:00+00:00,-1.712,-1.75,0.038000000000000034,NAVD
2018-01-02 23:48:00+00:00,-1.647,-1.682,0.03499999999999992,NAVD
2018-01-02 23:54:00+00:00,-1.579,-1.612,0.03300000000000014,NAVD
2018-01-03 00:00:00+00:00,-1.522,-1.539,0.016999999999999904,NAVD
2018-01-03 00:06:00+00:00,-1.458,-1.464,0.006000000000000005,NAVD
2018-01-03 00:12:00+00:00,-1.384,-1.387,0.0030000000000001137,NAVD
2018-01-03 00:18:00+00:00,-1.32,-1.308,-0.01200000000000001,NAVD
2018-01-03 00:24:00+00:00,-1.258,-1.227,-0.030999999999999917,NAVD
2018-01-03 00:30:00+00:00,-1.189,-1.145,-0.04400000000000004,NAVD
2018-01-03 00:36:00+00:00,-1.121,-1.061,-0.06000000000000005,NAVD
2018-01-03 00:42:00+00:00,-1.044,-0.976,-0.06800000000000006,NAVD
2018-01-03 00:48:00+00:00,-0.967,-0.889,-0.07799999999999996,NAVD
2018-01-03 00:54:00+00:00,-0.892,-0.802,-0.08999999999999997,NAVD
2018-01-03 01:00:00+00:00,-0.799,-0.713,-0.08600000000000008,NAVD
2018-01-03 01:06:00+00:00,-0.707,-0.623,-0.08399999999999996,NAVD
2018-01-03 01:12:00+00:00,-0.613,-0.533,-0.07999999999999996,NAVD
2018-01-03 01:18:00+00:00,-0.522,-0.442,-0.08000000000000002,NAVD
2018-01-03 01:24:00+00:00,-0.429,-0.35,-0.07900000000000001,NAVD
2018-01-03 01:30:00+00:00,-0.336,-0.258,-0.07800000000000001,NAVD
2018-01-03 01:36:00+00:00,-0.242,-0.166,-0.07599999999999998,NAVD
2018-01-03 01:42:00+00:00,-0.147,-0.074,-0.073,NAVD
2018-01-03 01:48:00+00:00,-0.05,0.018,-0.068,NAVD
2018-01-03 01:54:00+00:00,0.046,0.11,-0.064,NAVD
2018-01-03 02:00:00+00:00,0.144,0.2,-0.05600000000000002,NAVD
2018-01-03 02:06:00+00:00,0.245,0.29,-0.044999999999999984,NAVD
2018-01-03 02:12:00+00:00,0.341,0.378,-0.03699999999999998,NAVD
2018-01-03 02:18:00+00:00,0.437,0.464,-0.027000000000000024,NAVD
2018-01-03 02:24:00+00:00,0.535,0.549,-0.014000000000000012,NAVD
2018-01-03 02:30:00+00:00,0.624,0.631,-0.007000000000000006,NAVD
2018-01-03 02:36:00+00:00,0.71,0.711,-0.0010000000000000009,NAVD
2018-01-03 02:42:00+00:00,0.788,0.789,-0.0010000000000000009,NAVD
2018-01-03 02:48:00+00:00,0.86,0.863,-0.0030000000000000027,NAVD
2018-01-03 02:54:00+00:00,0.929,0.934,-0.0050000000000000044,NAVD
2018-01-03 03:00:00+00:00,0.988,1.001,-0.0129999999999999,NAVD
2018-01-03 03:06:00+00:00,1.047,1.065,-0.018000000000000016,NAVD
2018-01-03 03:12:00+00:00,1.101,1.124,-0.02300000000000013,NAVD
2018-01-03 03:18:00+00:00,1.147,1.18,-0.03299999999999992,NAVD
2018-01-03 03:24:00+00:00,1.192,1.231,-0.039000000000000146,NAVD
2018-01-03 03:30:00+00:00,1.238,1.278,-0.040000000000000036,NAVD
2018-01-03 03:36:00+00:00,1.27,1.32,-0.050000000000000044,NAVD
2018-01-03 03:42:00+00:00,1.306,1.358,-0.052000000000000046,NAVD
2018-01-03 03:48:00+00:00,1.335,1.391,-0.05600000000000005,NAVD
2018-01-03 03:54:00+00:00,1.36,1.42,-0.05999999999999983,NAVD
2018-01-03 04:00:00+00:00,1.379,1.444,-0.06499999999999995,NAVD
2018-01-03 04:06:00+00:00,1.389,1.463,-0.07400000000000007,NAVD
2018-01-03 04:12:00+00:00,1.405,1.477,-0.07200000000000006,NAVD
2018-01-03 04:18:00+00:00,1.418,1.487,-0.06900000000000017,NAVD
2018-01-03 04:24:00+00:00,1.417,1.492,-0.07499999999999996,NAVD
2018-01-03 04:30:00+00:00,1.409,1.493,-0.08400000000000007,NAVD
2018-01-03 04:36:00+00:00,1.398,1.489,-0.09100000000000019,NAVD
2018-01-03 04:42:00+00:00,1.378,1.481,-0.1030000000000002,NAVD
2018-01-03 04:48:00+00:00,1.362,1.468,-0.10599999999999987,NAVD
2018-01-03 04:54:00+00:00,1.337,1.451,-0.1140000000000001,NAVD
2018-01-03 05:00:00+00:00,1.311,1.43,-0.119,NAVD
2018-01-03 05:06:00+00:00,1.274,1.405,-0.131,NAVD
2018-01-03 05:12:00+00:00,1.246,1.376,-0.1299999999999999,NAVD
2018-01-03 05:18:00+00:00,1.213,1.343,-0.1299999999999999,NAVD
2018-01-03 05:24:00+00:00,1.189,1.306,-0.11699999999999999,NAVD
2018-01-03 05:30:00+00:00,1.161,1.266,-0.10499999999999998,NAVD
2018-01-03 05:36:00+00:00,1.116,1.222,-0.10599999999999987,NAVD
2018-01-03 05:42:00+00:00,1.067,1.175,-0.1080000000000001,NAVD
2018-01-03 05:48:00+00:00,1.019,1.124,-0.1050000000000002,NAVD
2018-01-03 05:54:00+00:00,0.96,1.07,-0.1100000000000001,NAVD
2018-01-03 06:00:00+00:00,0.897,1.013,-0.11599999999999988,NAVD
2018-01-03 06:06:00+00:00,0.831,0.954,-0.123,NAVD
2018-01-03 06:12:00+00:00,0.756,0.891,-0.135,NAVD
2018-01-03 06:18:00+00:00,0.684,0.826,-0.1419999999999999,NAVD
2018-01-03 06:24:00+00:00,0.616,0.758,-0.14200000000000002,NAVD
2018-01-03 06:30:00+00:00,0.549,0.688,-0.1389999999999999,NAVD
2018-01-03 06:36:00+00:00,0.479,0.616,-0.137,NAVD
2018-01-03 06:42:00+00:00,0.407,0.542,-0.13500000000000006,NAVD
2018-01-03 06:48:00+00:00,0.332,0.465,-0.133,NAVD
2018-01-03 06:54:00+00:00,0.26,0.387,-0.127,NAVD
2018-01-03 07:00:00+00:00,0.185,0.308,-0.123,NAVD
2018-01-03 07:06:00+00:00,0.107,0.227,-0.12000000000000001,NAVD
2018-01-03 07:12:00+00:00,0.023,0.144,-0.121,NAVD
2018-01-03 07:18:00+00:00,-0.058,0.061,-0.119,NAVD
2018-01-03 07:24:00+00:00,-0.135,-0.023,-0.11200000000000002,NAVD
2018-01-03 07:30:00+00:00,-0.222,-0.109,-0.113,NAVD
2018-01-03 07:36:00+00:00,-0.303,-0.194,-0.10899999999999999,NAVD
2018-01-03 07:42:00+00:00,-0.383,-0.281,-0.10199999999999998,NAVD
2018-01-03 07:48:00+00:00,-0.474,-0.368,-0.10599999999999998,NAVD
2018-01-03 07:54:00+00:00,-0.569,-0.454,-0.11499999999999994,NAVD
2018-01-03 08:00:00+00:00,-0.655,-0.541,-0.11399999999999999,NAVD
2018-01-03 08:06:00+00:00,-0.746,-0.628,-0.118,NAVD
2018-01-03 08:12:00+00:00,-0.837,-0.714,-0.123,NAVD
2018-01-03 08:18:00+00:00,-0.933,-0.8,-0.133,NAVD
2018-01-03 08:24:00+00:00,-1.022,-0.885,-0.137,NAVD
2018-01-03 08:30:00+00:00,-1.112,-0.968,-0.14400000000000013,NAVD
2018-01-03 08:36:00+00:00,-1.195,-1.051,-0.14400000000000013,NAVD
2018-01-03 08:42:00+00:00,-1.279,-1.131,-0.1479999999999999,NAVD
2018-01-03 08:48:00+00:00,-1.364,-1.21,-0.15400000000000014,NAVD
2018-01-03 08:54:00+00:00,-1.445,-1.286,-0.15900000000000003,NAVD
2018-01-03 09:00:00+00:00,-1.516,-1.36,-0.15599999999999992,NAVD
2018-01-03 09:06:00+00:00,-1.585,-1.432,-0.15300000000000002,NAVD
2018-01-03 09:12:00+00:00,-1.661,-1.5,-0.16100000000000003,NAVD
2018-01-03 09:18:00+00:00,-1.732,-1.564,-0.16799999999999993,NAVD
2018-01-03 09:24:00+00:00,-1.788,-1.625,-0.16300000000000003,NAVD
2018-01-03 09:30:00+00:00,-1.844,-1.681,-0.16300000000000003,NAVD
2018-01-03 09:36:00+00:00,-1.893,-1.733,-0.15999999999999992,NAVD
2018-01-03 09:42:00+00:00,-1.936,-1.781,-0.15500000000000003,NAVD
2018-01-03 09:48:00+00:00,-1.977,-1.823,-0.15400000000000014,NAVD
2018-01-03 09:54:00+00:00,-2.004,-1.86,-0.1439999999999999,NAVD
2018-01-03 10:00:00+00:00,-2.033,-1.891,-0.1419999999999999,NAVD
2018-01-03 10:06:00+00:00,-2.055,-1.917,-0.13800000000000012,NAVD
2018-01-03 10:12:00+00:00,-2.067,-1.937,-0.13000000000000012,NAVD
2018-01-03 10:18:00+00:00,-2.077,-1.951,-0.1259999999999999,NAVD
2018-01-03 10:24:00+00:00,-2.079,-1.959,-0.1200000000000001,NAVD
2018-01-03 10:30:00+00:00,-2.077,-1.96,-0.11699999999999999,NAVD
2018-01-03 10:36:00+00:00,-2.067,-1.956,-0.11100000000000021,NAVD
2018-01-03 10:42:00+00:00,-2.044,-1.945,-0.09899999999999998,NAVD
2018-01-03 10:48:00+00:00,-2.015,-1.929,-0.08600000000000008,NAVD
2018-01-03 10:54:00+00:00,-1.987,-1.906,-0.08100000000000018,NAVD
2018-01-03 11:00:00+00:00,-1.938,-1.878,-0.06000000000000005,NAVD
2018-01-03 11:06:00+00:00,-1.882,-1.844,-0.03799999999999981,NAVD
2018-01-03 11:12:00+00:00,-1.834,-1.805,-0.029000000000000137,NAVD
2018-01-03 11:18:00+00:00,-1.776,-1.761,-0.015000000000000124,NAVD
2018-01-03 11:24:00+00:00,-1.71,-1.712,0.0020000000000000018,NAVD
2018-01-03 11:30:00+00:00,-1.647,-1.658,0.010999999999999899,NAVD
2018-01-03 11:36:00+00:00,-1.584,-1.6,0.016000000000000014,NAVD
2018-01-03 11:42:00+00:00,-1.524,-1.538,0.014000000000000012,NAVD
2018-01-03 11:48:00+00:00,-1.466,-1.473,0.007000000000000117,NAVD
2018-01-03 11:54:00+00:00,-1.401,-1.404,0.0029999999999998916,NAVD
2018-01-03 12:00:00+00:00,-1.338,-1.332,-0.006000000000000005,NAVD
2018-01-03 12:06:00+00:00,-1.282,-1.257,-0.025000000000000133,NAVD
2018-01-03 12:12:00+00:00,-1.214,-1.18,-0.03400000000000003,NAVD
2018-01-03 12:18:00+00:00,-1.147,-1.1,-0.04699999999999993,NAVD
2018-01-03 12:24:00+00:00,-1.078,-1.018,-0.06000000000000005,NAVD
2018-01-03 12:30:00+00:00,-0.999,-0.935,-0.06399999999999995,NAVD
2018-01-03 12:36:00+00:00,-0.917,-0.849,-0.06800000000000006,NAVD
2018-01-03 12:42:00+00:00,-0.833,-0.762,-0.07099999999999995,NAVD
2018-01-03 12:48:00+00:00,-0.746,-0.674,-0.07199999999999995,NAVD
2018-01-03 12:54:00+00:00,-0.664,-0.585,-0.07900000000000007,NAVD
2018-01-03 13:00:00+00:00,-0.573,-0.494,-0.07899999999999996,NAVD
2018-01-03 13:06:00+00:00,-0.478,-0.403,-0.07499999999999996,NAVD
2018-01-03 13:12:00+00:00,-0.383,-0.311,-0.07200000000000001,NAVD
2018-01-03 13:18:00+00:00,-0.288,-0.218,-0.06999999999999998,NAVD
2018-01-03 13:24:00+00:00,-0.185,-0.124,-0.061,NAVD
2018-01-03 13:30:00+00:00,-0.083,-0.031,-0.052000000000000005,NAVD
2018-01-03 13:36:00+00:00,0.028,0.064,-0.036000000000000004,NAVD
2018-01-03 13:42:00+00:00,0.142,0.158,-0.016000000000000014,NAVD
2018-01-03 13:48:00+00:00,0.254,0.253,0.0010000000000000009,NAVD
2018-01-03 13:54:00+00:00,0.352,0.347,0.0050000000000000044,NAVD
2018-01-03 14:00:00+00:00,0.453,0.441,0.01200000000000001,NAVD
2018-01-03 14:06:00+00:00,0.563,0.535,0.027999999999999914,NAVD
2018-01-03 14:12:00+00:00,0.657,0.627,0.030000000000000027,NAVD
2018-01-03 14:18:00+00:00,0.765,0.719,0.04600000000000004,NAVD
2018-01-03 14:24:00+00:00,0.857,0.809,0.04799999999999993,NAVD
2018-01-03 14:30:00+00:00,0.951,0.898,0.052999999999999936,NAVD
2018-01-03 14:36:00+00:00,1.047,0.986,0.06099999999999994,NAVD
2018-01-03 14:42:00+00:00,1.146,1.071,0.07499999999999996,NAVD
2018-01-03 14:48:00+00:00,1.233,1.153,0.08000000000000007,NAVD
2018-01-03 14:54:00+00:00,1.321,1.234,0.08699999999999997,NAVD
2018-01-03 15:00:00+00:00,1.394,1.311,0.08299999999999996,NAVD
2018-01-03 15:06:00+00:00,1.463,1.385,0.07800000000000007,NAVD
2018-01-03 15:12:00+00:00,1.53,1.456,0.07400000000000007,NAVD
2018-01-03 15:18:00+00:00,1.597,1.523,0.07400000000000007,NAVD
2018-01-03 15:24:00+00:00,1.662,1.586,0.07599999999999985,NAVD
2018-01-03 15:30:00+00:00,1.722,1.645,0.07699999999999996,NAVD
2018-01-03 15:36:00+00:00,1.783,1.699,0.08399999999999985,NAVD
2018-01-03 15:42:00+00:00,1.836,1.75,0.08600000000000008,NAVD
2018-01-03 15:48:00+00:00,1.893,1.796,0.09699999999999998,NAVD
2018-01-03 15:54:00+00:00,1.931,1.837,0.09400000000000008,NAVD
2018-01-03 16:00:00+00:00,1.96,1.873,0.08699999999999997,NAVD
2018-01-03 16:06:00+00:00,1.987,1.904,0.08300000000000018,NAVD
2018-01-03 16:12:00+00:00,1.996,1.93,0.06600000000000006,NAVD
2018-01-03 16:18:00+00:00,2.009,1.952,0.05699999999999994,NAVD
2018-01-03 16:24:00+00:00,2.006,1.968,0.03799999999999981,NAVD
2018-01-03 16:30:00+00:00,2.014,1.98,0.03399999999999981,NAVD
2018-01-03 16:36:00+00:00,2.011,1.987,0.02400000000000002,NAVD
2018-01-03 16:42:00+00:00,2.01,1.988,0.021999999999999797,NAVD
2018-01-03 16:48:00+00:00,2.011,1.985,0.026000000000000023,NAVD
2018-01-03 16:54:00+00:00,2.001,1.977,0.0239999999999998,NAVD
2018-01-03 17:00:00+00:00,2.004,1.964,0.040000000000000036,NAVD
2018-01-03 17:06:00+00:00,1.973,1.947,0.026000000000000023,NAVD
2018-01-03 17:12:00+00:00,1.942,1.925,0.016999999999999904,NAVD
2018-01-03 17:18:00+00:00,1.915,1.899,0.016000000000000014,NAVD
2018-01-03 17:24:00+00:00,1.858,1.868,-0.010000000000000009,NAVD
2018-01-03 17:30:00+00:00,1.813,1.833,-0.020000000000000018,NAVD
2018-01-03 17:36:00+00:00,1.763,1.794,-0.03100000000000014,NAVD
2018-01-03 17:42:00+00:00,1.698,1.75,-0.052000000000000046,NAVD
2018-01-03 17:48:00+00:00,1.658,1.703,-0.04500000000000015,NAVD
2018-01-03 17:54:00+00:00,1.589,1.652,-0.06299999999999994,NAVD
2018-01-03 18:00:00+00:00,1.55,1.597,-0.04699999999999993,NAVD
2018-01-03 18:06:00+00:00,1.485,1.538,-0.052999999999999936,NAVD
2018-01-03 18:12:00+00:00,1.44,1.476,-0.03600000000000003,NAVD
2018-01-03 18:18:00+00:00,1.376,1.411,-0.03500000000000014,NAVD
2018-01-03 18:24:00+00:00,1.319,1.342,-0.02300000000000013,NAVD
2018-01-03 18:30:00+00:00,1.245,1.271,-0.0259999999999998,NAVD
2018-01-03 18:36:00+00:00,1.178,1.196,-0.018000000000000016,NAVD
2018-01-03 18:42:00+00:00,1.101,1.119,-0.018000000000000016,NAVD
2018-01-03 18:48:00+00:00,1.027,1.038,-0.01100000000000012,NAVD
2018-01-03 18:54:00+00:00,0.946,0.956,-0.010000000000000009,NAVD
2018-01-03 19:00:00+00:00,0.859,0.871,-0.01200000000000001,NAVD
2018-01-03 19:06:00+00:00,0.773,0.784,-0.01100000000000001,NAVD
2018-01-03 19:12:00+00:00,0.685,0.695,-0.009999999999999898,NAVD
2018-01-03 19:18:00+00:00,0.595,0.603,-0.008000000000000007,NAVD
2018-01-03 19:24:00+00:00,0.5,0.511,-0.01100000000000001,NAVD
2018-01-03 19:30:00+00:00,0.413,0.416,-0.0030000000000000027,NAVD
2018-01-03 19:36:00+00:00,0.312,0.321,-0.009000000000000008,NAVD
2018-01-03 19:42:00+00:00,0.225,0.224,0.0010000000000000009,NAVD
2018-01-03 19:48:00+00:00,0.129,0.126,0.0030000000000000027,NAVD
2018-01-03 19:54:00+00:00,0.03,0.027,0.002999999999999999,NAVD
2018-01-03 20:00:00+00:00,-0.065,-0.073,0.007999999999999993,NAVD
2018-01-03 20:06:00+00:00,-0.17,-0.173,0.002999999999999975,NAVD
2018-01-03 20:12:00+00:00,-0.279,-0.274,-0.0050000000000000044,NAVD
2018-01-03 20:18:00+00:00,-0.373,-0.375,0.0020000000000000018,NAVD
2018-01-03 20:24:00+00:00,-0.473,-0.476,0.0030000000000000027,NAVD
2018-01-03 20:30:00+00:00,-0.579,-0.577,-0.0020000000000000018,NAVD
2018-01-03 20:36:00+00:00,-0.694,-0.678,-0.015999999999999903,NAVD
2018-01-03 20:42:00+00:00,-0.805,-0.778,-0.027000000000000024,NAVD
2018-01-03 20:48:00+00:00,-0.892,-0.877,-0.015000000000000013,NAVD
2018-01-03 20:54:00+00:00,-0.977,-0.976,-0.0010000000000000009,NAVD
2018-01-03 21:00:00+00:00,-1.074,-1.073,-0.001000000000000112,NAVD
2018-01-03 21:06:00+00:00,-1.164,-1.168,0.0040000000000000036,NAVD
2018-01-03 21:12:00+00:00,-1.255,-1.262,0.007000000000000117,NAVD
2018-01-03 21:18:00+00:00,-1.367,-1.354,-0.0129999999999999,NAVD
2018-01-03 21:24:00+00:00,-1.455,-1.444,-0.01100000000000012,NAVD
2018-01-03 21:30:00+00:00,-1.537,-1.53,-0.006999999999999895,NAVD
2018-01-03 21:36:00+00:00,-1.605,-1.614,0.009000000000000119,NAVD
2018-01-03 21:42:00+00:00,-1.685,-1.694,0.008999999999999897,NAVD
2018-01-03 21:48:00+00:00,-1.767,-1.771,0.0040000000000000036,NAVD
2018-01-03 21:54:00+00:00,-1.843,-1.844,0.001000000000000112,NAVD
2018-01-03 22:00:00+00:00,-1.92,-1.912,-0.008000000000000007,NAVD
2018-01-03 22:06:00+00:00,-2.001,-1.976,-0.02499999999999991,NAVD
2018-01-03 22:12:00+00:00,-2.063,-2.034,-0.02900000000000036,NAVD
2018-01-03 22:18:00+00:00,-2.119,-2.088,-0.03100000000000014,NAVD
2018-01-03 22:24:00+00:00,-2.152,-2.136,-0.016000000000000014,NAVD
2018-01-03 22:30:00+00:00,-2.187,-2.178,-0.008999999999999897,NAVD
2018-01-03 22:36:00+00:00,-2.225,-2.215,-0.010000000000000231,NAVD
2018-01-03 22:42:00+00:00,-2.245,-2.245,0.0,NAVD
2018-01-03 22:48:00+00:00,-2.266,-2.27,0.0040000000000000036,NAVD
2018-01-03 22:54:00+00:00,-2.288,-2.288,0.0,NAVD
2018-01-03 23:00:00+00:00,-2.297,-2.299,0.0019999999999997797,NAVD
2018-01-03 23:06:00+00:00,-2.301,-2.305,0.0040000000000000036,NAVD
2018-01-03 23:12:00+00:00,-2.292,-2.305,0.013000000000000345,NAVD
2018-01-03 23:18:00+00:00,-2.273,-2.298,0.02499999999999991,NAVD
2018-01-03 23:24:00+00:00,-2.247,-2.285,0.038000000000000256,NAVD
2018-01-03 23:30:00+00:00,-2.214,-2.267,0.052999999999999936,NAVD
2018-01-03 23:36:00+00:00,-2.172,-2.243,0.07099999999999973,NAVD
2018-01-03 23:42:00+00:00,-2.131,-2.213,0.0820000000000003,NAVD
2018-01-03 23:48:00+00:00,-2.095,-2.179,0.08399999999999963,NAVD
2018-01-03 23:54:00+00:00,-2.039,-2.139,0.09999999999999964,NAVD
2018-01-04 00:00:00+00:00,-1.984,-2.095,0.11100000000000021,NAVD
2018-01-04 00:06:00+00:00,-1.928,-2.047,0.11900000000000022,NAVD
2018-01-04 00:12:00+00:00,-1.874,-1.994,0.11999999999999988,NAVD
2018-01-04 00:18:00+00:00,-1.828,-1.938,0.10999999999999988,NAVD
2018-01-04 00:24:00+00:00,-1.772,-1.878,0.10599999999999987,NAVD
2018-01-04 00:30:00+00:00,-1.718,-1.815,0.09699999999999998,NAVD
2018-01-04 00:36:00+00:00,-1.67,-1.749,0.07900000000000018,NAVD
2018-01-04 00:42:00+00:00,-1.625,-1.68,0.05499999999999994,NAVD
2018-01-04 00:48:00+00:00,-1.565,-1.608,0.04300000000000015,NAVD
2018-01-04 00:54:00+00:00,-1.502,-1.534,0.03200000000000003,NAVD
2018-01-04 01:00:00+00:00,-1.436,-1.458,0.02200000000000002,NAVD
2018-01-04 01:06:00+00:00,-1.354,-1.38,0.0259999999999998,NAVD
2018-01-04 01:12:00+00:00,-1.267,-1.3,0.03300000000000014,NAVD
2018-01-04 01:18:00+00:00,-1.171,-1.219,0.04800000000000004,NAVD
2018-01-04 01:24:00+00:00,-1.078,-1.136,0.05799999999999983,NAVD
2018-01-04 01:30:00+00:00,-0.988,-1.051,0.06299999999999994,NAVD
2018-01-04 01:36:00+00:00,-0.903,-0.965,0.061999999999999944,NAVD
2018-01-04 01:42:00+00:00,-0.82,-0.877,0.05700000000000005,NAVD
2018-01-04 01:48:00+00:00,-0.734,-0.789,0.05500000000000005,NAVD
2018-01-04 01:54:00+00:00,-0.636,-0.699,0.06299999999999994,NAVD
2018-01-04 02:00:00+00:00,-0.541,-0.609,0.06799999999999995,NAVD
2018-01-04 02:06:00+00:00,-0.454,-0.518,0.064,NAVD
2018-01-04 02:12:00+00:00,-0.368,-0.426,0.057999999999999996,NAVD
2018-01-04 02:18:00+00:00,-0.278,-0.334,0.055999999999999994,NAVD
2018-01-04 02:24:00+00:00,-0.17,-0.241,0.07099999999999998,NAVD
2018-01-04 02:30:00+00:00,-0.057,-0.148,0.091,NAVD
2018-01-04 02:36:00+00:00,0.058,-0.056,0.114,NAVD
2018-01-04 02:42:00+00:00,0.179,0.036,0.143,NAVD
2018-01-04 02:48:00+00:00,0.282,0.128,0.15399999999999997,NAVD
2018-01-04 02:54:00+00:00,0.378,0.219,0.159,NAVD
2018-01-04 03:00:00+00:00,0.468,0.308,0.16000000000000003,NAVD
2018-01-04 03:06:00+00:00,0.557,0.397,0.16000000000000003,NAVD
2018-01-04 03:12:00+00:00,0.621,0.483,0.138,NAVD
2018-01-04 03:18:00+00:00,0.688,0.568,0.12,NAVD
2018-01-04 03:24:00+00:00,0.756,0.65,0.10599999999999998,NAVD
2018-01-04 03:30:00+00:00,0.829,0.73,0.09899999999999998,NAVD
2018-01-04 03:36:00+00:00,0.909,0.807,0.10199999999999998,NAVD
2018-01-04 03:42:00+00:00,1.012,0.881,0.131,NAVD
2018-01-04 03:48:00+00:00,1.11,0.952,0.15800000000000014,NAVD
2018-01-04 03:54:00+00:00,1.205,1.019,0.18600000000000017,NAVD
2018-01-04 04:00:00+00:00,1.304,1.082,0.22199999999999998,NAVD
2018-01-04 04:06:00+00:00,1.384,1.142,0.242,NAVD
2018-01-04 04:12:00+00:00,1.452,1.197,0.2549999999999999,NAVD
2018-01-04 04:18:00+00:00,1.514,1.248,0.266,NAVD
2018-01-04 04:24:00+00:00,1.546,1.295,0.2510000000000001,NAVD
2018-01-04 04:30:00+00:00,1.574,1.338,0.236,NAVD
2018-01-04 04:36:00+00:00,1.583,1.376,0.20700000000000007,NAVD
2018-01-04 04:42:00+00:00,1.615,1.409,0.20599999999999996,NAVD
2018-01-04 04:48:00+00:00,1.622,1.438,0.18400000000000016,NAVD
2018-01-04 04:54:00+00:00,1.65,1.462,0.18799999999999994,NAVD
2018-01-04 05:00:00+00:00,1.644,1.482,0.16199999999999992,NAVD
2018-01-04 05:06:00+00:00,1.663,1.497,0.16599999999999993,NAVD
2018-01-04 05:12:00+00:00,1.664,1.507,0.15700000000000003,NAVD
2018-01-04 05:18:00+00:00,1.659,1.513,0.14600000000000013,NAVD
2018-01-04 05:24:00+00:00,1.648,1.514,0.1339999999999999,NAVD
2018-01-04 05:30:00+00:00,1.635,1.51,0.125,NAVD
2018-01-04 05:36:00+00:00,1.618,1.503,0.11500000000000021,NAVD
2018-01-04 05:42:00+00:00,1.6,1.491,0.10899999999999999,NAVD
2018-01-04 05:48:00+00:00,1.608,1.474,0.13400000000000012,NAVD
2018-01-04 05:54:00+00:00,1.594,1.454,0.14000000000000012,NAVD
2018-01-04 06:00:00+00:00,1.59,1.429,0.16100000000000003,NAVD
2018-01-04 06:06:00+00:00,1.548,1.4,0.14800000000000013,NAVD
2018-01-04 06:12:00+00:00,1.53,1.367,0.16300000000000003,NAVD
2018-01-04 06:18:00+00:00,1.481,1.331,0.15000000000000013,NAVD
2018-01-04 06:24:00+00:00,1.441,1.29,0.15100000000000002,NAVD
2018-01-04 06:30:00+00:00,1.372,1.246,0.1260000000000001,NAVD
2018-01-04 06:36:00+00:00,1.331,1.199,0.1319999999999999,NAVD
2018-01-04 06:42:00+00:00,1.285,1.148,0.137,NAVD
2018-01-04 06:48:00+00:00,1.239,1.094,0.14500000000000002,NAVD
2018-01-04 06:54:00+00:00,1.18,1.037,0.14300000000000002,NAVD
2018-01-04 07:00:00+00:00,1.121,0.977,0.14400000000000002,NAVD
2018-01-04 07:06:00+00:00,1.06,0.913,0.14700000000000002,NAVD
2018-01-04 07:12:00+00:00,0.994,0.848,0.14600000000000002,NAVD
2018-01-04 07:18:00+00:00,0.906,0.779,0.127,NAVD
2018-01-04 07:24:00+00:00,0.835,0.709,0.126,NAVD
2018-01-04 07:30:00+00:00,0.755,0.636,0.119,NAVD
2018-01-04 07:36:00+00:00,0.681,0.561,0.12,NAVD
2018-01-04 07:42:00+00:00,0.622,0.484,0.138,NAVD
2018-01-04 07:48:00+00:00,0.562,0.405,0.15700000000000003,NAVD
2018-01-04 07:54:00+00:00,0.501,0.325,0.176,NAVD
2018-01-04 08:00:00+00:00,0.435,0.243,0.192,NAVD
2018-01-04 08:06:00+00:00,0.357,0.16,0.19699999999999998,NAVD
2018-01-04 08:12:00+00:00,0.281,0.076,0.20500000000000002,NAVD
2018-01-04 08:18:00+00:00,0.186,-0.009,0.195,NAVD
2018-01-04 08:24:00+00:00,0.085,-0.095,0.18,NAVD
2018-01-04 08:30:00+00:00,-0.016,-0.181,0.16499999999999998,NAVD
2018-01-04 08:36:00+00:00,-0.125,-0.268,0.14300000000000002,NAVD
2018-01-04 08:42:00+00:00,-0.222,-0.355,0.13299999999999998,NAVD
2018-01-04 08:48:00+00:00,-0.311,-0.443,0.132,NAVD
2018-01-04 08:54:00+00:00,-0.395,-0.53,0.135,NAVD
2018-01-04 09:00:00+00:00,-0.484,-0.617,0.133,NAVD
2018-01-04 09:06:00+00:00,-0.558,-0.704,0.1459999999999999,NAVD
2018-01-04 09:12:00+00:00,-0.632,-0.79,0.15800000000000003,NAVD
2018-01-04 09:18:00+00:00,-0.718,-0.875,0.15700000000000003,NAVD
2018-01-04 09:24:00+00:00,-0.792,-0.959,0.16699999999999993,NAVD
2018-01-04 09:30:00+00:00,-0.864,-1.042,0.17800000000000005,NAVD
2018-01-04 09:36:00+00:00,-0.934,-1.122,0.18800000000000006,NAVD
2018-01-04 09:42:00+00:00,-1.019,-1.201,0.18200000000000016,NAVD
2018-01-04 09:48:00+00:00,-1.085,-1.278,0.19300000000000006,NAVD
2018-01-04 09:54:00+00:00,-1.14,-1.352,0.2120000000000002,NAVD
2018-01-04 10:00:00+00:00,-1.202,-1.423,0.22100000000000009,NAVD
2018-01-04 10:06:00+00:00,-1.263,-1.491,0.2280000000000002,NAVD
2018-01-04 10:12:00+00:00,-1.316,-1.556,0.24,NAVD
2018-01-04 10:18:00+00:00,-1.365,-1.616,0.2510000000000001,NAVD
2018-01-04 10:24:00+00:00,-1.427,-1.673,0.246,NAVD
2018-01-04 10:30:00+00:00,-1.489,-1.725,0.236,NAVD
2018-01-04 10:36:00+00:00,-1.54,-1.772,0.23199999999999998,NAVD
2018-01-04 10:42:00+00:00,-1.587,-1.814,0.2270000000000001,NAVD
2018-01-04 10:48:00+00:00,-1.632,-1.85,0.2180000000000002,NAVD
2018-01-04 10:54:00+00:00,-1.675,-1.881,0.20599999999999996,NAVD
2018-01-04 11:00:00+00:00,-1.694,-1.907,0.21300000000000008,NAVD
2018-01-04 11:06:00+00:00,-1.705,-1.926,0.22099999999999986,NAVD
2018-01-04 11:12:00+00:00,-1.712,-1.94,0.22799999999999998,NAVD
2018-01-04 11:18:00+00:00,-1.717,-1.947,0.22999999999999998,NAVD
2018-01-04 11:24:00+00:00,-1.711,-1.949,0.238,NAVD
2018-01-04 11:30:00+00:00,-1.691,-1.944,0.2529999999999999,NAVD
2018-01-04 11:36:00+00:00,-1.671,-1.933,0.262,NAVD
2018-01-04 11:42:00+00:00,-1.643,-1.917,0.274,NAVD
2018-01-04 11:48:00+00:00,-1.606,-1.894,0.2879999999999998,NAVD
2018-01-04 11:54:00+00:00,-1.557,-1.866,0.30900000000000016,NAVD
2018-01-04 12:00:00+00:00,-1.507,-1.832,0.3250000000000002,NAVD
2018-01-04 12:06:00+00:00,-1.459,-1.793,0.33399999999999985,NAVD
2018-01-04 12:12:00+00:00,-1.394,-1.75,0.3560000000000001,NAVD
2018-01-04 12:18:00+00:00,-1.334,-1.701,0.367,NAVD
2018-01-04 12:24:00+00:00,-1.273,-1.648,0.375,NAVD
2018-01-04 12:30:00+00:00,-1.208,-1.591,0.383,NAVD
2018-01-04 12:36:00+00:00,-1.148,-1.53,0.3820000000000001,NAVD
2018-01-04 12:42:00+00:00,-1.081,-1.466,0.385,NAVD
2018-01-04 12:48:00+00:00,-1.011,-1.398,0.387,NAVD
2018-01-04 12:54:00+00:00,-0.933,-1.327,0.3939999999999999,NAVD
2018-01-04 13:00:00+00:00,-0.858,-1.254,0.396,NAVD
2018-01-04 13:06:00+00:00,-0.781,-1.178,0.3969999999999999,NAVD
2018-01-04 13:12:00+00:00,-0.702,-1.1,0.39800000000000013,NAVD
2018-01-04 13:18:00+00:00,-0.603,-1.02,0.41700000000000004,NAVD
2018-01-04 13:24:00+00:00,-0.512,-0.938,0.42599999999999993,NAVD
2018-01-04 13:30:00+00:00,-0.423,-0.855,0.432,NAVD
2018-01-04 13:36:00+00:00,-0.306,-0.77,0.464,NAVD
2018-01-04 13:42:00+00:00,-0.203,-0.684,0.48100000000000004,NAVD
2018-01-04 13:48:00+00:00,-0.093,-0.596,0.503,NAVD
2018-01-04 13:54:00+00:00,0.023,-0.508,0.531,NAVD
2018-01-04 14:00:00+00:00,0.128,-0.419,0.5469999999999999,NAVD
2018-01-04 14:06:00+00:00,0.217,-0.329,0.546,NAVD
2018-01-04 14:12:00+00:00,0.318,-0.238,0.556,NAVD
2018-01-04 14:18:00+00:00,0.396,-0.146,0.542,NAVD
2018-01-04 14:24:00+00:00,0.482,-0.055,0.537,NAVD
2018-01-04 14:30:00+00:00,0.565,0.038,0.5269999999999999,NAVD
2018-01-04 14:36:00+00:00,0.658,0.13,0.528,NAVD
2018-01-04 14:42:00+00:00,0.743,0.222,0.521,NAVD
2018-01-04 14:48:00+00:00,0.852,0.315,0.5369999999999999,NAVD
2018-01-04 14:54:00+00:00,0.973,0.407,0.5660000000000001,NAVD
2018-01-04 15:00:00+00:00,1.109,0.498,0.611,NAVD
2018-01-04 15:06:00+00:00,1.247,0.589,0.6580000000000001,NAVD
2018-01-04 15:12:00+00:00,1.37,0.678,0.6920000000000001,NAVD
2018-01-04 15:18:00+00:00,1.476,0.767,0.709,NAVD
2018-01-04 15:24:00+00:00,1.577,0.854,0.723,NAVD
2018-01-04 15:30:00+00:00,1.673,0.939,0.7340000000000001,NAVD
2018-01-04 15:36:00+00:00,1.741,1.023,0.7180000000000002,NAVD
2018-01-04 15:42:00+00:00,1.807,1.104,0.7029999999999998,NAVD
2018-01-04 15:48:00+00:00,1.852,1.182,0.6700000000000002,NAVD
2018-01-04 15:54:00+00:00,1.909,1.258,0.651,NAVD
2018-01-04 16:00:00+00:00,1.978,1.331,0.647,NAVD
2018-01-04 16:06:00+00:00,2.061,1.4,0.661,NAVD
2018-01-04 16:12:00+00:00,2.146,1.466,0.6799999999999999,NAVD
2018-01-04 16:18:00+00:00,2.241,1.528,0.7130000000000001,NAVD
2018-01-04 16:24:00+00:00,2.321,1.586,0.7350000000000001,NAVD
2018-01-04 16:30:00+00:00,2.407,1.64,0.7670000000000001,NAVD
2018-01-04 16:36:00+00:00,2.484,1.69,0.794,NAVD
2018-01-04 16:42:00+00:00,2.543,1.735,0.808,NAVD
2018-01-04 16:48:00+00:00,2.577,1.776,0.8009999999999999,NAVD
2018-01-04 16:54:00+00:00,2.613,1.812,0.8009999999999999,NAVD
2018-01-04 17:00:00+00:00,2.643,1.843,0.7999999999999998,NAVD
2018-01-04 17:06:00+00:00,2.686,1.869,0.817,NAVD
2018-01-04 17:12:00+00:00,2.726,1.891,0.835,NAVD
2018-01-04 17:18:00+00:00,2.782,1.908,0.8740000000000001,NAVD
2018-01-04 17:24:00+00:00,2.831,1.92,0.911,NAVD
2018-01-04 17:30:00+00:00,2.891,1.927,0.964,NAVD
2018-01-04 17:36:00+00:00,2.926,1.929,0.9970000000000001,NAVD
2018-01-04 17:42:00+00:00,2.944,1.927,1.017,NAVD
2018-01-04 17:48:00+00:00,2.933,1.919,1.0139999999999998,NAVD
2018-01-04 17:54:00+00:00,2.93,1.907,1.0230000000000001,NAVD
2018-01-04 18:00:00+00:00,2.901,1.891,1.0099999999999998,NAVD
2018-01-04 18:06:00+00:00,2.851,1.87,0.9809999999999999,NAVD
2018-01-04 18:12:00+00:00,2.802,1.845,0.9570000000000001,NAVD
2018-01-04 18:18:00+00:00,2.762,1.815,0.9470000000000001,NAVD
2018-01-04 18:24:00+00:00,2.714,1.781,0.933,NAVD
2018-01-04 18:30:00+00:00,2.654,1.742,0.9119999999999999,NAVD
2018-01-04 18:36:00+00:00,2.613,1.7,0.913,NAVD
2018-01-04 18:42:00+00:00,2.552,1.654,0.8980000000000001,NAVD
2018-01-04 18:48:00+00:00,2.489,1.604,0.8849999999999998,NAVD
2018-01-04 18:54:00+00:00,2.425,1.55,0.8749999999999998,NAVD
2018-01-04 19:00:00+00:00,2.364,1.492,0.8719999999999999,NAVD
2018-01-04 19:06:00+00:00,2.301,1.431,0.8700000000000001,NAVD
2018-01-04 19:12:00+00:00,2.219,1.367,0.8519999999999999,NAVD
2018-01-04 19:18:00+00:00,2.15,1.299,0.851,NAVD
2018-01-04 19:24:00+00:00,2.089,1.229,0.8599999999999999,NAVD
2018-01-04 19:30:00+00:00,2.011,1.155,0.8560000000000001,NAVD
2018-01-04 19:36:00+00:00,1.953,1.079,0.8740000000000001,NAVD
2018-01-04 19:42:00+00:00,1.873,1.0,0.873,NAVD
2018-01-04 19:48:00+00:00,1.82,0.919,0.901,NAVD
2018-01-04 19:54:00+00:00,1.752,0.836,0.916,NAVD
2018-01-04 20:00:00+00:00,1.667,0.75,0.917,NAVD
2018-01-04 20:06:00+00:00,1.615,0.663,0.952,NAVD
2018-01-04 20:12:00+00:00,1.529,0.573,0.956,NAVD
2018-01-04 20:18:00+00:00,1.444,0.482,0.962,NAVD
2018-01-04 20:24:00+00:00,1.37,0.39,0.9800000000000001,NAVD
2018-01-04 20:30:00+00:00,1.29,0.296,0.994,NAVD
2018-01-04 20:36:00+00:00,1.188,0.201,0.9869999999999999,NAVD
2018-01-04 20:42:00+00:00,1.094,0.105,0.9890000000000001,NAVD
2018-01-04 20:48:00+00:00,0.994,0.008,0.986,NAVD
2018-01-04 20:54:00+00:00,0.894,-0.089,0.983,NAVD
2018-01-04 21:00:00+00:00,0.787,-0.187,0.974,NAVD
2018-01-04 21:06:00+00:00,0.697,-0.286,0.9829999999999999,NAVD
2018-01-04 21:12:00+00:00,0.567,-0.385,0.952,NAVD
2018-01-04 21:18:00+00:00,0.45,-0.483,0.933,NAVD
2018-01-04 21:24:00+00:00,0.349,-0.582,0.9309999999999999,NAVD
2018-01-04 21:30:00+00:00,0.241,-0.681,0.922,NAVD
2018-01-04 21:36:00+00:00,0.151,-0.779,0.93,NAVD
2018-01-04 21:42:00+00:00,0.034,-0.876,0.91,NAVD
2018-01-04 21:48:00+00:00,-0.077,-0.972,0.895,NAVD
2018-01-04 21:54:00+00:00,-0.185,-1.067,0.8819999999999999,NAVD
2018-01-04 22:00:00+00:00,-0.289,-1.161,0.8720000000000001,NAVD
2018-01-04 22:06:00+00:00,-0.37,-1.252,0.882,NAVD
2018-01-04 22:12:00+00:00,-0.465,-1.342,0.877,NAVD
2018-01-04 22:18:00+00:00,-0.569,-1.429,0.8600000000000001,NAVD
2018-01-04 22:24:00+00:00,-0.66,-1.514,0.854,NAVD
2018-01-04 22:30:00+00:00,-0.741,-1.595,0.854,NAVD
2018-01-04 22:36:00+00:00,-0.837,-1.674,0.837,NAVD
2018-01-04 22:42:00+00:00,-0.902,-1.748,0.846,NAVD
2018-01-04 22:48:00+00:00,-0.948,-1.818,0.8700000000000001,NAVD
2018-01-04 22:54:00+00:00,-1.021,-1.884,0.863,NAVD
2018-01-04 23:00:00+00:00,-1.075,-1.946,0.871,NAVD
2018-01-04 23:06:00+00:00,-1.13,-2.002,0.8719999999999999,NAVD
2018-01-04 23:12:00+00:00,-1.197,-2.053,0.8559999999999999,NAVD
2018-01-04 23:18:00+00:00,-1.263,-2.099,0.8360000000000003,NAVD
2018-01-04 23:24:00+00:00,-1.322,-2.139,0.8169999999999997,NAVD
2018-01-04 23:30:00+00:00,-1.388,-2.174,0.786,NAVD
2018-01-04 23:36:00+00:00,-1.444,-2.202,0.758,NAVD
2018-01-04 23:42:00+00:00,-1.517,-2.224,0.7070000000000003,NAVD
2018-01-04 23:48:00+00:00,-1.582,-2.24,0.6580000000000001,NAVD
2018-01-04 23:54:00+00:00,-1.633,-2.25,0.617,NAVD
2018-01-05 00:00:00+00:00,-1.694,-2.254,0.56,NAVD
2018-01-05 00:06:00+00:00,-1.738,-2.251,0.5129999999999999,NAVD
2018-01-05 00:12:00+00:00,-1.772,-2.243,0.47099999999999986,NAVD
2018-01-05 00:18:00+00:00,-1.787,-2.229,0.44200000000000017,NAVD
2018-01-05 00:24:00+00:00,-1.801,-2.21,0.40900000000000003,NAVD
2018-01-05 00:30:00+00:00,-1.796,-2.184,0.3880000000000001,NAVD
2018-01-05 00:36:00+00:00,-1.78,-2.154,0.3739999999999999,NAVD
2018-01-05 00:42:00+00:00,-1.739,-2.119,0.3800000000000001,NAVD
2018-01-05 00:48:00+00:00,-1.686,-2.079,0.39300000000000024,NAVD
2018-01-05 00:54:00+00:00,-1.632,-2.035,0.40300000000000025,NAVD
2018-01-05 01:00:00+00:00,-1.566,-1.986,0.41999999999999993,NAVD
2018-01-05 01:06:00+00:00,-1.492,-1.934,0.44199999999999995,NAVD
2018-01-05 01:12:00+00:00,-1.412,-1.878,0.46599999999999997,NAVD
2018-01-05 01:18:00+00:00,-1.338,-1.819,0.48099999999999987,NAVD
2018-01-05 01:24:00+00:00,-1.257,-1.757,0.5,NAVD
2018-01-05 01:30:00+00:00,-1.193,-1.692,0.4989999999999999,NAVD
2018-01-05 01:36:00+00:00,-1.152,-1.625,0.4730000000000001,NAVD
2018-01-05 01:42:00+00:00,-1.121,-1.555,0.43399999999999994,NAVD
2018-01-05 01:48:00+00:00,-1.099,-1.483,0.3840000000000001,NAVD
2018-01-05 01:54:00+00:00,-1.059,-1.409,0.3500000000000001,NAVD
2018-01-05 02:00:00+00:00,-1.031,-1.333,0.30200000000000005,NAVD
2018-01-05 02:06:00+00:00,-1.002,-1.255,0.2529999999999999,NAVD
2018-01-05 02:12:00+00:00,-0.944,-1.176,0.23199999999999998,NAVD
2018-01-05 02:18:00+00:00,-0.899,-1.095,0.19599999999999995,NAVD
2018-01-05 02:24:00+00:00,-0.829,-1.012,0.18300000000000005,NAVD
2018-01-05 02:30:00+00:00,-0.72,-0.929,0.20900000000000007,NAVD
2018-01-05 02:36:00+00:00,-0.625,-0.844,0.21899999999999997,NAVD
2018-01-05 02:42:00+00:00,-0.506,-0.758,0.252,NAVD
2018-01-05 02:48:00+00:00,-0.404,-0.671,0.267,NAVD
2018-01-05 02:54:00+00:00,-0.292,-0.583,0.291,NAVD
2018-01-05 03:00:00+00:00,-0.17,-0.494,0.32399999999999995,NAVD
2018-01-05 03:06:00+00:00,-0.064,-0.404,0.34,NAVD
2018-01-05 03:12:00+00:00,0.043,-0.315,0.358,NAVD
2018-01-05 03:18:00+00:00,0.146,-0.224,0.37,NAVD
2018-01-05 03:24:00+00:00,0.229,-0.134,0.363,NAVD
2018-01-05 03:30:00+00:00,0.308,-0.043,0.351,NAVD
2018-01-05 03:36:00+00:00,0.378,0.047,0.331,NAVD
2018-01-05 03:42:00+00:00,0.45,0.136,0.314,NAVD
2018-01-05 03:48:00+00:00,0.517,0.225,0.29200000000000004,NAVD
2018-01-05 03:54:00+00:00,0.594,0.313,0.28099999999999997,NAVD
2018-01-05 04:00:00+00:00,0.656,0.399,0.257,NAVD
2018-01-05 04:06:00+00:00,0.74,0.484,0.256,NAVD
2018-01-05 04:12:00+00:00,0.836,0.567,0.269,NAVD
2018-01-05 04:18:00+00:00,0.922,0.647,0.275,NAVD
2018-01-05 04:24:00+00:00,1.009,0.726,0.2829999999999999,NAVD
2018-01-05 04:30:00+00:00,1.096,0.801,0.29500000000000004,NAVD
2018-01-05 04:36:00+00:00,1.192,0.874,0.31799999999999995,NAVD
2018-01-05 04:42:00+00:00,1.274,0.944,0.33000000000000007,NAVD
2018-01-05 04:48:00+00:00,1.342,1.01,0.3320000000000001,NAVD
2018-01-05 04:54:00+00:00,1.389,1.072,0.31699999999999995,NAVD
2018-01-05 05:00:00+00:00,1.44,1.131,0.30899999999999994,NAVD
2018-01-05 05:06:00+00:00,1.463,1.186,0.27700000000000014,NAVD
2018-01-05 05:12:00+00:00,1.491,1.237,0.254,NAVD
2018-01-05 05:18:00+00:00,1.505,1.283,0.22199999999999998,NAVD
2018-01-05 05:24:00+00:00,1.513,1.325,0.18799999999999994,NAVD
2018-01-05 05:30:00+00:00,1.519,1.363,0.15599999999999992,NAVD
2018-01-05 05:36:00+00:00,1.51,1.396,0.1140000000000001,NAVD
2018-01-05 05:42:00+00:00,1.504,1.425,0.07899999999999996,NAVD
2018-01-05 05:48:00+00:00,1.499,1.449,0.050000000000000044,NAVD
2018-01-05 05:54:00+00:00,1.479,1.468,0.01100000000000012,NAVD
2018-01-05 06:00:00+00:00,1.46,1.483,-0.02300000000000013,NAVD
2018-01-05 06:06:00+00:00,1.447,1.494,-0.04699999999999993,NAVD
2018-01-05 06:12:00+00:00,1.43,1.499,-0.06900000000000017,NAVD
2018-01-05 06:18:00+00:00,1.418,1.501,-0.08299999999999996,NAVD
2018-01-05 06:24:00+00:00,1.398,1.498,-0.10000000000000009,NAVD
2018-01-05 06:30:00+00:00,1.383,1.49,-0.10699999999999998,NAVD
2018-01-05 06:36:00+00:00,1.361,1.479,-0.1180000000000001,NAVD
2018-01-05 06:42:00+00:00,1.349,1.463,-0.1140000000000001,NAVD
2018-01-05 06:48:00+00:00,1.331,1.442,-0.11099999999999999,NAVD
2018-01-05 06:54:00+00:00,1.306,1.418,-0.11199999999999988,NAVD
2018-01-05 07:00:00+00:00,1.279,1.39,-0.11099999999999999,NAVD
2018-01-05 07:06:00+00:00,1.251,1.358,-0.1070000000000002,NAVD
2018-01-05 07:12:00+00:00,1.221,1.322,-0.10099999999999998,NAVD
2018-01-05 07:18:00+00:00,1.183,1.283,-0.09999999999999987,NAVD
2018-01-05 07:24:00+00:00,1.152,1.239,-0.08700000000000019,NAVD
2018-01-05 07:30:00+00:00,1.111,1.193,-0.08200000000000007,NAVD
2018-01-05 07:36:00+00:00,1.056,1.143,-0.08699999999999997,NAVD
2018-01-05 07:42:00+00:00,1.011,1.09,-0.07900000000000018,NAVD
2018-01-05 07:48:00+00:00,0.965,1.034,-0.06900000000000006,NAVD
2018-01-05 07:54:00+00:00,0.917,0.975,-0.05799999999999994,NAVD
2018-01-05 08:00:00+00:00,0.864,0.913,-0.049000000000000044,NAVD
2018-01-05 08:06:00+00:00,0.795,0.849,-0.05399999999999994,NAVD
2018-01-05 08:12:00+00:00,0.729,0.783,-0.05400000000000005,NAVD
2018-01-05 08:18:00+00:00,0.659,0.714,-0.05499999999999994,NAVD
2018-01-05 08:24:00+00:00,0.593,0.642,-0.049000000000000044,NAVD
2018-01-05 08:30:00+00:00,0.518,0.569,-0.050999999999999934,NAVD
2018-01-05 08:36:00+00:00,0.443,0.494,-0.05099999999999999,NAVD
2018-01-05 08:42:00+00:00,0.384,0.418,-0.033999999999999975,NAVD
2018-01-05 08:48:00+00:00,0.325,0.34,-0.015000000000000013,NAVD
2018-01-05 08:54:00+00:00,0.258,0.26,-0.0020000000000000018,NAVD
2018-01-05 09:00:00+00:00,0.184,0.179,0.0050000000000000044,NAVD
2018-01-05 09:06:00+00:00,0.101,0.097,0.0040000000000000036,NAVD
2018-01-05 09:12:00+00:00,0.017,0.015,0.0020000000000000018,NAVD
2018-01-05 09:18:00+00:00,-0.093,-0.069,-0.023999999999999994,NAVD
2018-01-05 09:24:00+00:00,-0.201,-0.154,-0.047000000000000014,NAVD
2018-01-05 09:30:00+00:00,-0.285,-0.238,-0.046999999999999986,NAVD
2018-01-05 09:36:00+00:00,-0.383,-0.324,-0.059,NAVD
2018-01-05 09:42:00+00:00,-0.48,-0.409,-0.07100000000000001,NAVD
2018-01-05 09:48:00+00:00,-0.568,-0.495,-0.07299999999999995,NAVD
2018-01-05 09:54:00+00:00,-0.672,-0.58,-0.09200000000000008,NAVD
2018-01-05 10:00:00+00:00,-0.782,-0.665,-0.11699999999999999,NAVD
2018-01-05 10:06:00+00:00,-0.858,-0.749,-0.10899999999999999,NAVD
2018-01-05 10:12:00+00:00,-0.924,-0.833,-0.09100000000000008,NAVD
2018-01-05 10:18:00+00:00,-0.995,-0.915,-0.07999999999999996,NAVD
2018-01-05 10:24:00+00:00,-1.064,-0.996,-0.06800000000000006,NAVD
2018-01-05 10:30:00+00:00,-1.138,-1.076,-0.06199999999999983,NAVD
2018-01-05 10:36:00+00:00,-1.206,-1.154,-0.052000000000000046,NAVD
2018-01-05 10:42:00+00:00,-1.283,-1.229,-0.053999999999999826,NAVD
2018-01-05 10:48:00+00:00,-1.364,-1.302,-0.062000000000000055,NAVD
2018-01-05 10:54:00+00:00,-1.428,-1.372,-0.05599999999999983,NAVD
2018-01-05 11:00:00+00:00,-1.504,-1.439,-0.06499999999999995,NAVD
2018-01-05 11:06:00+00:00,-1.565,-1.502,-0.06299999999999994,NAVD
2018-01-05 11:12:00+00:00,-1.632,-1.562,-0.06999999999999984,NAVD
2018-01-05 11:18:00+00:00,-1.691,-1.617,-0.07400000000000007,NAVD
2018-01-05 11:24:00+00:00,-1.761,-1.669,-0.09199999999999986,NAVD
2018-01-05 11:30:00+00:00,-1.834,-1.715,-0.119,NAVD
2018-01-05 11:36:00+00:00,-1.901,-1.756,-0.14500000000000002,NAVD
2018-01-05 11:42:00+00:00,-1.983,-1.792,-0.19100000000000006,NAVD
2018-01-05 11:48:00+00:00,-2.036,-1.823,-0.21300000000000008,NAVD
2018-01-05 11:54:00+00:00,-2.08,-1.848,-0.23199999999999998,NAVD
2018-01-05 12:00:00+00:00,-2.12,-1.867,-0.2530000000000001,NAVD
2018-01-05 12:06:00+00:00,-2.139,-1.88,-0.2589999999999999,NAVD
2018-01-05 12:12:00+00:00,-2.15,-1.887,-0.2629999999999999,NAVD
2018-01-05 12:18:00+00:00,-2.16,-1.889,-0.27100000000000013,NAVD
2018-01-05 12:24:00+00:00,-2.167,-1.884,-0.2829999999999999,NAVD
2018-01-05 12:30:00+00:00,-2.159,-1.874,-0.2849999999999997,NAVD
2018-01-05 12:36:00+00:00,-2.143,-1.858,-0.2849999999999997,NAVD
2018-01-05 12:42:00+00:00,-2.132,-1.837,-0.29500000000000015,NAVD
2018-01-05 12:48:00+00:00,-2.108,-1.81,-0.29800000000000004,NAVD
2018-01-05 12:54:00+00:00,-2.06,-1.778,-0.28200000000000003,NAVD
2018-01-05 13:00:00+00:00,-1.998,-1.741,-0.2569999999999999,NAVD
2018-01-05 13:06:00+00:00,-1.93,-1.699,-0.23099999999999987,NAVD
2018-01-05 13:12:00+00:00,-1.858,-1.653,-0.20500000000000007,NAVD
2018-01-05 13:18:00+00:00,-1.78,-1.603,-0.17700000000000005,NAVD
2018-01-05 13:24:00+00:00,-1.714,-1.549,-0.16500000000000004,NAVD
2018-01-05 13:30:00+00:00,-1.65,-1.492,-0.15799999999999992,NAVD
2018-01-05 13:36:00+00:00,-1.587,-1.431,-0.15599999999999992,NAVD
2018-01-05 13:42:00+00:00,-1.538,-1.367,-0.17100000000000004,NAVD
2018-01-05 13:48:00+00:00,-1.466,-1.301,-0.16500000000000004,NAVD
2018-01-05 13:54:00+00:00,-1.403,-1.232,-0.17100000000000004,NAVD
2018-01-05 14:00:00+00:00,-1.34,-1.161,-0.17900000000000005,NAVD
2018-01-05 14:06:00+00:00,-1.28,-1.088,-0.19199999999999995,NAVD
2018-01-05 14:12:00+00:00,-1.205,-1.013,-0.19200000000000017,NAVD
2018-01-05 14:18:00+00:00,-1.136,-0.937,-0.19899999999999984,NAVD
2018-01-05 14:24:00+00:00,-1.076,-0.859,-0.21700000000000008,NAVD
2018-01-05 14:30:00+00:00,-1.015,-0.78,-0.23499999999999988,NAVD
2018-01-05 14:36:00+00:00,-0.94,-0.699,-0.241,NAVD
2018-01-05 14:42:00+00:00,-0.875,-0.617,-0.258,NAVD
2018-01-05 14:48:00+00:00,-0.805,-0.535,-0.27,NAVD
2018-01-05 14:54:00+00:00,-0.725,-0.451,-0.27399999999999997,NAVD
2018-01-05 15:00:00+00:00,-0.623,-0.366,-0.257,NAVD
2018-01-05 15:06:00+00:00,-0.528,-0.281,-0.247,NAVD
2018-01-05 15:12:00+00:00,-0.432,-0.195,-0.237,NAVD
2018-01-05 15:18:00+00:00,-0.354,-0.108,-0.246,NAVD
2018-01-05 15:24:00+00:00,-0.276,-0.021,-0.255,NAVD
2018-01-05 15:30:00+00:00,-0.185,0.066,-0.251,NAVD
2018-01-05 15:36:00+00:00,-0.105,0.154,-0.259,NAVD
2018-01-05 15:42:00+00:00,-0.009,0.242,-0.251,NAVD
2018-01-05 15:48:00+00:00,0.079,0.329,-0.25,NAVD
2018-01-05 15:54:00+00:00,0.16,0.417,-0.257,NAVD
2018-01-05 16:00:00+00:00,0.239,0.503,-0.264,NAVD
2018-01-05 16:06:00+00:00,0.326,0.589,-0.26299999999999996,NAVD
2018-01-05 16:12:00+00:00,0.41,0.674,-0.26400000000000007,NAVD
2018-01-05 16:18:00+00:00,0.502,0.758,-0.256,NAVD
2018-01-05 16:24:00+00:00,0.592,0.84,-0.248,NAVD
2018-01-05 16:30:00+00:00,0.685,0.921,-0.236,NAVD
2018-01-05 16:36:00+00:00,0.765,0.999,-0.23399999999999999,NAVD
2018-01-05 16:42:00+00:00,0.84,1.075,-0.235,NAVD
2018-01-05 16:48:00+00:00,0.887,1.149,-0.262,NAVD
2018-01-05 16:54:00+00:00,0.944,1.219,-0.27500000000000013,NAVD
2018-01-05 17:00:00+00:00,1.007,1.286,-0.27900000000000014,NAVD
2018-01-05 17:06:00+00:00,1.053,1.351,-0.29800000000000004,NAVD
2018-01-05 17:12:00+00:00,1.093,1.411,-0.31800000000000006,NAVD
2018-01-05 17:18:00+00:00,1.133,1.468,-0.33499999999999996,NAVD
2018-01-05 17:24:00+00:00,1.181,1.521,-0.33999999999999986,NAVD
2018-01-05 17:30:00+00:00,1.225,1.569,-0.34399999999999986,NAVD
2018-01-05 17:36:00+00:00,1.263,1.614,-0.3510000000000002,NAVD
2018-01-05 17:42:00+00:00,1.296,1.654,-0.3579999999999999,NAVD
2018-01-05 17:48:00+00:00,1.332,1.689,-0.357,NAVD
2018-01-05 17:54:00+00:00,1.381,1.72,-0.33899999999999997,NAVD
2018-01-05 18:00:00+00:00,1.403,1.746,-0.34299999999999997,NAVD
2018-01-05 18:06:00+00:00,1.445,1.768,-0.32299999999999995,NAVD
2018-01-05 18:12:00+00:00,1.487,1.785,-0.2979999999999998,NAVD
2018-01-05 18:18:00+00:00,1.52,1.797,-0.2769999999999999,NAVD
2018-01-05 18:24:00+00:00,1.516,1.805,-0.2889999999999999,NAVD
2018-01-05 18:30:00+00:00,1.519,1.807,-0.28800000000000003,NAVD
2018-01-05 18:36:00+00:00,1.515,1.806,-0.29100000000000015,NAVD
2018-01-05 18:42:00+00:00,1.499,1.799,-0.2999999999999998,NAVD
2018-01-05 18:48:00+00:00,1.477,1.789,-0.31199999999999983,NAVD
2018-01-05 18:54:00+00:00,1.442,1.773,-0.33099999999999996,NAVD
2018-01-05 19:00:00+00:00,1.396,1.754,-0.3580000000000001,NAVD
2018-01-05 19:06:00+00:00,1.372,1.73,-0.3579999999999999,NAVD
2018-01-05 19:12:00+00:00,1.327,1.702,-0.375,NAVD
2018-01-05 19:18:00+00:00,1.288,1.67,-0.3819999999999999,NAVD
2018-01-05 19:24:00+00:00,1.246,1.634,-0.3879999999999999,NAVD
2018-01-05 19:30:00+00:00,1.192,1.594,-0.40200000000000014,NAVD
2018-01-05 19:36:00+00:00,1.124,1.55,-0.42599999999999993,NAVD
2018-01-05 19:42:00+00:00,1.068,1.503,-0.43499999999999983,NAVD
2018-01-05 19:48:00+00:00,1.007,1.452,-0.44500000000000006,NAVD
2018-01-05 19:54:00+00:00,0.946,1.398,-0.45199999999999996,NAVD
2018-01-05 20:00:00+00:00,0.893,1.34,-0.44700000000000006,NAVD
2018-01-05 20:06:00+00:00,0.824,1.279,-0.45499999999999996,NAVD
2018-01-05 20:12:00+00:00,0.757,1.215,-0.4580000000000001,NAVD
2018-01-05 20:18:00+00:00,0.687,1.149,-0.46199999999999997,NAVD
2018-01-05 20:24:00+00:00,0.607,1.08,-0.4730000000000001,NAVD
2018-01-05 20:30:00+00:00,0.524,1.008,-0.484,NAVD
2018-01-05 20:36:00+00:00,0.427,0.933,-0.506,NAVD
2018-01-05 20:42:00+00:00,0.346,0.857,-0.511,NAVD
2018-01-05 20:48:00+00:00,0.278,0.778,-0.5,NAVD
2018-01-05 20:54:00+00:00,0.198,0.698,-0.49999999999999994,NAVD
2018-01-05 21:00:00+00:00,0.111,0.615,-0.504,NAVD
2018-01-05 21:06:00+00:00,0.037,0.531,-0.49400000000000005,NAVD
2018-01-05 21:12:00+00:00,-0.049,0.445,-0.494,NAVD
2018-01-05 21:18:00+00:00,-0.144,0.358,-0.502,NAVD
2018-01-05 21:24:00+00:00,-0.211,0.269,-0.48,NAVD
2018-01-05 21:30:00+00:00,-0.281,0.179,-0.46,NAVD
2018-01-05 21:36:00+00:00,-0.35,0.089,-0.43899999999999995,NAVD
2018-01-05 21:42:00+00:00,-0.438,-0.003,-0.435,NAVD
2018-01-05 21:48:00+00:00,-0.514,-0.095,-0.41900000000000004,NAVD
2018-01-05 21:54:00+00:00,-0.599,-0.188,-0.411,NAVD
2018-01-05 22:00:00+00:00,-0.687,-0.282,-0.4050000000000001,NAVD
2018-01-05 22:06:00+00:00,-0.787,-0.376,-0.41100000000000003,NAVD
2018-01-05 22:12:00+00:00,-0.887,-0.47,-0.41700000000000004,NAVD
2018-01-05 22:18:00+00:00,-0.975,-0.564,-0.41100000000000003,NAVD
2018-01-05 22:24:00+00:00,-1.072,-0.657,-0.41500000000000004,NAVD
2018-01-05 22:30:00+00:00,-1.163,-0.751,-0.41200000000000003,NAVD
2018-01-05 22:36:00+00:00,-1.28,-0.843,-0.43700000000000006,NAVD
2018-01-05 22:42:00+00:00,-1.389,-0.935,-0.45399999999999996,NAVD
2018-01-05 22:48:00+00:00,-1.486,-1.026,-0.45999999999999996,NAVD
2018-01-05 22:54:00+00:00,-1.568,-1.115,-0.45300000000000007,NAVD
2018-01-05 23:00:00+00:00,-1.64,-1.203,-0.43699999999999983,NAVD
2018-01-05 23:06:00+00:00,-1.716,-1.288,-0.42799999999999994,NAVD
2018-01-05 23:12:00+00:00,-1.796,-1.371,-0.42500000000000004,NAVD
2018-01-05 23:18:00+00:00,-1.87,-1.452,-0.41800000000000015,NAVD
2018-01-05 23:24:00+00:00,-1.967,-1.529,-0.43800000000000017,NAVD
2018-01-05 23:30:00+00:00,-2.041,-1.604,-0.43699999999999983,NAVD
2018-01-05 23:36:00+00:00,-2.101,-1.674,-0.42700000000000005,NAVD
2018-01-05 23:42:00+00:00,-2.157,-1.741,-0.4159999999999999,NAVD
2018-01-05 23:48:00+00:00,-2.216,-1.803,-0.41300000000000026,NAVD
2018-01-05 23:54:00+00:00,-2.276,-1.861,-0.4149999999999998,NAVD
2018-01-06 00:00:00+00:00,-2.325,-1.914,-0.41100000000000025,NAVD
2018-01-06 00:06:00+00:00,-2.372,-1.961,-0.4109999999999998,NAVD
2018-01-06 00:12:00+00:00,-2.404,-2.004,-0.3999999999999999,NAVD
2018-01-06 00:18:00+00:00,-2.44,-2.041,-0.399,NAVD
2018-01-06 00:24:00+00:00,-2.461,-2.072,-0.3889999999999998,NAVD
2018-01-06 00:30:00+00:00,-2.475,-2.097,-0.3780000000000001,NAVD
2018-01-06 00:36:00+00:00,-2.495,-2.117,-0.3780000000000001,NAVD
2018-01-06 00:42:00+00:00,-2.501,-2.13,-0.371,NAVD
2018-01-06 00:48:00+00:00,-2.512,-2.138,-0.3740000000000001,NAVD
2018-01-06 00:54:00+00:00,-2.519,-2.14,-0.379,NAVD
2018-01-06 01:00:00+00:00,-2.519,-2.137,-0.3820000000000001,NAVD
2018-01-06 01:06:00+00:00,-2.51,-2.127,-0.383,NAVD
2018-01-06 01:12:00+00:00,-2.507,-2.113,-0.39400000000000013,NAVD
2018-01-06 01:18:00+00:00,-2.499,-2.093,-0.40600000000000014,NAVD
2018-01-06 01:24:00+00:00,-2.486,-2.068,-0.41800000000000015,NAVD
2018-01-06 01:30:00+00:00,-2.453,-2.038,-0.41500000000000004,NAVD
2018-01-06 01:36:00+00:00,-2.417,-2.004,-0.4129999999999998,NAVD
2018-01-06 01:42:00+00:00,-2.382,-1.965,-0.41700000000000004,NAVD
2018-01-06 01:48:00+00:00,-2.329,-1.923,-0.40600000000000014,NAVD
2018-01-06 01:54:00+00:00,-2.284,-1.876,-0.4079999999999999,NAVD
2018-01-06 02:00:00+00:00,-2.224,-1.827,-0.39700000000000024,NAVD
2018-01-06 02:06:00+00:00,-2.177,-1.774,-0.403,NAVD
2018-01-06 02:12:00+00:00,-2.124,-1.718,-0.40600000000000014,NAVD
2018-01-06 02:18:00+00:00,-2.064,-1.66,-0.40400000000000014,NAVD
2018-01-06 02:24:00+00:00,-2.012,-1.599,-0.41300000000000003,NAVD
2018-01-06 02:30:00+00:00,-1.96,-1.535,-0.42500000000000004,NAVD
2018-01-06 02:36:00+00:00,-1.878,-1.47,-0.4079999999999999,NAVD
2018-01-06 02:42:00+00:00,-1.802,-1.402,-0.40000000000000013,NAVD
2018-01-06 02:48:00+00:00,-1.739,-1.333,-0.40600000000000014,NAVD
2018-01-06 02:54:00+00:00,-1.682,-1.262,-0.41999999999999993,NAVD
2018-01-06 03:00:00+00:00,-1.61,-1.189,-0.42100000000000004,NAVD
2018-01-06 03:06:00+00:00,-1.546,-1.115,-0.43100000000000005,NAVD
2018-01-06 03:12:00+00:00,-1.476,-1.039,-0.43700000000000006,NAVD
2018-01-06 03:18:00+00:00,-1.391,-0.961,-0.43000000000000005,NAVD
2018-01-06 03:24:00+00:00,-1.313,-0.883,-0.42999999999999994,NAVD
2018-01-06 03:30:00+00:00,-1.218,-0.803,-0.4149999999999999,NAVD
2018-01-06 03:36:00+00:00,-1.119,-0.721,-0.398,NAVD
2018-01-06 03:42:00+00:00,-1.039,-0.639,-0.3999999999999999,NAVD
2018-01-06 03:48:00+00:00,-0.952,-0.555,-0.3969999999999999,NAVD
2018-01-06 03:54:00+00:00,-0.876,-0.471,-0.405,NAVD
2018-01-06 04:00:00+00:00,-0.788,-0.386,-0.402,NAVD
2018-01-06 04:06:00+00:00,-0.689,-0.3,-0.38899999999999996,NAVD
2018-01-06 04:12:00+00:00,-0.581,-0.213,-0.368,NAVD
2018-01-06 04:18:00+00:00,-0.479,-0.127,-0.352,NAVD
2018-01-06 04:24:00+00:00,-0.386,-0.04,-0.34600000000000003,NAVD
2018-01-06 04:30:00+00:00,-0.3,0.047,-0.347,NAVD
2018-01-06 04:36:00+00:00,-0.219,0.133,-0.352,NAVD
2018-01-06 04:42:00+00:00,-0.131,0.219,-0.35,NAVD
2018-01-06 04:48:00+00:00,-0.032,0.303,-0.33499999999999996,NAVD
2018-01-06 04:54:00+00:00,0.054,0.387,-0.333,NAVD
2018-01-06 05:00:00+00:00,0.128,0.469,-0.34099999999999997,NAVD
2018-01-06 05:06:00+00:00,0.216,0.549,-0.3330000000000001,NAVD
2018-01-06 05:12:00+00:00,0.296,0.628,-0.332,NAVD
2018-01-06 05:18:00+00:00,0.369,0.704,-0.33499999999999996,NAVD
2018-01-06 05:24:00+00:00,0.442,0.777,-0.335,NAVD
2018-01-06 05:30:00+00:00,0.515,0.848,-0.33299999999999996,NAVD
2018-01-06 05:36:00+00:00,0.607,0.915,-0.30800000000000005,NAVD
2018-01-06 05:42:00+00:00,0.682,0.979,-0.29699999999999993,NAVD
2018-01-06 05:48:00+00:00,0.742,1.04,-0.29800000000000004,NAVD
2018-01-06 05:54:00+00:00,0.798,1.097,-0.29899999999999993,NAVD
2018-01-06 06:00:00+00:00,0.853,1.15,-0.29699999999999993,NAVD
2018-01-06 06:06:00+00:00,0.902,1.199,-0.29700000000000004,NAVD
2018-01-06 06:12:00+00:00,0.942,1.244,-0.30200000000000005,NAVD
2018-01-06 06:18:00+00:00,0.971,1.285,-0.31399999999999995,NAVD
2018-01-06 06:24:00+00:00,1.002,1.321,-0.31899999999999995,NAVD
2018-01-06 06:30:00+00:00,1.026,1.353,-0.32699999999999996,NAVD
2018-01-06 06:36:00+00:00,1.047,1.381,-0.3340000000000001,NAVD
2018-01-06 06:42:00+00:00,1.064,1.405,-0.34099999999999997,NAVD
2018-01-06 06:48:00+00:00,1.073,1.423,-0.3500000000000001,NAVD
2018-01-06 06:54:00+00:00,1.078,1.438,-0.3599999999999999,NAVD
2018-01-06 07:00:00+00:00,1.07,1.448,-0.3779999999999999,NAVD
2018-01-06 07:06:00+00:00,1.063,1.454,-0.391,NAVD
2018-01-06 07:12:00+00:00,1.052,1.455,-0.403,NAVD
2018-01-06 07:18:00+00:00,1.049,1.453,-0.40400000000000014,NAVD
2018-01-06 07:24:00+00:00,1.037,1.446,-0.40900000000000003,NAVD
2018-01-06 07:30:00+00:00,1.008,1.435,-0.42700000000000005,NAVD
2018-01-06 07:36:00+00:00,0.987,1.42,-0.43299999999999994,NAVD
2018-01-06 07:42:00+00:00,0.976,1.401,-0.42500000000000004,NAVD
2018-01-06 07:48:00+00:00,0.948,1.378,-0.42999999999999994,NAVD
2018-01-06 07:54:00+00:00,0.922,1.351,-0.42899999999999994,NAVD
2018-01-06 08:00:00+00:00,0.893,1.321,-0.42799999999999994,NAVD
2018-01-06 08:06:00+00:00,0.856,1.287,-0.43099999999999994,NAVD
2018-01-06 08:12:00+00:00,0.819,1.25,-0.43100000000000005,NAVD
2018-01-06 08:18:00+00:00,0.778,1.209,-0.43100000000000005,NAVD
2018-01-06 08:24:00+00:00,0.738,1.166,-0.42799999999999994,NAVD
2018-01-06 08:30:00+00:00,0.688,1.119,-0.43100000000000005,NAVD
2018-01-06 08:36:00+00:00,0.636,1.069,-0.43299999999999994,NAVD
2018-01-06 08:42:00+00:00,0.587,1.016,-0.42900000000000005,NAVD
2018-01-06 08:48:00+00:00,0.522,0.961,-0.43899999999999995,NAVD
2018-01-06 08:54:00+00:00,0.461,0.903,-0.442,NAVD
2018-01-06 09:00:00+00:00,0.402,0.842,-0.43999999999999995,NAVD
2018-01-06 09:06:00+00:00,0.347,0.779,-0.43200000000000005,NAVD
2018-01-06 09:12:00+00:00,0.29,0.714,-0.424,NAVD
2018-01-06 09:18:00+00:00,0.238,0.647,-0.40900000000000003,NAVD
2018-01-06 09:24:00+00:00,0.177,0.578,-0.40099999999999997,NAVD
2018-01-06 09:30:00+00:00,0.117,0.508,-0.391,NAVD
2018-01-06 09:36:00+00:00,0.049,0.435,-0.386,NAVD
2018-01-06 09:42:00+00:00,-0.021,0.361,-0.382,NAVD
2018-01-06 09:48:00+00:00,-0.108,0.286,-0.39399999999999996,NAVD
2018-01-06 09:54:00+00:00,-0.187,0.209,-0.396,NAVD
2018-01-06 10:00:00+00:00,-0.272,0.132,-0.404,NAVD
2018-01-06 10:06:00+00:00,-0.339,0.053,-0.392,NAVD
2018-01-06 10:12:00+00:00,-0.435,-0.027,-0.408,NAVD
2018-01-06 10:18:00+00:00,-0.518,-0.107,-0.41100000000000003,NAVD
2018-01-06 10:24:00+00:00,-0.606,-0.189,-0.417,NAVD
2018-01-06 10:30:00+00:00,-0.702,-0.27,-0.43199999999999994,NAVD
2018-01-06 10:36:00+00:00,-0.794,-0.352,-0.44200000000000006,NAVD
2018-01-06 10:42:00+00:00,-0.868,-0.434,-0.434,NAVD
2018-01-06 10:48:00+00:00,-0.93,-0.516,-0.41400000000000003,NAVD
2018-01-06 10:54:00+00:00,-1.002,-0.598,-0.404,NAVD
2018-01-06 11:00:00+00:00,-1.081,-0.68,-0.4009999999999999,NAVD
2018-01-06 11:06:00+00:00,-1.155,-0.76,-0.395,NAVD
2018-01-06 11:12:00+00:00,-1.241,-0.84,-0.40100000000000013,NAVD
2018-01-06 11:18:00+00:00,-1.335,-0.919,-0.4159999999999999,NAVD
2018-01-06 11:24:00+00:00,-1.414,-0.996,-0.4179999999999999,NAVD
2018-01-06 11:30:00+00:00,-1.485,-1.071,-0.41400000000000015,NAVD
2018-01-06 11:36:00+00:00,-1.555,-1.144,-0.41100000000000003,NAVD
2018-01-06 11:42:00+00:00,-1.61,-1.215,-0.395,NAVD
2018-01-06 11:48:00+00:00,-1.676,-1.283,-0.393,NAVD
2018-01-06 11:54:00+00:00,-1.744,-1.348,-0.3959999999999999,NAVD
2018-01-06 12:00:00+00:00,-1.801,-1.41,-0.391,NAVD
2018-01-06 12:06:00+00:00,-1.857,-1.467,-0.3899999999999999,NAVD
2018-01-06 12:12:00+00:00,-1.923,-1.521,-0.40200000000000014,NAVD
2018-01-06 12:18:00+00:00,-1.989,-1.571,-0.41800000000000015,NAVD
2018-01-06 12:24:00+00:00,-2.049,-1.616,-0.43299999999999983,NAVD
2018-01-06 12:30:00+00:00,-2.096,-1.656,-0.44000000000000017,NAVD
2018-01-06 12:36:00+00:00,-2.138,-1.691,-0.44699999999999984,NAVD
2018-01-06 12:42:00+00:00,-2.174,-1.721,-0.45299999999999985,NAVD
2018-01-06 12:48:00+00:00,-2.203,-1.746,-0.45699999999999985,NAVD
2018-01-06 12:54:00+00:00,-2.229,-1.765,-0.4640000000000002,NAVD
2018-01-06 13:00:00+00:00,-2.246,-1.778,-0.46799999999999997,NAVD
2018-01-06 13:06:00+00:00,-2.25,-1.786,-0.46399999999999997,NAVD
2018-01-06 13:12:00+00:00,-2.25,-1.789,-0.4610000000000001,NAVD
2018-01-06 13:18:00+00:00,-2.241,-1.786,-0.45500000000000007,NAVD
2018-01-06 13:24:00+00:00,-2.227,-1.777,-0.44999999999999996,NAVD
2018-01-06 13:30:00+00:00,-2.214,-1.764,-0.44999999999999996,NAVD
2018-01-06 13:36:00+00:00,-2.192,-1.745,-0.44700000000000006,NAVD
2018-01-06 13:42:00+00:00,-2.163,-1.721,-0.4419999999999997,NAVD
2018-01-06 13:48:00+00:00,-2.144,-1.693,-0.45100000000000007,NAVD
2018-01-06 13:54:00+00:00,-2.115,-1.66,-0.4550000000000003,NAVD
2018-01-06 14:00:00+00:00,-2.077,-1.623,-0.45399999999999996,NAVD
2018-01-06 14:06:00+00:00,-2.027,-1.582,-0.44500000000000006,NAVD
2018-01-06 14:12:00+00:00,-1.975,-1.537,-0.43800000000000017,NAVD
2018-01-06 14:18:00+00:00,-1.912,-1.489,-0.4229999999999998,NAVD
2018-01-06 14:24:00+00:00,-1.851,-1.438,-0.41300000000000003,NAVD
2018-01-06 14:30:00+00:00,-1.822,-1.384,-0.43800000000000017,NAVD
2018-01-06 14:36:00+00:00,-1.784,-1.328,-0.45599999999999996,NAVD
2018-01-06 14:42:00+00:00,-1.713,-1.269,-0.4440000000000002,NAVD
2018-01-06 14:48:00+00:00,-1.654,-1.207,-0.44699999999999984,NAVD
2018-01-06 14:54:00+00:00,-1.592,-1.144,-0.4480000000000002,NAVD
2018-01-06 15:00:00+00:00,-1.551,-1.079,-0.472,NAVD
2018-01-06 15:06:00+00:00,-1.518,-1.012,-0.506,NAVD
2018-01-06 15:12:00+00:00,-1.444,-0.944,-0.5,NAVD
2018-01-06 15:18:00+00:00,-1.396,-0.874,-0.5219999999999999,NAVD
2018-01-06 15:24:00+00:00,-1.323,-0.803,-0.5199999999999999,NAVD
2018-01-06 15:30:00+00:00,-1.269,-0.73,-0.5389999999999999,NAVD
2018-01-06 15:36:00+00:00,-1.202,-0.657,-0.5449999999999999,NAVD
2018-01-06 15:42:00+00:00,-1.125,-0.582,-0.543,NAVD
2018-01-06 15:48:00+00:00,-1.072,-0.505,-0.5670000000000001,NAVD
2018-01-06 15:54:00+00:00,-0.996,-0.428,-0.5680000000000001,NAVD
2018-01-06 16:00:00+00:00,-0.936,-0.35,-0.5860000000000001,NAVD
2018-01-06 16:06:00+00:00,-0.858,-0.271,-0.587,NAVD
2018-01-06 16:12:00+00:00,-0.789,-0.191,-0.5980000000000001,NAVD
2018-01-06 16:18:00+00:00,-0.696,-0.11,-0.586,NAVD
2018-01-06 16:24:00+00:00,-0.603,-0.029,-0.574,NAVD
2018-01-06 16:30:00+00:00,-0.515,0.053,-0.5680000000000001,NAVD
2018-01-06 16:36:00+00:00,-0.451,0.135,-0.5860000000000001,NAVD
2018-01-06 16:42:00+00:00,-0.356,0.217,-0.573,NAVD
2018-01-06 16:48:00+00:00,-0.285,0.299,-0.584,NAVD
2018-01-06 16:54:00+00:00,-0.22,0.381,-0.601,NAVD
2018-01-06 17:00:00+00:00,-0.141,0.463,-0.604,NAVD
2018-01-06 17:06:00+00:00,-0.057,0.543,-0.6000000000000001,NAVD
2018-01-06 17:12:00+00:00,0.031,0.623,-0.592,NAVD
2018-01-06 17:18:00+00:00,0.131,0.701,-0.57,NAVD
2018-01-06 17:24:00+00:00,0.199,0.778,-0.579,NAVD
2018-01-06 17:30:00+00:00,0.281,0.853,-0.572,NAVD
2018-01-06 17:36:00+00:00,0.346,0.926,-0.5800000000000001,NAVD
2018-01-06 17:42:00+00:00,0.424,0.996,-0.5720000000000001,NAVD
2018-01-06 17:48:00+00:00,0.49,1.063,-0.573,NAVD
2018-01-06 17:54:00+00:00,0.572,1.128,-0.5559999999999999,NAVD
2018-01-06 18:00:00+00:00,0.629,1.19,-0.5609999999999999,NAVD
2018-01-06 18:06:00+00:00,0.691,1.248,-0.557,NAVD
2018-01-06 18:12:00+00:00,0.75,1.302,-0.552,NAVD
2018-01-06 18:18:00+00:00,0.809,1.353,-0.5439999999999999,NAVD
2018-01-06 18:24:00+00:00,0.868,1.4,-0.5319999999999999,NAVD
2018-01-06 18:30:00+00:00,0.915,1.443,-0.528,NAVD
2018-01-06 18:36:00+00:00,0.962,1.482,-0.52,NAVD
2018-01-06 18:42:00+00:00,1.001,1.516,-0.5150000000000001,NAVD
2018-01-06 18:48:00+00:00,1.039,1.546,-0.5070000000000001,NAVD
2018-01-06 18:54:00+00:00,1.063,1.572,-0.5090000000000001,NAVD
2018-01-06 19:00:00+00:00,1.086,1.593,-0.5069999999999999,NAVD
2018-01-06 19:06:00+00:00,1.093,1.61,-0.5170000000000001,NAVD
2018-01-06 19:12:00+00:00,1.1,1.623,-0.5229999999999999,NAVD
2018-01-06 19:18:00+00:00,1.107,1.631,-0.524,NAVD
2018-01-06 19:24:00+00:00,1.108,1.635,-0.5269999999999999,NAVD
2018-01-06 19:30:00+00:00,1.101,1.635,-0.534,NAVD
2018-01-06 19:36:00+00:00,1.086,1.63,-0.5439999999999998,NAVD
2018-01-06 19:42:00+00:00,1.071,1.621,-0.55,NAVD
2018-01-06 19:48:00+00:00,1.044,1.608,-0.5640000000000001,NAVD
2018-01-06 19:54:00+00:00,1.007,1.592,-0.5850000000000002,NAVD
2018-01-06 20:00:00+00:00,0.971,1.571,-0.6,NAVD
2018-01-06 20:06:00+00:00,0.939,1.546,-0.6070000000000001,NAVD
2018-01-06 20:12:00+00:00,0.909,1.518,-0.609,NAVD
2018-01-06 20:18:00+00:00,0.873,1.485,-0.6120000000000001,NAVD
2018-01-06 20:24:00+00:00,0.835,1.45,-0.615,NAVD
2018-01-06 20:30:00+00:00,0.796,1.411,-0.615,NAVD
2018-01-06 20:36:00+00:00,0.752,1.368,-0.6160000000000001,NAVD
2018-01-06 20:42:00+00:00,0.716,1.323,-0.607,NAVD
2018-01-06 20:48:00+00:00,0.682,1.274,-0.592,NAVD
2018-01-06 20:54:00+00:00,0.628,1.222,-0.594,NAVD
2018-01-06 21:00:00+00:00,0.578,1.167,-0.5890000000000001,NAVD
2018-01-06 21:06:00+00:00,0.52,1.11,-0.5900000000000001,NAVD
2018-01-06 21:12:00+00:00,0.464,1.049,-0.585,NAVD
2018-01-06 21:18:00+00:00,0.409,0.987,-0.5780000000000001,NAVD
2018-01-06 21:24:00+00:00,0.344,0.922,-0.5780000000000001,NAVD
2018-01-06 21:30:00+00:00,0.287,0.854,-0.567,NAVD
2018-01-06 21:36:00+00:00,0.219,0.785,-0.5660000000000001,NAVD
2018-01-06 21:42:00+00:00,0.147,0.713,-0.566,NAVD
2018-01-06 21:48:00+00:00,0.077,0.64,-0.5630000000000001,NAVD
2018-01-06 21:54:00+00:00,0.004,0.564,-0.5599999999999999,NAVD
2018-01-06 22:00:00+00:00,-0.076,0.487,-0.563,NAVD
2018-01-06 22:06:00+00:00,-0.148,0.409,-0.5569999999999999,NAVD
2018-01-06 22:12:00+00:00,-0.214,0.329,-0.543,NAVD
2018-01-06 22:18:00+00:00,-0.269,0.248,-0.517,NAVD
2018-01-06 22:24:00+00:00,-0.331,0.165,-0.496,NAVD
2018-01-06 22:30:00+00:00,-0.396,0.082,-0.47800000000000004,NAVD
2018-01-06 22:36:00+00:00,-0.461,-0.003,-0.458,NAVD
2018-01-06 22:42:00+00:00,-0.535,-0.088,-0.44700000000000006,NAVD
2018-01-06 22:48:00+00:00,-0.609,-0.174,-0.435,NAVD
2018-01-06 22:54:00+00:00,-0.702,-0.261,-0.44099999999999995,NAVD
2018-01-06 23:00:00+00:00,-0.791,-0.348,-0.44300000000000006,NAVD
2018-01-06 23:06:00+00:00,-0.869,-0.435,-0.434,NAVD
2018-01-06 23:12:00+00:00,-0.934,-0.523,-0.41100000000000003,NAVD
2018-01-06 23:18:00+00:00,-1.006,-0.61,-0.396,NAVD
2018-01-06 23:24:00+00:00,-1.084,-0.697,-0.3870000000000001,NAVD
2018-01-06 23:30:00+00:00,-1.167,-0.783,-0.384,NAVD
2018-01-06 23:36:00+00:00,-1.25,-0.869,-0.381,NAVD
2018-01-06 23:42:00+00:00,-1.345,-0.954,-0.391,NAVD
2018-01-06 23:48:00+00:00,-1.428,-1.037,-0.391,NAVD
2018-01-06 23:54:00+00:00,-1.498,-1.118,-0.3799999999999999,NAVD
2018-01-07 00:00:00+00:00,-1.562,-1.198,-0.3640000000000001,NAVD
2018-01-07 00:06:00+00:00,-1.626,-1.276,-0.34999999999999987,NAVD
2018-01-07 00:12:00+00:00,-1.701,-1.351,-0.3500000000000001,NAVD
2018-01-07 00:18:00+00:00,-1.764,-1.423,-0.34099999999999997,NAVD
2018-01-07 00:24:00+00:00,-1.818,-1.492,-0.32600000000000007,NAVD
2018-01-07 00:30:00+00:00,-1.877,-1.557,-0.32000000000000006,NAVD
2018-01-07 00:36:00+00:00,-1.944,-1.619,-0.32499999999999996,NAVD
2018-01-07 00:42:00+00:00,-1.997,-1.676,-0.3210000000000002,NAVD
2018-01-07 00:48:00+00:00,-2.039,-1.729,-0.31000000000000005,NAVD
2018-01-07 00:54:00+00:00,-2.084,-1.778,-0.30600000000000005,NAVD
2018-01-07 01:00:00+00:00,-2.121,-1.822,-0.29899999999999993,NAVD
2018-01-07 01:06:00+00:00,-2.152,-1.86,-0.29200000000000004,NAVD
2018-01-07 01:12:00+00:00,-2.183,-1.894,-0.2889999999999999,NAVD
2018-01-07 01:18:00+00:00,-2.22,-1.922,-0.29800000000000026,NAVD
2018-01-07 01:24:00+00:00,-2.257,-1.945,-0.31200000000000006,NAVD
2018-01-07 01:30:00+00:00,-2.274,-1.962,-0.31200000000000006,NAVD
2018-01-07 01:36:00+00:00,-2.288,-1.974,-0.31399999999999983,NAVD
2018-01-07 01:42:00+00:00,-2.3,-1.981,-0.31899999999999973,NAVD
2018-01-07 01:48:00+00:00,-2.299,-1.982,-0.31699999999999995,NAVD
2018-01-07 01:54:00+00:00,-2.287,-1.978,-0.30899999999999994,NAVD
2018-01-07 02:00:00+00:00,-2.273,-1.969,-0.30400000000000005,NAVD
2018-01-07 02:06:00+00:00,-2.248,-1.955,-0.29300000000000015,NAVD
2018-01-07 02:12:00+00:00,-2.212,-1.937,-0.27500000000000013,NAVD
2018-01-07 02:18:00+00:00,-2.166,-1.914,-0.252,NAVD
2018-01-07 02:24:00+00:00,-2.119,-1.886,-0.23300000000000032,NAVD
2018-01-07 02:30:00+00:00,-2.074,-1.855,-0.21899999999999986,NAVD
2018-01-07 02:36:00+00:00,-2.018,-1.82,-0.19799999999999973,NAVD
2018-01-07 02:42:00+00:00,-1.96,-1.781,-0.17900000000000005,NAVD
2018-01-07 02:48:00+00:00,-1.906,-1.74,-0.16599999999999993,NAVD
2018-01-07 02:54:00+00:00,-1.857,-1.695,-0.16199999999999992,NAVD
2018-01-07 03:00:00+00:00,-1.803,-1.647,-0.15599999999999992,NAVD
2018-01-07 03:06:00+00:00,-1.755,-1.596,-0.1589999999999998,NAVD
2018-01-07 03:12:00+00:00,-1.711,-1.544,-0.16700000000000004,NAVD
2018-01-07 03:18:00+00:00,-1.661,-1.488,-0.17300000000000004,NAVD
2018-01-07 03:24:00+00:00,-1.613,-1.431,-0.18199999999999994,NAVD
2018-01-07 03:30:00+00:00,-1.567,-1.372,-0.19499999999999984,NAVD
2018-01-07 03:36:00+00:00,-1.514,-1.311,-0.20300000000000007,NAVD
2018-01-07 03:42:00+00:00,-1.452,-1.248,-0.20399999999999996,NAVD
2018-01-07 03:48:00+00:00,-1.39,-1.183,-0.20699999999999985,NAVD
2018-01-07 03:54:00+00:00,-1.327,-1.116,-0.21099999999999985,NAVD
2018-01-07 04:00:00+00:00,-1.26,-1.048,-0.21199999999999997,NAVD
2018-01-07 04:06:00+00:00,-1.202,-0.978,-0.22399999999999998,NAVD
2018-01-07 04:12:00+00:00,-1.134,-0.907,-0.22699999999999987,NAVD
2018-01-07 04:18:00+00:00,-1.057,-0.834,-0.22299999999999998,NAVD
2018-01-07 04:24:00+00:00,-0.988,-0.76,-0.22799999999999998,NAVD
2018-01-07 04:30:00+00:00,-0.918,-0.684,-0.23399999999999999,NAVD
2018-01-07 04:36:00+00:00,-0.849,-0.607,-0.242,NAVD
2018-01-07 04:42:00+00:00,-0.768,-0.529,-0.239,NAVD
2018-01-07 04:48:00+00:00,-0.685,-0.45,-0.23500000000000004,NAVD
2018-01-07 04:54:00+00:00,-0.605,-0.369,-0.236,NAVD
2018-01-07 05:00:00+00:00,-0.52,-0.288,-0.23200000000000004,NAVD
2018-01-07 05:06:00+00:00,-0.43,-0.206,-0.224,NAVD
2018-01-07 05:12:00+00:00,-0.341,-0.124,-0.21700000000000003,NAVD
2018-01-07 05:18:00+00:00,-0.258,-0.042,-0.216,NAVD
2018-01-07 05:24:00+00:00,-0.164,0.041,-0.20500000000000002,NAVD
2018-01-07 05:30:00+00:00,-0.076,0.123,-0.199,NAVD
2018-01-07 05:36:00+00:00,0.009,0.204,-0.19499999999999998,NAVD
2018-01-07 05:42:00+00:00,0.094,0.285,-0.19099999999999998,NAVD
2018-01-07 05:48:00+00:00,0.179,0.365,-0.186,NAVD
2018-01-07 05:54:00+00:00,0.255,0.443,-0.188,NAVD
2018-01-07 06:00:00+00:00,0.34,0.52,-0.18,NAVD
2018-01-07 06:06:00+00:00,0.42,0.595,-0.175,NAVD
2018-01-07 06:12:00+00:00,0.502,0.667,-0.16500000000000004,NAVD
2018-01-07 06:18:00+00:00,0.581,0.737,-0.15600000000000003,NAVD
2018-01-07 06:24:00+00:00,0.662,0.804,-0.14200000000000002,NAVD
2018-01-07 06:30:00+00:00,0.736,0.869,-0.133,NAVD
2018-01-07 06:36:00+00:00,0.799,0.93,-0.131,NAVD
2018-01-07 06:42:00+00:00,0.863,0.988,-0.125,NAVD
2018-01-07 06:48:00+00:00,0.927,1.042,-0.11499999999999999,NAVD
2018-01-07 06:54:00+00:00,0.984,1.093,-0.10899999999999999,NAVD
2018-01-07 07:00:00+00:00,1.035,1.139,-0.10400000000000009,NAVD
2018-01-07 07:06:00+00:00,1.08,1.182,-0.10199999999999987,NAVD
2018-01-07 07:12:00+00:00,1.122,1.221,-0.09899999999999998,NAVD
2018-01-07 07:18:00+00:00,1.155,1.256,-0.10099999999999998,NAVD
2018-01-07 07:24:00+00:00,1.18,1.287,-0.10699999999999998,NAVD
2018-01-07 07:30:00+00:00,1.214,1.313,-0.09899999999999998,NAVD
2018-01-07 07:36:00+00:00,1.232,1.336,-0.10400000000000009,NAVD
2018-01-07 07:42:00+00:00,1.246,1.354,-0.1080000000000001,NAVD
2018-01-07 07:48:00+00:00,1.263,1.368,-0.1050000000000002,NAVD
2018-01-07 07:54:00+00:00,1.274,1.379,-0.10499999999999998,NAVD
2018-01-07 08:00:00+00:00,1.284,1.385,-0.10099999999999998,NAVD
2018-01-07 08:06:00+00:00,1.291,1.387,-0.09600000000000009,NAVD
2018-01-07 08:12:00+00:00,1.288,1.386,-0.09799999999999986,NAVD
2018-01-07 08:18:00+00:00,1.276,1.38,-0.10399999999999987,NAVD
2018-01-07 08:24:00+00:00,1.255,1.371,-0.1160000000000001,NAVD
2018-01-07 08:30:00+00:00,1.229,1.358,-0.129,NAVD
2018-01-07 08:36:00+00:00,1.201,1.341,-0.1399999999999999,NAVD
2018-01-07 08:42:00+00:00,1.158,1.321,-0.16300000000000003,NAVD
2018-01-07 08:48:00+00:00,1.114,1.298,-0.18399999999999994,NAVD
2018-01-07 08:54:00+00:00,1.085,1.271,-0.18599999999999994,NAVD
2018-01-07 09:00:00+00:00,1.044,1.24,-0.19599999999999995,NAVD
2018-01-07 09:06:00+00:00,1.016,1.207,-0.19100000000000006,NAVD
2018-01-07 09:12:00+00:00,0.985,1.17,-0.18499999999999994,NAVD
2018-01-07 09:18:00+00:00,0.952,1.131,-0.17900000000000005,NAVD
2018-01-07 09:24:00+00:00,0.911,1.088,-0.17700000000000005,NAVD
2018-01-07 09:30:00+00:00,0.868,1.043,-0.17499999999999993,NAVD
2018-01-07 09:36:00+00:00,0.828,0.995,-0.16700000000000004,NAVD
2018-01-07 09:42:00+00:00,0.776,0.944,-0.16799999999999993,NAVD
2018-01-07 09:48:00+00:00,0.715,0.891,-0.17600000000000005,NAVD
2018-01-07 09:54:00+00:00,0.652,0.836,-0.18399999999999994,NAVD
2018-01-07 10:00:00+00:00,0.586,0.778,-0.19200000000000006,NAVD
2018-01-07 10:06:00+00:00,0.523,0.718,-0.19499999999999995,NAVD
2018-01-07 10:12:00+00:00,0.461,0.657,-0.196,NAVD
2018-01-07 10:18:00+00:00,0.393,0.593,-0.19999999999999996,NAVD
2018-01-07 10:24:00+00:00,0.326,0.528,-0.202,NAVD
2018-01-07 10:30:00+00:00,0.26,0.46,-0.2,NAVD
2018-01-07 10:36:00+00:00,0.191,0.392,-0.201,NAVD
2018-01-07 10:42:00+00:00,0.12,0.322,-0.202,NAVD
2018-01-07 10:48:00+00:00,0.049,0.25,-0.201,NAVD
2018-01-07 10:54:00+00:00,-0.024,0.177,-0.20099999999999998,NAVD
2018-01-07 11:00:00+00:00,-0.102,0.104,-0.206,NAVD
2018-01-07 11:06:00+00:00,-0.173,0.029,-0.20199999999999999,NAVD
2018-01-07 11:12:00+00:00,-0.243,-0.047,-0.196,NAVD
2018-01-07 11:18:00+00:00,-0.318,-0.123,-0.195,NAVD
2018-01-07 11:24:00+00:00,-0.392,-0.2,-0.192,NAVD
2018-01-07 11:30:00+00:00,-0.47,-0.278,-0.19199999999999995,NAVD
2018-01-07 11:36:00+00:00,-0.546,-0.356,-0.19000000000000006,NAVD
2018-01-07 11:42:00+00:00,-0.624,-0.433,-0.191,NAVD
2018-01-07 11:48:00+00:00,-0.703,-0.511,-0.19199999999999995,NAVD
2018-01-07 11:54:00+00:00,-0.781,-0.589,-0.19200000000000006,NAVD
2018-01-07 12:00:00+00:00,-0.863,-0.665,-0.19799999999999995,NAVD
2018-01-07 12:06:00+00:00,-0.939,-0.741,-0.19799999999999995,NAVD
2018-01-07 12:12:00+00:00,-1.008,-0.816,-0.19200000000000006,NAVD
2018-01-07 12:18:00+00:00,-1.07,-0.89,-0.18000000000000005,NAVD
2018-01-07 12:24:00+00:00,-1.148,-0.962,-0.18599999999999994,NAVD
2018-01-07 12:30:00+00:00,-1.219,-1.032,-0.18700000000000006,NAVD
2018-01-07 12:36:00+00:00,-1.287,-1.1,-0.18699999999999983,NAVD
2018-01-07 12:42:00+00:00,-1.354,-1.165,-0.18900000000000006,NAVD
2018-01-07 12:48:00+00:00,-1.418,-1.228,-0.18999999999999995,NAVD
2018-01-07 12:54:00+00:00,-1.49,-1.287,-0.20300000000000007,NAVD
2018-01-07 13:00:00+00:00,-1.554,-1.343,-0.21100000000000008,NAVD
2018-01-07 13:06:00+00:00,-1.618,-1.395,-0.2230000000000001,NAVD
2018-01-07 13:12:00+00:00,-1.67,-1.444,-0.22599999999999998,NAVD
2018-01-07 13:18:00+00:00,-1.718,-1.488,-0.22999999999999998,NAVD
2018-01-07 13:24:00+00:00,-1.759,-1.527,-0.23199999999999998,NAVD
2018-01-07 13:30:00+00:00,-1.801,-1.562,-0.23899999999999988,NAVD
2018-01-07 13:36:00+00:00,-1.835,-1.592,-0.24299999999999988,NAVD
2018-01-07 13:42:00+00:00,-1.849,-1.617,-0.23199999999999998,NAVD
2018-01-07 13:48:00+00:00,-1.867,-1.638,-0.2290000000000001,NAVD
2018-01-07 13:54:00+00:00,-1.883,-1.653,-0.22999999999999998,NAVD
2018-01-07 14:00:00+00:00,-1.892,-1.663,-0.22899999999999987,NAVD
2018-01-07 14:06:00+00:00,-1.897,-1.668,-0.2290000000000001,NAVD
2018-01-07 14:12:00+00:00,-1.891,-1.668,-0.2230000000000001,NAVD
2018-01-07 14:18:00+00:00,-1.881,-1.663,-0.21799999999999997,NAVD
2018-01-07 14:24:00+00:00,-1.861,-1.654,-0.20700000000000007,NAVD
2018-01-07 14:30:00+00:00,-1.841,-1.64,-0.20100000000000007,NAVD
2018-01-07 14:36:00+00:00,-1.811,-1.621,-0.18999999999999995,NAVD
2018-01-07 14:42:00+00:00,-1.776,-1.599,-0.17700000000000005,NAVD
2018-01-07 14:48:00+00:00,-1.745,-1.572,-0.17300000000000004,NAVD
2018-01-07 14:54:00+00:00,-1.697,-1.542,-0.15500000000000003,NAVD
2018-01-07 15:00:00+00:00,-1.656,-1.508,-0.1479999999999999,NAVD
2018-01-07 15:06:00+00:00,-1.621,-1.471,-0.1499999999999999,NAVD
2018-01-07 15:12:00+00:00,-1.582,-1.431,-0.15100000000000002,NAVD
2018-01-07 15:18:00+00:00,-1.543,-1.388,-0.15500000000000003,NAVD
2018-01-07 15:24:00+00:00,-1.499,-1.343,-0.15600000000000014,NAVD
2018-01-07 15:30:00+00:00,-1.461,-1.295,-0.16600000000000015,NAVD
2018-01-07 15:36:00+00:00,-1.419,-1.245,-0.17399999999999993,NAVD
2018-01-07 15:42:00+00:00,-1.373,-1.192,-0.18100000000000005,NAVD
2018-01-07 15:48:00+00:00,-1.325,-1.138,-0.18700000000000006,NAVD
2018-01-07 15:54:00+00:00,-1.277,-1.082,-0.19499999999999984,NAVD
2018-01-07 16:00:00+00:00,-1.227,-1.025,-0.20200000000000018,NAVD
2018-01-07 16:06:00+00:00,-1.167,-0.965,-0.20200000000000007,NAVD
2018-01-07 16:12:00+00:00,-1.103,-0.905,-0.19799999999999995,NAVD
2018-01-07 16:18:00+00:00,-1.044,-0.842,-0.20200000000000007,NAVD
2018-01-07 16:24:00+00:00,-0.989,-0.778,-0.21099999999999997,NAVD
2018-01-07 16:30:00+00:00,-0.924,-0.713,-0.21100000000000008,NAVD
2018-01-07 16:36:00+00:00,-0.854,-0.646,-0.20799999999999996,NAVD
2018-01-07 16:42:00+00:00,-0.79,-0.578,-0.21200000000000008,NAVD
2018-01-07 16:48:00+00:00,-0.728,-0.509,-0.21899999999999997,NAVD
2018-01-07 16:54:00+00:00,-0.657,-0.438,-0.21900000000000003,NAVD
2018-01-07 17:00:00+00:00,-0.584,-0.367,-0.21699999999999997,NAVD
2018-01-07 17:06:00+00:00,-0.523,-0.294,-0.22900000000000004,NAVD
2018-01-07 17:12:00+00:00,-0.45,-0.22,-0.23,NAVD
2018-01-07 17:18:00+00:00,-0.377,-0.145,-0.232,NAVD
2018-01-07 17:24:00+00:00,-0.297,-0.07,-0.22699999999999998,NAVD
2018-01-07 17:30:00+00:00,-0.226,0.006,-0.232,NAVD
2018-01-07 17:36:00+00:00,-0.154,0.083,-0.237,NAVD
2018-01-07 17:42:00+00:00,-0.077,0.159,-0.236,NAVD
2018-01-07 17:48:00+00:00,0.003,0.236,-0.23299999999999998,NAVD
2018-01-07 17:54:00+00:00,0.082,0.312,-0.22999999999999998,NAVD
2018-01-07 18:00:00+00:00,0.169,0.387,-0.218,NAVD
2018-01-07 18:06:00+00:00,0.245,0.462,-0.21700000000000003,NAVD
2018-01-07 18:12:00+00:00,0.325,0.536,-0.21100000000000002,NAVD
2018-01-07 18:18:00+00:00,0.403,0.608,-0.20499999999999996,NAVD
2018-01-07 18:24:00+00:00,0.473,0.678,-0.20500000000000007,NAVD
2018-01-07 18:30:00+00:00,0.544,0.747,-0.20299999999999996,NAVD
2018-01-07 18:36:00+00:00,0.612,0.813,-0.20099999999999996,NAVD
2018-01-07 18:42:00+00:00,0.671,0.877,-0.20599999999999996,NAVD
2018-01-07 18:48:00+00:00,0.733,0.939,-0.20599999999999996,NAVD
2018-01-07 18:54:00+00:00,0.787,0.997,-0.20999999999999996,NAVD
2018-01-07 19:00:00+00:00,0.839,1.052,-0.21300000000000008,NAVD
2018-01-07 19:06:00+00:00,0.895,1.104,-0.20900000000000007,NAVD
2018-01-07 19:12:00+00:00,0.945,1.153,-0.20800000000000007,NAVD
2018-01-07 19:18:00+00:00,0.996,1.198,-0.20199999999999996,NAVD
2018-01-07 19:24:00+00:00,1.046,1.239,-0.19300000000000006,NAVD
2018-01-07 19:30:00+00:00,1.096,1.277,-0.18099999999999983,NAVD
2018-01-07 19:36:00+00:00,1.124,1.31,-0.18599999999999994,NAVD
2018-01-07 19:42:00+00:00,1.16,1.34,-0.18000000000000016,NAVD
2018-01-07 19:48:00+00:00,1.187,1.366,-0.17900000000000005,NAVD
2018-01-07 19:54:00+00:00,1.202,1.388,-0.18599999999999994,NAVD
2018-01-07 20:00:00+00:00,1.219,1.405,-0.18599999999999994,NAVD
2018-01-07 20:06:00+00:00,1.224,1.419,-0.19500000000000006,NAVD
2018-01-07 20:12:00+00:00,1.223,1.429,-0.20599999999999996,NAVD
2018-01-07 20:18:00+00:00,1.221,1.435,-0.21399999999999997,NAVD
2018-01-07 20:24:00+00:00,1.229,1.437,-0.20799999999999996,NAVD
2018-01-07 20:30:00+00:00,1.229,1.435,-0.20599999999999996,NAVD
2018-01-07 20:36:00+00:00,1.211,1.43,-0.21899999999999986,NAVD
2018-01-07 20:42:00+00:00,1.21,1.421,-0.21100000000000008,NAVD
2018-01-07 20:48:00+00:00,1.197,1.408,-0.21099999999999985,NAVD
2018-01-07 20:54:00+00:00,1.173,1.392,-0.21899999999999986,NAVD
2018-01-07 21:00:00+00:00,1.147,1.372,-0.2250000000000001,NAVD
2018-01-07 21:06:00+00:00,1.129,1.349,-0.21999999999999997,NAVD
2018-01-07 21:12:00+00:00,1.09,1.322,-0.23199999999999998,NAVD
2018-01-07 21:18:00+00:00,1.054,1.292,-0.238,NAVD
2018-01-07 21:24:00+00:00,1.029,1.259,-0.22999999999999998,NAVD
2018-01-07 21:30:00+00:00,0.999,1.223,-0.2240000000000001,NAVD
2018-01-07 21:36:00+00:00,0.967,1.184,-0.21699999999999997,NAVD
2018-01-07 21:42:00+00:00,0.945,1.142,-0.19699999999999995,NAVD
2018-01-07 21:48:00+00:00,0.909,1.098,-0.18900000000000006,NAVD
2018-01-07 21:54:00+00:00,0.867,1.05,-0.18300000000000005,NAVD
2018-01-07 22:00:00+00:00,0.826,1.0,-0.17400000000000004,NAVD
2018-01-07 22:06:00+00:00,0.777,0.948,-0.17099999999999993,NAVD
2018-01-07 22:12:00+00:00,0.71,0.893,-0.18300000000000005,NAVD
2018-01-07 22:18:00+00:00,0.644,0.835,-0.19099999999999995,NAVD
2018-01-07 22:24:00+00:00,0.583,0.776,-0.19300000000000006,NAVD
2018-01-07 22:30:00+00:00,0.52,0.715,-0.19499999999999995,NAVD
2018-01-07 22:36:00+00:00,0.442,0.651,-0.20900000000000002,NAVD
2018-01-07 22:42:00+00:00,0.385,0.586,-0.20099999999999996,NAVD
2018-01-07 22:48:00+00:00,0.315,0.519,-0.20400000000000001,NAVD
2018-01-07 22:54:00+00:00,0.25,0.45,-0.2,NAVD
2018-01-07 23:00:00+00:00,0.188,0.38,-0.192,NAVD
2018-01-07 23:06:00+00:00,0.124,0.308,-0.184,NAVD
2018-01-07 23:12:00+00:00,0.055,0.235,-0.18,NAVD
2018-01-07 23:18:00+00:00,-0.016,0.161,-0.177,NAVD
2018-01-07 23:24:00+00:00,-0.089,0.086,-0.175,NAVD
2018-01-07 23:30:00+00:00,-0.164,0.01,-0.17400000000000002,NAVD
2018-01-07 23:36:00+00:00,-0.229,-0.067,-0.162,NAVD
2018-01-07 23:42:00+00:00,-0.311,-0.145,-0.166,NAVD
2018-01-07 23:48:00+00:00,-0.387,-0.224,-0.163,NAVD
2018-01-07 23:54:00+00:00,-0.47,-0.303,-0.16699999999999998,NAVD
