run_id,seed,n_bus_flood_failed,bus_flood_failed,n_line_flood_failed,line_flood_failed,n_island_pass1,n_overload_iterations,max_iterations_reached,n_lines_overload_tripped,overload_tripped_lines,n_island_overload_loop,solver_sequence,used_dc_fallback,converged_overall,solver_final,reason_final,n_bus_oos_final,n_line_oos_final,n_trafo_oos_final,final_bus_oos,final_line_oos_idx,final_trafo_oos_idx
0,42,0,,3,88;1217;1906,0,1,False,0,,0,AC,False,True,AC,,0,3,0,,88;1217;1906,
1,43,2,FARRAGUT;FARRAGUT,2,1207;1904,0,2,False,1,1215,0,DC;DC,True,True,DC,,2,9,2,FARRAGUT;FARRAGUT,1207;1215;1901;1902;1903;1904;1905;1906;1907,86;87
2,44,0,,1,1207,0,1,False,0,,0,AC,False,True,AC,,0,1,0,,1207,
3,45,0,,4,1219;1283;1284;1902,0,2,False,1,1901,0,AC;DC,True,True,DC,,0,5,0,,1219;1283;1284;1901;1902,
4,46,1,FARRAGUT,6,203;1189;1216;1217;1901;1907,0,5,False,18,53;54;1144;1145;1146;1147;1215;1218;1219;1271;1274;1275;1278;1279;1280;1281;1282;2226,11,DC;DC;DC;DC;DC,True,True,DC,,12,40,3,UNKNOWN129913;CORONA;TAP135492;TAP135493;FAR ROCKAWAY;HEWLETT;WOODMERE;JAMAICA;HUDSON AVENUE;FARRAGUT;JAMAICA;FARRAGUT,53;54;203;1144;1145;1146;1147;1189;1212;1213;1214;1215;1216;1217;1218;1219;1269;1270;1271;1272;1273;1274;1275;1276;1277;1278;1279;1280;1281;1282;1283;1284;1901;1902;1903;1904;1905;1906;1907;2226,54;86;87
5,47,0,,2,87;1284,0,1,False,0,,0,AC,False,True,AC,,0,2,0,,87;1284,
6,48,0,,3,1149;1150;1283,0,1,False,0,,0,AC,False,True,AC,,0,3,0,,1149;1150;1283,
7,49,0,,5,203;1148;1216;1219;1901,0,1,False,0,,0,AC,False,True,AC,,0,5,0,,203;1148;1216;1219;1901,
8,50,0,,3,204;1218;1902,0,2,False,1,1901,0,AC;DC,True,True,DC,,0,4,0,,204;1218;1901;1902,
9,51,0,,1,1902,0,2,False,1,1901,0,AC;DC,True,True,DC,,0,2,0,,1901;1902,
10,52,0,,5,87;205;1189;1207;1219,0,1,False,0,,0,AC,False,True,AC,,0,5,0,,87;205;1189;1207;1219,
11,53,1,UNKNOWN129920,4,88;1218;1284;1901,0,1,False,0,,0,AC,False,True,AC,,1,7,0,UNKNOWN129920,88;1148;1149;1150;1218;1284;1901,
12,54,1,FARRAGUT,2,88;1902,0,2,False,1,1901,0,AC;DC,True,True,DC,,1,5,2,FARRAGUT,88;1901;1902;1905;1906,86;87
13,55,0,,5,206;1188;1206;1901;1902,0,1,False,0,,0,DC,True,True,DC,,0,5,0,,206;1188;1206;1901;1902,
14,56,1,FARRAGUT,2,1149;1189,0,2,False,2,1150;1215,3,DC;DC,True,True,DC,,4,10,4,UNKNOWN129920;GOWANUS;FARRAGUT;GOWANUS,1148;1149;1150;1189;1215;1901;1902;1903;1904;1907,82;83;86;87
15,57,0,,1,1216,0,1,False,0,,0,AC,False,True,AC,,0,1,0,,1216,
16,58,0,,2,1284;1907,0,1,False,0,,0,AC,False,True,AC,,0,2,0,,1284;1907,
17,59,1,FARRAGUT,3,204;1284;1905,0,1,False,0,,0,AC,False,True,AC,,1,4,2,FARRAGUT,204;1284;1905;1906,86;87
18,60,2,FARRAGUT;FARRAGUT,2,1150;1901,0,2,False,2,1149;1215,3,DC;DC,True,True,DC,,5,11,4,UNKNOWN129920;GOWANUS;FARRAGUT;GOWANUS;FARRAGUT,1148;1149;1150;1215;1901;1902;1903;1904;1905;1906;1907,82;83;86;87
19,61,0,,4,1216;1218;1219;1907,0,1,False,0,,0,AC,False,True,AC,,0,4,0,,1216;1218;1219;1907,
20,62,0,,2,1150;1902,0,3,False,2,1149;1901,3,AC;DC;DC,True,True,DC,,3,5,2,UNKNOWN129920;GOWANUS;GOWANUS,1148;1149;1150;1901;1902,82;83
21,63,0,,2,1217;1904,0,1,False,0,,0,AC,False,True,AC,,0,2,0,,1217;1904,
22,64,1,FARRAGUT,6,203;1148;1189;1902;1904;1906,0,1,False,0,,0,AC,False,True,AC,,1,7,2,FARRAGUT,203;1148;1189;1902;1904;1905;1906,86;87
23,65,1,UNKNOWN129920,4,205;1148;1150;1906,0,1,False,0,,0,AC,False,True,AC,,1,5,0,UNKNOWN129920,205;1148;1149;1150;1906,
24,66,1,FARRAGUT,0,,0,1,False,0,,0,AC,False,True,AC,,1,2,2,FARRAGUT,1905;1906,86;87
25,67,1,FARRAGUT,1,1150,0,2,False,2,1149;1215,3,DC;DC,True,True,DC,,4,9,4,UNKNOWN129920;GOWANUS;FARRAGUT;GOWANUS,1148;1149;1150;1215;1901;1902;1903;1904;1907,82;83;86;87
26,68,0,,4,1207;1284;1904;1906,0,1,False,0,,0,AC,False,True,AC,,0,4,0,,1207;1284;1904;1906,
27,69,0,,4,206;1206;1219;1283,0,1,False,0,,0,AC,False,True,AC,,0,4,0,,206;1206;1219;1283,
28,70,0,,5,205;1149;1189;1218;1219,0,1,False,0,,0,AC,False,True,AC,,0,5,0,,205;1149;1189;1218;1219,
29,71,0,,2,203;1148,0,1,False,0,,0,AC,False,True,AC,,0,2,0,,203;1148,
30,72,1,FARRAGUT,4,87;205;1284;1903,0,2,False,2,1215;1283,2,DC;DC,True,True,DC,,3,12,2,HUDSON AVENUE;FARRAGUT;FARRAGUT,87;205;1215;1283;1284;1901;1902;1903;1904;1905;1906;1907,86;87
31,73,0,,6,203;1149;1150;1284;1902;1905,0,2,False,1,1901,3,AC;DC,True,True,DC,,3,8,2,UNKNOWN129920;GOWANUS;GOWANUS,203;1148;1149;1150;1284;1901;1902;1905,82;83
32,74,0,,3,204;1207;1218,0,1,False,0,,0,AC,False,True,AC,,0,3,0,,204;1207;1218,
33,75,0,,2,1148;1188,0,1,False,0,,0,AC,False,True,AC,,0,2,0,,1148;1188,
34,76,0,,4,88;1150;1207;1216,0,1,False,0,,0,AC,False,True,AC,,0,4,0,,88;1150;1207;1216,
35,77,0,,2,1905;1907,0,1,False,0,,0,AC,False,True,AC,,0,2,0,,1905;1907,
36,78,0,,0,,0,1,False,0,,0,AC,False,True,AC,,0,0,0,,,
37,79,1,FARRAGUT,6,87;88;1189;1207;1284;1903,0,2,False,2,1215;1283,4,DC;DC,True,True,DC,,5,14,3,UNKNOWN124169;HUDSON AVENUE;FARRAGUT;UNKNOWN124169;FARRAGUT,87;88;1189;1207;1215;1283;1284;1901;1902;1903;1904;1905;1906;1907,3;86;87
38,80,2,FARRAGUT;FARRAGUT,1,1283,0,2,False,1,1215,0,DC;DC,True,True,DC,,2,9,2,FARRAGUT;FARRAGUT,1215;1283;1901;1902;1903;1904;1905;1906;1907,86;87
39,81,0,,3,1148;1904;1906,0,1,False,0,,0,AC,False,True,AC,,0,3,0,,1148;1904;1906,
40,82,0,,1,1189,0,1,False,0,,0,AC,False,True,AC,,0,1,0,,1189,
41,83,1,FARRAGUT,1,1902,0,2,False,1,1215,0,DC;DC,True,True,DC,,1,6,2,FARRAGUT,1215;1901;1902;1903;1904;1907,86;87
42,84,0,,0,,0,1,False,0,,0,AC,False,True,AC,,0,0,0,,,
43,85,1,UNKNOWN129920,3,1188;1217;1907,0,1,False,0,,0,DC,True,True,DC,,1,6,0,UNKNOWN129920,1148;1149;1150;1188;1217;1907,
44,86,0,,0,,0,1,False,0,,0,AC,False,True,AC,,0,0,0,,,
45,87,0,,5,1150;1188;1218;1283;1907,0,1,False,0,,0,AC,False,True,AC,,0,5,0,,1150;1188;1218;1283;1907,
46,88,0,,3,1148;1901;1906,0,1,False,0,,0,AC,False,True,AC,,0,3,0,,1148;1901;1906,
47,89,0,,1,87,0,1,False,0,,0,AC,False,True,AC,,0,1,0,,87,
48,90,0,,4,1148;1217;1905;1907,0,1,False,0,,0,AC,False,True,AC,,0,4,0,,1148;1217;1905;1907,
49,91,0,,1,1217,0,1,False,0,,0,AC,False,True,AC,,0,1,0,,1217,
50,92,1,FARRAGUT,5,88;204;205;1148;1217,2,2,False,1,1215,0,DC;DC,True,True,DC,,3,11,4,GOWANUS;FARRAGUT;GOWANUS,88;204;205;1148;1215;1217;1901;1902;1903;1904;1907,82;83;86;87
51,93,0,,3,203;1148;1219,0,1,False,0,,0,AC,False,True,AC,,0,3,0,,203;1148;1219,
52,94,0,,1,87,0,1,False,0,,0,AC,False,True,AC,,0,1,0,,87,
53,95,0,,1,1284,0,1,False,0,,0,AC,False,True,AC,,0,1,0,,1284,
54,96,0,,4,204;1284;1901;1906,0,2,False,1,1902,0,AC;DC,True,True,DC,,0,5,0,,204;1284;1901;1902;1906,
55,97,0,,6,204;205;1206;1216;1283;1902,0,2,False,1,1901,0,AC;DC,True,True,DC,,0,7,0,,204;205;1206;1216;1283;1901;1902,
56,98,1,FARRAGUT,4,88;205;1150;1219,0,1,False,0,,0,AC,False,True,AC,,1,6,2,FARRAGUT,88;205;1150;1219;1905;1906,86;87
57,99,0,,1,1219,0,1,False,0,,0,AC,False,True,AC,,0,1,0,,1219,
58,100,0,,1,87,0,1,False,0,,0,AC,False,True,AC,,0,1,0,,87,
59,101,0,,2,1189;1901,0,2,False,1,1902,0,AC;DC,True,True,DC,,0,3,0,,1189;1901;1902,
60,102,0,,2,1149;1902,0,3,False,2,1150;1901,3,AC;DC;DC,True,True,DC,,3,5,2,UNKNOWN129920;GOWANUS;GOWANUS,1148;1149;1150;1901;1902,82;83
61,103,0,,4,1217;1284;1906;1907,0,1,False,0,,0,AC,False,True,AC,,0,4,0,,1217;1284;1906;1907,
62,104,0,,2,1149;1902,0,3,False,2,1150;1901,3,AC;DC;DC,True,True,DC,,3,5,2,UNKNOWN129920;GOWANUS;GOWANUS,1148;1149;1150;1901;1902,82;83
63,105,1,FARRAGUT,0,,0,1,False,0,,0,AC,False,True,AC,,1,2,2,FARRAGUT,1905;1906,86;87
64,106,2,FARRAGUT;FARRAGUT,6,1148;1150;1207;1283;1903;1904,2,2,False,1,1215,0,AC;AC,False,True,AC,,4,12,4,GOWANUS;FARRAGUT;GOWANUS;FARRAGUT,1148;1150;1207;1215;1283;1901;1902;1903;1904;1905;1906;1907,82;83;86;87
65,107,0,,3,203;1188;1218,0,1,False,0,,0,AC,False,True,AC,,0,3,0,,203;1188;1218,
66,108,1,FARRAGUT,2,203;1283,0,1,False,0,,0,AC,False,True,AC,,1,4,2,FARRAGUT,203;1283;1905;1906,86;87
67,109,0,,2,1284;1904,0,1,False,0,,0,AC,False,True,AC,,0,2,0,,1284;1904,
68,110,0,,2,204;1188,0,1,False,0,,0,AC,False,True,AC,,0,2,0,,204;1188,
69,111,0,,2,1188;1219,0,1,False,0,,0,AC,False,True,AC,,0,2,0,,1188;1219,
70,112,0,,5,87;88;1149;1283;1904,0,2,False,1,1215,2,AC;AC,False,True,AC,,2,6,1,UNKNOWN124169;UNKNOWN124169,87;88;1149;1215;1283;1904,3
71,113,1,UNKNOWN129920,1,206,0,1,False,0,,0,AC,False,True,AC,,1,4,0,UNKNOWN129920,206;1148;1149;1150,
72,114,0,,5,1148;1150;1217;1906;1907,0,1,False,0,,0,AC,False,True,AC,,0,5,0,,1148;1150;1217;1906;1907,
73,115,0,,4,88;1904;1905;1907,0,1,False,0,,0,AC,False,True,AC,,0,4,0,,88;1904;1905;1907,
74,116,0,,2,1206;1904,0,1,False,0,,0,AC,False,True,AC,,0,2,0,,1206;1904,
75,117,0,,6,1188;1219;1284;1903;1905;1907,0,1,False,0,,0,AC,False,True,AC,,0,6,0,,1188;1219;1284;1903;1905;1907,
76,118,0,,2,203;1149,0,1,False,0,,0,AC,False,True,AC,,0,2,0,,203;1149,
77,119,0,,4,203;205;1284;1902,0,2,False,1,1901,0,AC;DC,True,True,DC,,0,5,0,,203;205;1284;1901;1902,
78,120,1,FARRAGUT,3,1149;1217;1283,0,2,False,3,1150;1215;1284,5,DC;DC,True,True,DC,,6,14,4,UNKNOWN129920;GOWANUS;HUDSON AVENUE;FARRAGUT;GOWANUS;FARRAGUT,1148;1149;1150;1215;1217;1283;1284;1901;1902;1903;1904;1905;1906;1907,82;83;86;87
79,121,0,,3,1148;1219;1907,0,1,False,0,,0,AC,False,True,AC,,0,3,0,,1148;1219;1907,
80,122,0,,4,1149;1218;1219;1907,0,1,False,0,,0,AC,False,True,AC,,0,4,0,,1149;1218;1219;1907,
81,123,1,FARRAGUT,1,1904,0,2,False,1,1215,0,DC;DC,True,True,DC,,1,6,2,FARRAGUT,1215;1901;1902;1903;1904;1907,86;87
82,124,0,,2,1218;1219,0,1,False,0,,0,AC,False,True,AC,,0,2,0,,1218;1219,
83,125,0,,6,88;1207;1217;1284;1901;1904,0,2,False,1,1902,0,AC;DC,True,True,DC,,0,7,0,,88;1207;1217;1284;1901;1902;1904,
84,126,2,UNKNOWN129920;FARRAGUT,1,1150,0,1,False,0,,0,AC,False,True,AC,,2,5,2,UNKNOWN129920;FARRAGUT,1148;1149;1150;1905;1906,86;87
85,127,1,UNKNOWN129920,2,1148;1283,0,1,False,0,,0,AC,False,True,AC,,1,4,0,UNKNOWN129920,1148;1149;1150;1283,
86,128,0,,4,88;1217;1219;1904,0,1,False,0,,0,AC,False,True,AC,,0,4,0,,88;1217;1219;1904,
87,129,0,,2,1188;1905,0,1,False,0,,0,AC,False,True,AC,,0,2,0,,1188;1905,
88,130,1,FARRAGUT,4,204;1148;1283;1906,2,2,False,2,1215;1284,2,DC;AC,True,True,AC,,5,12,4,GOWANUS;HUDSON AVENUE;FARRAGUT;GOWANUS;FARRAGUT,204;1148;1215;1283;1284;1901;1902;1903;1904;1905;1906;1907,82;83;86;87
89,131,0,,4,88;1207;1217;1284,0,1,False,0,,0,AC,False,True,AC,,0,4,0,,88;1207;1217;1284,
90,132,0,,1,1219,0,1,False,0,,0,AC,False,True,AC,,0,1,0,,1219,
91,133,0,,1,1218,0,1,False,0,,0,AC,False,True,AC,,0,1,0,,1218,
92,134,0,,4,1188;1207;1218;1284,0,1,False,0,,0,AC,False,True,AC,,0,4,0,,1188;1207;1218;1284,
93,135,0,,0,,0,1,False,0,,0,AC,False,True,AC,,0,0,0,,,
94,136,2,FARRAGUT;FARRAGUT,0,,0,2,False,1,1215,0,DC;DC,True,True,DC,,2,8,2,FARRAGUT;FARRAGUT,1215;1901;1902;1903;1904;1905;1906;1907,86;87
95,137,0,,3,206;1905;1906,0,1,False,0,,0,AC,False,True,AC,,0,3,0,,206;1905;1906,
96,138,0,,2,1901;1903,0,2,False,1,1902,0,AC;DC,True,True,DC,,0,3,0,,1901;1902;1903,
97,139,0,,6,87;203;1149;1218;1283;1906,0,1,False,0,,0,AC,False,True,AC,,0,6,0,,87;203;1149;1218;1283;1906,
98,140,0,,4,1149;1188;1216;1219,0,1,False,0,,0,AC,False,True,AC,,0,4,0,,1149;1188;1216;1219,
99,141,1,FARRAGUT,0,,0,1,False,0,,0,AC,False,True,AC,,1,2,2,FARRAGUT,1905;1906,86;87
100,142,2,UNKNOWN129920;FARRAGUT,2,1217;1901,2,2,False,1,1215,0,DC;DC,True,True,DC,,4,10,4,UNKNOWN129920;GOWANUS;FARRAGUT;GOWANUS,1148;1149;1150;1215;1217;1901;1902;1903;1904;1907,82;83;86;87
101,143,0,,1,1903,0,1,False,0,,0,AC,False,True,AC,,0,1,0,,1903,
102,144,1,FARRAGUT,3,87;203;1189,0,2,False,1,1215,0,DC;DC,True,True,DC,,1,9,2,FARRAGUT,87;203;1189;1215;1901;1902;1903;1904;1907,86;87
103,145,0,,1,1206,0,1,False,0,,0,AC,False,True,AC,,0,1,0,,1206,
104,146,0,,2,1148;1901,0,1,False,0,,0,AC,False,True,AC,,0,2,0,,1148;1901,
105,147,0,,6,1148;1188;1189;1206;1216;1218,0,1,False,0,,0,AC,False,True,AC,,0,6,0,,1148;1188;1189;1206;1216;1218,
106,148,0,,2,1284;1906,0,1,False,0,,0,AC,False,True,AC,,0,2,0,,1284;1906,
107,149,1,UNKNOWN129920,1,1219,0,1,False,0,,0,AC,False,True,AC,,1,4,0,UNKNOWN129920,1148;1149;1150;1219,
108,150,1,UNKNOWN129920,0,,0,1,False,0,,0,AC,False,True,AC,,1,3,0,UNKNOWN129920,1148;1149;1150,
109,151,0,,5,204;1149;1218;1901;1907,0,3,False,3,1150;1215;1902,3,AC;DC;DC,True,True,DC,,3,9,2,UNKNOWN129920;GOWANUS;GOWANUS,204;1148;1149;1150;1215;1218;1901;1902;1907,82;83
110,152,1,FARRAGUT,1,1901,0,2,False,1,1902,0,AC;DC,True,True,DC,,1,4,2,FARRAGUT,1901;1902;1905;1906,86;87
111,153,1,FARRAGUT,3,1148;1188;1217,0,1,False,0,,0,AC,False,True,AC,,1,5,2,FARRAGUT,1148;1188;1217;1905;1906,86;87
112,154,0,,3,203;1206;1905,0,1,False,0,,0,AC,False,True,AC,,0,3,0,,203;1206;1905,
113,155,0,,0,,0,1,False,0,,0,AC,False,True,AC,,0,0,0,,,
114,156,2,FARRAGUT;FARRAGUT,3,87;1148;1283,2,2,False,1,1215,0,AC;AC,False,True,AC,,4,11,4,GOWANUS;FARRAGUT;GOWANUS;FARRAGUT,87;1148;1215;1283;1901;1902;1903;1904;1905;1906;1907,82;83;86;87
115,157,0,,5,204;1150;1218;1283;1903,0,1,False,0,,0,AC,False,True,AC,,0,5,0,,204;1150;1218;1283;1903,
116,158,0,,6,1150;1189;1207;1283;1284;1901,0,3,False,2,1149;1902,3,AC;DC;DC,True,True,DC,,3,9,2,UNKNOWN129920;GOWANUS;GOWANUS,1148;1149;1150;1189;1207;1283;1284;1901;1902,82;83
117,159,0,,2,1149;1150,0,1,False,0,,0,AC,False,True,AC,,0,2,0,,1149;1150,
118,160,0,,2,205;1901,0,2,False,1,1902,0,AC;DC,True,True,DC,,0,3,0,,205;1901;1902,
119,161,0,,1,1217,0,1,False,0,,0,AC,False,True,AC,,0,1,0,,1217,
120,162,1,UNKNOWN129920,4,88;1206;1283;1284,0,1,False,0,,0,AC,False,True,AC,,1,7,0,UNKNOWN129920,88;1148;1149;1150;1206;1283;1284,
121,163,1,FARRAGUT,1,1283,0,2,False,2,1215;1284,2,DC;DC,True,True,DC,,3,10,2,HUDSON AVENUE;FARRAGUT;FARRAGUT,1215;1283;1284;1901;1902;1903;1904;1905;1906;1907,86;87
122,164,1,UNKNOWN129920,3,205;1148;1188,0,1,False,0,,0,DC,True,True,DC,,1,5,0,UNKNOWN129920,205;1148;1149;1150;1188,
123,165,0,,2,1283;1905,0,1,False,0,,0,AC,False,True,AC,,0,2,0,,1283;1905,
124,166,0,,2,1207;1216,0,1,False,0,,0,AC,False,True,AC,,0,2,0,,1207;1216,
125,167,0,,1,1901,0,2,False,1,1902,0,AC;DC,True,True,DC,,0,2,0,,1901;1902,
126,168,1,FARRAGUT,6,204;1188;1207;1216;1283;1907,0,2,False,2,1215;1284,2,DC;DC,True,True,DC,,3,14,2,HUDSON AVENUE;FARRAGUT;FARRAGUT,204;1188;1207;1215;1216;1283;1284;1901;1902;1903;1904;1905;1906;1907,86;87
127,169,0,,2,1148;1218,0,1,False,0,,0,AC,False,True,AC,,0,2,0,,1148;1218,
128,170,0,,4,204;205;1207;1283,0,1,False,0,,0,AC,False,True,AC,,0,4,0,,204;205;1207;1283,
129,171,0,,0,,0,1,False,0,,0,AC,False,True,AC,,0,0,0,,,
130,172,0,,3,1149;1207;1906,0,1,False,0,,0,AC,False,True,AC,,0,3,0,,1149;1207;1906,
131,173,1,UNKNOWN129920,2,1217;1905,0,1,False,0,,0,AC,False,True,AC,,1,5,0,UNKNOWN129920,1148;1149;1150;1217;1905,
132,174,0,,5,88;1149;1188;1218;1901,0,3,False,2,1150;1902,3,AC;DC;DC,True,True,DC,,3,8,2,UNKNOWN129920;GOWANUS;GOWANUS,88;1148;1149;1150;1188;1218;1901;1902,82;83
133,175,1,FARRAGUT,3,87;88;1904,0,2,False,1,1215,2,AC;AC,False,True,AC,,3,6,3,UNKNOWN124169;UNKNOWN124169;FARRAGUT,87;88;1215;1904;1905;1906,3;86;87
134,176,0,,2,1219;1284,0,1,False,0,,0,AC,False,True,AC,,0,2,0,,1219;1284,
135,177,0,,2,1149;1219,0,1,False,0,,0,AC,False,True,AC,,0,2,0,,1149;1219,
136,178,2,FARRAGUT;FARRAGUT,0,,0,2,False,1,1215,0,DC;DC,True,True,DC,,2,8,2,FARRAGUT;FARRAGUT,1215;1901;1902;1903;1904;1905;1906;1907,86;87
137,179,0,,4,1150;1216;1219;1284,0,1,False,0,,0,AC,False,True,AC,,0,4,0,,1150;1216;1219;1284,
138,180,0,,3,1901;1902;1907,0,2,False,1,1215,0,DC;DC,True,True,DC,,0,4,0,,1215;1901;1902;1907,
139,181,0,,2,1217;1218,0,1,False,0,,0,AC,False,True,AC,,0,2,0,,1217;1218,
140,182,0,,3,1149;1284;1906,0,1,False,0,,0,AC,False,True,AC,,0,3,0,,1149;1284;1906,
141,183,0,,2,87;1207,0,1,False,0,,0,AC,False,True,AC,,0,2,0,,87;1207,
142,184,1,UNKNOWN129920,4,1188;1219;1903;1904,0,1,False,0,,0,DC,True,True,DC,,1,7,0,UNKNOWN129920,1148;1149;1150;1188;1219;1903;1904,
143,185,0,,1,204,0,1,False,0,,0,AC,False,True,AC,,0,1,0,,204,
144,186,0,,0,,0,1,False,0,,0,AC,False,True,AC,,0,0,0,,,
145,187,0,,3,1148;1903;1907,0,1,False,0,,0,AC,False,True,AC,,0,3,0,,1148;1903;1907,
146,188,0,,1,1217,0,1,False,0,,0,AC,False,True,AC,,0,1,0,,1217,
147,189,0,,7,203;205;1206;1207;1284;1903;1906,0,1,False,0,,0,AC,False,True,AC,,0,7,0,,203;205;1206;1207;1284;1903;1906,
148,190,1,FARRAGUT,2,1219;1284,0,2,False,2,1215;1283,2,DC;DC,True,True,DC,,3,11,2,HUDSON AVENUE;FARRAGUT;FARRAGUT,1215;1219;1283;1284;1901;1902;1903;1904;1905;1906;1907,86;87
149,191,1,FARRAGUT,3,1219;1284;1907,0,5,False,6,1116;1117;1118;1200;1215;2219,0,AC;AC;AC;AC;AC,False,True,AC,,1,11,2,FARRAGUT,1116;1117;1118;1200;1215;1219;1284;1905;1906;1907;2219,86;87
150,192,1,FARRAGUT,3,87;1207;1218,0,1,False,0,,0,AC,False,True,AC,,1,5,2,FARRAGUT,87;1207;1218;1905;1906,86;87
151,193,0,,2,88;1217,0,1,False,0,,0,AC,False,True,AC,,0,2,0,,88;1217,
152,194,0,,2,1150;1284,0,1,False,0,,0,AC,False,True,AC,,0,2,0,,1150;1284,
153,195,2,UNKNOWN129920;FARRAGUT,2,1150;1907,2,2,False,1,1215,0,DC;DC,True,True,DC,,4,9,4,UNKNOWN129920;GOWANUS;FARRAGUT;GOWANUS,1148;1149;1150;1215;1901;1902;1903;1904;1907,82;83;86;87
154,196,0,,5,88;203;204;1216;1904,0,2,False,1,1215,0,AC;AC,False,True,AC,,0,6,0,,88;203;204;1215;1216;1904,
155,197,0,,4,205;206;1150;1188,0,2,False,1,1215,0,AC;AC,False,True,AC,,0,5,0,,205;206;1150;1188;1215,
156,198,1,FARRAGUT,4,1217;1218;1283;1284,1,1,False,0,,0,AC,False,True,AC,,2,6,2,HUDSON AVENUE;FARRAGUT,1217;1218;1283;1284;1905;1906,86;87
157,199,1,FARRAGUT,3,205;1283;1905,0,1,False,0,,0,AC,False,True,AC,,1,4,2,FARRAGUT,205;1283;1905;1906,86;87
158,200,1,FARRAGUT,4,206;1188;1283;1906,0,1,False,0,,0,AC,False,True,AC,,1,5,2,FARRAGUT,206;1188;1283;1905;1906,86;87
159,201,0,,3,1189;1216;1284,0,1,False,0,,0,AC,False,True,AC,,0,3,0,,1189;1216;1284,
160,202,0,,2,1283;1903,0,1,False,0,,0,AC,False,True,AC,,0,2,0,,1283;1903,
161,203,1,FARRAGUT,2,1217;1907,0,5,False,6,1116;1117;1118;1200;1215;2219,0,AC;AC;AC;AC;AC,False,True,AC,,1,10,2,FARRAGUT,1116;1117;1118;1200;1215;1217;1905;1906;1907;2219,86;87
162,204,0,,3,88;204;1150,0,1,False,0,,0,AC,False,True,AC,,0,3,0,,88;204;1150,
163,205,0,,0,,0,1,False,0,,0,AC,False,True,AC,,0,0,0,,,
164,206,0,,0,,0,1,False,0,,0,AC,False,True,AC,,0,0,0,,,
165,207,0,,3,1206;1216;1284,0,1,False,0,,0,AC,False,True,AC,,0,3,0,,1206;1216;1284,
166,208,0,,4,1188;1218;1283;1906,0,1,False,0,,0,AC,False,True,AC,,0,4,0,,1188;1218;1283;1906,
167,209,0,,5,87;1188;1217;1218;1283,0,1,False,0,,0,AC,False,True,AC,,0,5,0,,87;1188;1217;1218;1283,
168,210,0,,3,88;1207;1219,0,1,False,0,,0,AC,False,True,AC,,0,3,0,,88;1207;1219,
169,211,0,,1,1283,0,1,False,0,,0,AC,False,True,AC,,0,1,0,,1283,
170,212,0,,0,,0,1,False,0,,0,AC,False,True,AC,,0,0,0,,,
171,213,0,,1,1148,0,1,False,0,,0,AC,False,True,AC,,0,1,0,,1148,
172,214,1,FARRAGUT,2,205;1905,0,1,False,0,,0,AC,False,True,AC,,1,3,2,FARRAGUT,205;1905;1906,86;87
173,215,1,FARRAGUT,3,203;1217;1284,0,2,False,2,1215;1283,2,DC;DC,True,True,DC,,3,12,2,HUDSON AVENUE;FARRAGUT;FARRAGUT,203;1215;1217;1283;1284;1901;1902;1903;1904;1905;1906;1907,86;87
174,216,0,,3,206;1148;1906,0,1,False,0,,0,AC,False,True,AC,,0,3,0,,206;1148;1906,
175,217,0,,4,1148;1206;1218;1903,0,1,False,0,,0,AC,False,True,AC,,0,4,0,,1148;1206;1218;1903,
176,218,0,,1,1219,0,1,False,0,,0,AC,False,True,AC,,0,1,0,,1219,
177,219,0,,5,204;1150;1206;1217;1218,0,1,False,0,,0,AC,False,True,AC,,0,5,0,,204;1150;1206;1217;1218,
178,220,0,,0,,0,1,False,0,,0,AC,False,True,AC,,0,0,0,,,
179,221,0,,2,1216;1217,0,1,False,0,,0,AC,False,True,AC,,0,2,0,,1216;1217,
180,222,0,,2,203;1150,0,1,False,0,,0,AC,False,True,AC,,0,2,0,,203;1150,
181,223,0,,5,1149;1207;1219;1284;1902,0,3,False,2,1150;1901,3,AC;DC;DC,True,True,DC,,3,8,2,UNKNOWN129920;GOWANUS;GOWANUS,1148;1149;1150;1207;1219;1284;1901;1902,82;83
182,224,0,,2,87;1905,0,1,False,0,,0,AC,False,True,AC,,0,2,0,,87;1905,
183,225,0,,4,1150;1284;1904;1907,0,1,False,0,,0,AC,False,True,AC,,0,4,0,,1150;1284;1904;1907,
184,226,0,,3,205;1219;1283,0,1,False,0,,0,AC,False,True,AC,,0,3,0,,205;1219;1283,
185,227,0,,3,204;1903;1907,0,1,False,0,,0,AC,False,True,AC,,0,3,0,,204;1903;1907,
186,228,0,,2,1189;1206,0,1,False,0,,0,AC,False,True,AC,,0,2,0,,1189;1206,
187,229,1,FARRAGUT,4,1150;1207;1901;1905,0,3,False,2,1149;1902,3,AC;DC;DC,True,True,DC,,4,8,4,UNKNOWN129920;GOWANUS;GOWANUS;FARRAGUT,1148;1149;1150;1207;1901;1902;1905;1906,82;83;86;87
188,230,1,UNKNOWN129920,3,1150;1284;1907,0,1,False,0,,0,AC,False,True,AC,,1,5,0,UNKNOWN129920,1148;1149;1150;1284;1907,
189,231,0,,0,,0,1,False,0,,0,AC,False,True,AC,,0,0,0,,,
190,232,0,,0,,0,1,False,0,,0,AC,False,True,AC,,0,0,0,,,
191,233,1,FARRAGUT,4,204;1219;1284;1902,0,2,False,1,1901,0,AC;DC,True,True,DC,,1,7,2,FARRAGUT,204;1219;1284;1901;1902;1905;1906,86;87
192,234,0,,2,1216;1906,0,1,False,0,,0,AC,False,True,AC,,0,2,0,,1216;1906,
193,235,2,FARRAGUT;FARRAGUT,4,87;1219;1901;1903,0,2,False,1,1215,0,DC;DC,True,True,DC,,2,10,2,FARRAGUT;FARRAGUT,87;1215;1219;1901;1902;1903;1904;1905;1906;1907,86;87
194,236,0,,1,1216,0,1,False,0,,0,AC,False,True,AC,,0,1,0,,1216,
195,237,1,FARRAGUT,5,203;204;1150;1188;1207,0,2,False,2,1149;1215,3,DC;DC,True,True,DC,,4,13,4,UNKNOWN129920;GOWANUS;FARRAGUT;GOWANUS,203;204;1148;1149;1150;1188;1207;1215;1901;1902;1903;1904;1907,82;83;86;87
196,238,0,,1,1283,0,1,False,0,,0,AC,False,True,AC,,0,1,0,,1283,
197,239,1,UNKNOWN129920,3,205;1150;1903,0,1,False,0,,0,AC,False,True,AC,,1,5,0,UNKNOWN129920,205;1148;1149;1150;1903,
198,240,1,FARRAGUT,3,203;1902;1907,0,2,False,1,1215,0,DC;DC,True,True,DC,,1,7,2,FARRAGUT,203;1215;1901;1902;1903;1904;1907,86;87
199,241,0,,2,204;1284,0,1,False,0,,0,AC,False,True,AC,,0,2,0,,204;1284,
200,242,0,,2,1217;1906,0,1,False,0,,0,AC,False,True,AC,,0,2,0,,1217;1906,
201,243,0,,1,1149,0,1,False,0,,0,AC,False,True,AC,,0,1,0,,1149,
202,244,0,,2,203;1903,0,1,False,0,,0,AC,False,True,AC,,0,2,0,,203;1903,
203,245,1,FARRAGUT,4,87;1217;1219;1905,0,1,False,0,,0,AC,False,True,AC,,1,5,2,FARRAGUT,87;1217;1219;1905;1906,86;87
204,246,0,,5,1189;1217;1218;1284;1905,0,1,False,0,,0,AC,False,True,AC,,0,5,0,,1189;1217;1218;1284;1905,
205,247,0,,1,206,0,1,False,0,,0,AC,False,True,AC,,0,1,0,,206,
206,248,1,FARRAGUT,3,1189;1906;1907,0,5,False,6,1116;1117;1118;1200;1215;2219,0,AC;AC;AC;AC;AC,False,True,AC,,1,10,2,FARRAGUT,1116;1117;1118;1189;1200;1215;1905;1906;1907;2219,86;87
207,249,0,,3,87;204;1904,0,1,False,0,,0,AC,False,True,AC,,0,3,0,,87;204;1904,
208,250,1,FARRAGUT,5,88;1148;1216;1284;1907,0,1,False,0,,0,AC,False,True,AC,,1,7,2,FARRAGUT,88;1148;1216;1284;1905;1906;1907,86;87
209,251,0,,3,1189;1207;1902,0,2,False,1,1901,0,AC;DC,True,True,DC,,0,4,0,,1189;1207;1901;1902,
210,252,0,,4,206;1149;1283;1903,0,1,False,0,,0,AC,False,True,AC,,0,4,0,,206;1149;1283;1903,
211,253,1,FARRAGUT,2,88;1283,0,1,False,0,,0,AC,False,True,AC,,1,4,2,FARRAGUT,88;1283;1905;1906,86;87
212,254,0,,3,1148;1150;1206,0,1,False,0,,0,AC,False,True,AC,,0,3,0,,1148;1150;1206,
213,255,0,,0,,0,1,False,0,,0,AC,False,True,AC,,0,0,0,,,
214,256,0,,4,1207;1284;1904;1905,0,1,False,0,,0,AC,False,True,AC,,0,4,0,,1207;1284;1904;1905,
215,257,0,,4,1148;1218;1901;1905,0,1,False,0,,0,AC,False,True,AC,,0,4,0,,1148;1218;1901;1905,
216,258,0,,5,87;1189;1206;1218;1283,0,1,False,0,,0,AC,False,True,AC,,0,5,0,,87;1189;1206;1218;1283,
217,259,0,,4,1148;1284;1904;1905,0,1,False,0,,0,AC,False,True,AC,,0,4,0,,1148;1284;1904;1905,
218,260,0,,3,87;203;206,0,1,False,0,,0,AC,False,True,AC,,0,3,0,,87;203;206,
219,261,0,,3,1218;1284;1907,0,1,False,0,,0,AC,False,True,AC,,0,3,0,,1218;1284;1907,
220,262,0,,2,203;1148,0,1,False,0,,0,AC,False,True,AC,,0,2,0,,203;1148,
221,263,2,FARRAGUT;FARRAGUT,3,1217;1283;1907,0,2,False,1,1215,0,DC;DC,True,True,DC,,2,10,2,FARRAGUT;FARRAGUT,1215;1217;1283;1901;1902;1903;1904;1905;1906;1907,86;87
222,264,0,,5,87;1149;1150;1206;1216,0,1,False,0,,0,AC,False,True,AC,,0,5,0,,87;1149;1150;1206;1216,
223,265,1,FARRAGUT,1,204,0,2,False,1,1215,0,DC;DC,True,True,DC,,1,7,2,FARRAGUT,204;1215;1901;1902;1903;1904;1907,86;87
224,266,0,,2,1150;1283,0,1,False,0,,0,AC,False,True,AC,,0,2,0,,1150;1283,
225,267,0,,4,87;1149;1150;1218,0,1,False,0,,0,AC,False,True,AC,,0,4,0,,87;1149;1150;1218,
226,268,0,,1,1905,0,1,False,0,,0,AC,False,True,AC,,0,1,0,,1905,
227,269,0,,1,1902,0,2,False,1,1901,0,AC;DC,True,True,DC,,0,2,0,,1901;1902,
228,270,0,,3,1149;1218;1907,0,1,False,0,,0,AC,False,True,AC,,0,3,0,,1149;1218;1907,
229,271,0,,0,,0,1,False,0,,0,AC,False,True,AC,,0,0,0,,,
230,272,0,,0,,0,1,False,0,,0,AC,False,True,AC,,0,0,0,,,
231,273,0,,1,1901,0,2,False,1,1902,0,AC;DC,True,True,DC,,0,2,0,,1901;1902,
232,274,0,,4,204;206;1218;1903,0,1,False,0,,0,AC,False,True,AC,,0,4,0,,204;206;1218;1903,
233,275,1,FARRAGUT,4,87;1283;1903;1904,0,2,False,1,1215,0,AC;AC,False,True,AC,,1,7,2,FARRAGUT,87;1215;1283;1903;1904;1905;1906,86;87
234,276,1,FARRAGUT,2,1216;1904,0,2,False,1,1215,0,DC;DC,True,True,DC,,1,7,2,FARRAGUT,1215;1216;1901;1902;1903;1904;1907,86;87
235,277,0,,4,87;1150;1207;1904,0,1,False,0,,0,AC,False,True,AC,,0,4,0,,87;1150;1207;1904,
236,278,1,FARRAGUT,4,1207;1901;1905;1907,0,2,False,1,1215,0,DC;DC,True,True,DC,,1,8,2,FARRAGUT,1207;1215;1901;1902;1903;1904;1905;1907,86;87
237,279,2,UNKNOWN129920;FARRAGUT,5,205;1148;1207;1901;1904,0,1,False,0,,0,AC,False,True,AC,,2,9,2,UNKNOWN129920;FARRAGUT,205;1148;1149;1150;1207;1901;1904;1905;1906,86;87
238,280,0,,4,1148;1218;1283;1902,0,1,False,0,,0,AC,False,True,AC,,0,4,0,,1148;1218;1283;1902,
239,281,0,,5,205;1149;1283;1284;1906,0,1,False,0,,0,AC,False,True,AC,,0,5,0,,205;1149;1283;1284;1906,
240,282,0,,2,88;1216,0,1,False,0,,0,AC,False,True,AC,,0,2,0,,88;1216,
241,283,0,,5,87;1219;1283;1901;1906,0,2,False,1,1902,0,AC;DC,True,True,DC,,0,6,0,,87;1219;1283;1901;1902;1906,
242,284,1,FARRAGUT,0,,0,2,False,1,1215,0,DC;DC,True,True,DC,,1,6,2,FARRAGUT,1215;1901;1902;1903;1904;1907,86;87
243,285,1,UNKNOWN129920,2,87;1284,0,1,False,0,,0,AC,False,True,AC,,1,5,0,UNKNOWN129920,87;1148;1149;1150;1284,
244,286,1,FARRAGUT,4,1216;1217;1218;1283,0,5,False,15,53;54;1144;1145;1146;1147;1215;1219;1271;1274;1275;1278;1281;1282;2226,5,AC;AC;DC;DC;AC,True,True,AC,,6,25,3,UNKNOWN129913;CORONA;JAMAICA;HUDSON AVENUE;JAMAICA;FARRAGUT,53;54;1144;1145;1146;1147;1212;1213;1214;1215;1216;1217;1218;1219;1271;1274;1275;1278;1281;1282;1283;1284;1905;1906;2226,54;86;87
245,287,1,FARRAGUT,4,206;1216;1283;1902,0,2,False,1,1901,0,AC;DC,True,True,DC,,1,7,2,FARRAGUT,206;1216;1283;1901;1902;1905;1906,86;87
246,288,0,,3,1148;1150;1217,0,1,False,0,,0,AC,False,True,AC,,0,3,0,,1148;1150;1217,
247,289,1,FARRAGUT,3,205;1149;1188,0,2,False,2,1150;1215,3,DC;DC,True,True,DC,,4,11,4,UNKNOWN129920;GOWANUS;FARRAGUT;GOWANUS,205;1148;1149;1150;1188;1215;1901;1902;1903;1904;1907,82;83;86;87
248,290,0,,1,1906,0,1,False,0,,0,AC,False,True,AC,,0,1,0,,1906,
249,291,0,,4,87;203;1206;1906,0,1,False,0,,0,AC,False,True,AC,,0,4,0,,87;203;1206;1906,
250,292,0,,1,1218,0,1,False,0,,0,AC,False,True,AC,,0,1,0,,1218,
251,293,0,,0,,0,1,False,0,,0,AC,False,True,AC,,0,0,0,,,
252,294,0,,1,1188,0,1,False,0,,0,AC,False,True,AC,,0,1,0,,1188,
253,295,1,FARRAGUT,3,1149;1902;1903,0,2,False,2,1150;1215,3,DC;DC,True,True,DC,,4,9,4,UNKNOWN129920;GOWANUS;FARRAGUT;GOWANUS,1148;1149;1150;1215;1901;1902;1903;1904;1907,82;83;86;87
254,296,0,,1,1906,0,1,False,0,,0,AC,False,True,AC,,0,1,0,,1906,
255,297,1,UNKNOWN129920,4,203;1207;1219;1283,0,1,False,0,,0,AC,False,True,AC,,1,7,0,UNKNOWN129920,203;1148;1149;1150;1207;1219;1283,
256,298,0,,6,204;1148;1150;1284;1904;1907,0,1,False,0,,0,AC,False,True,AC,,0,6,0,,204;1148;1150;1284;1904;1907,
257,299,1,FARRAGUT,4,204;1148;1150;1905,0,1,False,0,,0,AC,False,True,AC,,1,5,2,FARRAGUT,204;1148;1150;1905;1906,86;87
258,300,0,,2,1217;1218,0,1,False,0,,0,AC,False,True,AC,,0,2,0,,1217;1218,
259,301,0,,4,205;206;1284;1905,0,2,False,1,1215,0,AC;AC,False,True,AC,,0,5,0,,205;206;1215;1284;1905,
260,302,0,,1,1906,0,1,False,0,,0,AC,False,True,AC,,0,1,0,,1906,
261,303,0,,2,1283;1907,0,1,False,0,,0,AC,False,True,AC,,0,2,0,,1283;1907,
262,304,0,,6,205;1148;1150;1189;1283;1284,0,1,False,0,,0,AC,False,True,AC,,0,6,0,,205;1148;1150;1189;1283;1284,
263,305,0,,3,88;1189;1901,0,2,False,1,1902,0,AC;DC,True,True,DC,,0,4,0,,88;1189;1901;1902,
264,306,1,UNKNOWN129920,3,205;206;1284,0,2,False,1,1215,0,AC;AC,False,True,AC,,1,7,0,UNKNOWN129920,205;206;1148;1149;1150;1215;1284,
265,307,0,,2,1148;1284,0,1,False,0,,0,AC,False,True,AC,,0,2,0,,1148;1284,
266,308,0,,1,203,0,1,False,0,,0,AC,False,True,AC,,0,1,0,,203,
267,309,1,FARRAGUT,1,1906,0,2,False,1,1215,0,DC;DC,True,True,DC,,1,7,2,FARRAGUT,1215;1901;1902;1903;1904;1906;1907,86;87
268,310,0,,3,1148;1217;1219,0,1,False,0,,0,AC,False,True,AC,,0,3,0,,1148;1217;1219,
269,311,0,,3,1148;1216;1284,0,1,False,0,,0,AC,False,True,AC,,0,3,0,,1148;1216;1284,
270,312,0,,2,87;204,0,1,False,0,,0,AC,False,True,AC,,0,2,0,,87;204,
271,313,0,,1,206,0,1,False,0,,0,AC,False,True,AC,,0,1,0,,206,
272,314,0,,2,1283;1904,0,1,False,0,,0,AC,False,True,AC,,0,2,0,,1283;1904,
273,315,0,,1,204,0,1,False,0,,0,AC,False,True,AC,,0,1,0,,204,
274,316,1,FARRAGUT,2,88;1217,0,2,False,1,1215,0,DC;DC,True,True,DC,,1,8,2,FARRAGUT,88;1215;1217;1901;1902;1903;1904;1907,86;87
275,317,0,,1,1150,0,1,False,0,,0,AC,False,True,AC,,0,1,0,,1150,
276,318,0,,2,87;1217,0,1,False,0,,0,AC,False,True,AC,,0,2,0,,87;1217,
277,319,0,,3,1206;1219;1907,0,1,False,0,,0,AC,False,True,AC,,0,3,0,,1206;1219;1907,
278,320,0,,3,1217;1903;1904,0,1,False,0,,0,AC,False,True,AC,,0,3,0,,1217;1903;1904,
279,321,0,,1,1907,0,1,False,0,,0,AC,False,True,AC,,0,1,0,,1907,
280,322,0,,3,1207;1903;1904,0,1,False,0,,0,AC,False,True,AC,,0,3,0,,1207;1903;1904,
281,323,0,,3,1150;1207;1216,0,1,False,0,,0,AC,False,True,AC,,0,3,0,,1150;1207;1216,
282,324,0,,1,204,0,1,False,0,,0,AC,False,True,AC,,0,1,0,,204,
283,325,0,,3,1150;1283;1902,0,3,False,2,1149;1901,3,AC;DC;DC,True,True,DC,,3,6,2,UNKNOWN129920;GOWANUS;GOWANUS,1148;1149;1150;1283;1901;1902,82;83
284,326,1,UNKNOWN129920,2,1217;1907,0,1,False,0,,0,AC,False,True,AC,,1,5,0,UNKNOWN129920,1148;1149;1150;1217;1907,
285,327,0,,2,203;1906,0,1,False,0,,0,AC,False,True,AC,,0,2,0,,203;1906,
286,328,0,,1,1219,0,1,False,0,,0,AC,False,True,AC,,0,1,0,,1219,
287,329,0,,3,1148;1207;1217,0,1,False,0,,0,AC,False,True,AC,,0,3,0,,1148;1207;1217,
288,330,0,,3,206;1149;1150,0,1,False,0,,0,AC,False,True,AC,,0,3,0,,206;1149;1150,
289,331,0,,2,1217;1284,0,1,False,0,,0,AC,False,True,AC,,0,2,0,,1217;1284,
290,332,0,,2,1216;1283,0,1,False,0,,0,AC,False,True,AC,,0,2,0,,1216;1283,
291,333,0,,2,1148;1904,0,1,False,0,,0,AC,False,True,AC,,0,2,0,,1148;1904,
292,334,1,FARRAGUT,1,206,0,1,False,0,,0,AC,False,True,AC,,1,3,2,FARRAGUT,206;1905;1906,86;87
293,335,0,,1,1216,0,1,False,0,,0,AC,False,True,AC,,0,1,0,,1216,
294,336,0,,4,87;205;1149;1218,0,1,False,0,,0,AC,False,True,AC,,0,4,0,,87;205;1149;1218,
295,337,1,UNKNOWN129920,4,1188;1217;1902;1905,0,1,False,0,,0,DC,True,True,DC,,1,7,0,UNKNOWN129920,1148;1149;1150;1188;1217;1902;1905,
296,338,0,,2,205;1188,0,1,False,0,,0,AC,False,True,AC,,0,2,0,,205;1188,
297,339,0,,0,,0,1,False,0,,0,AC,False,True,AC,,0,0,0,,,
298,340,0,,3,205;1903;1907,0,1,False,0,,0,AC,False,True,AC,,0,3,0,,205;1903;1907,
299,341,0,,2,88;1906,0,1,False,0,,0,AC,False,True,AC,,0,2,0,,88;1906,
300,342,0,,4,87;205;1904;1906,0,1,False,0,,0,AC,False,True,AC,,0,4,0,,87;205;1904;1906,
301,343,1,FARRAGUT,4,87;206;1218;1904,0,2,False,1,1215,0,DC;DC,True,True,DC,,1,9,2,FARRAGUT,87;206;1215;1218;1901;1902;1903;1904;1907,86;87
302,344,0,,2,1218;1902,0,2,False,1,1901,0,AC;DC,True,True,DC,,0,3,0,,1218;1901;1902,
303,345,0,,5,204;1150;1206;1901;1906,0,3,False,2,1149;1902,3,AC;DC;DC,True,True,DC,,3,8,2,UNKNOWN129920;GOWANUS;GOWANUS,204;1148;1149;1150;1206;1901;1902;1906,82;83
304,346,1,FARRAGUT,1,87,0,1,False,0,,0,AC,False,True,AC,,1,3,2,FARRAGUT,87;1905;1906,86;87
305,347,0,,1,1905,0,1,False,0,,0,AC,False,True,AC,,0,1,0,,1905,
306,348,0,,2,203;1216,0,1,False,0,,0,AC,False,True,AC,,0,2,0,,203;1216,
307,349,0,,0,,0,1,False,0,,0,AC,False,True,AC,,0,0,0,,,
308,350,0,,3,205;1149;1907,0,1,False,0,,0,AC,False,True,AC,,0,3,0,,205;1149;1907,
309,351,0,,3,203;206;1906,0,1,False,0,,0,AC,False,True,AC,,0,3,0,,203;206;1906,
310,352,0,,2,206;1907,0,1,False,0,,0,AC,False,True,AC,,0,2,0,,206;1907,
311,353,1,FARRAGUT,4,204;1189;1217;1219,0,5,False,18,53;54;1144;1145;1146;1147;1215;1216;1218;1271;1274;1275;1278;1279;1280;1281;1282;2226,11,DC;DC;DC;DC;DC,True,True,DC,,12,40,3,UNKNOWN129913;CORONA;TAP135492;TAP135493;FAR ROCKAWAY;HEWLETT;WOODMERE;JAMAICA;HUDSON AVENUE;FARRAGUT;JAMAICA;FARRAGUT,53;54;204;1144;1145;1146;1147;1189;1212;1213;1214;1215;1216;1217;1218;1219;1269;1270;1271;1272;1273;1274;1275;1276;1277;1278;1279;1280;1281;1282;1283;1284;1901;1902;1903;1904;1905;1906;1907;2226,54;86;87
312,354,0,,2,1216;1219,0,1,False,0,,0,AC,False,True,AC,,0,2,0,,1216;1219,
313,355,0,,3,203;205;1903,0,1,False,0,,0,AC,False,True,AC,,0,3,0,,203;205;1903,
314,356,0,,4,1148;1216;1218;1219,0,1,False,0,,0,AC,False,True,AC,,0,4,0,,1148;1216;1218;1219,
315,357,1,FARRAGUT,3,88;1150;1902,0,3,False,2,1149;1901,3,AC;DC;DC,True,True,DC,,4,8,4,UNKNOWN129920;GOWANUS;GOWANUS;FARRAGUT,88;1148;1149;1150;1901;1902;1905;1906,82;83;86;87
316,358,0,,0,,0,1,False,0,,0,AC,False,True,AC,,0,0,0,,,
317,359,0,,3,1189;1218;1902,0,2,False,1,1901,0,AC;DC,True,True,DC,,0,4,0,,1189;1218;1901;1902,
318,360,0,,3,1149;1207;1903,0,1,False,0,,0,AC,False,True,AC,,0,3,0,,1149;1207;1903,
319,361,0,,2,1216;1904,0,1,False,0,,0,AC,False,True,AC,,0,2,0,,1216;1904,
320,362,0,,5,87;1218;1219;1283;1907,0,1,False,0,,0,AC,False,True,AC,,0,5,0,,87;1218;1219;1283;1907,
321,363,0,,1,1219,0,1,False,0,,0,AC,False,True,AC,,0,1,0,,1219,
322,364,2,UNKNOWN129920;FARRAGUT,4,1149;1207;1284;1907,0,1,False,0,,0,AC,False,True,AC,,2,8,2,UNKNOWN129920;FARRAGUT,1148;1149;1150;1207;1284;1905;1906;1907,86;87
323,365,0,,3,203;1188;1284,0,1,False,0,,0,AC,False,True,AC,,0,3,0,,203;1188;1284,
324,366,1,FARRAGUT,1,1904,0,1,False,0,,0,AC,False,True,AC,,1,3,2,FARRAGUT,1904;1905;1906,86;87
325,367,0,,0,,0,1,False,0,,0,AC,False,True,AC,,0,0,0,,,
326,368,0,,2,1150;1216,0,1,False,0,,0,AC,False,True,AC,,0,2,0,,1150;1216,
327,369,0,,5,205;206;1149;1189;1216,0,2,False,1,1215,0,AC;AC,False,True,AC,,0,6,0,,205;206;1149;1189;1215;1216,
328,370,1,FARRAGUT,7,88;203;1149;1189;1207;1218;1902,0,3,False,2,1150;1901,3,AC;DC;DC,True,True,DC,,4,12,4,UNKNOWN129920;GOWANUS;GOWANUS;FARRAGUT,88;203;1148;1149;1150;1189;1207;1218;1901;1902;1905;1906,82;83;86;87
329,371,0,,5,87;206;1216;1219;1284,0,1,False,0,,0,AC,False,True,AC,,0,5,0,,87;206;1216;1219;1284,
330,372,0,,4,87;1148;1206;1284,0,1,False,0,,0,AC,False,True,AC,,0,4,0,,87;1148;1206;1284,
331,373,0,,2,87;1907,0,1,False,0,,0,AC,False,True,AC,,0,2,0,,87;1907,
332,374,0,,1,1907,0,1,False,0,,0,AC,False,True,AC,,0,1,0,,1907,
333,375,0,,3,1149;1905;1906,0,1,False,0,,0,AC,False,True,AC,,0,3,0,,1149;1905;1906,
334,376,1,FARRAGUT,5,87;1148;1901;1903;1907,0,1,False,0,,0,AC,False,True,AC,,1,7,2,FARRAGUT,87;1148;1901;1903;1905;1906;1907,86;87
335,377,0,,1,1904,0,1,False,0,,0,AC,False,True,AC,,0,1,0,,1904,
336,378,1,FARRAGUT,4,87;1218;1219;1284,0,2,False,2,1215;1283,2,DC;DC,True,True,DC,,3,13,2,HUDSON AVENUE;FARRAGUT;FARRAGUT,87;1215;1218;1219;1283;1284;1901;1902;1903;1904;1905;1906;1907,86;87
337,379,1,FARRAGUT,3,88;204;1150,0,1,False,0,,0,AC,False,True,AC,,1,5,2,FARRAGUT,88;204;1150;1905;1906,86;87
338,380,1,FARRAGUT,2,205;1907,0,2,False,1,1215,0,DC;DC,True,True,DC,,1,7,2,FARRAGUT,205;1215;1901;1902;1903;1904;1907,86;87
339,381,0,,2,1219;1907,0,1,False,0,,0,AC,False,True,AC,,0,2,0,,1219;1907,
340,382,0,,4,203;1284;1902;1905,0,2,False,1,1901,0,AC;DC,True,True,DC,,0,5,0,,203;1284;1901;1902;1905,
341,383,1,UNKNOWN129920,7,203;1149;1218;1284;1902;1903;1905,0,1,False,0,,0,AC,False,True,AC,,1,9,0,UNKNOWN129920,203;1148;1149;1150;1218;1284;1902;1903;1905,
342,384,0,,2,204;1207,0,1,False,0,,0,AC,False,True,AC,,0,2,0,,204;1207,
343,385,0,,1,1283,0,1,False,0,,0,AC,False,True,AC,,0,1,0,,1283,
344,386,0,,3,1206;1217;1906,0,1,False,0,,0,AC,False,True,AC,,0,3,0,,1206;1217;1906,
345,387,0,,0,,0,1,False,0,,0,AC,False,True,AC,,0,0,0,,,
346,388,0,,3,205;1188;1906,0,1,False,0,,0,AC,False,True,AC,,0,3,0,,205;1188;1906,
347,389,1,UNKNOWN129920,3,88;204;1903,0,1,False,0,,0,AC,False,True,AC,,1,6,0,UNKNOWN129920,88;204;1148;1149;1150;1903,
348,390,0,,2,1219;1905,0,1,False,0,,0,AC,False,True,AC,,0,2,0,,1219;1905,
349,391,1,UNKNOWN129920,2,1905;1907,0,1,False,0,,0,AC,False,True,AC,,1,5,0,UNKNOWN129920,1148;1149;1150;1905;1907,
350,392,0,,1,1219,0,1,False,0,,0,AC,False,True,AC,,0,1,0,,1219,
351,393,0,,3,206;1150;1903,0,1,False,0,,0,AC,False,True,AC,,0,3,0,,206;1150;1903,
352,394,1,FARRAGUT,3,205;1189;1206,0,2,False,1,1215,0,DC;DC,True,True,DC,,1,9,2,FARRAGUT,205;1189;1206;1215;1901;1902;1903;1904;1907,86;87
353,395,1,UNKNOWN129920,0,,0,1,False,0,,0,AC,False,True,AC,,1,3,0,UNKNOWN129920,1148;1149;1150,
354,396,0,,3,1217;1902;1905,0,2,False,1,1901,0,AC;DC,True,True,DC,,0,4,0,,1217;1901;1902;1905,
355,397,0,,4,1148;1149;1903;1904,0,1,False,0,,0,AC,False,True,AC,,0,4,0,,1148;1149;1903;1904,
356,398,0,,3,205;1217;1284,0,1,False,0,,0,AC,False,True,AC,,0,3,0,,205;1217;1284,
357,399,0,,3,1206;1218;1906,0,1,False,0,,0,AC,False,True,AC,,0,3,0,,1206;1218;1906,
358,400,0,,6,1150;1188;1189;1206;1218;1283,0,1,False,0,,0,AC,False,True,AC,,0,6,0,,1150;1188;1189;1206;1218;1283,
359,401,1,FARRAGUT,2,1206;1218,0,1,False,0,,0,AC,False,True,AC,,1,4,2,FARRAGUT,1206;1218;1905;1906,86;87
360,402,0,,3,203;1217;1901,0,2,False,1,1902,0,AC;DC,True,True,DC,,0,4,0,,203;1217;1901;1902,
361,403,0,,2,206;1207,0,1,False,0,,0,AC,False,True,AC,,0,2,0,,206;1207,
362,404,0,,3,204;1206;1906,0,1,False,0,,0,AC,False,True,AC,,0,3,0,,204;1206;1906,
363,405,0,,4,1148;1217;1218;1283,0,1,False,0,,0,AC,False,True,AC,,0,4,0,,1148;1217;1218;1283,
364,406,2,UNKNOWN129920;FARRAGUT,2,1217;1284,2,2,False,2,1215;1283,2,DC;DC,True,True,DC,,6,14,4,UNKNOWN129920;GOWANUS;HUDSON AVENUE;FARRAGUT;GOWANUS;FARRAGUT,1148;1149;1150;1215;1217;1283;1284;1901;1902;1903;1904;1905;1906;1907,82;83;86;87
365,407,0,,3,88;1207;1283,0,1,False,0,,0,AC,False,True,AC,,0,3,0,,88;1207;1283,
366,408,0,,3,87;1901;1906,0,2,False,1,1902,0,AC;DC,True,True,DC,,0,4,0,,87;1901;1902;1906,
367,409,1,FARRAGUT,1,203,0,1,False,0,,0,AC,False,True,AC,,1,3,2,FARRAGUT,203;1905;1906,86;87
368,410,0,,1,1188,0,1,False,0,,0,AC,False,True,AC,,0,1,0,,1188,
369,411,0,,6,1188;1206;1216;1217;1904;1906,0,1,False,0,,0,AC,False,True,AC,,0,6,0,,1188;1206;1216;1217;1904;1906,
370,412,0,,5,87;205;1216;1902;1904,0,2,False,1,1901,0,AC;DC,True,True,DC,,0,6,0,,87;205;1216;1901;1902;1904,
371,413,2,UNKNOWN129920;FARRAGUT,3,87;1218;1219,0,1,False,0,,0,AC,False,True,AC,,2,8,2,UNKNOWN129920;FARRAGUT,87;1148;1149;1150;1218;1219;1905;1906,86;87
372,414,0,,3,1150;1902;1907,0,3,False,3,1149;1215;1901,3,AC;DC;DC,True,True,DC,,3,7,2,UNKNOWN129920;GOWANUS;GOWANUS,1148;1149;1150;1215;1901;1902;1907,82;83
373,415,0,,1,1189,0,1,False,0,,0,AC,False,True,AC,,0,1,0,,1189,
374,416,1,UNKNOWN129920,1,1188,0,1,False,0,,0,DC,True,True,DC,,1,4,0,UNKNOWN129920,1148;1149;1150;1188,
375,417,0,,2,203;1905,0,1,False,0,,0,AC,False,True,AC,,0,2,0,,203;1905,
376,418,0,,2,206;1903,0,1,False,0,,0,AC,False,True,AC,,0,2,0,,206;1903,
377,419,0,,1,1207,0,1,False,0,,0,AC,False,True,AC,,0,1,0,,1207,
378,420,0,,5,204;1148;1218;1902;1904,0,1,False,0,,0,AC,False,True,AC,,0,5,0,,204;1148;1218;1902;1904,
379,421,0,,5,88;203;1188;1283;1901,0,2,False,1,1902,0,AC;DC,True,True,DC,,0,6,0,,88;203;1188;1283;1901;1902,
380,422,0,,2,1216;1218,0,1,False,0,,0,AC,False,True,AC,,0,2,0,,1216;1218,
381,423,0,,2,1219;1905,0,1,False,0,,0,AC,False,True,AC,,0,2,0,,1219;1905,
382,424,0,,1,1149,0,1,False,0,,0,AC,False,True,AC,,0,1,0,,1149,
383,425,1,FARRAGUT,3,1188;1901;1906,0,2,False,1,1902,0,AC;DC,True,True,DC,,1,5,2,FARRAGUT,1188;1901;1902;1905;1906,86;87
384,426,1,FARRAGUT,1,1904,0,1,False,0,,0,AC,False,True,AC,,1,3,2,FARRAGUT,1904;1905;1906,86;87
385,427,0,,3,1148;1283;1902,0,1,False,0,,0,AC,False,True,AC,,0,3,0,,1148;1283;1902,
386,428,0,,2,1217;1906,0,1,False,0,,0,AC,False,True,AC,,0,2,0,,1217;1906,
387,429,1,FARRAGUT,3,205;1150;1216,0,2,False,2,1149;1215,3,DC;DC,True,True,DC,,4,11,4,UNKNOWN129920;GOWANUS;FARRAGUT;GOWANUS,205;1148;1149;1150;1215;1216;1901;1902;1903;1904;1907,82;83;86;87
388,430,0,,4,88;203;1218;1904,0,1,False,0,,0,AC,False,True,AC,,0,4,0,,88;203;1218;1904,
389,431,1,UNKNOWN129920,4,88;1216;1904;1906,0,1,False,0,,0,AC,False,True,AC,,1,7,0,UNKNOWN129920,88;1148;1149;1150;1216;1904;1906,
390,432,1,FARRAGUT,0,,0,1,False,0,,0,AC,False,True,AC,,1,2,2,FARRAGUT,1905;1906,86;87
391,433,0,,3,203;1149;1904,0,1,False,0,,0,AC,False,True,AC,,0,3,0,,203;1149;1904,
392,434,1,FARRAGUT,7,88;1149;1206;1207;1218;1284;1903,0,1,False,0,,0,AC,False,True,AC,,1,9,2,FARRAGUT,88;1149;1206;1207;1218;1284;1903;1905;1906,86;87
393,435,0,,2,1150;1218,0,1,False,0,,0,AC,False,True,AC,,0,2,0,,1150;1218,
394,436,1,FARRAGUT,2,206;1218,0,1,False,0,,0,AC,False,True,AC,,1,4,2,FARRAGUT,206;1218;1905;1906,86;87
395,437,0,,1,88,0,1,False,0,,0,AC,False,True,AC,,0,1,0,,88,
396,438,0,,4,1218;1219;1904;1905,0,1,False,0,,0,AC,False,True,AC,,0,4,0,,1218;1219;1904;1905,
397,439,0,,2,206;1283,0,1,False,0,,0,AC,False,True,AC,,0,2,0,,206;1283,
398,440,1,FARRAGUT,4,1150;1206;1284;1907,0,2,False,3,1149;1215;1283,5,DC;DC,True,True,DC,,6,14,4,UNKNOWN129920;GOWANUS;HUDSON AVENUE;FARRAGUT;GOWANUS;FARRAGUT,1148;1149;1150;1206;1215;1283;1284;1901;1902;1903;1904;1905;1906;1907,82;83;86;87
399,441,0,,3,205;1216;1283,0,1,False,0,,0,AC,False,True,AC,,0,3,0,,205;1216;1283,
400,442,1,FARRAGUT,2,1149;1219,0,1,False,0,,0,AC,False,True,AC,,1,4,2,FARRAGUT,1149;1219;1905;1906,86;87
401,443,1,UNKNOWN129920,2,1148;1149,0,1,False,0,,0,AC,False,True,AC,,1,3,0,UNKNOWN129920,1148;1149;1150,
402,444,1,FARRAGUT,2,204;1901,0,2,False,1,1215,0,DC;DC,True,True,DC,,1,7,2,FARRAGUT,204;1215;1901;1902;1903;1904;1907,86;87
403,445,1,FARRAGUT,5,206;1217;1219;1283;1903,0,2,False,2,1215;1284,2,DC;DC,True,True,DC,,3,13,2,HUDSON AVENUE;FARRAGUT;FARRAGUT,206;1215;1217;1219;1283;1284;1901;1902;1903;1904;1905;1906;1907,86;87
404,446,0,,3,87;1217;1283,0,1,False,0,,0,AC,False,True,AC,,0,3,0,,87;1217;1283,
405,447,0,,1,1216,0,1,False,0,,0,AC,False,True,AC,,0,1,0,,1216,
406,448,2,UNKNOWN129920;FARRAGUT,1,1284,2,2,False,2,1215;1283,2,DC;DC,True,True,DC,,6,13,4,UNKNOWN129920;GOWANUS;HUDSON AVENUE;FARRAGUT;GOWANUS;FARRAGUT,1148;1149;1150;1215;1283;1284;1901;1902;1903;1904;1905;1906;1907,82;83;86;87
407,449,0,,3,87;1218;1284,0,1,False,0,,0,AC,False,True,AC,,0,3,0,,87;1218;1284,
408,450,1,FARRAGUT,2,1207;1219,0,2,False,1,1215,0,DC;DC,True,True,DC,,1,8,2,FARRAGUT,1207;1215;1219;1901;1902;1903;1904;1907,86;87
409,451,0,,5,1189;1216;1217;1902;1905,0,2,False,1,1901,0,AC;DC,True,True,DC,,0,6,0,,1189;1216;1217;1901;1902;1905,
410,452,1,FARRAGUT,3,206;1149;1150,3,2,False,1,1215,0,DC;DC,True,True,DC,,4,10,4,UNKNOWN129920;GOWANUS;FARRAGUT;GOWANUS,206;1148;1149;1150;1215;1901;1902;1903;1904;1907,82;83;86;87
411,453,0,,4,88;1188;1216;1904,0,1,False,0,,0,AC,False,True,AC,,0,4,0,,88;1188;1216;1904,
412,454,0,,3,206;1283;1905,0,1,False,0,,0,AC,False,True,AC,,0,3,0,,206;1283;1905,
413,455,1,FARRAGUT,2,204;1905,0,1,False,0,,0,AC,False,True,AC,,1,3,2,FARRAGUT,204;1905;1906,86;87
414,456,1,FARRAGUT,2,203;1902,0,2,False,1,1901,0,AC;DC,True,True,DC,,1,5,2,FARRAGUT,203;1901;1902;1905;1906,86;87
415,457,1,FARRAGUT,2,1216;1907,0,5,False,6,1116;1117;1118;1200;1215;2219,0,AC;AC;AC;AC;AC,False,True,AC,,1,10,2,FARRAGUT,1116;1117;1118;1200;1215;1216;1905;1906;1907;2219,86;87
416,458,1,FARRAGUT,2,87;1283,0,1,False,0,,0,AC,False,True,AC,,1,4,2,FARRAGUT,87;1283;1905;1906,86;87
417,459,0,,3,1189;1216;1283,0,1,False,0,,0,AC,False,True,AC,,0,3,0,,1189;1216;1283,
418,460,1,UNKNOWN129920,2,1207;1219,0,1,False,0,,0,AC,False,True,AC,,1,5,0,UNKNOWN129920,1148;1149;1150;1207;1219,
419,461,1,FARRAGUT,1,1218,0,1,False,0,,0,AC,False,True,AC,,1,3,2,FARRAGUT,1218;1905;1906,86;87
420,462,0,,1,1284,0,1,False,0,,0,AC,False,True,AC,,0,1,0,,1284,
421,463,0,,2,204;1216,0,1,False,0,,0,AC,False,True,AC,,0,2,0,,204;1216,
422,464,0,,1,88,0,1,False,0,,0,AC,False,True,AC,,0,1,0,,88,
423,465,0,,1,206,0,1,False,0,,0,AC,False,True,AC,,0,1,0,,206,
424,466,0,,4,205;1217;1219;1907,0,1,False,0,,0,AC,False,True,AC,,0,4,0,,205;1217;1219;1907,
425,467,0,,3,206;1148;1218,0,1,False,0,,0,AC,False,True,AC,,0,3,0,,206;1148;1218,
426,468,0,,5,87;204;1902;1905;1906,0,2,False,1,1901,0,AC;DC,True,True,DC,,0,6,0,,87;204;1901;1902;1905;1906,
427,469,0,,2,1150;1907,0,1,False,0,,0,AC,False,True,AC,,0,2,0,,1150;1907,
428,470,1,FARRAGUT,2,88;1905,0,2,False,1,1215,0,DC;DC,True,True,DC,,1,8,2,FARRAGUT,88;1215;1901;1902;1903;1904;1905;1907,86;87
429,471,2,FARRAGUT;FARRAGUT,0,,0,2,False,1,1215,0,DC;DC,True,True,DC,,2,8,2,FARRAGUT;FARRAGUT,1215;1901;1902;1903;1904;1905;1906;1907,86;87
430,472,0,,6,87;1188;1206;1283;1902;1905,0,2,False,1,1901,0,AC;DC,True,True,DC,,0,7,0,,87;1188;1206;1283;1901;1902;1905,
431,473,0,,4,1189;1207;1218;1905,0,1,False,0,,0,AC,False,True,AC,,0,4,0,,1189;1207;1218;1905,
432,474,0,,3,1206;1207;1284,0,1,False,0,,0,AC,False,True,AC,,0,3,0,,1206;1207;1284,
433,475,2,UNKNOWN129920;FARRAGUT,2,1218;1907,0,1,False,0,,0,AC,False,True,AC,,2,7,2,UNKNOWN129920;FARRAGUT,1148;1149;1150;1218;1905;1906;1907,86;87
434,476,1,UNKNOWN129920,2,1206;1903,0,1,False,0,,0,AC,False,True,AC,,1,5,0,UNKNOWN129920,1148;1149;1150;1206;1903,
435,477,0,,1,1149,0,1,False,0,,0,AC,False,True,AC,,0,1,0,,1149,
436,478,0,,2,1149;1206,0,1,False,0,,0,AC,False,True,AC,,0,2,0,,1149;1206,
437,479,0,,2,1149;1218,0,1,False,0,,0,AC,False,True,AC,,0,2,0,,1149;1218,
438,480,0,,1,1207,0,1,False,0,,0,AC,False,True,AC,,0,1,0,,1207,
439,481,0,,4,203;1148;1206;1207,0,1,False,0,,0,AC,False,True,AC,,0,4,0,,203;1148;1206;1207,
440,482,0,,5,88;1216;1219;1902;1907,0,3,False,2,1215;1901,0,AC;DC;DC,True,True,DC,,0,7,0,,88;1215;1216;1219;1901;1902;1907,
441,483,0,,3,203;205;1906,0,1,False,0,,0,AC,False,True,AC,,0,3,0,,203;205;1906,
442,484,1,UNKNOWN129920,4,205;1148;1218;1901,0,1,False,0,,0,AC,False,True,AC,,1,6,0,UNKNOWN129920,205;1148;1149;1150;1218;1901,
443,485,0,,1,1906,0,1,False,0,,0,AC,False,True,AC,,0,1,0,,1906,
444,486,1,FARRAGUT,3,1207;1217;1903,0,1,False,0,,0,AC,False,True,AC,,1,5,2,FARRAGUT,1207;1217;1903;1905;1906,86;87
445,487,0,,2,206;1207,0,1,False,0,,0,AC,False,True,AC,,0,2,0,,206;1207,
446,488,2,UNKNOWN129920;FARRAGUT,2,203;1283,2,2,False,2,1215;1284,2,DC;DC,True,True,DC,,6,14,4,UNKNOWN129920;GOWANUS;HUDSON AVENUE;FARRAGUT;GOWANUS;FARRAGUT,203;1148;1149;1150;1215;1283;1284;1901;1902;1903;1904;1905;1906;1907,82;83;86;87
447,489,0,,2,205;206,0,2,False,1,1215,0,AC;AC,False,True,AC,,0,3,0,,205;206;1215,
448,490,0,,1,1189,0,1,False,0,,0,AC,False,True,AC,,0,1,0,,1189,
449,491,0,,2,87;1218,0,1,False,0,,0,AC,False,True,AC,,0,2,0,,87;1218,
450,492,0,,1,1283,0,1,False,0,,0,AC,False,True,AC,,0,1,0,,1283,
451,493,0,,2,88;206,0,1,False,0,,0,AC,False,True,AC,,0,2,0,,88;206,
452,494,0,,3,1902;1903;1907,0,3,False,2,1215;1901,0,AC;DC;DC,True,True,DC,,0,5,0,,1215;1901;1902;1903;1907,
453,495,0,,1,204,0,1,False,0,,0,AC,False,True,AC,,0,1,0,,204,
454,496,0,,1,203,0,1,False,0,,0,AC,False,True,AC,,0,1,0,,203,
455,497,0,,2,1149;1217,0,1,False,0,,0,AC,False,True,AC,,0,2,0,,1149;1217,
456,498,1,FARRAGUT,6,88;205;1188;1189;1219;1901,0,2,False,2,1215;1902,0,AC;DC,True,True,DC,,1,10,2,FARRAGUT,88;205;1188;1189;1215;1219;1901;1902;1905;1906,86;87
457,499,0,,3,87;1150;1207,0,1,False,0,,0,AC,False,True,AC,,0,3,0,,87;1150;1207,
458,500,0,,0,,0,1,False,0,,0,AC,False,True,AC,,0,0,0,,,
459,501,0,,1,204,0,1,False,0,,0,AC,False,True,AC,,0,1,0,,204,
460,502,0,,3,203;1206;1901,0,2,False,1,1902,0,AC;DC,True,True,DC,,0,4,0,,203;1206;1901;1902,
461,503,0,,1,1189,0,1,False,0,,0,AC,False,True,AC,,0,1,0,,1189,
462,504,2,UNKNOWN129920;FARRAGUT,0,,2,2,False,1,1215,0,DC;DC,True,True,DC,,4,9,4,UNKNOWN129920;GOWANUS;FARRAGUT;GOWANUS,1148;1149;1150;1215;1901;1902;1903;1904;1907,82;83;86;87
463,505,1,FARRAGUT,1,204,0,1,False,0,,0,AC,False,True,AC,,1,3,2,FARRAGUT,204;1905;1906,86;87
464,506,0,,2,1904;1905,0,1,False,0,,0,AC,False,True,AC,,0,2,0,,1904;1905,
465,507,0,,5,88;1188;1206;1216;1903,0,1,False,0,,0,AC,False,True,AC,,0,5,0,,88;1188;1206;1216;1903,
466,508,0,,3,1148;1206;1283,0,1,False,0,,0,AC,False,True,AC,,0,3,0,,1148;1206;1283,
467,509,0,,0,,0,1,False,0,,0,AC,False,True,AC,,0,0,0,,,
468,510,0,,6,88;203;1149;1206;1219;1903,0,1,False,0,,0,AC,False,True,AC,,0,6,0,,88;203;1149;1206;1219;1903,
469,511,0,,4,204;205;1219;1906,0,1,False,0,,0,AC,False,True,AC,,0,4,0,,204;205;1219;1906,
470,512,1,FARRAGUT,0,,0,1,False,0,,0,AC,False,True,AC,,1,2,2,FARRAGUT,1905;1906,86;87
471,513,0,,3,204;1150;1219,0,1,False,0,,0,AC,False,True,AC,,0,3,0,,204;1150;1219,
472,514,0,,2,1188;1905,0,1,False,0,,0,AC,False,True,AC,,0,2,0,,1188;1905,
473,515,1,FARRAGUT,1,1188,0,2,False,1,1215,0,DC;DC,True,True,DC,,1,7,2,FARRAGUT,1188;1215;1901;1902;1903;1904;1907,86;87
474,516,2,UNKNOWN129920;FARRAGUT,2,1206;1217,0,1,False,0,,0,AC,False,True,AC,,2,7,2,UNKNOWN129920;FARRAGUT,1148;1149;1150;1206;1217;1905;1906,86;87
475,517,0,,2,1148;1284,0,1,False,0,,0,AC,False,True,AC,,0,2,0,,1148;1284,
476,518,0,,2,1283;1902,0,2,False,1,1901,0,AC;DC,True,True,DC,,0,3,0,,1283;1901;1902,
477,519,1,FARRAGUT,3,205;1148;1284,2,2,False,2,1215;1283,2,DC;AC,True,True,AC,,5,12,4,GOWANUS;HUDSON AVENUE;FARRAGUT;GOWANUS;FARRAGUT,205;1148;1215;1283;1284;1901;1902;1903;1904;1905;1906;1907,82;83;86;87
478,520,0,,2,1149;1904,0,1,False,0,,0,AC,False,True,AC,,0,2,0,,1149;1904,
479,521,0,,6,87;204;205;1219;1284;1906,0,1,False,0,,0,AC,False,True,AC,,0,6,0,,87;204;205;1219;1284;1906,
480,522,1,UNKNOWN129920,3,1216;1217;1219,0,1,False,0,,0,AC,False,True,AC,,1,6,0,UNKNOWN129920,1148;1149;1150;1216;1217;1219,
481,523,1,UNKNOWN129920,4,1150;1188;1216;1283,0,1,False,0,,0,DC,True,True,DC,,1,6,0,UNKNOWN129920,1148;1149;1150;1188;1216;1283,
482,524,0,,2,1150;1218,0,1,False,0,,0,AC,False,True,AC,,0,2,0,,1150;1218,
483,525,2,FARRAGUT;FARRAGUT,2,87;1188,0,2,False,1,1215,0,DC;DC,True,True,DC,,2,10,2,FARRAGUT;FARRAGUT,87;1188;1215;1901;1902;1903;1904;1905;1906;1907,86;87
484,526,2,FARRAGUT;FARRAGUT,3,204;1188;1218,0,2,False,1,1215,0,DC;DC,True,True,DC,,2,11,2,FARRAGUT;FARRAGUT,204;1188;1215;1218;1901;1902;1903;1904;1905;1906;1907,86;87
485,527,0,,0,,0,1,False,0,,0,AC,False,True,AC,,0,0,0,,,
486,528,0,,3,1148;1284;1904,0,1,False,0,,0,AC,False,True,AC,,0,3,0,,1148;1284;1904,
487,529,0,,1,1284,0,1,False,0,,0,AC,False,True,AC,,0,1,0,,1284,
488,530,0,,3,1218;1905;1906,0,1,False,0,,0,AC,False,True,AC,,0,3,0,,1218;1905;1906,
489,531,0,,1,1906,0,1,False,0,,0,AC,False,True,AC,,0,1,0,,1906,
490,532,2,FARRAGUT;FARRAGUT,3,204;1219;1283,0,2,False,1,1215,0,DC;DC,True,True,DC,,2,11,2,FARRAGUT;FARRAGUT,204;1215;1219;1283;1901;1902;1903;1904;1905;1906;1907,86;87
491,533,0,,5,204;1188;1207;1283;1902,0,2,False,1,1901,0,AC;DC,True,True,DC,,0,6,0,,204;1188;1207;1283;1901;1902,
492,534,1,FARRAGUT,2,206;1149,0,1,False,0,,0,AC,False,True,AC,,1,4,2,FARRAGUT,206;1149;1905;1906,86;87
493,535,0,,4,204;205;1283;1901,0,2,False,1,1902,0,AC;DC,True,True,DC,,0,5,0,,204;205;1283;1901;1902,
494,536,2,FARRAGUT;FARRAGUT,2,1150;1188,0,2,False,2,1149;1215,3,DC;DC,True,True,DC,,5,12,4,UNKNOWN129920;GOWANUS;FARRAGUT;GOWANUS;FARRAGUT,1148;1149;1150;1188;1215;1901;1902;1903;1904;1905;1906;1907,82;83;86;87
495,537,0,,5,1206;1216;1219;1284;1901,0,2,False,1,1902,0,AC;DC,True,True,DC,,0,6,0,,1206;1216;1219;1284;1901;1902,
496,538,0,,4,87;1901;1902;1903,0,1,False,0,,0,DC,True,True,DC,,0,4,0,,87;1901;1902;1903,
497,539,1,UNKNOWN129920,2,1902;1907,0,1,False,0,,0,AC,False,True,AC,,1,5,0,UNKNOWN129920,1148;1149;1150;1902;1907,
498,540,1,FARRAGUT,2,203;1219,0,1,False,0,,0,AC,False,True,AC,,1,4,2,FARRAGUT,203;1219;1905;1906,86;87
499,541,0,,0,,0,1,False,0,,0,AC,False,True,AC,,0,0,0,,,
500,542,1,FARRAGUT,3,87;1206;1218,0,1,False,0,,0,AC,False,True,AC,,1,5,2,FARRAGUT,87;1206;1218;1905;1906,86;87
501,543,0,,3,1189;1217;1906,0,1,False,0,,0,AC,False,True,AC,,0,3,0,,1189;1217;1906,
502,544,0,,2,205;1148,0,1,False,0,,0,AC,False,True,AC,,0,2,0,,205;1148,
503,545,0,,7,203;205;1148;1189;1903;1905;1906,0,1,False,0,,0,AC,False,True,AC,,0,7,0,,203;205;1148;1189;1903;1905;1906,
504,546,0,,3,1188;1283;1284,0,1,False,0,,0,AC,False,True,AC,,0,3,0,,1188;1283;1284,
505,547,1,UNKNOWN129920,2,205;1219,0,1,False,0,,0,AC,False,True,AC,,1,5,0,UNKNOWN129920,205;1148;1149;1150;1219,
506,548,0,,2,1188;1189,0,1,False,0,,0,AC,False,True,AC,,0,2,0,,1188;1189,
507,549,1,UNKNOWN129920,2,1219;1283,0,1,False,0,,0,AC,False,True,AC,,1,5,0,UNKNOWN129920,1148;1149;1150;1219;1283,
508,550,0,,1,1189,0,1,False,0,,0,AC,False,True,AC,,0,1,0,,1189,
509,551,0,,4,1150;1189;1218;1284,0,1,False,0,,0,AC,False,True,AC,,0,4,0,,1150;1189;1218;1284,
510,552,0,,3,203;1149;1217,0,1,False,0,,0,AC,False,True,AC,,0,3,0,,203;1149;1217,
511,553,0,,1,1903,0,1,False,0,,0,AC,False,True,AC,,0,1,0,,1903,
512,554,1,FARRAGUT,0,,0,1,False,0,,0,AC,False,True,AC,,1,2,2,FARRAGUT,1905;1906,86;87
513,555,2,FARRAGUT;FARRAGUT,4,88;1149;1218;1284,0,2,False,2,1150;1215,3,DC;DC,True,True,DC,,5,14,4,UNKNOWN129920;GOWANUS;FARRAGUT;GOWANUS;FARRAGUT,88;1148;1149;1150;1215;1218;1284;1901;1902;1903;1904;1905;1906;1907,82;83;86;87
514,556,2,FARRAGUT;FARRAGUT,5,87;1188;1206;1216;1906,0,2,False,1,1215,0,DC;DC,True,True,DC,,2,12,2,FARRAGUT;FARRAGUT,87;1188;1206;1215;1216;1901;1902;1903;1904;1905;1906;1907,86;87
515,557,1,FARRAGUT,0,,0,1,False,0,,0,AC,False,True,AC,,1,2,2,FARRAGUT,1905;1906,86;87
516,558,0,,1,1206,0,1,False,0,,0,AC,False,True,AC,,0,1,0,,1206,
517,559,0,,1,1148,0,1,False,0,,0,AC,False,True,AC,,0,1,0,,1148,
518,560,1,FARRAGUT,1,1283,0,2,False,2,1215;1284,2,DC;DC,True,True,DC,,3,10,2,HUDSON AVENUE;FARRAGUT;FARRAGUT,1215;1283;1284;1901;1902;1903;1904;1905;1906;1907,86;87
519,561,1,FARRAGUT,2,203;1218,0,1,False,0,,0,AC,False,True,AC,,1,4,2,FARRAGUT,203;1218;1905;1906,86;87
520,562,1,FARRAGUT,3,88;1188;1206,0,2,False,1,1215,0,DC;DC,True,True,DC,,1,9,2,FARRAGUT,88;1188;1206;1215;1901;1902;1903;1904;1907,86;87
521,563,0,,3,1188;1217;1906,0,1,False,0,,0,AC,False,True,AC,,0,3,0,,1188;1217;1906,
522,564,0,,2,1903;1906,0,1,False,0,,0,AC,False,True,AC,,0,2,0,,1903;1906,
523,565,0,,1,1906,0,1,False,0,,0,AC,False,True,AC,,0,1,0,,1906,
524,566,0,,1,206,0,1,False,0,,0,AC,False,True,AC,,0,1,0,,206,
525,567,0,,2,1284;1906,0,1,False,0,,0,AC,False,True,AC,,0,2,0,,1284;1906,
526,568,0,,3,206;1283;1907,0,1,False,0,,0,AC,False,True,AC,,0,3,0,,206;1283;1907,
527,569,0,,3,205;1189;1901,0,2,False,1,1902,0,AC;DC,True,True,DC,,0,4,0,,205;1189;1901;1902,
528,570,1,FARRAGUT,3,88;204;1148,2,2,False,1,1215,0,DC;DC,True,True,DC,,3,9,4,GOWANUS;FARRAGUT;GOWANUS,88;204;1148;1215;1901;1902;1903;1904;1907,82;83;86;87
529,571,0,,5,203;1188;1189;1901;1906,0,2,False,1,1902,0,AC;DC,True,True,DC,,0,6,0,,203;1188;1189;1901;1902;1906,
530,572,0,,2,1206;1903,0,1,False,0,,0,AC,False,True,AC,,0,2,0,,1206;1903,
531,573,0,,6,87;88;1218;1283;1904;1906,0,2,False,1,1215,2,AC;AC,False,True,AC,,2,7,1,UNKNOWN124169;UNKNOWN124169,87;88;1215;1218;1283;1904;1906,3
532,574,0,,3,205;1150;1219,0,1,False,0,,0,AC,False,True,AC,,0,3,0,,205;1150;1219,
533,575,0,,6,205;1150;1284;1901;1904;1907,0,3,False,3,1149;1215;1902,3,AC;DC;DC,True,True,DC,,3,10,2,UNKNOWN129920;GOWANUS;GOWANUS,205;1148;1149;1150;1215;1284;1901;1902;1904;1907,82;83
534,576,0,,2,87;1907,0,1,False,0,,0,AC,False,True,AC,,0,2,0,,87;1907,
535,577,1,FARRAGUT,6,87;1206;1217;1218;1906;1907,0,5,False,18,53;54;1144;1145;1146;1147;1215;1216;1219;1271;1274;1275;1278;1279;1280;1281;1282;2226,11,DC;DC;DC;DC;DC,True,True,DC,,12,40,3,UNKNOWN129913;CORONA;TAP135492;TAP135493;FAR ROCKAWAY;HEWLETT;WOODMERE;JAMAICA;HUDSON AVENUE;FARRAGUT;JAMAICA;FARRAGUT,53;54;87;1144;1145;1146;1147;1206;1212;1213;1214;1215;1216;1217;1218;1219;1269;1270;1271;1272;1273;1274;1275;1276;1277;1278;1279;1280;1281;1282;1283;1284;1901;1902;1903;1904;1905;1906;1907;2226,54;86;87
536,578,0,,5,88;1148;1189;1219;1906,0,1,False,0,,0,AC,False,True,AC,,0,5,0,,88;1148;1189;1219;1906,
537,579,1,FARRAGUT,3,1207;1219;1905,0,1,False,0,,0,AC,False,True,AC,,1,4,2,FARRAGUT,1207;1219;1905;1906,86;87
538,580,3,UNKNOWN129920;FARRAGUT;FARRAGUT,4,203;1207;1216;1217,2,2,False,1,1215,0,DC;DC,True,True,DC,,5,15,4,UNKNOWN129920;GOWANUS;FARRAGUT;GOWANUS;FARRAGUT,203;1148;1149;1150;1207;1215;1216;1217;1901;1902;1903;1904;1905;1906;1907,82;83;86;87
539,581,1,FARRAGUT,2,1207;1217,0,2,False,1,1215,0,DC;DC,True,True,DC,,1,8,2,FARRAGUT,1207;1215;1217;1901;1902;1903;1904;1907,86;87
540,582,0,,3,1148;1188;1902,0,1,False,0,,0,AC,False,True,AC,,0,3,0,,1148;1188;1902,
541,583,1,UNKNOWN129920,0,,0,1,False,0,,0,AC,False,True,AC,,1,3,0,UNKNOWN129920,1148;1149;1150,
542,584,0,,2,206;1216,0,1,False,0,,0,AC,False,True,AC,,0,2,0,,206;1216,
543,585,0,,1,205,0,1,False,0,,0,AC,False,True,AC,,0,1,0,,205,
544,586,1,FARRAGUT,5,206;1188;1216;1217;1283,0,1,False,0,,0,AC,False,True,AC,,1,7,2,FARRAGUT,206;1188;1216;1217;1283;1905;1906,86;87
545,587,1,FARRAGUT,1,1284,0,2,False,2,1215;1283,2,DC;DC,True,True,DC,,3,10,2,HUDSON AVENUE;FARRAGUT;FARRAGUT,1215;1283;1284;1901;1902;1903;1904;1905;1906;1907,86;87
546,588,0,,1,87,0,1,False,0,,0,AC,False,True,AC,,0,1,0,,87,
547,589,0,,1,1283,0,1,False,0,,0,AC,False,True,AC,,0,1,0,,1283,
548,590,0,,0,,0,1,False,0,,0,AC,False,True,AC,,0,0,0,,,
549,591,0,,4,1148;1149;1218;1902,0,1,False,0,,0,AC,False,True,AC,,0,4,0,,1148;1149;1218;1902,
550,592,2,UNKNOWN129920;FARRAGUT,1,1903,2,2,False,1,1215,0,DC;DC,True,True,DC,,4,9,4,UNKNOWN129920;GOWANUS;FARRAGUT;GOWANUS,1148;1149;1150;1215;1901;1902;1903;1904;1907,82;83;86;87
551,593,0,,2,203;1217,0,1,False,0,,0,AC,False,True,AC,,0,2,0,,203;1217,
552,594,0,,3,88;205;1150,0,1,False,0,,0,AC,False,True,AC,,0,3,0,,88;205;1150,
553,595,0,,2,1149;1904,0,1,False,0,,0,AC,False,True,AC,,0,2,0,,1149;1904,
554,596,0,,4,1284;1902;1904;1905,0,2,False,1,1901,0,AC;DC,True,True,DC,,0,5,0,,1284;1901;1902;1904;1905,
555,597,0,,2,88;1284,0,1,False,0,,0,AC,False,True,AC,,0,2,0,,88;1284,
556,598,0,,2,87;1284,0,1,False,0,,0,AC,False,True,AC,,0,2,0,,87;1284,
557,599,0,,3,1189;1216;1218,0,1,False,0,,0,AC,False,True,AC,,0,3,0,,1189;1216;1218,
558,600,1,FARRAGUT,1,1189,0,2,False,1,1215,0,DC;DC,True,True,DC,,1,7,2,FARRAGUT,1189;1215;1901;1902;1903;1904;1907,86;87
559,601,1,FARRAGUT,3,1284;1901;1905,0,2,False,2,1215;1283,2,DC;DC,True,True,DC,,3,10,2,HUDSON AVENUE;FARRAGUT;FARRAGUT,1215;1283;1284;1901;1902;1903;1904;1905;1906;1907,86;87
560,602,0,,1,88,0,1,False,0,,0,AC,False,True,AC,,0,1,0,,88,
561,603,0,,2,88;1207,0,1,False,0,,0,AC,False,True,AC,,0,2,0,,88;1207,
562,604,2,FARRAGUT;FARRAGUT,3,1216;1218;1905,0,2,False,1,1215,0,DC;DC,True,True,DC,,2,10,2,FARRAGUT;FARRAGUT,1215;1216;1218;1901;1902;1903;1904;1905;1906;1907,86;87
563,605,0,,1,1150,0,1,False,0,,0,AC,False,True,AC,,0,1,0,,1150,
564,606,1,FARRAGUT,3,88;203;1218,0,1,False,0,,0,AC,False,True,AC,,1,5,2,FARRAGUT,88;203;1218;1905;1906,86;87
565,607,0,,4,87;205;206;1905,0,2,False,1,1215,0,AC;AC,False,True,AC,,0,5,0,,87;205;206;1215;1905,
566,608,0,,1,204,0,1,False,0,,0,AC,False,True,AC,,0,1,0,,204,
567,609,0,,1,203,0,1,False,0,,0,AC,False,True,AC,,0,1,0,,203,
568,610,1,FARRAGUT,6,87;204;1148;1903;1906;1907,0,1,False,0,,0,AC,False,True,AC,,1,7,2,FARRAGUT,87;204;1148;1903;1905;1906;1907,86;87
569,611,0,,2,87;204,0,1,False,0,,0,AC,False,True,AC,,0,2,0,,87;204,
570,612,0,,5,1148;1150;1189;1219;1283,0,1,False,0,,0,AC,False,True,AC,,0,5,0,,1148;1150;1189;1219;1283,
571,613,0,,3,1148;1149;1283,0,1,False,0,,0,AC,False,True,AC,,0,3,0,,1148;1149;1283,
572,614,2,UNKNOWN129920;FARRAGUT,4,205;1218;1283;1284,4,1,False,0,,0,DC,True,True,DC,,6,14,4,UNKNOWN129920;GOWANUS;HUDSON AVENUE;FARRAGUT;GOWANUS;FARRAGUT,205;1148;1149;1150;1218;1283;1284;1901;1902;1903;1904;1905;1906;1907,82;83;86;87
573,615,0,,2,1218;1283,0,1,False,0,,0,AC,False,True,AC,,0,2,0,,1218;1283,
574,616,0,,4,203;1150;1218;1903,0,1,False,0,,0,AC,False,True,AC,,0,4,0,,203;1150;1218;1903,
575,617,1,UNKNOWN129920,2,1189;1217,0,1,False,0,,0,DC,True,True,DC,,1,5,0,UNKNOWN129920,1148;1149;1150;1189;1217,
576,618,0,,3,204;1284;1903,0,1,False,0,,0,AC,False,True,AC,,0,3,0,,204;1284;1903,
577,619,0,,1,1904,0,1,False,0,,0,AC,False,True,AC,,0,1,0,,1904,
578,620,0,,2,87;1284,0,1,False,0,,0,AC,False,True,AC,,0,2,0,,87;1284,
579,621,0,,3,88;1207;1903,0,1,False,0,,0,AC,False,True,AC,,0,3,0,,88;1207;1903,
580,622,1,FARRAGUT,1,203,0,2,False,1,1215,0,DC;DC,True,True,DC,,1,7,2,FARRAGUT,203;1215;1901;1902;1903;1904;1907,86;87
581,623,1,UNKNOWN129920,6,205;1189;1219;1283;1902;1904,0,1,False,0,,0,DC,True,True,DC,,1,9,0,UNKNOWN129920,205;1148;1149;1150;1189;1219;1283;1902;1904,
582,624,3,UNKNOWN129920;FARRAGUT;FARRAGUT,5,1150;1189;1206;1207;1284,2,1,False,0,,0,DC,True,True,DC,,5,14,4,UNKNOWN129920;GOWANUS;FARRAGUT;GOWANUS;FARRAGUT,1148;1149;1150;1189;1206;1207;1284;1901;1902;1903;1904;1905;1906;1907,82;83;86;87
583,625,1,FARRAGUT,0,,0,1,False,0,,0,AC,False,True,AC,,1,2,2,FARRAGUT,1905;1906,86;87
584,626,0,,4,88;205;1283;1906,0,1,False,0,,0,AC,False,True,AC,,0,4,0,,88;205;1283;1906,
585,627,0,,4,88;206;1150;1906,0,1,False,0,,0,AC,False,True,AC,,0,4,0,,88;206;1150;1906,
586,628,0,,3,1148;1218;1283,0,1,False,0,,0,AC,False,True,AC,,0,3,0,,1148;1218;1283,
587,629,1,FARRAGUT,1,1217,0,2,False,1,1215,0,DC;DC,True,True,DC,,1,7,2,FARRAGUT,1215;1217;1901;1902;1903;1904;1907,86;87
588,630,2,FARRAGUT;FARRAGUT,3,1189;1218;1901,0,2,False,1,1215,0,DC;DC,True,True,DC,,2,10,2,FARRAGUT;FARRAGUT,1189;1215;1218;1901;1902;1903;1904;1905;1906;1907,86;87
589,631,1,FARRAGUT,1,1150,0,2,False,2,1149;1215,3,DC;DC,True,True,DC,,4,9,4,UNKNOWN129920;GOWANUS;FARRAGUT;GOWANUS,1148;1149;1150;1215;1901;1902;1903;1904;1907,82;83;86;87
590,632,1,UNKNOWN129920,1,88,0,1,False,0,,0,AC,False,True,AC,,1,4,0,UNKNOWN129920,88;1148;1149;1150,
591,633,1,FARRAGUT,1,88,0,1,False,0,,0,AC,False,True,AC,,1,3,2,FARRAGUT,88;1905;1906,86;87
592,634,0,,3,1149;1219;1283,0,1,False,0,,0,AC,False,True,AC,,0,3,0,,1149;1219;1283,
593,635,0,,1,1904,0,1,False,0,,0,AC,False,True,AC,,0,1,0,,1904,
594,636,2,FARRAGUT;FARRAGUT,2,1149;1188,0,2,False,2,1150;1215,3,DC;DC,True,True,DC,,5,12,4,UNKNOWN129920;GOWANUS;FARRAGUT;GOWANUS;FARRAGUT,1148;1149;1150;1188;1215;1901;1902;1903;1904;1905;1906;1907,82;83;86;87
595,637,0,,4,87;205;206;1219,0,2,False,1,1215,0,AC;AC,False,True,AC,,0,5,0,,87;205;206;1215;1219,
596,638,0,,6,204;1148;1149;1206;1218;1907,0,1,False,0,,0,AC,False,True,AC,,0,6,0,,204;1148;1149;1206;1218;1907,
597,639,0,,4,88;1149;1217;1284,0,1,False,0,,0,AC,False,True,AC,,0,4,0,,88;1149;1217;1284,
598,640,0,,2,1207;1906,0,1,False,0,,0,AC,False,True,AC,,0,2,0,,1207;1906,
599,641,1,UNKNOWN129920,5,88;203;1150;1216;1218,0,1,False,0,,0,AC,False,True,AC,,1,7,0,UNKNOWN129920,88;203;1148;1149;1150;1216;1218,
600,642,1,FARRAGUT,2,88;1906,0,1,False,0,,0,AC,False,True,AC,,1,3,2,FARRAGUT,88;1905;1906,86;87
601,643,2,UNKNOWN129920;FARRAGUT,2,205;1150,2,2,False,1,1215,0,DC;DC,True,True,DC,,4,10,4,UNKNOWN129920;GOWANUS;FARRAGUT;GOWANUS,205;1148;1149;1150;1215;1901;1902;1903;1904;1907,82;83;86;87
602,644,0,,2,203;1217,0,1,False,0,,0,AC,False,True,AC,,0,2,0,,203;1217,
603,645,0,,3,1150;1283;1903,0,1,False,0,,0,AC,False,True,AC,,0,3,0,,1150;1283;1903,
604,646,1,FARRAGUT,1,87,0,1,False,0,,0,AC,False,True,AC,,1,3,2,FARRAGUT,87;1905;1906,86;87
605,647,1,FARRAGUT,3,87;1284;1903,0,2,False,2,1215;1283,2,DC;DC,True,True,DC,,3,11,2,HUDSON AVENUE;FARRAGUT;FARRAGUT,87;1215;1283;1284;1901;1902;1903;1904;1905;1906;1907,86;87
606,648,0,,3,1149;1903;1907,0,1,False,0,,0,AC,False,True,AC,,0,3,0,,1149;1903;1907,
607,649,0,,3,88;1218;1284,0,1,False,0,,0,AC,False,True,AC,,0,3,0,,88;1218;1284,
608,650,0,,1,1218,0,1,False,0,,0,AC,False,True,AC,,0,1,0,,1218,
609,651,0,,1,1207,0,1,False,0,,0,AC,False,True,AC,,0,1,0,,1207,
610,652,1,FARRAGUT,1,1219,0,2,False,1,1215,0,DC;DC,True,True,DC,,1,7,2,FARRAGUT,1215;1219;1901;1902;1903;1904;1907,86;87
611,653,1,FARRAGUT,2,205;1217,0,1,False,0,,0,AC,False,True,AC,,1,4,2,FARRAGUT,205;1217;1905;1906,86;87
612,654,0,,3,1219;1284;1901,0,2,False,1,1902,0,AC;DC,True,True,DC,,0,4,0,,1219;1284;1901;1902,
613,655,1,FARRAGUT,0,,0,2,False,1,1215,0,DC;DC,True,True,DC,,1,6,2,FARRAGUT,1215;1901;1902;1903;1904;1907,86;87
614,656,0,,1,1904,0,1,False,0,,0,AC,False,True,AC,,0,1,0,,1904,
615,657,0,,0,,0,1,False,0,,0,AC,False,True,AC,,0,0,0,,,
616,658,1,FARRAGUT,3,1189;1206;1901,0,2,False,1,1215,0,DC;DC,True,True,DC,,1,8,2,FARRAGUT,1189;1206;1215;1901;1902;1903;1904;1907,86;87
617,659,2,UNKNOWN129920;FARRAGUT,4,204;1149;1216;1217,2,5,False,18,53;54;1144;1145;1146;1147;1215;1218;1219;1271;1274;1275;1278;1279;1280;1281;1282;2226,11,DC;DC;DC;DC;AC,True,True,AC,,15,42,5,UNKNOWN129913;UNKNOWN129920;CORONA;TAP135492;TAP135493;FAR ROCKAWAY;HEWLETT;WOODMERE;JAMAICA;GOWANUS;HUDSON AVENUE;FARRAGUT;JAMAICA;GOWANUS;FARRAGUT,53;54;204;1144;1145;1146;1147;1148;1149;1150;1212;1213;1214;1215;1216;1217;1218;1219;1269;1270;1271;1272;1273;1274;1275;1276;1277;1278;1279;1280;1281;1282;1283;1284;1901;1902;1903;1904;1905;1906;1907;2226,54;82;83;86;87
618,660,0,,1,1284,0,1,False,0,,0,AC,False,True,AC,,0,1,0,,1284,
619,661,0,,3,88;205;1284,0,1,False,0,,0,AC,False,True,AC,,0,3,0,,88;205;1284,
620,662,2,UNKNOWN129920;FARRAGUT,3,1149;1150;1207,2,2,False,1,1215,0,DC;DC,True,True,DC,,4,10,4,UNKNOWN129920;GOWANUS;FARRAGUT;GOWANUS,1148;1149;1150;1207;1215;1901;1902;1903;1904;1907,82;83;86;87
621,663,2,UNKNOWN129920;FARRAGUT,3,205;1148;1284,2,2,False,2,1215;1283,2,DC;DC,True,True,DC,,6,14,4,UNKNOWN129920;GOWANUS;HUDSON AVENUE;FARRAGUT;GOWANUS;FARRAGUT,205;1148;1149;1150;1215;1283;1284;1901;1902;1903;1904;1905;1906;1907,82;83;86;87
622,664,0,,4,87;206;1902;1904,0,2,False,1,1901,0,AC;DC,True,True,DC,,0,5,0,,87;206;1901;1902;1904,
623,665,0,,5,87;205;1188;1283;1284,0,1,False,0,,0,AC,False,True,AC,,0,5,0,,87;205;1188;1283;1284,
624,666,0,,1,1904,0,1,False,0,,0,AC,False,True,AC,,0,1,0,,1904,
625,667,1,UNKNOWN129920,4,1150;1189;1217;1901,0,1,False,0,,0,DC,True,True,DC,,1,6,0,UNKNOWN129920,1148;1149;1150;1189;1217;1901,
626,668,0,,5,87;205;1150;1217;1284,0,1,False,0,,0,AC,False,True,AC,,0,5,0,,87;205;1150;1217;1284,
627,669,2,UNKNOWN129920;FARRAGUT,0,,2,2,False,1,1215,0,DC;DC,True,True,DC,,4,9,4,UNKNOWN129920;GOWANUS;FARRAGUT;GOWANUS,1148;1149;1150;1215;1901;1902;1903;1904;1907,82;83;86;87
628,670,0,,2,1284;1906,0,1,False,0,,0,AC,False,True,AC,,0,2,0,,1284;1906,
629,671,0,,1,204,0,1,False,0,,0,AC,False,True,AC,,0,1,0,,204,
630,672,1,FARRAGUT,0,,0,1,False,0,,0,AC,False,True,AC,,1,2,2,FARRAGUT,1905;1906,86;87
631,673,0,,5,203;1148;1283;1901;1903,0,1,False,0,,0,AC,False,True,AC,,0,5,0,,203;1148;1283;1901;1903,
632,674,0,,5,1148;1150;1216;1219;1283,0,1,False,0,,0,AC,False,True,AC,,0,5,0,,1148;1150;1216;1219;1283,
633,675,0,,4,1149;1188;1206;1283,0,1,False,0,,0,AC,False,True,AC,,0,4,0,,1149;1188;1206;1283,
634,676,1,FARRAGUT,2,1217;1901,0,2,False,1,1902,0,AC;DC,True,True,DC,,1,5,2,FARRAGUT,1217;1901;1902;1905;1906,86;87
635,677,1,UNKNOWN129920,1,88,0,1,False,0,,0,AC,False,True,AC,,1,4,0,UNKNOWN129920,88;1148;1149;1150,
636,678,1,FARRAGUT,2,204;1283,0,1,False,0,,0,AC,False,True,AC,,1,4,2,FARRAGUT,204;1283;1905;1906,86;87
637,679,1,FARRAGUT,4,87;206;1149;1905,0,1,False,0,,0,AC,False,True,AC,,1,5,2,FARRAGUT,87;206;1149;1905;1906,86;87
638,680,2,UNKNOWN129920;FARRAGUT,3,1206;1218;1907,2,2,False,1,1215,0,DC;DC,True,True,DC,,4,11,4,UNKNOWN129920;GOWANUS;FARRAGUT;GOWANUS,1148;1149;1150;1206;1215;1218;1901;1902;1903;1904;1907,82;83;86;87
639,681,0,,2,1217;1906,0,1,False,0,,0,AC,False,True,AC,,0,2,0,,1217;1906,
640,682,1,FARRAGUT,3,1206;1283;1901,0,2,False,1,1902,0,AC;DC,True,True,DC,,1,6,2,FARRAGUT,1206;1283;1901;1902;1905;1906,86;87
641,683,0,,3,1149;1150;1218,0,1,False,0,,0,AC,False,True,AC,,0,3,0,,1149;1150;1218,
642,684,0,,3,1148;1905;1906,0,1,False,0,,0,AC,False,True,AC,,0,3,0,,1148;1905;1906,
643,685,0,,2,1148;1284,0,1,False,0,,0,AC,False,True,AC,,0,2,0,,1148;1284,
644,686,0,,5,87;203;1217;1284;1907,0,1,False,0,,0,AC,False,True,AC,,0,5,0,,87;203;1217;1284;1907,
645,687,0,,0,,0,1,False,0,,0,AC,False,True,AC,,0,0,0,,,
646,688,1,UNKNOWN129920,5,205;1149;1189;1216;1284,0,1,False,0,,0,DC,True,True,DC,,1,7,0,UNKNOWN129920,205;1148;1149;1150;1189;1216;1284,
647,689,0,,1,87,0,1,False,0,,0,AC,False,True,AC,,0,1,0,,87,
648,690,0,,1,203,0,1,False,0,,0,AC,False,True,AC,,0,1,0,,203,
649,691,1,FARRAGUT,1,1188,0,1,False,0,,0,AC,False,True,AC,,1,3,2,FARRAGUT,1188;1905;1906,86;87
650,692,1,UNKNOWN129920,0,,0,1,False,0,,0,AC,False,True,AC,,1,3,0,UNKNOWN129920,1148;1149;1150,
651,693,0,,4,1148;1206;1283;1907,0,1,False,0,,0,AC,False,True,AC,,0,4,0,,1148;1206;1283;1907,
652,694,0,,3,204;1189;1284,0,1,False,0,,0,AC,False,True,AC,,0,3,0,,204;1189;1284,
653,695,1,UNKNOWN129920,0,,0,1,False,0,,0,AC,False,True,AC,,1,3,0,UNKNOWN129920,1148;1149;1150,
654,696,0,,2,87;88,0,2,False,1,1215,2,AC;AC,False,True,AC,,2,3,1,UNKNOWN124169;UNKNOWN124169,87;88;1215,3
655,697,1,UNKNOWN129920,3,1148;1150;1907,0,1,False,0,,0,AC,False,True,AC,,1,4,0,UNKNOWN129920,1148;1149;1150;1907,
656,698,0,,1,203,0,1,False,0,,0,AC,False,True,AC,,0,1,0,,203,
657,699,0,,0,,0,1,False,0,,0,AC,False,True,AC,,0,0,0,,,
658,700,0,,5,203;1206;1207;1218;1906,0,1,False,0,,0,AC,False,True,AC,,0,5,0,,203;1206;1207;1218;1906,
659,701,0,,4,204;1219;1283;1902,0,2,False,1,1901,0,AC;DC,True,True,DC,,0,5,0,,204;1219;1283;1901;1902,
660,702,0,,3,203;1206;1218,0,1,False,0,,0,AC,False,True,AC,,0,3,0,,203;1206;1218,
661,703,0,,3,1189;1217;1218,0,1,False,0,,0,AC,False,True,AC,,0,3,0,,1189;1217;1218,
662,704,0,,0,,0,1,False,0,,0,AC,False,True,AC,,0,0,0,,,
663,705,1,FARRAGUT,3,1217;1219;1284,0,2,False,2,1215;1283,2,DC;DC,True,True,DC,,3,12,2,HUDSON AVENUE;FARRAGUT;FARRAGUT,1215;1217;1219;1283;1284;1901;1902;1903;1904;1905;1906;1907,86;87
664,706,1,UNKNOWN129920,1,206,0,1,False,0,,0,AC,False,True,AC,,1,4,0,UNKNOWN129920,206;1148;1149;1150,
665,707,0,,3,87;1901;1903,0,2,False,1,1902,0,AC;DC,True,True,DC,,0,4,0,,87;1901;1902;1903,
666,708,0,,3,87;1189;1283,0,1,False,0,,0,AC,False,True,AC,,0,3,0,,87;1189;1283,
667,709,0,,2,87;1207,0,1,False,0,,0,AC,False,True,AC,,0,2,0,,87;1207,
668,710,1,FARRAGUT,9,203;1149;1207;1217;1218;1283;1902;1905;1906,1,2,False,2,1150;1215,3,DC;DC,True,True,DC,,5,16,4,UNKNOWN129920;GOWANUS;FARRAGUT;GOWANUS;FARRAGUT,203;1148;1149;1150;1207;1215;1217;1218;1283;1901;1902;1903;1904;1905;1906;1907,82;83;86;87
669,711,0,,5,1148;1149;1150;1218;1219,1,1,False,0,,0,AC,False,True,AC,,1,5,0,UNKNOWN129920,1148;1149;1150;1218;1219,
670,712,1,FARRAGUT,1,1283,0,2,False,2,1215;1284,2,DC;DC,True,True,DC,,3,10,2,HUDSON AVENUE;FARRAGUT;FARRAGUT,1215;1283;1284;1901;1902;1903;1904;1905;1906;1907,86;87
671,713,0,,3,87;205;1905,0,1,False,0,,0,AC,False,True,AC,,0,3,0,,87;205;1905,
672,714,1,FARRAGUT,3,1217;1283;1907,0,2,False,2,1215;1284,2,DC;DC,True,True,DC,,3,11,2,HUDSON AVENUE;FARRAGUT;FARRAGUT,1215;1217;1283;1284;1901;1902;1903;1904;1905;1906;1907,86;87
673,715,0,,2,88;206,0,1,False,0,,0,AC,False,True,AC,,0,2,0,,88;206,
674,716,0,,2,1148;1219,0,1,False,0,,0,AC,False,True,AC,,0,2,0,,1148;1219,
675,717,0,,3,204;1283;1284,0,1,False,0,,0,AC,False,True,AC,,0,3,0,,204;1283;1284,
676,718,0,,2,205;1902,0,2,False,1,1901,0,AC;DC,True,True,DC,,0,3,0,,205;1901;1902,
677,719,0,,1,1206,0,1,False,0,,0,AC,False,True,AC,,0,1,0,,1206,
678,720,1,FARRAGUT,0,,0,2,False,1,1215,0,DC;DC,True,True,DC,,1,6,2,FARRAGUT,1215;1901;1902;1903;1904;1907,86;87
679,721,0,,1,1904,0,1,False,0,,0,AC,False,True,AC,,0,1,0,,1904,
680,722,0,,4,1188;1189;1283;1906,0,1,False,0,,0,AC,False,True,AC,,0,4,0,,1188;1189;1283;1906,
681,723,0,,4,1149;1206;1904;1907,0,1,False,0,,0,AC,False,True,AC,,0,4,0,,1149;1206;1904;1907,
682,724,0,,4,1188;1189;1207;1284,0,1,False,0,,0,AC,False,True,AC,,0,4,0,,1188;1189;1207;1284,
683,725,0,,1,1284,0,1,False,0,,0,AC,False,True,AC,,0,1,0,,1284,
684,726,1,FARRAGUT,2,206;1207,0,1,False,0,,0,AC,False,True,AC,,1,4,2,FARRAGUT,206;1207;1905;1906,86;87
685,727,0,,2,88;1902,0,2,False,1,1901,0,AC;DC,True,True,DC,,0,3,0,,88;1901;1902,
686,728,0,,1,204,0,1,False,0,,0,AC,False,True,AC,,0,1,0,,204,
687,729,0,,1,87,0,1,False,0,,0,AC,False,True,AC,,0,1,0,,87,
688,730,1,FARRAGUT,3,1216;1902;1903,0,2,False,1,1901,0,AC;DC,True,True,DC,,1,6,2,FARRAGUT,1216;1901;1902;1903;1905;1906,86;87
689,731,0,,3,203;1148;1906,0,1,False,0,,0,AC,False,True,AC,,0,3,0,,203;1148;1906,
690,732,1,FARRAGUT,5,1150;1189;1219;1284;1905,0,2,False,3,1149;1215;1283,5,DC;DC,True,True,DC,,6,15,4,UNKNOWN129920;GOWANUS;HUDSON AVENUE;FARRAGUT;GOWANUS;FARRAGUT,1148;1149;1150;1189;1215;1219;1283;1284;1901;1902;1903;1904;1905;1906;1907,82;83;86;87
691,733,1,UNKNOWN129920,0,,0,1,False,0,,0,AC,False,True,AC,,1,3,0,UNKNOWN129920,1148;1149;1150,
692,734,0,,4,88;203;204;1149,0,2,False,1,1215,0,AC;AC,False,True,AC,,0,5,0,,88;203;204;1149;1215,
693,735,0,,2,205;1906,0,1,False,0,,0,AC,False,True,AC,,0,2,0,,205;1906,
694,736,0,,3,1150;1207;1907,0,1,False,0,,0,AC,False,True,AC,,0,3,0,,1150;1207;1907,
695,737,0,,2,1218;1904,0,1,False,0,,0,AC,False,True,AC,,0,2,0,,1218;1904,
696,738,0,,2,88;1284,0,1,False,0,,0,AC,False,True,AC,,0,2,0,,88;1284,
697,739,0,,1,203,0,1,False,0,,0,AC,False,True,AC,,0,1,0,,203,
698,740,1,FARRAGUT,2,1149;1188,0,1,False,0,,0,AC,False,True,AC,,1,4,2,FARRAGUT,1149;1188;1905;1906,86;87
699,741,0,,3,206;1149;1206,0,1,False,0,,0,AC,False,True,AC,,0,3,0,,206;1149;1206,
700,742,0,,3,1150;1188;1902,0,3,False,2,1149;1901,3,AC;DC;DC,True,True,DC,,3,6,2,UNKNOWN129920;GOWANUS;GOWANUS,1148;1149;1150;1188;1901;1902,82;83
701,743,1,FARRAGUT,3,204;1903;1904,0,2,False,1,1215,0,DC;DC,True,True,DC,,1,7,2,FARRAGUT,204;1215;1901;1902;1903;1904;1907,86;87
702,744,0,,4,206;1149;1207;1903,0,1,False,0,,0,AC,False,True,AC,,0,4,0,,206;1149;1207;1903,
703,745,0,,3,1149;1217;1903,0,1,False,0,,0,AC,False,True,AC,,0,3,0,,1149;1217;1903,
704,746,0,,2,1189;1284,0,1,False,0,,0,AC,False,True,AC,,0,2,0,,1189;1284,
705,747,0,,4,204;1149;1189;1904,0,1,False,0,,0,AC,False,True,AC,,0,4,0,,204;1149;1189;1904,
706,748,0,,2,1206;1904,0,1,False,0,,0,AC,False,True,AC,,0,2,0,,1206;1904,
707,749,0,,3,206;1149;1217,0,1,False,0,,0,AC,False,True,AC,,0,3,0,,206;1149;1217,
708,750,0,,4,88;1149;1216;1218,0,1,False,0,,0,AC,False,True,AC,,0,4,0,,88;1149;1216;1218,
709,751,0,,2,204;1901,0,2,False,1,1902,0,AC;DC,True,True,DC,,0,3,0,,204;1901;1902,
710,752,0,,2,87;1904,0,1,False,0,,0,AC,False,True,AC,,0,2,0,,87;1904,
711,753,0,,4,1148;1150;1189;1907,0,1,False,0,,0,AC,False,True,AC,,0,4,0,,1148;1150;1189;1907,
712,754,0,,4,203;1216;1219;1906,0,1,False,0,,0,AC,False,True,AC,,0,4,0,,203;1216;1219;1906,
713,755,0,,2,1188;1904,0,1,False,0,,0,AC,False,True,AC,,0,2,0,,1188;1904,
714,756,0,,2,1216;1219,0,1,False,0,,0,AC,False,True,AC,,0,2,0,,1216;1219,
715,757,1,FARRAGUT,3,1206;1217;1902,0,2,False,1,1901,0,AC;DC,True,True,DC,,1,6,2,FARRAGUT,1206;1217;1901;1902;1905;1906,86;87
716,758,0,,2,1149;1219,0,1,False,0,,0,AC,False,True,AC,,0,2,0,,1149;1219,
717,759,0,,2,203;1219,0,1,False,0,,0,AC,False,True,AC,,0,2,0,,203;1219,
718,760,0,,3,1148;1150;1217,0,1,False,0,,0,AC,False,True,AC,,0,3,0,,1148;1150;1217,
719,761,0,,1,1150,0,1,False,0,,0,AC,False,True,AC,,0,1,0,,1150,
720,762,0,,5,203;1148;1150;1284;1903,0,1,False,0,,0,AC,False,True,AC,,0,5,0,,203;1148;1150;1284;1903,
721,763,0,,5,203;1207;1217;1283;1903,0,1,False,0,,0,AC,False,True,AC,,0,5,0,,203;1207;1217;1283;1903,
722,764,0,,3,87;205;1283,0,1,False,0,,0,AC,False,True,AC,,0,3,0,,87;205;1283,
723,765,0,,3,206;1149;1216,0,1,False,0,,0,AC,False,True,AC,,0,3,0,,206;1149;1216,
724,766,0,,3,1149;1283;1903,0,1,False,0,,0,AC,False,True,AC,,0,3,0,,1149;1283;1903,
725,767,0,,1,1150,0,1,False,0,,0,AC,False,True,AC,,0,1,0,,1150,
726,768,0,,4,88;1149;1903;1905,0,1,False,0,,0,AC,False,True,AC,,0,4,0,,88;1149;1903;1905,
727,769,0,,4,205;1150;1284;1907,0,1,False,0,,0,AC,False,True,AC,,0,4,0,,205;1150;1284;1907,
728,770,0,,3,205;1217;1283,0,1,False,0,,0,AC,False,True,AC,,0,3,0,,205;1217;1283,
729,771,0,,2,1150;1906,0,1,False,0,,0,AC,False,True,AC,,0,2,0,,1150;1906,
730,772,0,,0,,0,1,False,0,,0,AC,False,True,AC,,0,0,0,,,
731,773,1,UNKNOWN129920,4,1188;1206;1901;1905,0,1,False,0,,0,DC,True,True,DC,,1,7,0,UNKNOWN129920,1148;1149;1150;1188;1206;1901;1905,
732,774,0,,1,1283,0,1,False,0,,0,AC,False,True,AC,,0,1,0,,1283,
733,775,0,,2,1150;1206,0,1,False,0,,0,AC,False,True,AC,,0,2,0,,1150;1206,
734,776,0,,3,1217;1219;1906,0,1,False,0,,0,AC,False,True,AC,,0,3,0,,1217;1219;1906,
735,777,0,,3,1149;1216;1219,0,1,False,0,,0,AC,False,True,AC,,0,3,0,,1149;1216;1219,
736,778,1,FARRAGUT,1,203,0,2,False,1,1215,0,DC;DC,True,True,DC,,1,7,2,FARRAGUT,203;1215;1901;1902;1903;1904;1907,86;87
737,779,1,FARRAGUT,3,1207;1283;1907,0,2,False,2,1215;1284,2,DC;DC,True,True,DC,,3,11,2,HUDSON AVENUE;FARRAGUT;FARRAGUT,1207;1215;1283;1284;1901;1902;1903;1904;1905;1906;1907,86;87
738,780,0,,4,204;1216;1217;1903,0,1,False,0,,0,AC,False,True,AC,,0,4,0,,204;1216;1217;1903,
739,781,0,,3,87;1219;1283,0,1,False,0,,0,AC,False,True,AC,,0,3,0,,87;1219;1283,
740,782,1,UNKNOWN129920,1,1149,0,1,False,0,,0,AC,False,True,AC,,1,3,0,UNKNOWN129920,1148;1149;1150,
741,783,0,,1,203,0,1,False,0,,0,AC,False,True,AC,,0,1,0,,203,
742,784,0,,2,1149;1903,0,1,False,0,,0,AC,False,True,AC,,0,2,0,,1149;1903,
743,785,0,,3,1150;1218;1906,0,1,False,0,,0,AC,False,True,AC,,0,3,0,,1150;1218;1906,
744,786,1,FARRAGUT,2,1149;1284,0,2,False,3,1150;1215;1283,5,DC;DC,True,True,DC,,6,13,4,UNKNOWN129920;GOWANUS;HUDSON AVENUE;FARRAGUT;GOWANUS;FARRAGUT,1148;1149;1150;1215;1283;1284;1901;1902;1903;1904;1905;1906;1907,82;83;86;87
745,787,0,,1,1284,0,1,False,0,,0,AC,False,True,AC,,0,1,0,,1284,
746,788,0,,1,1217,0,1,False,0,,0,AC,False,True,AC,,0,1,0,,1217,
747,789,0,,3,88;204;1148,0,1,False,0,,0,AC,False,True,AC,,0,3,0,,88;204;1148,
748,790,0,,1,1216,0,1,False,0,,0,AC,False,True,AC,,0,1,0,,1216,
749,791,0,,3,1284;1901;1903,0,2,False,1,1902,0,AC;DC,True,True,DC,,0,4,0,,1284;1901;1902;1903,
750,792,0,,2,1283;1903,0,1,False,0,,0,AC,False,True,AC,,0,2,0,,1283;1903,
751,793,0,,2,206;1216,0,1,False,0,,0,AC,False,True,AC,,0,2,0,,206;1216,
752,794,0,,1,1284,0,1,False,0,,0,AC,False,True,AC,,0,1,0,,1284,
753,795,0,,2,1148;1189,0,1,False,0,,0,AC,False,True,AC,,0,2,0,,1148;1189,
754,796,0,,2,1206;1283,0,1,False,0,,0,AC,False,True,AC,,0,2,0,,1206;1283,
755,797,0,,1,1283,0,1,False,0,,0,AC,False,True,AC,,0,1,0,,1283,
756,798,0,,1,1150,0,1,False,0,,0,AC,False,True,AC,,0,1,0,,1150,
757,799,0,,4,87;1150;1217;1218,0,1,False,0,,0,AC,False,True,AC,,0,4,0,,87;1150;1217;1218,
758,800,1,FARRAGUT,3,88;1283;1905,0,2,False,2,1215;1284,2,DC;DC,True,True,DC,,3,11,2,HUDSON AVENUE;FARRAGUT;FARRAGUT,88;1215;1283;1284;1901;1902;1903;1904;1905;1906;1907,86;87
759,801,1,UNKNOWN129920,2,1217;1902,0,1,False,0,,0,AC,False,True,AC,,1,5,0,UNKNOWN129920,1148;1149;1150;1217;1902,
760,802,1,FARRAGUT,3,87;205;1216,0,1,False,0,,0,AC,False,True,AC,,1,5,2,FARRAGUT,87;205;1216;1905;1906,86;87
761,803,0,,2,1283;1904,0,1,False,0,,0,AC,False,True,AC,,0,2,0,,1283;1904,
762,804,0,,4,87;206;1150;1905,0,1,False,0,,0,AC,False,True,AC,,0,4,0,,87;206;1150;1905,
763,805,2,UNKNOWN129920;FARRAGUT,1,1902,2,2,False,1,1215,0,DC;DC,True,True,DC,,4,9,4,UNKNOWN129920;GOWANUS;FARRAGUT;GOWANUS,1148;1149;1150;1215;1901;1902;1903;1904;1907,82;83;86;87
764,806,0,,4,206;1189;1206;1283,0,1,False,0,,0,AC,False,True,AC,,0,4,0,,206;1189;1206;1283,
765,807,0,,3,1283;1904;1905,0,1,False,0,,0,AC,False,True,AC,,0,3,0,,1283;1904;1905,
766,808,0,,1,1906,0,1,False,0,,0,AC,False,True,AC,,0,1,0,,1906,
767,809,0,,1,88,0,1,False,0,,0,AC,False,True,AC,,0,1,0,,88,
768,810,0,,4,87;205;1150;1207,0,1,False,0,,0,AC,False,True,AC,,0,4,0,,87;205;1150;1207,
769,811,0,,4,203;204;1218;1904,0,2,False,1,1215,0,AC;AC,False,True,AC,,0,5,0,,203;204;1215;1218;1904,
770,812,0,,1,1207,0,1,False,0,,0,AC,False,True,AC,,0,1,0,,1207,
771,813,1,FARRAGUT,1,1284,0,1,False,0,,0,AC,False,True,AC,,1,3,2,FARRAGUT,1284;1905;1906,86;87
772,814,1,FARRAGUT,2,1189;1207,0,2,False,1,1215,0,DC;DC,True,True,DC,,1,8,2,FARRAGUT,1189;1207;1215;1901;1902;1903;1904;1907,86;87
773,815,0,,2,204;1906,0,1,False,0,,0,AC,False,True,AC,,0,2,0,,204;1906,
774,816,0,,6,204;205;1148;1217;1218;1284,0,1,False,0,,0,AC,False,True,AC,,0,6,0,,204;205;1148;1217;1218;1284,
775,817,1,UNKNOWN129920,2,1218;1901,0,1,False,0,,0,AC,False,True,AC,,1,5,0,UNKNOWN129920,1148;1149;1150;1218;1901,
776,818,1,UNKNOWN129920,3,1149;1189;1906,0,1,False,0,,0,DC,True,True,DC,,1,5,0,UNKNOWN129920,1148;1149;1150;1189;1906,
777,819,0,,3,203;1904;1906,0,1,False,0,,0,AC,False,True,AC,,0,3,0,,203;1904;1906,
778,820,0,,3,87;1189;1218,0,1,False,0,,0,AC,False,True,AC,,0,3,0,,87;1189;1218,
779,821,0,,2,1206;1283,0,1,False,0,,0,AC,False,True,AC,,0,2,0,,1206;1283,
780,822,0,,3,1150;1283;1284,0,1,False,0,,0,AC,False,True,AC,,0,3,0,,1150;1283;1284,
781,823,0,,5,1148;1149;1188;1906;1907,0,1,False,0,,0,AC,False,True,AC,,0,5,0,,1148;1149;1188;1906;1907,
782,824,0,,2,87;206,0,1,False,0,,0,AC,False,True,AC,,0,2,0,,87;206,
783,825,1,FARRAGUT,1,1219,0,2,False,1,1215,0,DC;DC,True,True,DC,,1,7,2,FARRAGUT,1215;1219;1901;1902;1903;1904;1907,86;87
784,826,1,FARRAGUT,4,88;1148;1217;1284,0,1,False,0,,0,AC,False,True,AC,,1,6,2,FARRAGUT,88;1148;1217;1284;1905;1906,86;87
785,827,0,,2,1904;1907,0,1,False,0,,0,AC,False,True,AC,,0,2,0,,1904;1907,
786,828,2,UNKNOWN129920;FARRAGUT,0,,0,1,False,0,,0,AC,False,True,AC,,2,5,2,UNKNOWN129920;FARRAGUT,1148;1149;1150;1905;1906,86;87
787,829,0,,0,,0,1,False,0,,0,AC,False,True,AC,,0,0,0,,,
788,830,1,FARRAGUT,3,1189;1283;1907,0,2,False,2,1215;1284,2,DC;DC,True,True,DC,,3,11,2,HUDSON AVENUE;FARRAGUT;FARRAGUT,1189;1215;1283;1284;1901;1902;1903;1904;1905;1906;1907,86;87
789,831,1,FARRAGUT,2,1206;1906,0,1,False,0,,0,AC,False,True,AC,,1,3,2,FARRAGUT,1206;1905;1906,86;87
790,832,1,FARRAGUT,3,1218;1905;1906,1,2,False,1,1215,0,DC;DC,True,True,DC,,2,9,2,FARRAGUT;FARRAGUT,1215;1218;1901;1902;1903;1904;1905;1906;1907,86;87
791,833,0,,4,1148;1206;1283;1906,0,1,False,0,,0,AC,False,True,AC,,0,4,0,,1148;1206;1283;1906,
792,834,0,,4,87;1188;1217;1283,0,1,False,0,,0,AC,False,True,AC,,0,4,0,,87;1188;1217;1283,
793,835,0,,2,1206;1216,0,1,False,0,,0,AC,False,True,AC,,0,2,0,,1206;1216,
794,836,0,,1,1217,0,1,False,0,,0,AC,False,True,AC,,0,1,0,,1217,
795,837,1,FARRAGUT,2,203;1903,0,2,False,1,1215,0,DC;DC,True,True,DC,,1,7,2,FARRAGUT,203;1215;1901;1902;1903;1904;1907,86;87
796,838,1,FARRAGUT,1,1219,0,2,False,1,1215,0,DC;DC,True,True,DC,,1,7,2,FARRAGUT,1215;1219;1901;1902;1903;1904;1907,86;87
797,839,1,FARRAGUT,2,1217;1903,0,2,False,1,1215,0,DC;DC,True,True,DC,,1,7,2,FARRAGUT,1215;1217;1901;1902;1903;1904;1907,86;87
798,840,0,,3,1148;1188;1218,0,1,False,0,,0,AC,False,True,AC,,0,3,0,,1148;1188;1218,
799,841,0,,3,204;1216;1905,0,1,False,0,,0,AC,False,True,AC,,0,3,0,,204;1216;1905,
800,842,0,,2,88;204,0,1,False,0,,0,AC,False,True,AC,,0,2,0,,88;204,
801,843,1,FARRAGUT,2,206;1902,0,2,False,1,1901,0,AC;DC,True,True,DC,,1,5,2,FARRAGUT,206;1901;1902;1905;1906,86;87
802,844,1,FARRAGUT,2,1905;1906,1,2,False,1,1215,0,DC;DC,True,True,DC,,2,8,2,FARRAGUT;FARRAGUT,1215;1901;1902;1903;1904;1905;1906;1907,86;87
803,845,0,,3,87;1149;1283,0,1,False,0,,0,AC,False,True,AC,,0,3,0,,87;1149;1283,
804,846,0,,2,1207;1905,0,1,False,0,,0,AC,False,True,AC,,0,2,0,,1207;1905,
805,847,1,FARRAGUT,2,1150;1902,0,3,False,2,1149;1901,3,AC;DC;DC,True,True,DC,,4,7,4,UNKNOWN129920;GOWANUS;GOWANUS;FARRAGUT,1148;1149;1150;1901;1902;1905;1906,82;83;86;87
806,848,1,FARRAGUT,4,88;204;1148;1902,0,1,False,0,,0,AC,False,True,AC,,1,6,2,FARRAGUT,88;204;1148;1902;1905;1906,86;87
807,849,0,,5,87;203;1219;1903;1904,0,1,False,0,,0,AC,False,True,AC,,0,5,0,,87;203;1219;1903;1904,
808,850,0,,1,1149,0,1,False,0,,0,AC,False,True,AC,,0,1,0,,1149,
809,851,0,,2,1218;1902,0,2,False,1,1901,0,AC;DC,True,True,DC,,0,3,0,,1218;1901;1902,
810,852,0,,2,204;1148,0,1,False,0,,0,AC,False,True,AC,,0,2,0,,204;1148,
811,853,0,,4,87;88;1148;1284,0,2,False,1,1215,2,AC;AC,False,True,AC,,2,5,1,UNKNOWN124169;UNKNOWN124169,87;88;1148;1215;1284,3
812,854,1,FARRAGUT,2,206;1207,0,1,False,0,,0,AC,False,True,AC,,1,4,2,FARRAGUT,206;1207;1905;1906,86;87
813,855,0,,2,205;1216,0,1,False,0,,0,AC,False,True,AC,,0,2,0,,205;1216,
814,856,1,FARRAGUT,2,1189;1219,0,2,False,1,1215,0,DC;DC,True,True,DC,,1,8,2,FARRAGUT,1189;1215;1219;1901;1902;1903;1904;1907,86;87
815,857,0,,4,204;1150;1283;1906,0,1,False,0,,0,AC,False,True,AC,,0,4,0,,204;1150;1283;1906,
816,858,0,,1,1217,0,1,False,0,,0,AC,False,True,AC,,0,1,0,,1217,
817,859,1,UNKNOWN129920,1,204,0,1,False,0,,0,AC,False,True,AC,,1,4,0,UNKNOWN129920,204;1148;1149;1150,
818,860,0,,6,204;206;1149;1150;1284;1901,0,2,False,1,1902,3,AC;DC,True,True,DC,,3,8,2,UNKNOWN129920;GOWANUS;GOWANUS,204;206;1148;1149;1150;1284;1901;1902,82;83
819,861,1,FARRAGUT,4,204;1206;1217;1284,0,1,False,0,,0,AC,False,True,AC,,1,6,2,FARRAGUT,204;1206;1217;1284;1905;1906,86;87
820,862,0,,3,88;1150;1218,0,1,False,0,,0,AC,False,True,AC,,0,3,0,,88;1150;1218,
821,863,0,,0,,0,1,False,0,,0,AC,False,True,AC,,0,0,0,,,
822,864,0,,0,,0,1,False,0,,0,AC,False,True,AC,,0,0,0,,,
823,865,0,,1,1148,0,1,False,0,,0,AC,False,True,AC,,0,1,0,,1148,
824,866,0,,2,88;1217,0,1,False,0,,0,AC,False,True,AC,,0,2,0,,88;1217,
825,867,0,,1,1284,0,1,False,0,,0,AC,False,True,AC,,0,1,0,,1284,
826,868,0,,1,1218,0,1,False,0,,0,AC,False,True,AC,,0,1,0,,1218,
827,869,0,,5,87;206;1148;1218;1283,0,1,False,0,,0,AC,False,True,AC,,0,5,0,,87;206;1148;1218;1283,
828,870,2,UNKNOWN129920;FARRAGUT,3,87;1150;1906,2,2,False,1,1215,0,DC;DC,True,True,DC,,4,11,4,UNKNOWN129920;GOWANUS;FARRAGUT;GOWANUS,87;1148;1149;1150;1215;1901;1902;1903;1904;1906;1907,82;83;86;87
829,871,1,UNKNOWN129920,5,88;206;1217;1903;1905,0,1,False,0,,0,AC,False,True,AC,,1,8,0,UNKNOWN129920,88;206;1148;1149;1150;1217;1903;1905,
830,872,1,FARRAGUT,2,205;1206,0,2,False,1,1215,0,DC;DC,True,True,DC,,1,8,2,FARRAGUT,205;1206;1215;1901;1902;1903;1904;1907,86;87
831,873,1,FARRAGUT,0,,0,2,False,1,1215,0,DC;DC,True,True,DC,,1,6,2,FARRAGUT,1215;1901;1902;1903;1904;1907,86;87
832,874,0,,2,87;1906,0,1,False,0,,0,AC,False,True,AC,,0,2,0,,87;1906,
833,875,0,,0,,0,1,False,0,,0,AC,False,True,AC,,0,0,0,,,
834,876,0,,3,1216;1217;1907,0,1,False,0,,0,AC,False,True,AC,,0,3,0,,1216;1217;1907,
835,877,1,FARRAGUT,3,1206;1216;1902,0,2,False,1,1901,0,AC;DC,True,True,DC,,1,6,2,FARRAGUT,1206;1216;1901;1902;1905;1906,86;87
836,878,1,FARRAGUT,5,88;1218;1219;1284;1907,0,5,False,6,1116;1117;1118;1200;1215;2219,0,AC;AC;AC;AC;AC,False,True,AC,,1,13,2,FARRAGUT,88;1116;1117;1118;1200;1215;1218;1219;1284;1905;1906;1907;2219,86;87
837,879,0,,2,87;1904,0,1,False,0,,0,AC,False,True,AC,,0,2,0,,87;1904,
838,880,0,,1,1189,0,1,False,0,,0,AC,False,True,AC,,0,1,0,,1189,
839,881,0,,1,1901,0,2,False,1,1902,0,AC;DC,True,True,DC,,0,2,0,,1901;1902,
840,882,1,FARRAGUT,1,1902,0,2,False,1,1215,0,DC;DC,True,True,DC,,1,6,2,FARRAGUT,1215;1901;1902;1903;1904;1907,86;87
841,883,0,,7,87;1148;1150;1206;1217;1218;1284,0,1,False,0,,0,AC,False,True,AC,,0,7,0,,87;1148;1150;1206;1217;1218;1284,
842,884,0,,1,1903,0,1,False,0,,0,AC,False,True,AC,,0,1,0,,1903,
843,885,0,,3,1218;1284;1906,0,1,False,0,,0,AC,False,True,AC,,0,3,0,,1218;1284;1906,
844,886,1,FARRAGUT,4,204;206;1207;1217,0,2,False,1,1215,0,DC;DC,True,True,DC,,1,10,2,FARRAGUT,204;206;1207;1215;1217;1901;1902;1903;1904;1907,86;87
845,887,0,,5,1150;1207;1217;1283;1902,0,3,False,2,1149;1901,3,AC;DC;DC,True,True,DC,,3,8,2,UNKNOWN129920;GOWANUS;GOWANUS,1148;1149;1150;1207;1217;1283;1901;1902,82;83
846,888,2,FARRAGUT;FARRAGUT,3,1150;1904;1905,0,2,False,2,1149;1215,3,DC;DC,True,True,DC,,5,11,4,UNKNOWN129920;GOWANUS;FARRAGUT;GOWANUS;FARRAGUT,1148;1149;1150;1215;1901;1902;1903;1904;1905;1906;1907,82;83;86;87
847,889,0,,2,1150;1188,0,1,False,0,,0,AC,False,True,AC,,0,2,0,,1150;1188,
848,890,0,,5,1149;1902;1905;1906;1907,0,3,False,3,1150;1215;1901,3,AC;DC;DC,True,True,DC,,3,9,2,UNKNOWN129920;GOWANUS;GOWANUS,1148;1149;1150;1215;1901;1902;1905;1906;1907,82;83
849,891,1,FARRAGUT,3,1189;1216;1283,0,1,False,0,,0,AC,False,True,AC,,1,5,2,FARRAGUT,1189;1216;1283;1905;1906,86;87
850,892,1,FARRAGUT,2,1216;1905,0,1,False,0,,0,AC,False,True,AC,,1,3,2,FARRAGUT,1216;1905;1906,86;87
851,893,0,,3,1206;1283;1903,0,1,False,0,,0,AC,False,True,AC,,0,3,0,,1206;1283;1903,
852,894,1,UNKNOWN129920,2,1284;1903,0,1,False,0,,0,AC,False,True,AC,,1,5,0,UNKNOWN129920,1148;1149;1150;1284;1903,
853,895,0,,5,204;206;1148;1149;1188,0,1,False,0,,0,AC,False,True,AC,,0,5,0,,204;206;1148;1149;1188,
854,896,0,,3,203;1148;1219,0,1,False,0,,0,AC,False,True,AC,,0,3,0,,203;1148;1219,
855,897,0,,4,1148;1188;1217;1901,0,1,False,0,,0,AC,False,True,AC,,0,4,0,,1148;1188;1217;1901,
856,898,1,FARRAGUT,3,1188;1216;1217,0,5,False,18,53;54;1144;1145;1146;1147;1215;1218;1219;1271;1274;1275;1278;1279;1280;1281;1282;2226,11,DC;DC;DC;DC;DC,True,True,DC,,12,39,3,UNKNOWN129913;CORONA;TAP135492;TAP135493;FAR ROCKAWAY;HEWLETT;WOODMERE;JAMAICA;HUDSON AVENUE;FARRAGUT;JAMAICA;FARRAGUT,53;54;1144;1145;1146;1147;1188;1212;1213;1214;1215;1216;1217;1218;1219;1269;1270;1271;1272;1273;1274;1275;1276;1277;1278;1279;1280;1281;1282;1283;1284;1901;1902;1903;1904;1905;1906;1907;2226,54;86;87
857,899,0,,3,205;1150;1907,0,1,False,0,,0,AC,False,True,AC,,0,3,0,,205;1150;1907,
858,900,2,UNKNOWN129920;FARRAGUT,2,1188;1906,2,2,False,1,1215,0,DC;DC,True,True,DC,,4,11,4,UNKNOWN129920;GOWANUS;FARRAGUT;GOWANUS,1148;1149;1150;1188;1215;1901;1902;1903;1904;1906;1907,82;83;86;87
859,901,0,,2,205;1283,0,1,False,0,,0,AC,False,True,AC,,0,2,0,,205;1283,
860,902,0,,1,1189,0,1,False,0,,0,AC,False,True,AC,,0,1,0,,1189,
861,903,0,,1,204,0,1,False,0,,0,AC,False,True,AC,,0,1,0,,204,
862,904,0,,4,203;1148;1216;1904,0,1,False,0,,0,AC,False,True,AC,,0,4,0,,203;1148;1216;1904,
863,905,0,,2,87;1218,0,1,False,0,,0,AC,False,True,AC,,0,2,0,,87;1218,
864,906,1,FARRAGUT,1,88,0,2,False,1,1215,0,DC;DC,True,True,DC,,1,7,2,FARRAGUT,88;1215;1901;1902;1903;1904;1907,86;87
865,907,1,FARRAGUT,6,1149;1216;1217;1218;1219;1901,0,4,False,17,53;54;1144;1145;1146;1147;1150;1215;1271;1274;1275;1278;1279;1280;1281;1282;2226,14,DC;DC;DC;AC,True,True,AC,,15,41,5,UNKNOWN129913;UNKNOWN129920;CORONA;TAP135492;TAP135493;FAR ROCKAWAY;HEWLETT;WOODMERE;JAMAICA;GOWANUS;HUDSON AVENUE;FARRAGUT;JAMAICA;GOWANUS;FARRAGUT,53;54;1144;1145;1146;1147;1148;1149;1150;1212;1213;1214;1215;1216;1217;1218;1219;1269;1270;1271;1272;1273;1274;1275;1276;1277;1278;1279;1280;1281;1282;1283;1284;1901;1902;1903;1904;1905;1906;1907;2226,54;82;83;86;87
866,908,0,,3,88;1188;1907,0,1,False,0,,0,AC,False,True,AC,,0,3,0,,88;1188;1907,
867,909,0,,1,1188,0,1,False,0,,0,AC,False,True,AC,,0,1,0,,1188,
868,910,1,FARRAGUT,3,1219;1283;1905,0,1,False,0,,0,AC,False,True,AC,,1,4,2,FARRAGUT,1219;1283;1905;1906,86;87
869,911,0,,3,204;1150;1218,0,1,False,0,,0,AC,False,True,AC,,0,3,0,,204;1150;1218,
870,912,0,,2,88;1901,0,2,False,1,1902,0,AC;DC,True,True,DC,,0,3,0,,88;1901;1902,
871,913,1,FARRAGUT,1,1284,0,1,False,0,,0,AC,False,True,AC,,1,3,2,FARRAGUT,1284;1905;1906,86;87
872,914,1,FARRAGUT,4,204;1150;1206;1216,0,2,False,2,1149;1215,3,DC;DC,True,True,DC,,4,12,4,UNKNOWN129920;GOWANUS;FARRAGUT;GOWANUS,204;1148;1149;1150;1206;1215;1216;1901;1902;1903;1904;1907,82;83;86;87
873,915,0,,2,1189;1902,0,2,False,1,1901,0,AC;DC,True,True,DC,,0,3,0,,1189;1901;1902,
874,916,0,,2,1207;1284,0,1,False,0,,0,AC,False,True,AC,,0,2,0,,1207;1284,
875,917,0,,0,,0,1,False,0,,0,AC,False,True,AC,,0,0,0,,,
876,918,1,FARRAGUT,1,1217,0,2,False,1,1215,0,DC;DC,True,True,DC,,1,7,2,FARRAGUT,1215;1217;1901;1902;1903;1904;1907,86;87
877,919,0,,1,1283,0,1,False,0,,0,AC,False,True,AC,,0,1,0,,1283,
878,920,0,,2,1219;1907,0,1,False,0,,0,AC,False,True,AC,,0,2,0,,1219;1907,
879,921,0,,2,87;1188,0,1,False,0,,0,AC,False,True,AC,,0,2,0,,87;1188,
880,922,1,FARRAGUT,2,203;1906,0,2,False,1,1215,0,DC;DC,True,True,DC,,1,8,2,FARRAGUT,203;1215;1901;1902;1903;1904;1906;1907,86;87
881,923,0,,3,1206;1217;1218,0,1,False,0,,0,AC,False,True,AC,,0,3,0,,1206;1217;1218,
882,924,1,FARRAGUT,3,203;1150;1207,0,1,False,0,,0,AC,False,True,AC,,1,5,2,FARRAGUT,203;1150;1207;1905;1906,86;87
883,925,0,,1,1907,0,1,False,0,,0,AC,False,True,AC,,0,1,0,,1907,
884,926,1,FARRAGUT,5,88;204;1206;1216;1901,0,2,False,1,1902,0,AC;DC,True,True,DC,,1,8,2,FARRAGUT,88;204;1206;1216;1901;1902;1905;1906,86;87
885,927,1,FARRAGUT,2,1207;1219,0,2,False,1,1215,0,DC;DC,True,True,DC,,1,8,2,FARRAGUT,1207;1215;1219;1901;1902;1903;1904;1907,86;87
886,928,1,FARRAGUT,2,1218;1283,0,1,False,0,,0,AC,False,True,AC,,1,4,2,FARRAGUT,1218;1283;1905;1906,86;87
887,929,0,,1,204,0,1,False,0,,0,AC,False,True,AC,,0,1,0,,204,
888,930,0,,2,206;1219,0,1,False,0,,0,AC,False,True,AC,,0,2,0,,206;1219,
889,931,0,,3,88;1218;1284,0,1,False,0,,0,AC,False,True,AC,,0,3,0,,88;1218;1284,
890,932,0,,1,1283,0,1,False,0,,0,AC,False,True,AC,,0,1,0,,1283,
891,933,1,UNKNOWN129920,2,1189;1907,0,1,False,0,,0,DC,True,True,DC,,1,5,0,UNKNOWN129920,1148;1149;1150;1189;1907,
892,934,0,,4,204;1189;1284;1906,0,1,False,0,,0,AC,False,True,AC,,0,4,0,,204;1189;1284;1906,
893,935,0,,1,205,0,1,False,0,,0,AC,False,True,AC,,0,1,0,,205,
894,936,0,,3,206;1284;1906,0,1,False,0,,0,AC,False,True,AC,,0,3,0,,206;1284;1906,
895,937,0,,4,88;1217;1219;1907,0,1,False,0,,0,AC,False,True,AC,,0,4,0,,88;1217;1219;1907,
896,938,0,,3,88;1219;1905,0,1,False,0,,0,AC,False,True,AC,,0,3,0,,88;1219;1905,
897,939,0,,3,205;1188;1283,0,1,False,0,,0,AC,False,True,AC,,0,3,0,,205;1188;1283,
898,940,0,,3,204;1189;1206,0,1,False,0,,0,AC,False,True,AC,,0,3,0,,204;1189;1206,
899,941,0,,3,88;1284;1901,0,2,False,1,1902,0,AC;DC,True,True,DC,,0,4,0,,88;1284;1901;1902,
900,942,0,,1,204,0,1,False,0,,0,AC,False,True,AC,,0,1,0,,204,
901,943,0,,2,206;1904,0,1,False,0,,0,AC,False,True,AC,,0,2,0,,206;1904,
902,944,0,,5,1206;1216;1284;1904;1905,0,1,False,0,,0,AC,False,True,AC,,0,5,0,,1206;1216;1284;1904;1905,
903,945,1,FARRAGUT,0,,0,1,False,0,,0,AC,False,True,AC,,1,2,2,FARRAGUT,1905;1906,86;87
904,946,1,FARRAGUT,2,87;1906,0,1,False,0,,0,AC,False,True,AC,,1,3,2,FARRAGUT,87;1905;1906,86;87
905,947,0,,2,1283;1902,0,2,False,1,1901,0,AC;DC,True,True,DC,,0,3,0,,1283;1901;1902,
906,948,1,FARRAGUT,1,1903,0,1,False,0,,0,AC,False,True,AC,,1,3,2,FARRAGUT,1903;1905;1906,86;87
907,949,1,FARRAGUT,2,205;1218,0,2,False,1,1215,0,DC;DC,True,True,DC,,1,8,2,FARRAGUT,205;1215;1218;1901;1902;1903;1904;1907,86;87
908,950,1,FARRAGUT,2,204;1907,0,2,False,1,1215,0,DC;DC,True,True,DC,,1,7,2,FARRAGUT,204;1215;1901;1902;1903;1904;1907,86;87
909,951,0,,5,203;206;1216;1283;1907,0,1,False,0,,0,AC,False,True,AC,,0,5,0,,203;206;1216;1283;1907,
910,952,0,,3,87;1189;1904,0,1,False,0,,0,AC,False,True,AC,,0,3,0,,87;1189;1904,
911,953,0,,3,1149;1189;1283,0,1,False,0,,0,AC,False,True,AC,,0,3,0,,1149;1189;1283,
912,954,0,,1,1148,0,1,False,0,,0,AC,False,True,AC,,0,1,0,,1148,
913,955,0,,3,203;1283;1904,0,1,False,0,,0,AC,False,True,AC,,0,3,0,,203;1283;1904,
914,956,0,,2,1148;1188,0,1,False,0,,0,AC,False,True,AC,,0,2,0,,1148;1188,
915,957,0,,5,1148;1149;1219;1283;1903,0,1,False,0,,0,AC,False,True,AC,,0,5,0,,1148;1149;1219;1283;1903,
916,958,0,,1,1284,0,1,False,0,,0,AC,False,True,AC,,0,1,0,,1284,
917,959,0,,2,1207;1901,0,2,False,1,1902,0,AC;DC,True,True,DC,,0,3,0,,1207;1901;1902,
918,960,1,UNKNOWN129920,4,87;88;1901;1906,0,2,False,1,1215,2,AC;DC,True,True,DC,,3,8,1,UNKNOWN124169;UNKNOWN129920;UNKNOWN124169,87;88;1148;1149;1150;1215;1901;1906,3
919,961,1,FARRAGUT,3,204;206;1907,0,2,False,1,1215,0,DC;DC,True,True,DC,,1,8,2,FARRAGUT,204;206;1215;1901;1902;1903;1904;1907,86;87
920,962,0,,3,1148;1217;1904,0,1,False,0,,0,AC,False,True,AC,,0,3,0,,1148;1217;1904,
921,963,0,,2,204;1901,0,2,False,1,1902,0,AC;DC,True,True,DC,,0,3,0,,204;1901;1902,
922,964,1,FARRAGUT,2,1206;1218,0,1,False,0,,0,AC,False,True,AC,,1,4,2,FARRAGUT,1206;1218;1905;1906,86;87
923,965,1,UNKNOWN129920,4,205;1901;1905;1906,0,1,False,0,,0,AC,False,True,AC,,1,7,0,UNKNOWN129920,205;1148;1149;1150;1901;1905;1906,
924,966,0,,2,1206;1283,0,1,False,0,,0,AC,False,True,AC,,0,2,0,,1206;1283,
925,967,0,,4,1149;1216;1901;1904,0,3,False,2,1150;1902,3,AC;DC;DC,True,True,DC,,3,7,2,UNKNOWN129920;GOWANUS;GOWANUS,1148;1149;1150;1216;1901;1902;1904,82;83
926,968,0,,3,1217;1902;1906,0,2,False,1,1901,0,AC;DC,True,True,DC,,0,4,0,,1217;1901;1902;1906,
927,969,0,,2,1284;1903,0,1,False,0,,0,AC,False,True,AC,,0,2,0,,1284;1903,
928,970,1,FARRAGUT,2,1283;1904,0,1,False,0,,0,AC,False,True,AC,,1,4,2,FARRAGUT,1283;1904;1905;1906,86;87
929,971,0,,3,204;1150;1904,0,1,False,0,,0,AC,False,True,AC,,0,3,0,,204;1150;1904,
930,972,0,,2,206;1206,0,1,False,0,,0,AC,False,True,AC,,0,2,0,,206;1206,
931,973,1,FARRAGUT,1,1217,0,2,False,1,1215,0,DC;DC,True,True,DC,,1,7,2,FARRAGUT,1215;1217;1901;1902;1903;1904;1907,86;87
932,974,0,,2,206;1150,0,1,False,0,,0,AC,False,True,AC,,0,2,0,,206;1150,
933,975,0,,2,1219;1283,0,1,False,0,,0,AC,False,True,AC,,0,2,0,,1219;1283,
934,976,0,,3,204;1206;1284,0,1,False,0,,0,AC,False,True,AC,,0,3,0,,204;1206;1284,
935,977,0,,1,1189,0,1,False,0,,0,AC,False,True,AC,,0,1,0,,1189,
936,978,0,,3,88;1284;1903,0,1,False,0,,0,AC,False,True,AC,,0,3,0,,88;1284;1903,
937,979,0,,3,203;1206;1216,0,1,False,0,,0,AC,False,True,AC,,0,3,0,,203;1206;1216,
938,980,0,,1,1217,0,1,False,0,,0,AC,False,True,AC,,0,1,0,,1217,
939,981,0,,2,88;1218,0,1,False,0,,0,AC,False,True,AC,,0,2,0,,88;1218,
940,982,0,,0,,0,1,False,0,,0,AC,False,True,AC,,0,0,0,,,
941,983,0,,3,206;1206;1283,0,1,False,0,,0,AC,False,True,AC,,0,3,0,,206;1206;1283,
942,984,0,,0,,0,1,False,0,,0,AC,False,True,AC,,0,0,0,,,
943,985,1,FARRAGUT,3,205;1150;1219,0,2,False,2,1149;1215,3,DC;DC,True,True,DC,,4,11,4,UNKNOWN129920;GOWANUS;FARRAGUT;GOWANUS,205;1148;1149;1150;1215;1219;1901;1902;1903;1904;1907,82;83;86;87
944,986,1,UNKNOWN129920,1,87,0,1,False,0,,0,AC,False,True,AC,,1,4,0,UNKNOWN129920,87;1148;1149;1150,
945,987,0,,2,1207;1219,0,1,False,0,,0,AC,False,True,AC,,0,2,0,,1207;1219,
946,988,0,,3,1904;1906;1907,0,1,False,0,,0,AC,False,True,AC,,0,3,0,,1904;1906;1907,
947,989,0,,3,1148;1149;1907,0,1,False,0,,0,AC,False,True,AC,,0,3,0,,1148;1149;1907,
948,990,1,FARRAGUT,2,1216;1219,0,1,False,0,,0,AC,False,True,AC,,1,4,2,FARRAGUT,1216;1219;1905;1906,86;87
949,991,0,,1,1216,0,1,False,0,,0,AC,False,True,AC,,0,1,0,,1216,
950,992,0,,3,204;1189;1284,0,1,False,0,,0,AC,False,True,AC,,0,3,0,,204;1189;1284,
951,993,0,,2,205;1207,0,1,False,0,,0,AC,False,True,AC,,0,2,0,,205;1207,
952,994,0,,4,1216;1219;1284;1907,0,1,False,0,,0,AC,False,True,AC,,0,4,0,,1216;1219;1284;1907,
953,995,0,,2,1218;1283,0,1,False,0,,0,AC,False,True,AC,,0,2,0,,1218;1283,
954,996,0,,3,88;206;1907,0,1,False,0,,0,AC,False,True,AC,,0,3,0,,88;206;1907,
955,997,0,,1,1219,0,1,False,0,,0,AC,False,True,AC,,0,1,0,,1219,
956,998,0,,2,1283;1906,0,1,False,0,,0,AC,False,True,AC,,0,2,0,,1283;1906,
957,999,0,,1,1216,0,1,False,0,,0,AC,False,True,AC,,0,1,0,,1216,
958,1000,0,,1,1903,0,1,False,0,,0,AC,False,True,AC,,0,1,0,,1903,
959,1001,1,FARRAGUT,3,88;1218;1906,0,2,False,1,1215,0,DC;DC,True,True,DC,,1,9,2,FARRAGUT,88;1215;1218;1901;1902;1903;1904;1906;1907,86;87
960,1002,0,,5,1207;1216;1902;1903;1905,0,2,False,1,1901,0,AC;DC,True,True,DC,,0,6,0,,1207;1216;1901;1902;1903;1905,
961,1003,0,,0,,0,1,False,0,,0,AC,False,True,AC,,0,0,0,,,
962,1004,2,UNKNOWN129920;FARRAGUT,2,1188;1903,2,2,False,1,1215,0,DC;DC,True,True,DC,,4,10,4,UNKNOWN129920;GOWANUS;FARRAGUT;GOWANUS,1148;1149;1150;1188;1215;1901;1902;1903;1904;1907,82;83;86;87
963,1005,1,UNKNOWN129920,2,1284;1903,0,1,False,0,,0,AC,False,True,AC,,1,5,0,UNKNOWN129920,1148;1149;1150;1284;1903,
964,1006,0,,4,1207;1283;1905;1907,0,1,False,0,,0,AC,False,True,AC,,0,4,0,,1207;1283;1905;1907,
965,1007,1,UNKNOWN129920,1,1148,0,1,False,0,,0,AC,False,True,AC,,1,3,0,UNKNOWN129920,1148;1149;1150,
966,1008,0,,2,205;1905,0,1,False,0,,0,AC,False,True,AC,,0,2,0,,205;1905,
967,1009,2,UNKNOWN129920;FARRAGUT,3,206;1150;1283,0,1,False,0,,0,AC,False,True,AC,,2,7,2,UNKNOWN129920;FARRAGUT,206;1148;1149;1150;1283;1905;1906,86;87
968,1010,0,,4,1188;1217;1902;1907,0,3,False,2,1215;1901,0,AC;DC;DC,True,True,DC,,0,6,0,,1188;1215;1217;1901;1902;1907,
969,1011,0,,6,87;88;1149;1206;1283;1905,0,2,False,1,1215,2,AC;AC,False,True,AC,,2,7,1,UNKNOWN124169;UNKNOWN124169,87;88;1149;1206;1215;1283;1905,3
970,1012,0,,0,,0,1,False,0,,0,AC,False,True,AC,,0,0,0,,,
971,1013,1,FARRAGUT,1,1150,0,2,False,2,1149;1215,3,DC;DC,True,True,DC,,4,9,4,UNKNOWN129920;GOWANUS;FARRAGUT;GOWANUS,1148;1149;1150;1215;1901;1902;1903;1904;1907,82;83;86;87
972,1014,0,,1,1905,0,1,False,0,,0,AC,False,True,AC,,0,1,0,,1905,
973,1015,0,,2,87;88,0,2,False,1,1215,2,AC;AC,False,True,AC,,2,3,1,UNKNOWN124169;UNKNOWN124169,87;88;1215,3
974,1016,0,,3,1150;1284;1902,0,3,False,2,1149;1901,3,AC;DC;DC,True,True,DC,,3,6,2,UNKNOWN129920;GOWANUS;GOWANUS,1148;1149;1150;1284;1901;1902,82;83
975,1017,0,,5,88;1217;1218;1901;1906,0,2,False,1,1902,0,AC;DC,True,True,DC,,0,6,0,,88;1217;1218;1901;1902;1906,
976,1018,0,,2,1216;1217,0,1,False,0,,0,AC,False,True,AC,,0,2,0,,1216;1217,
977,1019,0,,1,1217,0,1,False,0,,0,AC,False,True,AC,,0,1,0,,1217,
978,1020,1,FARRAGUT,2,88;1188,0,1,False,0,,0,AC,False,True,AC,,1,4,2,FARRAGUT,88;1188;1905;1906,86;87
979,1021,1,FARRAGUT,4,87;1150;1219;1284,0,2,False,3,1149;1215;1283,5,DC;DC,True,True,DC,,6,15,4,UNKNOWN129920;GOWANUS;HUDSON AVENUE;FARRAGUT;GOWANUS;FARRAGUT,87;1148;1149;1150;1215;1219;1283;1284;1901;1902;1903;1904;1905;1906;1907,82;83;86;87
980,1022,1,UNKNOWN129920,1,1283,0,1,False,0,,0,AC,False,True,AC,,1,4,0,UNKNOWN129920,1148;1149;1150;1283,
981,1023,0,,3,204;1901;1906,0,2,False,1,1902,0,AC;DC,True,True,DC,,0,4,0,,204;1901;1902;1906,
982,1024,0,,2,203;1284,0,1,False,0,,0,AC,False,True,AC,,0,2,0,,203;1284,
983,1025,0,,4,205;1216;1219;1903,0,1,False,0,,0,AC,False,True,AC,,0,4,0,,205;1216;1219;1903,
984,1026,0,,3,87;1901;1902,0,1,False,0,,0,DC,True,True,DC,,0,3,0,,87;1901;1902,
985,1027,1,UNKNOWN129920,6,87;206;1901;1903;1904;1907,0,1,False,0,,0,AC,False,True,AC,,1,9,0,UNKNOWN129920,87;206;1148;1149;1150;1901;1903;1904;1907,
986,1028,0,,1,1219,0,1,False,0,,0,AC,False,True,AC,,0,1,0,,1219,
987,1029,1,FARRAGUT,1,1206,0,1,False,0,,0,AC,False,True,AC,,1,3,2,FARRAGUT,1206;1905;1906,86;87
988,1030,1,FARRAGUT,2,205;206,0,2,False,1,1215,0,DC;DC,True,True,DC,,1,8,2,FARRAGUT,205;206;1215;1901;1902;1903;1904;1907,86;87
989,1031,0,,4,204;1148;1206;1218,0,1,False,0,,0,AC,False,True,AC,,0,4,0,,204;1148;1206;1218,
990,1032,0,,4,204;1188;1218;1283,0,1,False,0,,0,AC,False,True,AC,,0,4,0,,204;1188;1218;1283,
991,1033,0,,2,1206;1283,0,1,False,0,,0,AC,False,True,AC,,0,2,0,,1206;1283,
992,1034,1,FARRAGUT,2,204;1284,0,1,False,0,,0,AC,False,True,AC,,1,4,2,FARRAGUT,204;1284;1905;1906,86;87
993,1035,0,,2,203;1206,0,1,False,0,,0,AC,False,True,AC,,0,2,0,,203;1206,
994,1036,0,,5,87;1206;1217;1905;1906,0,1,False,0,,0,AC,False,True,AC,,0,5,0,,87;1206;1217;1905;1906,
995,1037,0,,1,1902,0,2,False,1,1901,0,AC;DC,True,True,DC,,0,2,0,,1901;1902,
996,1038,1,FARRAGUT,2,1903;1904,0,2,False,1,1215,0,DC;DC,True,True,DC,,1,6,2,FARRAGUT,1215;1901;1902;1903;1904;1907,86;87
997,1039,0,,1,1284,0,1,False,0,,0,AC,False,True,AC,,0,1,0,,1284,
998,1040,0,,2,1206;1207,0,1,False,0,,0,AC,False,True,AC,,0,2,0,,1206;1207,
999,1041,0,,2,1284;1901,0,2,False,1,1902,0,AC;DC,True,True,DC,,0,3,0,,1284;1901;1902,
