{
"type": "FeatureCollection",
"name": "gas_stations_nyc",
"crs": { "type": "name", "properties": { "name": "urn:ogc:def:crs:OGC:1.3:CRS84" } },
"features": [
{ "type": "Feature", "properties": { "name": "Nassau Expy", "lat": 40.613858396009029, "lon": -73.743567624527827, "brand": "", "operator": "", "source": "nys_mapserver", "type": "GAS_STATION", "external": false }, "geometry": { "type": "Point", "coordinates": [ -73.743567624527827, 40.613858396009029 ] } },
{ "type": "Feature", "properties": { "name": "Peninsula Blvd", "lat": 40.641739276957274, "lon": -73.709511838207234, "brand": "", "operator": "", "source": "nys_mapserver", "type": "GAS_STATION", "external": false }, "geometry": { "type": "Point", "coordinates": [ -73.709511838207234, 40.641739276957274 ] } },
{ "type": "Feature", "properties": { "name": "Peninsula Blvd", "lat": 40.632651785377028, "lon": -73.724265315110117, "brand": "", "operator": "", "source": "nys_mapserver", "type": "GAS_STATION", "external": false }, "geometry": { "type": "Point", "coordinates": [ -73.724265315110117, 40.632651785377028 ] } },
{ "type": "Feature", "properties": { "name": "Peninsula Blvd", "lat": 40.631104274832154, "lon": -73.728895874952499, "brand": "", "operator": "", "source": "nys_mapserver", "type": "GAS_STATION", "external": false }, "geometry": { "type": "Point", "coordinates": [ -73.728895874952499, 40.631104274832154 ] } },
{ "type": "Feature", "properties": { "name": "Peninsula Blvd", "lat": 40.643490771186016, "lon": -73.704722998978795, "brand": "", "operator": "", "source": "nys_mapserver", "type": "GAS_STATION", "external": false }, "geometry": { "type": "Point", "coordinates": [ -73.704722998978795, 40.643490771186016 ] } },
{ "type": "Feature", "properties": { "name": "Nassau Expy", "lat": 40.598625729949873, "lon": -73.736718868875599, "brand": "", "operator": "", "source": "nys_mapserver", "type": "GAS_STATION", "external": false }, "geometry": { "type": "Point", "coordinates": [ -73.736718868875599, 40.598625729949873 ] } },
{ "type": "Feature", "properties": { "name": "Nassau Expy", "lat": 40.618055301653349, "lon": -73.74132155853637, "brand": "", "operator": "", "source": "nys_mapserver", "type": "GAS_STATION", "external": false }, "geometry": { "type": "Point", "coordinates": [ -73.74132155853637, 40.618055301653349 ] } },
{ "type": "Feature", "properties": { "name": "Peninsula Blvd", "lat": 40.642396232196838, "lon": -73.707736840867682, "brand": "", "operator": "", "source": "nys_mapserver", "type": "GAS_STATION", "external": false }, "geometry": { "type": "Point", "coordinates": [ -73.707736840867682, 40.642396232196838 ] } },
{ "type": "Feature", "properties": { "name": "Peninsula Blvd", "lat": 40.62887075690422, "lon": -73.73587989989241, "brand": "", "operator": "", "source": "nys_mapserver", "type": "GAS_STATION", "external": false }, "geometry": { "type": "Point", "coordinates": [ -73.73587989989241, 40.62887075690422 ] } },
{ "type": "Feature", "properties": { "name": "Peninsula Blvd", "lat": 40.644783744567583, "lon": -73.701562328703616, "brand": "", "operator": "", "source": "nys_mapserver", "type": "GAS_STATION", "external": false }, "geometry": { "type": "Point", "coordinates": [ -73.701562328703616, 40.644783744567583 ] } },
{ "type": "Feature", "properties": { "name": "Nassau Expy", "lat": 40.61231776327508, "lon": -73.743740880873958, "brand": "", "operator": "", "source": "nys_mapserver", "type": "GAS_STATION", "external": false }, "geometry": { "type": "Point", "coordinates": [ -73.743740880873958, 40.61231776327508 ] } },
{ "type": "Feature", "properties": { "name": "Nassau Expy", "lat": 40.590984179392237, "lon": -73.73699662626295, "brand": "", "operator": "", "source": "nys_mapserver", "type": "GAS_STATION", "external": false }, "geometry": { "type": "Point", "coordinates": [ -73.73699662626295, 40.590984179392237 ] } },
{ "type": "Feature", "properties": { "name": "Peninsula Blvd", "lat": 40.629651767938526, "lon": -73.733451838570232, "brand": "", "operator": "", "source": "nys_mapserver", "type": "GAS_STATION", "external": false }, "geometry": { "type": "Point", "coordinates": [ -73.733451838570232, 40.629651767938526 ] } },
{ "type": "Feature", "properties": { "name": "Nassau Expy", "lat": 40.616947244972991, "lon": -73.741941886838205, "brand": "", "operator": "", "source": "nys_mapserver", "type": "GAS_STATION", "external": false }, "geometry": { "type": "Point", "coordinates": [ -73.741941886838205, 40.616947244972991 ] } },
{ "type": "Feature", "properties": { "name": "Nassau Expy", "lat": 40.597422239309438, "lon": -73.736809835874539, "brand": "", "operator": "", "source": "nys_mapserver", "type": "GAS_STATION", "external": false }, "geometry": { "type": "Point", "coordinates": [ -73.736809835874539, 40.597422239309438 ] } },
{ "type": "Feature", "properties": { "name": "Nassau Expy", "lat": 40.61244977612553, "lon": -73.743744377566202, "brand": "", "operator": "", "source": "nys_mapserver", "type": "GAS_STATION", "external": false }, "geometry": { "type": "Point", "coordinates": [ -73.743744377566202, 40.61244977612553 ] } },
{ "type": "Feature", "properties": { "name": "Peninsula Blvd", "lat": 40.63135079252919, "lon": -73.728102399799383, "brand": "", "operator": "", "source": "nys_mapserver", "type": "GAS_STATION", "external": false }, "geometry": { "type": "Point", "coordinates": [ -73.728102399799383, 40.63135079252919 ] } },
{ "type": "Feature", "properties": { "name": "Peninsula Blvd", "lat": 40.632329527595388, "lon": -73.725061838109227, "brand": "", "operator": "", "source": "nys_mapserver", "type": "GAS_STATION", "external": false }, "geometry": { "type": "Point", "coordinates": [ -73.725061838109227, 40.632329527595388 ] } },
{ "type": "Feature", "properties": { "name": "Nassau Expy", "lat": 40.62441951574521, "lon": -73.740800118978854, "brand": "", "operator": "", "source": "nys_mapserver", "type": "GAS_STATION", "external": false }, "geometry": { "type": "Point", "coordinates": [ -73.740800118978854, 40.62441951574521 ] } },
{ "type": "Feature", "properties": { "name": "Nassau Expy", "lat": 40.593968252112234, "lon": -73.737042306844501, "brand": "", "operator": "", "source": "nys_mapserver", "type": "GAS_STATION", "external": false }, "geometry": { "type": "Point", "coordinates": [ -73.737042306844501, 40.593968252112234 ] } },
{ "type": "Feature", "properties": { "name": "Peninsula Blvd", "lat": 40.63882576415277, "lon": -73.715878815319229, "brand": "", "operator": "", "source": "nys_mapserver", "type": "GAS_STATION", "external": false }, "geometry": { "type": "Point", "coordinates": [ -73.715878815319229, 40.63882576415277 ] } },
{ "type": "Feature", "properties": { "name": "Peninsula Blvd", "lat": 40.643101406129723, "lon": -73.705818617859507, "brand": "", "operator": "", "source": "nys_mapserver", "type": "GAS_STATION", "external": false }, "geometry": { "type": "Point", "coordinates": [ -73.705818617859507, 40.643101406129723 ] } },
{ "type": "Feature", "properties": { "name": "Nassau Expy", "lat": 40.600484155991495, "lon": -73.737037991160705, "brand": "", "operator": "", "source": "nys_mapserver", "type": "GAS_STATION", "external": false }, "geometry": { "type": "Point", "coordinates": [ -73.737037991160705, 40.600484155991495 ] } },
{ "type": "Feature", "properties": { "name": "Nassau Expy", "lat": 40.598302247888263, "lon": -73.736744873306463, "brand": "", "operator": "", "source": "nys_mapserver", "type": "GAS_STATION", "external": false }, "geometry": { "type": "Point", "coordinates": [ -73.736744873306463, 40.598302247888263 ] } },
{ "type": "Feature", "properties": { "name": "Nassau Expy", "lat": 40.614382397424386, "lon": -73.743396073157172, "brand": "", "operator": "", "source": "nys_mapserver", "type": "GAS_STATION", "external": false }, "geometry": { "type": "Point", "coordinates": [ -73.743396073157172, 40.614382397424386 ] } },
{ "type": "Feature", "properties": { "name": "Nassau Expy", "lat": 40.619546501198627, "lon": -73.740812246812979, "brand": "", "operator": "", "source": "nys_mapserver", "type": "GAS_STATION", "external": false }, "geometry": { "type": "Point", "coordinates": [ -73.740812246812979, 40.619546501198627 ] } },
{ "type": "Feature", "properties": { "name": "Nassau Expy", "lat": 40.604380676957724, "lon": -73.738416513791606, "brand": "", "operator": "", "source": "nys_mapserver", "type": "GAS_STATION", "external": false }, "geometry": { "type": "Point", "coordinates": [ -73.738416513791606, 40.604380676957724 ] } },
{ "type": "Feature", "properties": { "name": "Nassau Expy", "lat": 40.591744546662284, "lon": -73.737188946148649, "brand": "", "operator": "", "source": "nys_mapserver", "type": "GAS_STATION", "external": false }, "geometry": { "type": "Point", "coordinates": [ -73.737188946148649, 40.591744546662284 ] } },
{ "type": "Feature", "properties": { "name": "Nassau Expy", "lat": 40.6103477108242, "lon": -73.743245912296501, "brand": "", "operator": "", "source": "nys_mapserver", "type": "GAS_STATION", "external": false }, "geometry": { "type": "Point", "coordinates": [ -73.743245912296501, 40.6103477108242 ] } },
{ "type": "Feature", "properties": { "name": "Nassau Expy", "lat": 40.625948731504366, "lon": -73.740619156200239, "brand": "", "operator": "", "source": "nys_mapserver", "type": "GAS_STATION", "external": false }, "geometry": { "type": "Point", "coordinates": [ -73.740619156200239, 40.625948731504366 ] } },
{ "type": "Feature", "properties": { "name": "Peninsula Blvd", "lat": 40.629978249747744, "lon": -73.732439322260689, "brand": "", "operator": "", "source": "nys_mapserver", "type": "GAS_STATION", "external": false }, "geometry": { "type": "Point", "coordinates": [ -73.732439322260689, 40.629978249747744 ] } },
{ "type": "Feature", "properties": { "name": "Peninsula Blvd", "lat": 40.642156752644837, "lon": -73.708389832086752, "brand": "", "operator": "", "source": "nys_mapserver", "type": "GAS_STATION", "external": false }, "geometry": { "type": "Point", "coordinates": [ -73.708389832086752, 40.642156752644837 ] } },
{ "type": "Feature", "properties": { "name": "Nassau Expy", "lat": 40.590270249220453, "lon": -73.736618353234348, "brand": "", "operator": "", "source": "nys_mapserver", "type": "GAS_STATION", "external": false }, "geometry": { "type": "Point", "coordinates": [ -73.736618353234348, 40.590270249220453 ] } },
{ "type": "Feature", "properties": { "name": "Bay Blvd", "lat": 40.628415734989211, "lon": -73.737286830510627, "brand": "", "operator": "", "source": "nys_mapserver", "type": "GAS_STATION", "external": false }, "geometry": { "type": "Point", "coordinates": [ -73.737286830510627, 40.628415734989211 ] } },
{ "type": "Feature", "properties": { "name": "Nassau Expy", "lat": 40.618804210736343, "lon": -73.740999347492647, "brand": "", "operator": "", "source": "nys_mapserver", "type": "GAS_STATION", "external": false }, "geometry": { "type": "Point", "coordinates": [ -73.740999347492647, 40.618804210736343 ] } },
{ "type": "Feature", "properties": { "name": "Nassau Expy", "lat": 40.612559268957533, "lon": -73.743743863280699, "brand": "", "operator": "", "source": "nys_mapserver", "type": "GAS_STATION", "external": false }, "geometry": { "type": "Point", "coordinates": [ -73.743743863280699, 40.612559268957533 ] } },
{ "type": "Feature", "properties": { "name": "Nassau Expy", "lat": 40.622325752856909, "lon": -73.740780899902248, "brand": "", "operator": "", "source": "nys_mapserver", "type": "GAS_STATION", "external": false }, "geometry": { "type": "Point", "coordinates": [ -73.740780899902248, 40.622325752856909 ] } },
{ "type": "Feature", "properties": { "name": "Nassau Expy", "lat": 40.61514385701004, "lon": -73.743029092631275, "brand": "", "operator": "", "source": "nys_mapserver", "type": "GAS_STATION", "external": false }, "geometry": { "type": "Point", "coordinates": [ -73.743029092631275, 40.61514385701004 ] } },
{ "type": "Feature", "properties": { "name": "Nassau Expy", "lat": 40.592129743041035, "lon": -73.737169848301065, "brand": "", "operator": "", "source": "nys_mapserver", "type": "GAS_STATION", "external": false }, "geometry": { "type": "Point", "coordinates": [ -73.737169848301065, 40.592129743041035 ] } },
{ "type": "Feature", "properties": { "name": "Peninsula Blvd", "lat": 40.636769235084159, "lon": -73.719071370795973, "brand": "", "operator": "", "source": "nys_mapserver", "type": "GAS_STATION", "external": false }, "geometry": { "type": "Point", "coordinates": [ -73.719071370795973, 40.636769235084159 ] } },
{ "type": "Feature", "properties": { "name": "Peninsula Blvd", "lat": 40.641364264484892, "lon": -73.710528360553809, "brand": "", "operator": "", "source": "nys_mapserver", "type": "GAS_STATION", "external": false }, "geometry": { "type": "Point", "coordinates": [ -73.710528360553809, 40.641364264484892 ] } },
{ "type": "Feature", "properties": { "name": "Peninsula Blvd", "lat": 40.644162539535621, "lon": -73.703078420523724, "brand": "", "operator": "", "source": "nys_mapserver", "type": "GAS_STATION", "external": false }, "geometry": { "type": "Point", "coordinates": [ -73.703078420523724, 40.644162539535621 ] } },
{ "type": "Feature", "properties": { "name": "Peninsula Blvd", "lat": 40.630330738098351, "lon": -73.731338865825535, "brand": "", "operator": "", "source": "nys_mapserver", "type": "GAS_STATION", "external": false }, "geometry": { "type": "Point", "coordinates": [ -73.731338865825535, 40.630330738098351 ] } },
{ "type": "Feature", "properties": { "name": "Nassau Expy", "lat": 40.605944780492337, "lon": -73.739689842311108, "brand": "", "operator": "", "source": "nys_mapserver", "type": "GAS_STATION", "external": false }, "geometry": { "type": "Point", "coordinates": [ -73.739689842311108, 40.605944780492337 ] } },
{ "type": "Feature", "properties": { "name": "Nassau Expy", "lat": 40.623004255945389, "lon": -73.740789835215566, "brand": "", "operator": "", "source": "nys_mapserver", "type": "GAS_STATION", "external": false }, "geometry": { "type": "Point", "coordinates": [ -73.740789835215566, 40.623004255945389 ] } },
{ "type": "Feature", "properties": { "name": "Nassau Expy", "lat": 40.59281274597582, "lon": -73.737122311702009, "brand": "", "operator": "", "source": "nys_mapserver", "type": "GAS_STATION", "external": false }, "geometry": { "type": "Point", "coordinates": [ -73.737122311702009, 40.59281274597582 ] } },
{ "type": "Feature", "properties": { "name": "Peninsula Blvd", "lat": 40.642555244024962, "lon": -73.707303357479844, "brand": "", "operator": "", "source": "nys_mapserver", "type": "GAS_STATION", "external": false }, "geometry": { "type": "Point", "coordinates": [ -73.707303357479844, 40.642555244024962 ] } },
{ "type": "Feature", "properties": { "name": "Nassau Expy", "lat": 40.602009451475759, "lon": -73.737578813566714, "brand": "", "operator": "", "source": "nys_mapserver", "type": "GAS_STATION", "external": false }, "geometry": { "type": "Point", "coordinates": [ -73.737578813566714, 40.602009451475759 ] } },
{ "type": "Feature", "properties": { "name": "Nassau Expy", "lat": 40.623698698296067, "lon": -73.740773525219069, "brand": "", "operator": "", "source": "nys_mapserver", "type": "GAS_STATION", "external": false }, "geometry": { "type": "Point", "coordinates": [ -73.740773525219069, 40.623698698296067 ] } },
{ "type": "Feature", "properties": { "name": "Nassau Expy", "lat": 40.620639168526999, "lon": -73.740686904406672, "brand": "", "operator": "", "source": "nys_mapserver", "type": "GAS_STATION", "external": false }, "geometry": { "type": "Point", "coordinates": [ -73.740686904406672, 40.620639168526999 ] } },
{ "type": "Feature", "properties": { "name": "Peninsula Blvd", "lat": 40.631575757878153, "lon": -73.727401381501124, "brand": "", "operator": "", "source": "nys_mapserver", "type": "GAS_STATION", "external": false }, "geometry": { "type": "Point", "coordinates": [ -73.727401381501124, 40.631575757878153 ] } },
{ "type": "Feature", "properties": { "name": "Peninsula Blvd", "lat": 40.631793731052738, "lon": -73.726724375619568, "brand": "", "operator": "", "source": "nys_mapserver", "type": "GAS_STATION", "external": false }, "geometry": { "type": "Point", "coordinates": [ -73.726724375619568, 40.631793731052738 ] } },
{ "type": "Feature", "properties": { "name": "Peninsula Blvd", "lat": 40.630175236044245, "lon": -73.731825356103343, "brand": "", "operator": "", "source": "nys_mapserver", "type": "GAS_STATION", "external": false }, "geometry": { "type": "Point", "coordinates": [ -73.731825356103343, 40.630175236044245 ] } },
{ "type": "Feature", "properties": { "name": "Nassau Expy", "lat": 40.599055864171163, "lon": -73.73670758533072, "brand": "", "operator": "", "source": "nys_mapserver", "type": "GAS_STATION", "external": false }, "geometry": { "type": "Point", "coordinates": [ -73.73670758533072, 40.599055864171163 ] } },
{ "type": "Feature", "properties": { "name": "Peninsula Blvd", "lat": 40.633095647754168, "lon": -73.723530381098954, "brand": "", "operator": "", "source": "nys_mapserver", "type": "GAS_STATION", "external": false }, "geometry": { "type": "Point", "coordinates": [ -73.723530381098954, 40.633095647754168 ] } },
{ "type": "Feature", "properties": { "name": "Peninsula Blvd", "lat": 40.633610554638608, "lon": -73.722937656024882, "brand": "", "operator": "", "source": "nys_mapserver", "type": "GAS_STATION", "external": false }, "geometry": { "type": "Point", "coordinates": [ -73.722937656024882, 40.633610554638608 ] } },
{ "type": "Feature", "properties": { "name": "Nassau Expy", "lat": 40.609740824464645, "lon": -73.742949539083924, "brand": "", "operator": "", "source": "nys_mapserver", "type": "GAS_STATION", "external": false }, "geometry": { "type": "Point", "coordinates": [ -73.742949539083924, 40.609740824464645 ] } },
{ "type": "Feature", "properties": { "name": "Nassau Expy", "lat": 40.595340732944486, "lon": -73.736950355741172, "brand": "", "operator": "", "source": "nys_mapserver", "type": "GAS_STATION", "external": false }, "geometry": { "type": "Point", "coordinates": [ -73.736950355741172, 40.595340732944486 ] } },
{ "type": "Feature", "properties": { "name": "Peninsula Blvd", "lat": 40.637358860646913, "lon": -73.718363263176983, "brand": "", "operator": "", "source": "nys_mapserver", "type": "GAS_STATION", "external": false }, "geometry": { "type": "Point", "coordinates": [ -73.718363263176983, 40.637358860646913 ] } },
{ "type": "Feature", "properties": { "name": "Nassau Expy", "lat": 40.616052752299609, "lon": -73.742488395356759, "brand": "", "operator": "", "source": "nys_mapserver", "type": "GAS_STATION", "external": false }, "geometry": { "type": "Point", "coordinates": [ -73.742488395356759, 40.616052752299609 ] } },
{ "type": "Feature", "properties": { "name": "Nassau Expy", "lat": 40.607170850912077, "lon": -73.74095632663213, "brand": "", "operator": "", "source": "nys_mapserver", "type": "GAS_STATION", "external": false }, "geometry": { "type": "Point", "coordinates": [ -73.74095632663213, 40.607170850912077 ] } },
{ "type": "Feature", "properties": { "name": "Bay Blvd", "lat": 40.628177215899839, "lon": -73.738047334348693, "brand": "", "operator": "", "source": "nys_mapserver", "type": "GAS_STATION", "external": false }, "geometry": { "type": "Point", "coordinates": [ -73.738047334348693, 40.628177215899839 ] } },
{ "type": "Feature", "properties": { "name": "Peninsula Blvd", "lat": 40.636689219665556, "lon": -73.719158869848755, "brand": "", "operator": "", "source": "nys_mapserver", "type": "GAS_STATION", "external": false }, "geometry": { "type": "Point", "coordinates": [ -73.719158869848755, 40.636689219665556 ] } },
{ "type": "Feature", "properties": { "name": "Peninsula Blvd", "lat": 40.645497245191038, "lon": -73.699388335198279, "brand": "", "operator": "", "source": "nys_mapserver", "type": "GAS_STATION", "external": false }, "geometry": { "type": "Point", "coordinates": [ -73.699388335198279, 40.645497245191038 ] } },
{ "type": "Feature", "properties": { "name": "Peninsula Blvd", "lat": 40.630570237975121, "lon": -73.730593843553081, "brand": "", "operator": "", "source": "nys_mapserver", "type": "GAS_STATION", "external": false }, "geometry": { "type": "Point", "coordinates": [ -73.730593843553081, 40.630570237975121 ] } },
{ "type": "Feature", "properties": { "name": "Peninsula Blvd", "lat": 40.630981250388238, "lon": -73.729303838999726, "brand": "", "operator": "", "source": "nys_mapserver", "type": "GAS_STATION", "external": false }, "geometry": { "type": "Point", "coordinates": [ -73.729303838999726, 40.630981250388238 ] } },
{ "type": "Feature", "properties": { "name": "Nassau Expy", "lat": 40.612047245501131, "lon": -73.743720887519828, "brand": "", "operator": "", "source": "nys_mapserver", "type": "GAS_STATION", "external": false }, "geometry": { "type": "Point", "coordinates": [ -73.743720887519828, 40.612047245501131 ] } },
{ "type": "Feature", "properties": { "name": "Nassau Expy", "lat": 40.6213877662409, "lon": -73.740710896209123, "brand": "", "operator": "", "source": "nys_mapserver", "type": "GAS_STATION", "external": false }, "geometry": { "type": "Point", "coordinates": [ -73.740710896209123, 40.6213877662409 ] } },
{ "type": "Feature", "properties": { "name": "Nassau Expy", "lat": 40.613194172722622, "lon": -73.743697179105496, "brand": "", "operator": "", "source": "nys_mapserver", "type": "GAS_STATION", "external": false }, "geometry": { "type": "Point", "coordinates": [ -73.743697179105496, 40.613194172722622 ] } },
{ "type": "Feature", "properties": { "name": "Nassau Expy", "lat": 40.608776308515694, "lon": -73.742335351840694, "brand": "", "operator": "", "source": "nys_mapserver", "type": "GAS_STATION", "external": false }, "geometry": { "type": "Point", "coordinates": [ -73.742335351840694, 40.608776308515694 ] } },
{ "type": "Feature", "properties": { "name": "Peninsula Blvd", "lat": 40.63083372817654, "lon": -73.729769848587367, "brand": "", "operator": "", "source": "nys_mapserver", "type": "GAS_STATION", "external": false }, "geometry": { "type": "Point", "coordinates": [ -73.729769848587367, 40.63083372817654 ] } },
{ "type": "Feature", "properties": { "name": "Nassau Expy", "lat": 40.611267647316431, "lon": -73.743565674027977, "brand": "", "operator": "", "source": "nys_mapserver", "type": "GAS_STATION", "external": false }, "geometry": { "type": "Point", "coordinates": [ -73.743565674027977, 40.611267647316431 ] } },
{ "type": "Feature", "properties": { "name": "Peninsula Blvd", "lat": 40.629305272616804, "lon": -73.734537853688863, "brand": "", "operator": "", "source": "nys_mapserver", "type": "GAS_STATION", "external": false }, "geometry": { "type": "Point", "coordinates": [ -73.734537853688863, 40.629305272616804 ] } },
{ "type": "Feature", "properties": { "name": "Nassau Expy", "lat": 40.590503738512666, "lon": -73.736744891721912, "brand": "", "operator": "", "source": "nys_mapserver", "type": "GAS_STATION", "external": false }, "geometry": { "type": "Point", "coordinates": [ -73.736744891721912, 40.590503738512666 ] } },
{ "type": "Feature", "properties": { "name": "Peninsula Blvd", "lat": 40.636354479106942, "lon": -73.719525493713064, "brand": "", "operator": "", "source": "nys_mapserver", "type": "GAS_STATION", "external": false }, "geometry": { "type": "Point", "coordinates": [ -73.719525493713064, 40.636354479106942 ] } },
{ "type": "Feature", "properties": { "name": "Peninsula Blvd", "lat": 40.63522377978979, "lon": -73.720980892645969, "brand": "", "operator": "", "source": "nys_mapserver", "type": "GAS_STATION", "external": false }, "geometry": { "type": "Point", "coordinates": [ -73.720980892645969, 40.63522377978979 ] } },
{ "type": "Feature", "properties": { "name": "Peninsula Blvd", "lat": 40.629785760748838, "lon": -73.733036352479971, "brand": "", "operator": "", "source": "nys_mapserver", "type": "GAS_STATION", "external": false }, "geometry": { "type": "Point", "coordinates": [ -73.733036352479971, 40.629785760748838 ] } },
{ "type": "Feature", "properties": { "name": "Peninsula Blvd", "lat": 40.62943776471603, "lon": -73.734120803182549, "brand": "", "operator": "", "source": "nys_mapserver", "type": "GAS_STATION", "external": false }, "geometry": { "type": "Point", "coordinates": [ -73.734120803182549, 40.62943776471603 ] } },
{ "type": "Feature", "properties": { "name": "Ramp", "lat": 40.627752454437065, "lon": -73.739177328833307, "brand": "", "operator": "", "source": "nys_mapserver", "type": "GAS_STATION", "external": false }, "geometry": { "type": "Point", "coordinates": [ -73.739177328833307, 40.627752454437065 ] } },
{ "type": "Feature", "properties": { "name": "Bay Blvd", "lat": 40.628315721875346, "lon": -73.737602339948822, "brand": "", "operator": "", "source": "nys_mapserver", "type": "GAS_STATION", "external": false }, "geometry": { "type": "Point", "coordinates": [ -73.737602339948822, 40.628315721875346 ] } },
{ "type": "Feature", "properties": { "name": "Peninsula Blvd", "lat": 40.645086538000541, "lon": -73.700711040754328, "brand": "", "operator": "", "source": "nys_mapserver", "type": "GAS_STATION", "external": false }, "geometry": { "type": "Point", "coordinates": [ -73.700711040754328, 40.645086538000541 ] } },
{ "type": "Feature", "properties": { "name": "Peninsula Blvd", "lat": 40.642722271086299, "lon": -73.706849847500223, "brand": "", "operator": "", "source": "nys_mapserver", "type": "GAS_STATION", "external": false }, "geometry": { "type": "Point", "coordinates": [ -73.706849847500223, 40.642722271086299 ] } },
{ "type": "Feature", "properties": { "name": "Peninsula Blvd", "lat": 40.640438679707046, "lon": -73.712724442825589, "brand": "", "operator": "", "source": "nys_mapserver", "type": "GAS_STATION", "external": false }, "geometry": { "type": "Point", "coordinates": [ -73.712724442825589, 40.640438679707046 ] } },
{ "type": "Feature", "properties": { "name": "Peninsula Blvd", "lat": 40.632058748631188, "lon": -73.725894350263346, "brand": "", "operator": "", "source": "nys_mapserver", "type": "GAS_STATION", "external": false }, "geometry": { "type": "Point", "coordinates": [ -73.725894350263346, 40.632058748631188 ] } },
{ "type": "Feature", "properties": { "name": "Nassau Expy", "lat": 40.59672073477229, "lon": -73.736858318848732, "brand": "", "operator": "", "source": "nys_mapserver", "type": "GAS_STATION", "external": false }, "geometry": { "type": "Point", "coordinates": [ -73.736858318848732, 40.59672073477229 ] } },
{ "type": "Feature", "properties": { "name": "Nassau Expy", "lat": 40.612730268516977, "lon": -73.743741369557469, "brand": "", "operator": "", "source": "nys_mapserver", "type": "GAS_STATION", "external": false }, "geometry": { "type": "Point", "coordinates": [ -73.743741369557469, 40.612730268516977 ] } },
{ "type": "Feature", "properties": { "name": "Peninsula Blvd", "lat": 40.63832774531825, "lon": -73.716783841467688, "brand": "", "operator": "", "source": "nys_mapserver", "type": "GAS_STATION", "external": false }, "geometry": { "type": "Point", "coordinates": [ -73.716783841467688, 40.63832774531825 ] } },
{ "type": "Feature", "properties": { "name": "Nassau Expy", "lat": 40.596405716399239, "lon": -73.73687984832199, "brand": "", "operator": "", "source": "nys_mapserver", "type": "GAS_STATION", "external": false }, "geometry": { "type": "Point", "coordinates": [ -73.73687984832199, 40.596405716399239 ] } },
{ "type": "Feature", "properties": { "name": "Peninsula Blvd", "lat": 40.628437242601819, "lon": -73.737218852298128, "brand": "", "operator": "", "source": "nys_mapserver", "type": "GAS_STATION", "external": false }, "geometry": { "type": "Point", "coordinates": [ -73.737218852298128, 40.628437242601819 ] } },
{ "type": "Feature", "properties": { "name": "Peninsula Blvd", "lat": 40.634131209907757, "lon": -73.722406183604917, "brand": "", "operator": "", "source": "nys_mapserver", "type": "GAS_STATION", "external": false }, "geometry": { "type": "Point", "coordinates": [ -73.722406183604917, 40.634131209907757 ] } },
{ "type": "Feature", "properties": { "name": "Park St", "lat": 40.589789331061652, "lon": -73.736299707662496, "brand": "", "operator": "", "source": "nys_mapserver", "type": "GAS_STATION", "external": false }, "geometry": { "type": "Point", "coordinates": [ -73.736299707662496, 40.589789331061652 ] } },
{ "type": "Feature", "properties": { "name": "Nassau Expy", "lat": 40.606105240089086, "lon": -73.739864835475927, "brand": "", "operator": "", "source": "nys_mapserver", "type": "GAS_STATION", "external": false }, "geometry": { "type": "Point", "coordinates": [ -73.739864835475927, 40.606105240089086 ] } },
{ "type": "Feature", "properties": { "name": "Peninsula Blvd", "lat": 40.644656259334276, "lon": -73.701881340223935, "brand": "", "operator": "", "source": "nys_mapserver", "type": "GAS_STATION", "external": false }, "geometry": { "type": "Point", "coordinates": [ -73.701881340223935, 40.644656259334276 ] } },
{ "type": "Feature", "properties": { "name": "Peninsula Blvd", "lat": 40.639117496259558, "lon": -73.715275491896264, "brand": "", "operator": "", "source": "nys_mapserver", "type": "GAS_STATION", "external": false }, "geometry": { "type": "Point", "coordinates": [ -73.715275491896264, 40.639117496259558 ] } },
{ "type": "Feature", "properties": { "name": "Mobil", "lat": 40.7375991, "lon": -73.7057896, "brand": "Mobil", "operator": "", "source": "osm", "type": "GAS_STATION", "external": false }, "geometry": { "type": "Point", "coordinates": [ -73.7057896, 40.7375991 ] } },
{ "type": "Feature", "properties": { "name": "Delta", "lat": 40.770877, "lon": -74.2324011, "brand": "Delta", "operator": "", "source": "osm", "type": "GAS_STATION", "external": false }, "geometry": { "type": "Point", "coordinates": [ -74.2324011, 40.770877 ] } },
{ "type": "Feature", "properties": { "name": "BP", "lat": 40.6437799, "lon": -73.7047932, "brand": "BP", "operator": "", "source": "osm", "type": "GAS_STATION", "external": false }, "geometry": { "type": "Point", "coordinates": [ -73.7047932, 40.6437799 ] } },
{ "type": "Feature", "properties": { "name": "Unknown Gas Station", "lat": 40.8702935, "lon": -74.0142392, "brand": "", "operator": "", "source": "osm", "type": "GAS_STATION", "external": false }, "geometry": { "type": "Point", "coordinates": [ -74.0142392, 40.8702935 ] } },
{ "type": "Feature", "properties": { "name": "Shell", "lat": 40.683271, "lon": -73.9823337, "brand": "Shell", "operator": "", "source": "osm", "type": "GAS_STATION", "external": false }, "geometry": { "type": "Point", "coordinates": [ -73.9823337, 40.683271 ] } },
{ "type": "Feature", "properties": { "name": "Shell", "lat": 40.7080178, "lon": -73.7186045, "brand": "Shell", "operator": "", "source": "osm", "type": "GAS_STATION", "external": false }, "geometry": { "type": "Point", "coordinates": [ -73.7186045, 40.7080178 ] } },
{ "type": "Feature", "properties": { "name": "Exxon", "lat": 40.8722795, "lon": -74.1939133, "brand": "Exxon", "operator": "", "source": "osm", "type": "GAS_STATION", "external": false }, "geometry": { "type": "Point", "coordinates": [ -74.1939133, 40.8722795 ] } },
{ "type": "Feature", "properties": { "name": "Mobil", "lat": 40.8726728, "lon": -74.1924072, "brand": "Mobil", "operator": "", "source": "osm", "type": "GAS_STATION", "external": false }, "geometry": { "type": "Point", "coordinates": [ -74.1924072, 40.8726728 ] } },
{ "type": "Feature", "properties": { "name": "Lukoil", "lat": 40.884911, "lon": -74.2131428, "brand": "Lukoil", "operator": "", "source": "osm", "type": "GAS_STATION", "external": false }, "geometry": { "type": "Point", "coordinates": [ -74.2131428, 40.884911 ] } },
{ "type": "Feature", "properties": { "name": "Valero", "lat": 40.8863997, "lon": -74.2166645, "brand": "Valero", "operator": "", "source": "osm", "type": "GAS_STATION", "external": false }, "geometry": { "type": "Point", "coordinates": [ -74.2166645, 40.8863997 ] } },
{ "type": "Feature", "properties": { "name": "Mobil", "lat": 40.8836038, "lon": -73.98922, "brand": "Mobil", "operator": "", "source": "osm", "type": "GAS_STATION", "external": false }, "geometry": { "type": "Point", "coordinates": [ -73.98922, 40.8836038 ] } },
{ "type": "Feature", "properties": { "name": "Sunoco", "lat": 40.6742288, "lon": -74.0004783, "brand": "Sunoco", "operator": "", "source": "osm", "type": "GAS_STATION", "external": false }, "geometry": { "type": "Point", "coordinates": [ -74.0004783, 40.6742288 ] } },
{ "type": "Feature", "properties": { "name": "BP", "lat": 40.6749203, "lon": -74.0000809, "brand": "BP", "operator": "", "source": "osm", "type": "GAS_STATION", "external": false }, "geometry": { "type": "Point", "coordinates": [ -74.0000809, 40.6749203 ] } },
{ "type": "Feature", "properties": { "name": "Delta Gas Station", "lat": 40.7806336, "lon": -74.2352082, "brand": "Delta", "operator": "", "source": "osm", "type": "GAS_STATION", "external": false }, "geometry": { "type": "Point", "coordinates": [ -74.2352082, 40.7806336 ] } },
{ "type": "Feature", "properties": { "name": "Mobil", "lat": 40.7218912, "lon": -73.8041062, "brand": "Mobil", "operator": "", "source": "osm", "type": "GAS_STATION", "external": false }, "geometry": { "type": "Point", "coordinates": [ -73.8041062, 40.7218912 ] } },
{ "type": "Feature", "properties": { "name": "Citgo", "lat": 40.7438802, "lon": -73.9285232, "brand": "Citgo", "operator": "", "source": "osm", "type": "GAS_STATION", "external": false }, "geometry": { "type": "Point", "coordinates": [ -73.9285232, 40.7438802 ] } },
{ "type": "Feature", "properties": { "name": "Mobil", "lat": 40.7233382, "lon": -73.7267349, "brand": "Mobil", "operator": "", "source": "osm", "type": "GAS_STATION", "external": false }, "geometry": { "type": "Point", "coordinates": [ -73.7267349, 40.7233382 ] } },
{ "type": "Feature", "properties": { "name": "Shell", "lat": 40.7227822, "lon": -73.7282469, "brand": "Shell", "operator": "", "source": "osm", "type": "GAS_STATION", "external": false }, "geometry": { "type": "Point", "coordinates": [ -73.7282469, 40.7227822 ] } },
{ "type": "Feature", "properties": { "name": "Lukoil", "lat": 40.7305417, "lon": -74.0425165, "brand": "Lukoil", "operator": "", "source": "osm", "type": "GAS_STATION", "external": false }, "geometry": { "type": "Point", "coordinates": [ -74.0425165, 40.7305417 ] } },
{ "type": "Feature", "properties": { "name": "BP", "lat": 40.6561655, "lon": -73.9474905, "brand": "BP", "operator": "", "source": "osm", "type": "GAS_STATION", "external": false }, "geometry": { "type": "Point", "coordinates": [ -73.9474905, 40.6561655 ] } },
{ "type": "Feature", "properties": { "name": "Unknown Gas Station", "lat": 40.9026844, "lon": -73.9991877, "brand": "", "operator": "", "source": "osm", "type": "GAS_STATION", "external": false }, "geometry": { "type": "Point", "coordinates": [ -73.9991877, 40.9026844 ] } },
{ "type": "Feature", "properties": { "name": "Unknown Gas Station", "lat": 40.9006378, "lon": -74.0055963, "brand": "", "operator": "", "source": "osm", "type": "GAS_STATION", "external": false }, "geometry": { "type": "Point", "coordinates": [ -74.0055963, 40.9006378 ] } },
{ "type": "Feature", "properties": { "name": "Shell", "lat": 40.8451964, "lon": -73.9385192, "brand": "Shell", "operator": "", "source": "osm", "type": "GAS_STATION", "external": false }, "geometry": { "type": "Point", "coordinates": [ -73.9385192, 40.8451964 ] } },
{ "type": "Feature", "properties": { "name": "Global", "lat": 40.7389407, "lon": -73.9344752, "brand": "Global", "operator": "", "source": "osm", "type": "GAS_STATION", "external": false }, "geometry": { "type": "Point", "coordinates": [ -73.9344752, 40.7389407 ] } },
{ "type": "Feature", "properties": { "name": "Wawa", "lat": 40.673124, "lon": -74.1998571, "brand": "Wawa", "operator": "", "source": "osm", "type": "GAS_STATION", "external": false }, "geometry": { "type": "Point", "coordinates": [ -74.1998571, 40.673124 ] } },
{ "type": "Feature", "properties": { "name": "Unknown Gas Station", "lat": 40.6598719, "lon": -74.2670289, "brand": "", "operator": "", "source": "osm", "type": "GAS_STATION", "external": false }, "geometry": { "type": "Point", "coordinates": [ -74.2670289, 40.6598719 ] } },
{ "type": "Feature", "properties": { "name": "Exxon", "lat": 40.6653239, "lon": -74.2338783, "brand": "Exxon", "operator": "", "source": "osm", "type": "GAS_STATION", "external": false }, "geometry": { "type": "Point", "coordinates": [ -74.2338783, 40.6653239 ] } },
{ "type": "Feature", "properties": { "name": "Unknown Gas Station", "lat": 40.8750288, "lon": -74.0119675, "brand": "", "operator": "", "source": "osm", "type": "GAS_STATION", "external": false }, "geometry": { "type": "Point", "coordinates": [ -74.0119675, 40.8750288 ] } },
{ "type": "Feature", "properties": { "name": "Sunoco", "lat": 40.8831901, "lon": -73.9874865, "brand": "Sunoco", "operator": "", "source": "osm", "type": "GAS_STATION", "external": false }, "geometry": { "type": "Point", "coordinates": [ -73.9874865, 40.8831901 ] } },
{ "type": "Feature", "properties": { "name": "Unknown Gas Station", "lat": 40.8212816, "lon": -73.8981968, "brand": "", "operator": "", "source": "osm", "type": "GAS_STATION", "external": false }, "geometry": { "type": "Point", "coordinates": [ -73.8981968, 40.8212816 ] } },
{ "type": "Feature", "properties": { "name": "Metro Fuel", "lat": 40.7283823, "lon": -73.7063031, "brand": "", "operator": "", "source": "osm", "type": "GAS_STATION", "external": false }, "geometry": { "type": "Point", "coordinates": [ -73.7063031, 40.7283823 ] } },
{ "type": "Feature", "properties": { "name": "Mobil", "lat": 40.6103779, "lon": -73.9846054, "brand": "Mobil", "operator": "", "source": "osm", "type": "GAS_STATION", "external": false }, "geometry": { "type": "Point", "coordinates": [ -73.9846054, 40.6103779 ] } },
{ "type": "Feature", "properties": { "name": "Unknown Gas Station", "lat": 40.8607154, "lon": -73.9689356, "brand": "", "operator": "", "source": "osm", "type": "GAS_STATION", "external": false }, "geometry": { "type": "Point", "coordinates": [ -73.9689356, 40.8607154 ] } },
{ "type": "Feature", "properties": { "name": "BP", "lat": 40.6913227, "lon": -74.2517985, "brand": "BP", "operator": "", "source": "osm", "type": "GAS_STATION", "external": false }, "geometry": { "type": "Point", "coordinates": [ -74.2517985, 40.6913227 ] } },
{ "type": "Feature", "properties": { "name": "Unknown Gas Station", "lat": 40.8272396, "lon": -73.871731, "brand": "", "operator": "", "source": "osm", "type": "GAS_STATION", "external": false }, "geometry": { "type": "Point", "coordinates": [ -73.871731, 40.8272396 ] } },
{ "type": "Feature", "properties": { "name": "Exxon", "lat": 40.8433258, "lon": -74.0034423, "brand": "Exxon", "operator": "", "source": "osm", "type": "GAS_STATION", "external": false }, "geometry": { "type": "Point", "coordinates": [ -74.0034423, 40.8433258 ] } },
{ "type": "Feature", "properties": { "name": "Sunoco", "lat": 40.8437252, "lon": -74.0041929, "brand": "Sunoco", "operator": "", "source": "osm", "type": "GAS_STATION", "external": false }, "geometry": { "type": "Point", "coordinates": [ -74.0041929, 40.8437252 ] } },
{ "type": "Feature", "properties": { "name": "Unknown Gas Station", "lat": 40.8434678, "lon": -74.0054837, "brand": "", "operator": "", "source": "osm", "type": "GAS_STATION", "external": false }, "geometry": { "type": "Point", "coordinates": [ -74.0054837, 40.8434678 ] } },
{ "type": "Feature", "properties": { "name": "Delta", "lat": 40.8440498, "lon": -74.0008662, "brand": "Delta", "operator": "", "source": "osm", "type": "GAS_STATION", "external": false }, "geometry": { "type": "Point", "coordinates": [ -74.0008662, 40.8440498 ] } },
{ "type": "Feature", "properties": { "name": "Unknown Gas Station", "lat": 40.9057349, "lon": -74.040745, "brand": "", "operator": "", "source": "osm", "type": "GAS_STATION", "external": false }, "geometry": { "type": "Point", "coordinates": [ -74.040745, 40.9057349 ] } },
{ "type": "Feature", "properties": { "name": "Shell", "lat": 40.6170776, "lon": -73.9998059, "brand": "Shell", "operator": "", "source": "osm", "type": "GAS_STATION", "external": false }, "geometry": { "type": "Point", "coordinates": [ -73.9998059, 40.6170776 ] } },
{ "type": "Feature", "properties": { "name": "Unknown Gas Station", "lat": 40.8958323, "lon": -74.0505895, "brand": "", "operator": "", "source": "osm", "type": "GAS_STATION", "external": false }, "geometry": { "type": "Point", "coordinates": [ -74.0505895, 40.8958323 ] } },
{ "type": "Feature", "properties": { "name": "Unknown Gas Station", "lat": 40.8937802, "lon": -74.0473214, "brand": "", "operator": "", "source": "osm", "type": "GAS_STATION", "external": false }, "geometry": { "type": "Point", "coordinates": [ -74.0473214, 40.8937802 ] } },
{ "type": "Feature", "properties": { "name": "Unknown Gas Station", "lat": 40.8747132, "lon": -74.041262, "brand": "", "operator": "", "source": "osm", "type": "GAS_STATION", "external": false }, "geometry": { "type": "Point", "coordinates": [ -74.041262, 40.8747132 ] } },
{ "type": "Feature", "properties": { "name": "Unknown Gas Station", "lat": 40.8681049, "lon": -74.0384877, "brand": "", "operator": "", "source": "osm", "type": "GAS_STATION", "external": false }, "geometry": { "type": "Point", "coordinates": [ -74.0384877, 40.8681049 ] } },
{ "type": "Feature", "properties": { "name": "Unknown Gas Station", "lat": 40.8739983, "lon": -74.0482353, "brand": "", "operator": "", "source": "osm", "type": "GAS_STATION", "external": false }, "geometry": { "type": "Point", "coordinates": [ -74.0482353, 40.8739983 ] } },
{ "type": "Feature", "properties": { "name": "Unknown Gas Station", "lat": 40.9188951, "lon": -74.1272009, "brand": "", "operator": "", "source": "osm", "type": "GAS_STATION", "external": false }, "geometry": { "type": "Point", "coordinates": [ -74.1272009, 40.9188951 ] } },
{ "type": "Feature", "properties": { "name": "Sunoco", "lat": 40.876627, "lon": -74.0582297, "brand": "Sunoco", "operator": "", "source": "osm", "type": "GAS_STATION", "external": false }, "geometry": { "type": "Point", "coordinates": [ -74.0582297, 40.876627 ] } },
{ "type": "Feature", "properties": { "name": "Valero", "lat": 40.65038, "lon": -74.1948977, "brand": "Valero", "operator": "", "source": "osm", "type": "GAS_STATION", "external": false }, "geometry": { "type": "Point", "coordinates": [ -74.1948977, 40.65038 ] } },
{ "type": "Feature", "properties": { "name": "Unknown Gas Station", "lat": 40.8806205, "lon": -74.0661359, "brand": "", "operator": "", "source": "osm", "type": "GAS_STATION", "external": false }, "geometry": { "type": "Point", "coordinates": [ -74.0661359, 40.8806205 ] } },
{ "type": "Feature", "properties": { "name": "Unknown Gas Station", "lat": 40.8841183, "lon": -74.0600766, "brand": "", "operator": "", "source": "osm", "type": "GAS_STATION", "external": false }, "geometry": { "type": "Point", "coordinates": [ -74.0600766, 40.8841183 ] } },
{ "type": "Feature", "properties": { "name": "Sunoco", "lat": 40.7314309, "lon": -74.0407867, "brand": "Sunoco", "operator": "", "source": "osm", "type": "GAS_STATION", "external": false }, "geometry": { "type": "Point", "coordinates": [ -74.0407867, 40.7314309 ] } },
{ "type": "Feature", "properties": { "name": "Shell", "lat": 40.7313787, "lon": -74.0398633, "brand": "Shell", "operator": "", "source": "osm", "type": "GAS_STATION", "external": false }, "geometry": { "type": "Point", "coordinates": [ -74.0398633, 40.7313787 ] } },
{ "type": "Feature", "properties": { "name": "Valero", "lat": 40.7315184, "lon": -74.0415612, "brand": "Valero", "operator": "", "source": "osm", "type": "GAS_STATION", "external": false }, "geometry": { "type": "Point", "coordinates": [ -74.0415612, 40.7315184 ] } },
{ "type": "Feature", "properties": { "name": "Mobil", "lat": 40.789571, "lon": -73.9405276, "brand": "Mobil", "operator": "", "source": "osm", "type": "GAS_STATION", "external": false }, "geometry": { "type": "Point", "coordinates": [ -73.9405276, 40.789571 ] } },
{ "type": "Feature", "properties": { "name": "Unknown Gas Station", "lat": 40.9023667, "lon": -74.0616702, "brand": "", "operator": "", "source": "osm", "type": "GAS_STATION", "external": false }, "geometry": { "type": "Point", "coordinates": [ -74.0616702, 40.9023667 ] } },
{ "type": "Feature", "properties": { "name": "Unknown Gas Station", "lat": 40.893475, "lon": -74.0712805, "brand": "", "operator": "", "source": "osm", "type": "GAS_STATION", "external": false }, "geometry": { "type": "Point", "coordinates": [ -74.0712805, 40.893475 ] } },
{ "type": "Feature", "properties": { "name": "Amoco", "lat": 40.719926, "lon": -73.7615641, "brand": "Amoco", "operator": "", "source": "osm", "type": "GAS_STATION", "external": false }, "geometry": { "type": "Point", "coordinates": [ -73.7615641, 40.719926 ] } },
{ "type": "Feature", "properties": { "name": "Delta", "lat": 40.9043072, "lon": -74.0648036, "brand": "Delta", "operator": "", "source": "osm", "type": "GAS_STATION", "external": false }, "geometry": { "type": "Point", "coordinates": [ -74.0648036, 40.9043072 ] } },
{ "type": "Feature", "properties": { "name": "Gas Line", "lat": 40.8543239, "lon": -74.1186752, "brand": "", "operator": "", "source": "osm", "type": "GAS_STATION", "external": false }, "geometry": { "type": "Point", "coordinates": [ -74.1186752, 40.8543239 ] } },
{ "type": "Feature", "properties": { "name": "Unknown Gas Station", "lat": 40.9069255, "lon": -74.0715756, "brand": "", "operator": "", "source": "osm", "type": "GAS_STATION", "external": false }, "geometry": { "type": "Point", "coordinates": [ -74.0715756, 40.9069255 ] } },
{ "type": "Feature", "properties": { "name": "Unknown Gas Station", "lat": 40.8936652, "lon": -74.0750429, "brand": "", "operator": "", "source": "osm", "type": "GAS_STATION", "external": false }, "geometry": { "type": "Point", "coordinates": [ -74.0750429, 40.8936652 ] } },
{ "type": "Feature", "properties": { "name": "Unknown Gas Station", "lat": 40.6898665, "lon": -73.7216413, "brand": "", "operator": "", "source": "osm", "type": "GAS_STATION", "external": false }, "geometry": { "type": "Point", "coordinates": [ -73.7216413, 40.6898665 ] } },
{ "type": "Feature", "properties": { "name": "Fuel4", "lat": 40.791243, "lon": -74.0577734, "brand": "BP", "operator": "", "source": "osm", "type": "GAS_STATION", "external": false }, "geometry": { "type": "Point", "coordinates": [ -74.0577734, 40.791243 ] } },
{ "type": "Feature", "properties": { "name": "Delta", "lat": 40.8753554, "lon": -74.0653023, "brand": "Delta", "operator": "", "source": "osm", "type": "GAS_STATION", "external": false }, "geometry": { "type": "Point", "coordinates": [ -74.0653023, 40.8753554 ] } },
{ "type": "Feature", "properties": { "name": "Mobil", "lat": 40.8957651, "lon": -73.8636745, "brand": "Mobil", "operator": "", "source": "osm", "type": "GAS_STATION", "external": false }, "geometry": { "type": "Point", "coordinates": [ -73.8636745, 40.8957651 ] } },
{ "type": "Feature", "properties": { "name": "Pure Energy", "lat": 40.6939132, "lon": -73.9314332, "brand": "", "operator": "", "source": "osm", "type": "GAS_STATION", "external": false }, "geometry": { "type": "Point", "coordinates": [ -73.9314332, 40.6939132 ] } },
{ "type": "Feature", "properties": { "name": "Unknown Gas Station", "lat": 40.8413709, "lon": -73.8641461, "brand": "", "operator": "", "source": "osm", "type": "GAS_STATION", "external": false }, "geometry": { "type": "Point", "coordinates": [ -73.8641461, 40.8413709 ] } },
{ "type": "Feature", "properties": { "name": "Unknown Gas Station", "lat": 40.6805855, "lon": -73.7752979, "brand": "", "operator": "", "source": "osm", "type": "GAS_STATION", "external": false }, "geometry": { "type": "Point", "coordinates": [ -73.7752979, 40.6805855 ] } },
{ "type": "Feature", "properties": { "name": "BP", "lat": 40.7521115, "lon": -73.832684, "brand": "BP", "operator": "", "source": "osm", "type": "GAS_STATION", "external": false }, "geometry": { "type": "Point", "coordinates": [ -73.832684, 40.7521115 ] } },
{ "type": "Feature", "properties": { "name": "BP", "lat": 40.7005499, "lon": -73.7889256, "brand": "BP", "operator": "", "source": "osm", "type": "GAS_STATION", "external": false }, "geometry": { "type": "Point", "coordinates": [ -73.7889256, 40.7005499 ] } },
{ "type": "Feature", "properties": { "name": "Citgo", "lat": 40.8050111, "lon": -73.9123422, "brand": "Citgo", "operator": "", "source": "osm", "type": "GAS_STATION", "external": false }, "geometry": { "type": "Point", "coordinates": [ -73.9123422, 40.8050111 ] } },
{ "type": "Feature", "properties": { "name": "BP", "lat": 40.8055724, "lon": -73.9112472, "brand": "BP", "operator": "", "source": "osm", "type": "GAS_STATION", "external": false }, "geometry": { "type": "Point", "coordinates": [ -73.9112472, 40.8055724 ] } },
{ "type": "Feature", "properties": { "name": "Delta", "lat": 40.5698273, "lon": -74.2418995, "brand": "Delta", "operator": "", "source": "osm", "type": "GAS_STATION", "external": false }, "geometry": { "type": "Point", "coordinates": [ -74.2418995, 40.5698273 ] } },
{ "type": "Feature", "properties": { "name": "Sunoco", "lat": 40.5902623, "lon": -73.9749298, "brand": "Sunoco", "operator": "", "source": "osm", "type": "GAS_STATION", "external": false }, "geometry": { "type": "Point", "coordinates": [ -73.9749298, 40.5902623 ] } },
{ "type": "Feature", "properties": { "name": "BP", "lat": 40.7007687, "lon": -73.9625455, "brand": "BP", "operator": "", "source": "osm", "type": "GAS_STATION", "external": false }, "geometry": { "type": "Point", "coordinates": [ -73.9625455, 40.7007687 ] } },
{ "type": "Feature", "properties": { "name": "Exxon", "lat": 40.6974383, "lon": -73.932846, "brand": "Exxon", "operator": "", "source": "osm", "type": "GAS_STATION", "external": false }, "geometry": { "type": "Point", "coordinates": [ -73.932846, 40.6974383 ] } },
{ "type": "Feature", "properties": { "name": "BP", "lat": 40.6976025, "lon": -73.9331926, "brand": "BP", "operator": "", "source": "osm", "type": "GAS_STATION", "external": false }, "geometry": { "type": "Point", "coordinates": [ -73.9331926, 40.6976025 ] } },
{ "type": "Feature", "properties": { "name": "US Fuel", "lat": 40.8413665, "lon": -73.9987919, "brand": "", "operator": "", "source": "osm", "type": "GAS_STATION", "external": false }, "geometry": { "type": "Point", "coordinates": [ -73.9987919, 40.8413665 ] } },
{ "type": "Feature", "properties": { "name": "Gulf", "lat": 40.7848638, "lon": -74.1362611, "brand": "Gulf", "operator": "", "source": "osm", "type": "GAS_STATION", "external": false }, "geometry": { "type": "Point", "coordinates": [ -74.1362611, 40.7848638 ] } },
{ "type": "Feature", "properties": { "name": "Conoco", "lat": 40.838746, "lon": -73.9816871, "brand": "Conoco", "operator": "", "source": "osm", "type": "GAS_STATION", "external": false }, "geometry": { "type": "Point", "coordinates": [ -73.9816871, 40.838746 ] } },
{ "type": "Feature", "properties": { "name": "Shell", "lat": 40.7431468, "lon": -73.9220434, "brand": "Shell", "operator": "", "source": "osm", "type": "GAS_STATION", "external": false }, "geometry": { "type": "Point", "coordinates": [ -73.9220434, 40.7431468 ] } },
{ "type": "Feature", "properties": { "name": "BP", "lat": 40.7482897, "lon": -73.7583756, "brand": "BP", "operator": "", "source": "osm", "type": "GAS_STATION", "external": false }, "geometry": { "type": "Point", "coordinates": [ -73.7583756, 40.7482897 ] } },
{ "type": "Feature", "properties": { "name": "Unknown Gas Station", "lat": 40.8674312, "lon": -73.9731897, "brand": "", "operator": "", "source": "osm", "type": "GAS_STATION", "external": false }, "geometry": { "type": "Point", "coordinates": [ -73.9731897, 40.8674312 ] } },
{ "type": "Feature", "properties": { "name": "Husky", "lat": 40.7576665, "lon": -73.8994354, "brand": "", "operator": "", "source": "osm", "type": "GAS_STATION", "external": false }, "geometry": { "type": "Point", "coordinates": [ -73.8994354, 40.7576665 ] } },
{ "type": "Feature", "properties": { "name": "Unknown Gas Station", "lat": 40.8648431, "lon": -73.9611371, "brand": "", "operator": "", "source": "osm", "type": "GAS_STATION", "external": false }, "geometry": { "type": "Point", "coordinates": [ -73.9611371, 40.8648431 ] } },
{ "type": "Feature", "properties": { "name": "BP", "lat": 40.8661102, "lon": -73.9283895, "brand": "BP", "operator": "", "source": "osm", "type": "GAS_STATION", "external": false }, "geometry": { "type": "Point", "coordinates": [ -73.9283895, 40.8661102 ] } },
{ "type": "Feature", "properties": { "name": "Unknown Gas Station", "lat": 40.8075426, "lon": -73.9956696, "brand": "", "operator": "", "source": "osm", "type": "GAS_STATION", "external": false }, "geometry": { "type": "Point", "coordinates": [ -73.9956696, 40.8075426 ] } },
{ "type": "Feature", "properties": { "name": "Mobil", "lat": 40.6665539, "lon": -73.767714, "brand": "Mobil", "operator": "", "source": "osm", "type": "GAS_STATION", "external": false }, "geometry": { "type": "Point", "coordinates": [ -73.767714, 40.6665539 ] } },
{ "type": "Feature", "properties": { "name": "Fuel 4", "lat": 40.8531497, "lon": -73.9845466, "brand": "", "operator": "", "source": "osm", "type": "GAS_STATION", "external": false }, "geometry": { "type": "Point", "coordinates": [ -73.9845466, 40.8531497 ] } },
{ "type": "Feature", "properties": { "name": "Unknown Gas Station", "lat": 40.8567208, "lon": -73.9818059, "brand": "", "operator": "", "source": "osm", "type": "GAS_STATION", "external": false }, "geometry": { "type": "Point", "coordinates": [ -73.9818059, 40.8567208 ] } },
{ "type": "Feature", "properties": { "name": "Silver Lake Pit Stop", "lat": 40.7832675, "lon": -74.1826406, "brand": "", "operator": "", "source": "osm", "type": "GAS_STATION", "external": false }, "geometry": { "type": "Point", "coordinates": [ -74.1826406, 40.7832675 ] } },
{ "type": "Feature", "properties": { "name": "Unknown Gas Station", "lat": 40.8561544, "lon": -73.9825072, "brand": "", "operator": "", "source": "osm", "type": "GAS_STATION", "external": false }, "geometry": { "type": "Point", "coordinates": [ -73.9825072, 40.8561544 ] } },
{ "type": "Feature", "properties": { "name": "Unknown Gas Station", "lat": 40.8442041, "lon": -73.9727167, "brand": "", "operator": "", "source": "osm", "type": "GAS_STATION", "external": false }, "geometry": { "type": "Point", "coordinates": [ -73.9727167, 40.8442041 ] } },
{ "type": "Feature", "properties": { "name": "Citgo", "lat": 40.9076874, "lon": -73.8969101, "brand": "Citgo", "operator": "", "source": "osm", "type": "GAS_STATION", "external": false }, "geometry": { "type": "Point", "coordinates": [ -73.8969101, 40.9076874 ] } },
{ "type": "Feature", "properties": { "name": "Exxon", "lat": 40.8376771, "lon": -73.9785077, "brand": "Exxon", "operator": "", "source": "osm", "type": "GAS_STATION", "external": false }, "geometry": { "type": "Point", "coordinates": [ -73.9785077, 40.8376771 ] } },
{ "type": "Feature", "properties": { "name": "Unknown Gas Station", "lat": 40.6141386, "lon": -73.7530589, "brand": "", "operator": "", "source": "osm", "type": "GAS_STATION", "external": false }, "geometry": { "type": "Point", "coordinates": [ -73.7530589, 40.6141386 ] } },
{ "type": "Feature", "properties": { "name": "Unknown Gas Station", "lat": 40.6114341, "lon": -73.7529902, "brand": "", "operator": "", "source": "osm", "type": "GAS_STATION", "external": false }, "geometry": { "type": "Point", "coordinates": [ -73.7529902, 40.6114341 ] } },
{ "type": "Feature", "properties": { "name": "Sunoco", "lat": 40.8587328, "lon": -73.9775733, "brand": "Sunoco", "operator": "", "source": "osm", "type": "GAS_STATION", "external": false }, "geometry": { "type": "Point", "coordinates": [ -73.9775733, 40.8587328 ] } },
{ "type": "Feature", "properties": { "name": "Atlantis", "lat": 40.6968421, "lon": -73.8141521, "brand": "", "operator": "", "source": "osm", "type": "GAS_STATION", "external": false }, "geometry": { "type": "Point", "coordinates": [ -73.8141521, 40.6968421 ] } },
{ "type": "Feature", "properties": { "name": "BP", "lat": 40.8957775, "lon": -73.8764961, "brand": "BP", "operator": "", "source": "osm", "type": "GAS_STATION", "external": false }, "geometry": { "type": "Point", "coordinates": [ -73.8764961, 40.8957775 ] } },
{ "type": "Feature", "properties": { "name": "Mobil", "lat": 40.7662487, "lon": -73.9940084, "brand": "Mobil", "operator": "Bisma Mobil", "source": "osm", "type": "GAS_STATION", "external": false }, "geometry": { "type": "Point", "coordinates": [ -73.9940084, 40.7662487 ] } },
{ "type": "Feature", "properties": { "name": "Mobil", "lat": 40.6475973, "lon": -73.9797641, "brand": "Mobil", "operator": "", "source": "osm", "type": "GAS_STATION", "external": false }, "geometry": { "type": "Point", "coordinates": [ -73.9797641, 40.6475973 ] } },
{ "type": "Feature", "properties": { "name": "Sunoco", "lat": 40.6682694, "lon": -73.772138, "brand": "Sunoco", "operator": "", "source": "osm", "type": "GAS_STATION", "external": false }, "geometry": { "type": "Point", "coordinates": [ -73.772138, 40.6682694 ] } },
{ "type": "Feature", "properties": { "name": "Conoco", "lat": 40.6282805, "lon": -73.7368199, "brand": "Conoco", "operator": "", "source": "osm", "type": "GAS_STATION", "external": false }, "geometry": { "type": "Point", "coordinates": [ -73.7368199, 40.6282805 ] } },
{ "type": "Feature", "properties": { "name": "Mobil", "lat": 40.6254241, "lon": -73.7356799, "brand": "Mobil", "operator": "", "source": "osm", "type": "GAS_STATION", "external": false }, "geometry": { "type": "Point", "coordinates": [ -73.7356799, 40.6254241 ] } },
{ "type": "Feature", "properties": { "name": "Shell", "lat": 40.6795878, "lon": -73.9581109, "brand": "Shell", "operator": "", "source": "osm", "type": "GAS_STATION", "external": false }, "geometry": { "type": "Point", "coordinates": [ -73.9581109, 40.6795878 ] } },
{ "type": "Feature", "properties": { "name": "RB Service Station", "lat": 40.704159, "lon": -73.8256923, "brand": "", "operator": "", "source": "osm", "type": "GAS_STATION", "external": false }, "geometry": { "type": "Point", "coordinates": [ -73.8256923, 40.704159 ] } },
{ "type": "Feature", "properties": { "name": "BP", "lat": 40.6805408, "lon": -73.90328, "brand": "BP", "operator": "Bushwick Petroleum LLC", "source": "osm", "type": "GAS_STATION", "external": false }, "geometry": { "type": "Point", "coordinates": [ -73.90328, 40.6805408 ] } },
{ "type": "Feature", "properties": { "name": "BP", "lat": 40.679593, "lon": -73.8800696, "brand": "BP", "operator": "", "source": "osm", "type": "GAS_STATION", "external": false }, "geometry": { "type": "Point", "coordinates": [ -73.8800696, 40.679593 ] } },
{ "type": "Feature", "properties": { "name": "Speedy Gas", "lat": 40.677492, "lon": -73.927847, "brand": "", "operator": "", "source": "osm", "type": "GAS_STATION", "external": false }, "geometry": { "type": "Point", "coordinates": [ -73.927847, 40.677492 ] } },
{ "type": "Feature", "properties": { "name": "Mobil", "lat": 40.6792712, "lon": -73.9535777, "brand": "Mobil", "operator": "", "source": "osm", "type": "GAS_STATION", "external": false }, "geometry": { "type": "Point", "coordinates": [ -73.9535777, 40.6792712 ] } },
{ "type": "Feature", "properties": { "name": "Amoco", "lat": 40.7200951, "lon": -73.8094483, "brand": "Amoco", "operator": "", "source": "osm", "type": "GAS_STATION", "external": false }, "geometry": { "type": "Point", "coordinates": [ -73.8094483, 40.7200951 ] } },
{ "type": "Feature", "properties": { "name": "Shell", "lat": 40.715299, "lon": -73.7740143, "brand": "Shell", "operator": "", "source": "osm", "type": "GAS_STATION", "external": false }, "geometry": { "type": "Point", "coordinates": [ -73.7740143, 40.715299 ] } },
{ "type": "Feature", "properties": { "name": "Mobil", "lat": 40.7092714, "lon": -73.7228866, "brand": "Mobil", "operator": "", "source": "osm", "type": "GAS_STATION", "external": false }, "geometry": { "type": "Point", "coordinates": [ -73.7228866, 40.7092714 ] } },
{ "type": "Feature", "properties": { "name": "BP", "lat": 40.718263, "lon": -73.7660756, "brand": "BP", "operator": "", "source": "osm", "type": "GAS_STATION", "external": false }, "geometry": { "type": "Point", "coordinates": [ -73.7660756, 40.718263 ] } },
{ "type": "Feature", "properties": { "name": "Global", "lat": 40.7070584, "lon": -73.7016798, "brand": "Global", "operator": "", "source": "osm", "type": "GAS_STATION", "external": false }, "geometry": { "type": "Point", "coordinates": [ -73.7016798, 40.7070584 ] } },
{ "type": "Feature", "properties": { "name": "Shell", "lat": 40.7893868, "lon": -73.9480446, "brand": "Shell", "operator": "", "source": "osm", "type": "GAS_STATION", "external": false }, "geometry": { "type": "Point", "coordinates": [ -73.9480446, 40.7893868 ] } },
{ "type": "Feature", "properties": { "name": "BP", "lat": 40.6645213, "lon": -73.768636, "brand": "BP", "operator": "", "source": "osm", "type": "GAS_STATION", "external": false }, "geometry": { "type": "Point", "coordinates": [ -73.768636, 40.6645213 ] } },
{ "type": "Feature", "properties": { "name": "Allegiance", "lat": 40.5904645, "lon": -73.9745207, "brand": "", "operator": "", "source": "osm", "type": "GAS_STATION", "external": false }, "geometry": { "type": "Point", "coordinates": [ -73.9745207, 40.5904645 ] } },
{ "type": "Feature", "properties": { "name": "Sunoco", "lat": 40.6168533, "lon": -74.0266703, "brand": "Sunoco", "operator": "", "source": "osm", "type": "GAS_STATION", "external": false }, "geometry": { "type": "Point", "coordinates": [ -74.0266703, 40.6168533 ] } },
{ "type": "Feature", "properties": { "name": "BP", "lat": 40.6185518, "lon": -74.0296565, "brand": "BP", "operator": "", "source": "osm", "type": "GAS_STATION", "external": false }, "geometry": { "type": "Point", "coordinates": [ -74.0296565, 40.6185518 ] } },
{ "type": "Feature", "properties": { "name": "BP", "lat": 40.7695411, "lon": -73.9097697, "brand": "Sunoco", "operator": "", "source": "osm", "type": "GAS_STATION", "external": false }, "geometry": { "type": "Point", "coordinates": [ -73.9097697, 40.7695411 ] } },
{ "type": "Feature", "properties": { "name": "Mobile", "lat": 40.6761786, "lon": -73.7417181, "brand": "Mobil", "operator": "", "source": "osm", "type": "GAS_STATION", "external": false }, "geometry": { "type": "Point", "coordinates": [ -73.7417181, 40.6761786 ] } },
{ "type": "Feature", "properties": { "name": "Sunoco", "lat": 40.7070843, "lon": -73.7025662, "brand": "Sunoco", "operator": "", "source": "osm", "type": "GAS_STATION", "external": false }, "geometry": { "type": "Point", "coordinates": [ -73.7025662, 40.7070843 ] } },
{ "type": "Feature", "properties": { "name": "Unknown Gas Station", "lat": 40.8422667, "lon": -73.8529138, "brand": "", "operator": "", "source": "osm", "type": "GAS_STATION", "external": false }, "geometry": { "type": "Point", "coordinates": [ -73.8529138, 40.8422667 ] } },
{ "type": "Feature", "properties": { "name": "Mobil", "lat": 40.7243278, "lon": -73.7540591, "brand": "Mobil", "operator": "", "source": "osm", "type": "GAS_STATION", "external": false }, "geometry": { "type": "Point", "coordinates": [ -73.7540591, 40.7243278 ] } },
{ "type": "Feature", "properties": { "name": "Exxon", "lat": 40.7149502, "lon": -73.7753853, "brand": "Exxon", "operator": "", "source": "osm", "type": "GAS_STATION", "external": false }, "geometry": { "type": "Point", "coordinates": [ -73.7753853, 40.7149502 ] } },
{ "type": "Feature", "properties": { "name": "BP", "lat": 40.7250373, "lon": -73.7541035, "brand": "BP", "operator": "", "source": "osm", "type": "GAS_STATION", "external": false }, "geometry": { "type": "Point", "coordinates": [ -73.7541035, 40.7250373 ] } },
{ "type": "Feature", "properties": { "name": "Unknown Gas Station", "lat": 40.8913873, "lon": -74.0310612, "brand": "", "operator": "", "source": "osm", "type": "GAS_STATION", "external": false }, "geometry": { "type": "Point", "coordinates": [ -74.0310612, 40.8913873 ] } },
{ "type": "Feature", "properties": { "name": "Shell", "lat": 40.7136743, "lon": -73.7535196, "brand": "Shell", "operator": "", "source": "osm", "type": "GAS_STATION", "external": false }, "geometry": { "type": "Point", "coordinates": [ -73.7535196, 40.7136743 ] } },
{ "type": "Feature", "properties": { "name": "BP", "lat": 40.7160033, "lon": -73.7443526, "brand": "BP", "operator": "", "source": "osm", "type": "GAS_STATION", "external": false }, "geometry": { "type": "Point", "coordinates": [ -73.7443526, 40.7160033 ] } },
{ "type": "Feature", "properties": { "name": "Sunoco", "lat": 40.6979671, "lon": -73.9617489, "brand": "", "operator": "", "source": "osm", "type": "GAS_STATION", "external": false }, "geometry": { "type": "Point", "coordinates": [ -73.9617489, 40.6979671 ] } },
{ "type": "Feature", "properties": { "name": "Nor Spring Service Station", "lat": 40.7360744, "lon": -73.7470844, "brand": "", "operator": "", "source": "osm", "type": "GAS_STATION", "external": false }, "geometry": { "type": "Point", "coordinates": [ -73.7470844, 40.7360744 ] } },
{ "type": "Feature", "properties": { "name": "US Gas", "lat": 40.8981477, "lon": -74.0370839, "brand": "US Gas", "operator": "", "source": "osm", "type": "GAS_STATION", "external": false }, "geometry": { "type": "Point", "coordinates": [ -74.0370839, 40.8981477 ] } },
{ "type": "Feature", "properties": { "name": "Unknown Gas Station", "lat": 40.7689599, "lon": -73.9063551, "brand": "", "operator": "", "source": "osm", "type": "GAS_STATION", "external": false }, "geometry": { "type": "Point", "coordinates": [ -73.9063551, 40.7689599 ] } },
{ "type": "Feature", "properties": { "name": "Unknown Gas Station", "lat": 40.8544859, "lon": -74.0674556, "brand": "", "operator": "", "source": "osm", "type": "GAS_STATION", "external": false }, "geometry": { "type": "Point", "coordinates": [ -74.0674556, 40.8544859 ] } },
{ "type": "Feature", "properties": { "name": "Fuel 4", "lat": 40.7546838, "lon": -74.0555626, "brand": "", "operator": "", "source": "osm", "type": "GAS_STATION", "external": false }, "geometry": { "type": "Point", "coordinates": [ -74.0555626, 40.7546838 ] } },
{ "type": "Feature", "properties": { "name": "Exxon", "lat": 40.7400369, "lon": -74.0611984, "brand": "Exxon", "operator": "", "source": "osm", "type": "GAS_STATION", "external": false }, "geometry": { "type": "Point", "coordinates": [ -74.0611984, 40.7400369 ] } },
{ "type": "Feature", "properties": { "name": "Lukoil", "lat": 40.739687, "lon": -74.0615011, "brand": "Lukoil", "operator": "", "source": "osm", "type": "GAS_STATION", "external": false }, "geometry": { "type": "Point", "coordinates": [ -74.0615011, 40.739687 ] } },
{ "type": "Feature", "properties": { "name": "Unknown Gas Station", "lat": 40.6530618, "lon": -73.7243481, "brand": "", "operator": "", "source": "osm", "type": "GAS_STATION", "external": false }, "geometry": { "type": "Point", "coordinates": [ -73.7243481, 40.6530618 ] } },
{ "type": "Feature", "properties": { "name": "Delta", "lat": 40.7319861, "lon": -74.0417081, "brand": "Delta", "operator": "", "source": "osm", "type": "GAS_STATION", "external": false }, "geometry": { "type": "Point", "coordinates": [ -74.0417081, 40.7319861 ] } },
{ "type": "Feature", "properties": { "name": "BP", "lat": 40.730138, "lon": -74.0434231, "brand": "BP", "operator": "", "source": "osm", "type": "GAS_STATION", "external": false }, "geometry": { "type": "Point", "coordinates": [ -74.0434231, 40.730138 ] } },
{ "type": "Feature", "properties": { "name": "Shell", "lat": 40.7300798, "lon": -74.0425598, "brand": "Shell", "operator": "", "source": "osm", "type": "GAS_STATION", "external": false }, "geometry": { "type": "Point", "coordinates": [ -74.0425598, 40.7300798 ] } },
{ "type": "Feature", "properties": { "name": "Gulf", "lat": 40.7299968, "lon": -74.041869, "brand": "Gulf", "operator": "", "source": "osm", "type": "GAS_STATION", "external": false }, "geometry": { "type": "Point", "coordinates": [ -74.041869, 40.7299968 ] } },
{ "type": "Feature", "properties": { "name": "Exxon", "lat": 40.7319318, "lon": -74.0398802, "brand": "Exxon", "operator": "", "source": "osm", "type": "GAS_STATION", "external": false }, "geometry": { "type": "Point", "coordinates": [ -74.0398802, 40.7319318 ] } },
{ "type": "Feature", "properties": { "name": "Shell", "lat": 40.7385154, "lon": -74.0622115, "brand": "Shell", "operator": "", "source": "osm", "type": "GAS_STATION", "external": false }, "geometry": { "type": "Point", "coordinates": [ -74.0622115, 40.7385154 ] } },
{ "type": "Feature", "properties": { "name": "Exxon", "lat": 40.7270551, "lon": -74.0768177, "brand": "Exxon", "operator": "", "source": "osm", "type": "GAS_STATION", "external": false }, "geometry": { "type": "Point", "coordinates": [ -74.0768177, 40.7270551 ] } },
{ "type": "Feature", "properties": { "name": "Unknown Gas Station", "lat": 40.7484104, "lon": -74.1933514, "brand": "", "operator": "", "source": "osm", "type": "GAS_STATION", "external": false }, "geometry": { "type": "Point", "coordinates": [ -74.1933514, 40.7484104 ] } },
{ "type": "Feature", "properties": { "name": "Unknown Gas Station", "lat": 40.7492819, "lon": -74.1936644, "brand": "", "operator": "", "source": "osm", "type": "GAS_STATION", "external": false }, "geometry": { "type": "Point", "coordinates": [ -74.1936644, 40.7492819 ] } },
{ "type": "Feature", "properties": { "name": "BP", "lat": 40.6935992, "lon": -74.1015826, "brand": "BP", "operator": "", "source": "osm", "type": "GAS_STATION", "external": false }, "geometry": { "type": "Point", "coordinates": [ -74.1015826, 40.6935992 ] } },
{ "type": "Feature", "properties": { "name": "7 Even", "lat": 40.7513657, "lon": -74.0403138, "brand": "", "operator": "", "source": "osm", "type": "GAS_STATION", "external": false }, "geometry": { "type": "Point", "coordinates": [ -74.0403138, 40.7513657 ] } },
{ "type": "Feature", "properties": { "name": "Sunoco", "lat": 40.7145055, "lon": -74.192242, "brand": "Sunoco", "operator": "", "source": "osm", "type": "GAS_STATION", "external": false }, "geometry": { "type": "Point", "coordinates": [ -74.192242, 40.7145055 ] } },
{ "type": "Feature", "properties": { "name": "Unknown Gas Station", "lat": 40.7067481, "lon": -74.2170704, "brand": "", "operator": "", "source": "osm", "type": "GAS_STATION", "external": false }, "geometry": { "type": "Point", "coordinates": [ -74.2170704, 40.7067481 ] } },
{ "type": "Feature", "properties": { "name": "BP", "lat": 40.7261524, "lon": -74.160913, "brand": "BP", "operator": "", "source": "osm", "type": "GAS_STATION", "external": false }, "geometry": { "type": "Point", "coordinates": [ -74.160913, 40.7261524 ] } },
{ "type": "Feature", "properties": { "name": "Sunoco", "lat": 40.7260696, "lon": -74.1535186, "brand": "Sunoco", "operator": "", "source": "osm", "type": "GAS_STATION", "external": false }, "geometry": { "type": "Point", "coordinates": [ -74.1535186, 40.7260696 ] } },
{ "type": "Feature", "properties": { "name": "Exxon", "lat": 40.7579284, "lon": -74.1668698, "brand": "Exxon", "operator": "", "source": "osm", "type": "GAS_STATION", "external": false }, "geometry": { "type": "Point", "coordinates": [ -74.1668698, 40.7579284 ] } },
{ "type": "Feature", "properties": { "name": "Conoco", "lat": 40.7578005, "lon": -74.1663286, "brand": "Conoco", "operator": "", "source": "osm", "type": "GAS_STATION", "external": false }, "geometry": { "type": "Point", "coordinates": [ -74.1663286, 40.7578005 ] } },
{ "type": "Feature", "properties": { "name": "BP", "lat": 40.7231079, "lon": -73.9388551, "brand": "BP", "operator": "", "source": "osm", "type": "GAS_STATION", "external": false }, "geometry": { "type": "Point", "coordinates": [ -73.9388551, 40.7231079 ] } },
{ "type": "Feature", "properties": { "name": "Wawa", "lat": 40.749053, "lon": -74.1359631, "brand": "Wawa", "operator": "", "source": "osm", "type": "GAS_STATION", "external": false }, "geometry": { "type": "Point", "coordinates": [ -74.1359631, 40.749053 ] } },
{ "type": "Feature", "properties": { "name": "Speedway", "lat": 40.7687291, "lon": -74.02092, "brand": "Speedway", "operator": "", "source": "osm", "type": "GAS_STATION", "external": false }, "geometry": { "type": "Point", "coordinates": [ -74.02092, 40.7687291 ] } },
{ "type": "Feature", "properties": { "name": "Exxon", "lat": 40.7596983, "lon": -74.0274256, "brand": "Exxon", "operator": "", "source": "osm", "type": "GAS_STATION", "external": false }, "geometry": { "type": "Point", "coordinates": [ -74.0274256, 40.7596983 ] } },
{ "type": "Feature", "properties": { "name": "Unknown Gas Station", "lat": 40.633865, "lon": -73.7398498, "brand": "", "operator": "", "source": "osm", "type": "GAS_STATION", "external": false }, "geometry": { "type": "Point", "coordinates": [ -73.7398498, 40.633865 ] } },
{ "type": "Feature", "properties": { "name": "Unknown Gas Station", "lat": 40.6231183, "lon": -73.7421086, "brand": "", "operator": "", "source": "osm", "type": "GAS_STATION", "external": false }, "geometry": { "type": "Point", "coordinates": [ -73.7421086, 40.6231183 ] } },
{ "type": "Feature", "properties": { "name": "Unknown Gas Station", "lat": 40.6250309, "lon": -73.7354188, "brand": "", "operator": "", "source": "osm", "type": "GAS_STATION", "external": false }, "geometry": { "type": "Point", "coordinates": [ -73.7354188, 40.6250309 ] } },
{ "type": "Feature", "properties": { "name": "Grand Slam", "lat": 40.6753721, "lon": -73.8658334, "brand": "", "operator": "", "source": "osm", "type": "GAS_STATION", "external": false }, "geometry": { "type": "Point", "coordinates": [ -73.8658334, 40.6753721 ] } },
{ "type": "Feature", "properties": { "name": "76", "lat": 40.6796198, "lon": -73.878006, "brand": "", "operator": "", "source": "osm", "type": "GAS_STATION", "external": false }, "geometry": { "type": "Point", "coordinates": [ -73.878006, 40.6796198 ] } },
{ "type": "Feature", "properties": { "name": "BJ's Gas", "lat": 40.6390013, "lon": -74.2331798, "brand": "BJ's Wholesale Club", "operator": "", "source": "osm", "type": "GAS_STATION", "external": false }, "geometry": { "type": "Point", "coordinates": [ -74.2331798, 40.6390013 ] } },
{ "type": "Feature", "properties": { "name": "Shell", "lat": 40.795752, "lon": -74.0619631, "brand": "Shell", "operator": "", "source": "osm", "type": "GAS_STATION", "external": false }, "geometry": { "type": "Point", "coordinates": [ -74.0619631, 40.795752 ] } },
{ "type": "Feature", "properties": { "name": "Lukoil", "lat": 40.7195168, "lon": -74.1809157, "brand": "Lukoil", "operator": "", "source": "osm", "type": "GAS_STATION", "external": false }, "geometry": { "type": "Point", "coordinates": [ -74.1809157, 40.7195168 ] } },
{ "type": "Feature", "properties": { "name": "Exxon", "lat": 40.7326277, "lon": -74.1972486, "brand": "Exxon", "operator": "", "source": "osm", "type": "GAS_STATION", "external": false }, "geometry": { "type": "Point", "coordinates": [ -74.1972486, 40.7326277 ] } },
{ "type": "Feature", "properties": { "name": "Unknown Gas Station", "lat": 40.7686857, "lon": -73.773916, "brand": "", "operator": "", "source": "osm", "type": "GAS_STATION", "external": false }, "geometry": { "type": "Point", "coordinates": [ -73.773916, 40.7686857 ] } },
{ "type": "Feature", "properties": { "name": "Unknown Gas Station", "lat": 40.769175, "lon": -73.7735601, "brand": "", "operator": "", "source": "osm", "type": "GAS_STATION", "external": false }, "geometry": { "type": "Point", "coordinates": [ -73.7735601, 40.769175 ] } },
{ "type": "Feature", "properties": { "name": "Exxon", "lat": 40.764964, "lon": -73.8190253, "brand": "Exxon", "operator": "", "source": "osm", "type": "GAS_STATION", "external": false }, "geometry": { "type": "Point", "coordinates": [ -73.8190253, 40.764964 ] } },
{ "type": "Feature", "properties": { "name": "Mobil", "lat": 40.7637561, "lon": -73.8306497, "brand": "Mobil", "operator": "", "source": "osm", "type": "GAS_STATION", "external": false }, "geometry": { "type": "Point", "coordinates": [ -73.8306497, 40.7637561 ] } },
{ "type": "Feature", "properties": { "name": "Conoco", "lat": 40.7819217, "lon": -73.8384102, "brand": "Conoco", "operator": "", "source": "osm", "type": "GAS_STATION", "external": false }, "geometry": { "type": "Point", "coordinates": [ -73.8384102, 40.7819217 ] } },
{ "type": "Feature", "properties": { "name": "Speedway", "lat": 40.7573034, "lon": -73.8707075, "brand": "Speedway", "operator": "", "source": "osm", "type": "GAS_STATION", "external": false }, "geometry": { "type": "Point", "coordinates": [ -73.8707075, 40.7573034 ] } },
{ "type": "Feature", "properties": { "name": "BP", "lat": 40.7604104, "lon": -73.8620001, "brand": "BP", "operator": "", "source": "osm", "type": "GAS_STATION", "external": false }, "geometry": { "type": "Point", "coordinates": [ -73.8620001, 40.7604104 ] } },
{ "type": "Feature", "properties": { "name": "Sunoco", "lat": 40.7093139, "lon": -73.795826, "brand": "Sunoco", "operator": "", "source": "osm", "type": "GAS_STATION", "external": false }, "geometry": { "type": "Point", "coordinates": [ -73.795826, 40.7093139 ] } },
{ "type": "Feature", "properties": { "name": "Costco Gasoline", "lat": 40.8978283, "lon": -73.7930601, "brand": "Costco", "operator": "", "source": "osm", "type": "GAS_STATION", "external": false }, "geometry": { "type": "Point", "coordinates": [ -73.7930601, 40.8978283 ] } },
{ "type": "Feature", "properties": { "name": "Mobil", "lat": 40.7559743, "lon": -73.9978758, "brand": "Mobil", "operator": "", "source": "osm", "type": "GAS_STATION", "external": false }, "geometry": { "type": "Point", "coordinates": [ -73.9978758, 40.7559743 ] } },
{ "type": "Feature", "properties": { "name": "Gulf", "lat": 40.7285572, "lon": -73.9501159, "brand": "Gulf", "operator": "", "source": "osm", "type": "GAS_STATION", "external": false }, "geometry": { "type": "Point", "coordinates": [ -73.9501159, 40.7285572 ] } },
{ "type": "Feature", "properties": { "name": "BP Gas", "lat": 40.7074654, "lon": -73.7516488, "brand": "BP", "operator": "", "source": "osm", "type": "GAS_STATION", "external": false }, "geometry": { "type": "Point", "coordinates": [ -73.7516488, 40.7074654 ] } },
{ "type": "Feature", "properties": { "name": "BP", "lat": 40.7367725, "lon": -73.8567706, "brand": "BP", "operator": "British Petroleum", "source": "osm", "type": "GAS_STATION", "external": false }, "geometry": { "type": "Point", "coordinates": [ -73.8567706, 40.7367725 ] } },
{ "type": "Feature", "properties": { "name": "BP", "lat": 40.91436, "lon": -74.0004635, "brand": "BP", "operator": "", "source": "osm", "type": "GAS_STATION", "external": false }, "geometry": { "type": "Point", "coordinates": [ -74.0004635, 40.91436 ] } },
{ "type": "Feature", "properties": { "name": "Gulf", "lat": 40.8951549, "lon": -73.8815556, "brand": "Gulf", "operator": "", "source": "osm", "type": "GAS_STATION", "external": false }, "geometry": { "type": "Point", "coordinates": [ -73.8815556, 40.8951549 ] } },
{ "type": "Feature", "properties": { "name": "Mobil", "lat": 40.7039869, "lon": -73.8147432, "brand": "Mobil", "operator": "", "source": "osm", "type": "GAS_STATION", "external": false }, "geometry": { "type": "Point", "coordinates": [ -73.8147432, 40.7039869 ] } },
{ "type": "Feature", "properties": { "name": "BP", "lat": 40.7450815, "lon": -73.9481148, "brand": "BP", "operator": "", "source": "osm", "type": "GAS_STATION", "external": false }, "geometry": { "type": "Point", "coordinates": [ -73.9481148, 40.7450815 ] } },
{ "type": "Feature", "properties": { "name": "Lukoil", "lat": 40.7596815, "lon": -73.9276444, "brand": "Lukoil", "operator": "Lukoil", "source": "osm", "type": "GAS_STATION", "external": false }, "geometry": { "type": "Point", "coordinates": [ -73.9276444, 40.7596815 ] } },
{ "type": "Feature", "properties": { "name": "Lukoil", "lat": 40.8553125, "lon": -73.9017558, "brand": "Lukoil", "operator": "Lukoil", "source": "osm", "type": "GAS_STATION", "external": false }, "geometry": { "type": "Point", "coordinates": [ -73.9017558, 40.8553125 ] } },
{ "type": "Feature", "properties": { "name": "Mobil", "lat": 40.6977222, "lon": -74.2173012, "brand": "Mobil", "operator": "", "source": "osm", "type": "GAS_STATION", "external": false }, "geometry": { "type": "Point", "coordinates": [ -74.2173012, 40.6977222 ] } },
{ "type": "Feature", "properties": { "name": "BP", "lat": 40.7500191, "lon": -73.89884, "brand": "BP", "operator": "", "source": "osm", "type": "GAS_STATION", "external": false }, "geometry": { "type": "Point", "coordinates": [ -73.89884, 40.7500191 ] } },
{ "type": "Feature", "properties": { "name": "Shell", "lat": 40.7543513, "lon": -73.8950775, "brand": "Shell", "operator": "", "source": "osm", "type": "GAS_STATION", "external": false }, "geometry": { "type": "Point", "coordinates": [ -73.8950775, 40.7543513 ] } },
{ "type": "Feature", "properties": { "name": "Gulf", "lat": 40.6944458, "lon": -74.1562106, "brand": "Gulf", "operator": "", "source": "osm", "type": "GAS_STATION", "external": false }, "geometry": { "type": "Point", "coordinates": [ -74.1562106, 40.6944458 ] } },
{ "type": "Feature", "properties": { "name": "Unknown Gas Station", "lat": 40.9190865, "lon": -73.7860995, "brand": "", "operator": "", "source": "osm", "type": "GAS_STATION", "external": false }, "geometry": { "type": "Point", "coordinates": [ -73.7860995, 40.9190865 ] } },
{ "type": "Feature", "properties": { "name": "Millennium Gas 2000", "lat": 40.9105006, "lon": -74.1895676, "brand": "", "operator": "", "source": "osm", "type": "GAS_STATION", "external": false }, "geometry": { "type": "Point", "coordinates": [ -74.1895676, 40.9105006 ] } },
{ "type": "Feature", "properties": { "name": "Polygon Gas", "lat": 40.9140856, "lon": -74.1969974, "brand": "", "operator": "", "source": "osm", "type": "GAS_STATION", "external": false }, "geometry": { "type": "Point", "coordinates": [ -74.1969974, 40.9140856 ] } },
{ "type": "Feature", "properties": { "name": "Coastal", "lat": 40.9152131, "lon": -74.1676802, "brand": "", "operator": "", "source": "osm", "type": "GAS_STATION", "external": false }, "geometry": { "type": "Point", "coordinates": [ -74.1676802, 40.9152131 ] } },
{ "type": "Feature", "properties": { "name": "K&G Petroleum", "lat": 40.9053174, "lon": -74.1699068, "brand": "", "operator": "", "source": "osm", "type": "GAS_STATION", "external": false }, "geometry": { "type": "Point", "coordinates": [ -74.1699068, 40.9053174 ] } },
{ "type": "Feature", "properties": { "name": "Delta", "lat": 40.817229, "lon": -74.2214608, "brand": "", "operator": "", "source": "osm", "type": "GAS_STATION", "external": false }, "geometry": { "type": "Point", "coordinates": [ -74.2214608, 40.817229 ] } },
{ "type": "Feature", "properties": { "name": "BP", "lat": 40.7313115, "lon": -74.1773606, "brand": "BP", "operator": "BP PLC", "source": "osm", "type": "GAS_STATION", "external": false }, "geometry": { "type": "Point", "coordinates": [ -74.1773606, 40.7313115 ] } },
{ "type": "Feature", "properties": { "name": "Shell", "lat": 40.7522216, "lon": -73.9294728, "brand": "Shell", "operator": "", "source": "osm", "type": "GAS_STATION", "external": false }, "geometry": { "type": "Point", "coordinates": [ -73.9294728, 40.7522216 ] } },
{ "type": "Feature", "properties": { "name": "Sunoco", "lat": 40.7921432, "lon": -74.0560589, "brand": "Sunoco", "operator": "", "source": "osm", "type": "GAS_STATION", "external": false }, "geometry": { "type": "Point", "coordinates": [ -74.0560589, 40.7921432 ] } },
{ "type": "Feature", "properties": { "name": "Unknown Gas Station", "lat": 40.6529594, "lon": -73.7244787, "brand": "", "operator": "", "source": "osm", "type": "GAS_STATION", "external": false }, "geometry": { "type": "Point", "coordinates": [ -73.7244787, 40.6529594 ] } },
{ "type": "Feature", "properties": { "name": "Exxon", "lat": 40.7907482, "lon": -74.0541421, "brand": "Exxon", "operator": "", "source": "osm", "type": "GAS_STATION", "external": false }, "geometry": { "type": "Point", "coordinates": [ -74.0541421, 40.7907482 ] } },
{ "type": "Feature", "properties": { "name": "Gulf Gas Station", "lat": 40.86475, "lon": -74.1436561, "brand": "", "operator": "", "source": "osm", "type": "GAS_STATION", "external": false }, "geometry": { "type": "Point", "coordinates": [ -74.1436561, 40.86475 ] } },
{ "type": "Feature", "properties": { "name": "Mobil", "lat": 40.6731503, "lon": -73.9990009, "brand": "Mobil", "operator": "", "source": "osm", "type": "GAS_STATION", "external": false }, "geometry": { "type": "Point", "coordinates": [ -73.9990009, 40.6731503 ] } },
{ "type": "Feature", "properties": { "name": "Mobil", "lat": 40.8670535, "lon": -73.9538742, "brand": "Mobil", "operator": "", "source": "osm", "type": "GAS_STATION", "external": false }, "geometry": { "type": "Point", "coordinates": [ -73.9538742, 40.8670535 ] } },
{ "type": "Feature", "properties": { "name": "Unknown Gas Station", "lat": 40.8670063, "lon": -74.0666226, "brand": "", "operator": "", "source": "osm", "type": "GAS_STATION", "external": false }, "geometry": { "type": "Point", "coordinates": [ -74.0666226, 40.8670063 ] } },
{ "type": "Feature", "properties": { "name": "BP", "lat": 40.8688668, "lon": -74.0707379, "brand": "BP", "operator": "", "source": "osm", "type": "GAS_STATION", "external": false }, "geometry": { "type": "Point", "coordinates": [ -74.0707379, 40.8688668 ] } },
{ "type": "Feature", "properties": { "name": "Exxon", "lat": 40.8654038, "lon": -74.0750762, "brand": "Exxon", "operator": "", "source": "osm", "type": "GAS_STATION", "external": false }, "geometry": { "type": "Point", "coordinates": [ -74.0750762, 40.8654038 ] } },
{ "type": "Feature", "properties": { "name": "Blue Star", "lat": 40.7589889, "lon": -74.044157, "brand": "", "operator": "", "source": "osm", "type": "GAS_STATION", "external": false }, "geometry": { "type": "Point", "coordinates": [ -74.044157, 40.7589889 ] } },
{ "type": "Feature", "properties": { "name": "Exxon", "lat": 40.7593094, "lon": -74.0375432, "brand": "Exxon", "operator": "", "source": "osm", "type": "GAS_STATION", "external": false }, "geometry": { "type": "Point", "coordinates": [ -74.0375432, 40.7593094 ] } },
{ "type": "Feature", "properties": { "name": "Unknown Gas Station", "lat": 40.8636262, "lon": -74.0650974, "brand": "", "operator": "", "source": "osm", "type": "GAS_STATION", "external": false }, "geometry": { "type": "Point", "coordinates": [ -74.0650974, 40.8636262 ] } },
{ "type": "Feature", "properties": { "name": "Delta", "lat": 40.7616912, "lon": -74.0425561, "brand": "Delta", "operator": "", "source": "osm", "type": "GAS_STATION", "external": false }, "geometry": { "type": "Point", "coordinates": [ -74.0425561, 40.7616912 ] } },
{ "type": "Feature", "properties": { "name": "Mobil", "lat": 40.7901191, "lon": -73.7044858, "brand": "Mobil", "operator": "", "source": "osm", "type": "GAS_STATION", "external": false }, "geometry": { "type": "Point", "coordinates": [ -73.7044858, 40.7901191 ] } },
{ "type": "Feature", "properties": { "name": "BP", "lat": 40.7830082, "lon": -73.7152386, "brand": "BP", "operator": "", "source": "osm", "type": "GAS_STATION", "external": false }, "geometry": { "type": "Point", "coordinates": [ -73.7152386, 40.7830082 ] } },
{ "type": "Feature", "properties": { "name": "76", "lat": 40.8425922, "lon": -73.7082138, "brand": "76", "operator": "", "source": "osm", "type": "GAS_STATION", "external": false }, "geometry": { "type": "Point", "coordinates": [ -73.7082138, 40.8425922 ] } },
{ "type": "Feature", "properties": { "name": "Shell", "lat": 40.8407744, "lon": -73.7050898, "brand": "Shell", "operator": "", "source": "osm", "type": "GAS_STATION", "external": false }, "geometry": { "type": "Point", "coordinates": [ -73.7050898, 40.8407744 ] } },
{ "type": "Feature", "properties": { "name": "Delta", "lat": 40.8177709, "lon": -74.2229617, "brand": "", "operator": "", "source": "osm", "type": "GAS_STATION", "external": false }, "geometry": { "type": "Point", "coordinates": [ -74.2229617, 40.8177709 ] } },
{ "type": "Feature", "properties": { "name": "GivnGo", "lat": 40.7291341, "lon": -73.7001695, "brand": "", "operator": "", "source": "osm", "type": "GAS_STATION", "external": false }, "geometry": { "type": "Point", "coordinates": [ -73.7001695, 40.7291341 ] } },
{ "type": "Feature", "properties": { "name": "BP", "lat": 40.7631816, "lon": -74.048699, "brand": "BP", "operator": "", "source": "osm", "type": "GAS_STATION", "external": false }, "geometry": { "type": "Point", "coordinates": [ -74.048699, 40.7631816 ] } },
{ "type": "Feature", "properties": { "name": "Unknown Gas Station", "lat": 40.7724752, "lon": -74.0359201, "brand": "", "operator": "", "source": "osm", "type": "GAS_STATION", "external": false }, "geometry": { "type": "Point", "coordinates": [ -74.0359201, 40.7724752 ] } },
{ "type": "Feature", "properties": { "name": "Exxon", "lat": 40.7738889, "lon": -74.0338718, "brand": "Exxon", "operator": "", "source": "osm", "type": "GAS_STATION", "external": false }, "geometry": { "type": "Point", "coordinates": [ -74.0338718, 40.7738889 ] } },
{ "type": "Feature", "properties": { "name": "Unknown Gas Station", "lat": 40.7263938, "lon": -73.7149257, "brand": "", "operator": "", "source": "osm", "type": "GAS_STATION", "external": false }, "geometry": { "type": "Point", "coordinates": [ -73.7149257, 40.7263938 ] } },
{ "type": "Feature", "properties": { "name": "Conoco", "lat": 40.725409, "lon": -73.719946, "brand": "Conoco", "operator": "", "source": "osm", "type": "GAS_STATION", "external": false }, "geometry": { "type": "Point", "coordinates": [ -73.719946, 40.725409 ] } },
{ "type": "Feature", "properties": { "name": "Speedway", "lat": 40.7770399, "lon": -74.0285554, "brand": "Speedway", "operator": "", "source": "osm", "type": "GAS_STATION", "external": false }, "geometry": { "type": "Point", "coordinates": [ -74.0285554, 40.7770399 ] } },
{ "type": "Feature", "properties": { "name": "Exxon", "lat": 40.7079228, "lon": -73.708138, "brand": "Exxon", "operator": "", "source": "osm", "type": "GAS_STATION", "external": false }, "geometry": { "type": "Point", "coordinates": [ -73.708138, 40.7079228 ] } },
{ "type": "Feature", "properties": { "name": "Unknown Gas Station", "lat": 40.7822786, "lon": -73.7338796, "brand": "", "operator": "", "source": "osm", "type": "GAS_STATION", "external": false }, "geometry": { "type": "Point", "coordinates": [ -73.7338796, 40.7822786 ] } },
{ "type": "Feature", "properties": { "name": "Shell", "lat": 40.7942653, "lon": -73.7339674, "brand": "Shell", "operator": "", "source": "osm", "type": "GAS_STATION", "external": false }, "geometry": { "type": "Point", "coordinates": [ -73.7339674, 40.7942653 ] } },
{ "type": "Feature", "properties": { "name": "Gulf", "lat": 40.5823884, "lon": -73.9596169, "brand": "Gulf", "operator": "", "source": "osm", "type": "GAS_STATION", "external": false }, "geometry": { "type": "Point", "coordinates": [ -73.9596169, 40.5823884 ] } },
{ "type": "Feature", "properties": { "name": "Sunoco", "lat": 40.8223505, "lon": -74.0295679, "brand": "Sunoco", "operator": "", "source": "osm", "type": "GAS_STATION", "external": false }, "geometry": { "type": "Point", "coordinates": [ -74.0295679, 40.8223505 ] } },
{ "type": "Feature", "properties": { "name": "Shell", "lat": 40.7967759, "lon": -73.9344456, "brand": "Shell", "operator": "", "source": "osm", "type": "GAS_STATION", "external": false }, "geometry": { "type": "Point", "coordinates": [ -73.9344456, 40.7967759 ] } },
{ "type": "Feature", "properties": { "name": "Shell", "lat": 40.7830962, "lon": -73.9452035, "brand": "Shell", "operator": "", "source": "osm", "type": "GAS_STATION", "external": false }, "geometry": { "type": "Point", "coordinates": [ -73.9452035, 40.7830962 ] } },
{ "type": "Feature", "properties": { "name": "Exxon", "lat": 40.8497285, "lon": -73.9968573, "brand": "Exxon", "operator": "", "source": "osm", "type": "GAS_STATION", "external": false }, "geometry": { "type": "Point", "coordinates": [ -73.9968573, 40.8497285 ] } },
{ "type": "Feature", "properties": { "name": "USA", "lat": 40.7270599, "lon": -73.7095415, "brand": "", "operator": "", "source": "osm", "type": "GAS_STATION", "external": false }, "geometry": { "type": "Point", "coordinates": [ -73.7095415, 40.7270599 ] } },
{ "type": "Feature", "properties": { "name": "Shell", "lat": 40.6261435, "lon": -74.2433085, "brand": "Shell", "operator": "", "source": "osm", "type": "GAS_STATION", "external": false }, "geometry": { "type": "Point", "coordinates": [ -74.2433085, 40.6261435 ] } },
{ "type": "Feature", "properties": { "name": "Exxon", "lat": 40.6269982, "lon": -74.2434061, "brand": "Exxon", "operator": "", "source": "osm", "type": "GAS_STATION", "external": false }, "geometry": { "type": "Point", "coordinates": [ -74.2434061, 40.6269982 ] } },
{ "type": "Feature", "properties": { "name": "BP", "lat": 40.6981303, "lon": -74.2429676, "brand": "BP", "operator": "", "source": "osm", "type": "GAS_STATION", "external": false }, "geometry": { "type": "Point", "coordinates": [ -74.2429676, 40.6981303 ] } },
{ "type": "Feature", "properties": { "name": "Mobil", "lat": 40.7897339, "lon": -74.05265, "brand": "Mobil", "operator": "", "source": "osm", "type": "GAS_STATION", "external": false }, "geometry": { "type": "Point", "coordinates": [ -74.05265, 40.7897339 ] } },
{ "type": "Feature", "properties": { "name": "Unknown Gas Station", "lat": 40.6445774, "lon": -73.7035092, "brand": "", "operator": "", "source": "osm", "type": "GAS_STATION", "external": false }, "geometry": { "type": "Point", "coordinates": [ -73.7035092, 40.6445774 ] } },
{ "type": "Feature", "properties": { "name": "Sunoco", "lat": 40.6436561, "lon": -73.7037506, "brand": "Sunoco", "operator": "", "source": "osm", "type": "GAS_STATION", "external": false }, "geometry": { "type": "Point", "coordinates": [ -73.7037506, 40.6436561 ] } },
{ "type": "Feature", "properties": { "name": "Amoco", "lat": 40.6649805, "lon": -73.7354894, "brand": "Amoco", "operator": "", "source": "osm", "type": "GAS_STATION", "external": false }, "geometry": { "type": "Point", "coordinates": [ -73.7354894, 40.6649805 ] } },
{ "type": "Feature", "properties": { "name": "Mobil", "lat": 40.6944956, "lon": -73.9834647, "brand": "Mobil", "operator": "", "source": "osm", "type": "GAS_STATION", "external": false }, "geometry": { "type": "Point", "coordinates": [ -73.9834647, 40.6944956 ] } },
{ "type": "Feature", "properties": { "name": "Unknown Gas Station", "lat": 40.8618541, "lon": -74.0639058, "brand": "", "operator": "", "source": "osm", "type": "GAS_STATION", "external": false }, "geometry": { "type": "Point", "coordinates": [ -74.0639058, 40.8618541 ] } },
{ "type": "Feature", "properties": { "name": "BP", "lat": 40.75238, "lon": -74.0522313, "brand": "BP", "operator": "", "source": "osm", "type": "GAS_STATION", "external": false }, "geometry": { "type": "Point", "coordinates": [ -74.0522313, 40.75238 ] } },
{ "type": "Feature", "properties": { "name": "Fuel One", "lat": 40.66983, "lon": -74.201785, "brand": "", "operator": "", "source": "osm", "type": "GAS_STATION", "external": false }, "geometry": { "type": "Point", "coordinates": [ -74.201785, 40.66983 ] } },
{ "type": "Feature", "properties": { "name": "Shell", "lat": 40.9117303, "lon": -74.1549061, "brand": "Shell", "operator": "", "source": "osm", "type": "GAS_STATION", "external": false }, "geometry": { "type": "Point", "coordinates": [ -74.1549061, 40.9117303 ] } },
{ "type": "Feature", "properties": { "name": "Delta", "lat": 40.8822646, "lon": -74.1679133, "brand": "Delta", "operator": "", "source": "osm", "type": "GAS_STATION", "external": false }, "geometry": { "type": "Point", "coordinates": [ -74.1679133, 40.8822646 ] } },
{ "type": "Feature", "properties": { "name": "Gulf", "lat": 40.9119949, "lon": -74.177909, "brand": "Gulf", "operator": "", "source": "osm", "type": "GAS_STATION", "external": false }, "geometry": { "type": "Point", "coordinates": [ -74.177909, 40.9119949 ] } },
{ "type": "Feature", "properties": { "name": "BP", "lat": 40.9189126, "lon": -74.1631998, "brand": "BP", "operator": "", "source": "osm", "type": "GAS_STATION", "external": false }, "geometry": { "type": "Point", "coordinates": [ -74.1631998, 40.9189126 ] } },
{ "type": "Feature", "properties": { "name": "Sunoco", "lat": 40.8652809, "lon": -74.1603939, "brand": "Sunoco", "operator": "", "source": "osm", "type": "GAS_STATION", "external": false }, "geometry": { "type": "Point", "coordinates": [ -74.1603939, 40.8652809 ] } },
{ "type": "Feature", "properties": { "name": "Citgo", "lat": 40.8651565, "lon": -74.1611561, "brand": "Citgo", "operator": "", "source": "osm", "type": "GAS_STATION", "external": false }, "geometry": { "type": "Point", "coordinates": [ -74.1611561, 40.8651565 ] } },
{ "type": "Feature", "properties": { "name": "Delta", "lat": 40.9090761, "lon": -74.1520663, "brand": "Delta", "operator": "", "source": "osm", "type": "GAS_STATION", "external": false }, "geometry": { "type": "Point", "coordinates": [ -74.1520663, 40.9090761 ] } },
{ "type": "Feature", "properties": { "name": "Lukoil", "lat": 40.8427318, "lon": -74.2082831, "brand": "Lukoil", "operator": "", "source": "osm", "type": "GAS_STATION", "external": false }, "geometry": { "type": "Point", "coordinates": [ -74.2082831, 40.8427318 ] } },
{ "type": "Feature", "properties": { "name": "Exxon", "lat": 40.8101059, "lon": -74.2134291, "brand": "Exxon", "operator": "", "source": "osm", "type": "GAS_STATION", "external": false }, "geometry": { "type": "Point", "coordinates": [ -74.2134291, 40.8101059 ] } },
{ "type": "Feature", "properties": { "name": "Delta", "lat": 40.7074307, "lon": -74.1002633, "brand": "", "operator": "", "source": "osm", "type": "GAS_STATION", "external": false }, "geometry": { "type": "Point", "coordinates": [ -74.1002633, 40.7074307 ] } },
{ "type": "Feature", "properties": { "name": "Speedway", "lat": 40.7318039, "lon": -74.0392169, "brand": "Speedway", "operator": "", "source": "osm", "type": "GAS_STATION", "external": false }, "geometry": { "type": "Point", "coordinates": [ -74.0392169, 40.7318039 ] } },
{ "type": "Feature", "properties": { "name": "Unknown Gas Station", "lat": 40.5825482, "lon": -73.8347787, "brand": "", "operator": "", "source": "osm", "type": "GAS_STATION", "external": false }, "geometry": { "type": "Point", "coordinates": [ -73.8347787, 40.5825482 ] } },
{ "type": "Feature", "properties": { "name": "Mobil", "lat": 40.7524636, "lon": -73.9390906, "brand": "Mobil", "operator": "", "source": "osm", "type": "GAS_STATION", "external": false }, "geometry": { "type": "Point", "coordinates": [ -73.9390906, 40.7524636 ] } },
{ "type": "Feature", "properties": { "name": "Unknown Gas Station", "lat": 40.634946, "lon": -73.9282886, "brand": "", "operator": "", "source": "osm", "type": "GAS_STATION", "external": false }, "geometry": { "type": "Point", "coordinates": [ -73.9282886, 40.634946 ] } },
{ "type": "Feature", "properties": { "name": "Unknown Gas Station", "lat": 40.6409738, "lon": -73.9189961, "brand": "", "operator": "", "source": "osm", "type": "GAS_STATION", "external": false }, "geometry": { "type": "Point", "coordinates": [ -73.9189961, 40.6409738 ] } },
{ "type": "Feature", "properties": { "name": "Exxon", "lat": 40.7776729, "lon": -74.0139847, "brand": "Exxon", "operator": "", "source": "osm", "type": "GAS_STATION", "external": false }, "geometry": { "type": "Point", "coordinates": [ -74.0139847, 40.7776729 ] } },
{ "type": "Feature", "properties": { "name": "Shell", "lat": 40.7026084, "lon": -73.8157281, "brand": "Shell", "operator": "", "source": "osm", "type": "GAS_STATION", "external": false }, "geometry": { "type": "Point", "coordinates": [ -73.8157281, 40.7026084 ] } },
{ "type": "Feature", "properties": { "name": "bp", "lat": 40.7634767, "lon": -73.9144448, "brand": "BP", "operator": "", "source": "osm", "type": "GAS_STATION", "external": false }, "geometry": { "type": "Point", "coordinates": [ -73.9144448, 40.7634767 ] } },
{ "type": "Feature", "properties": { "name": "bp", "lat": 40.7635997, "lon": -73.9147111, "brand": "BP", "operator": "", "source": "osm", "type": "GAS_STATION", "external": false }, "geometry": { "type": "Point", "coordinates": [ -73.9147111, 40.7635997 ] } },
{ "type": "Feature", "properties": { "name": "Unknown Gas Station", "lat": 40.8146545, "lon": -73.8588316, "brand": "", "operator": "", "source": "osm", "type": "GAS_STATION", "external": false }, "geometry": { "type": "Point", "coordinates": [ -73.8588316, 40.8146545 ] } },
{ "type": "Feature", "properties": { "name": "Sunoco", "lat": 40.7679025, "lon": -73.9010495, "brand": "Sunoco", "operator": "", "source": "osm", "type": "GAS_STATION", "external": false }, "geometry": { "type": "Point", "coordinates": [ -73.9010495, 40.7679025 ] } },
{ "type": "Feature", "properties": { "name": "Shell", "lat": 40.7630612, "lon": -73.8769166, "brand": "Shell", "operator": "", "source": "osm", "type": "GAS_STATION", "external": false }, "geometry": { "type": "Point", "coordinates": [ -73.8769166, 40.7630612 ] } },
{ "type": "Feature", "properties": { "name": "Costco Gasoline", "lat": 40.8911601, "lon": -74.2511724, "brand": "Costco", "operator": "Costco Gas Station", "source": "osm", "type": "GAS_STATION", "external": false }, "geometry": { "type": "Point", "coordinates": [ -74.2511724, 40.8911601 ] } },
{ "type": "Feature", "properties": { "name": "Gulf", "lat": 40.779446, "lon": -73.9063679, "brand": "Gulf", "operator": "", "source": "osm", "type": "GAS_STATION", "external": false }, "geometry": { "type": "Point", "coordinates": [ -73.9063679, 40.779446 ] } },
{ "type": "Feature", "properties": { "name": "Shell", "lat": 40.6268178, "lon": -73.7363002, "brand": "Shell", "operator": "", "source": "osm", "type": "GAS_STATION", "external": false }, "geometry": { "type": "Point", "coordinates": [ -73.7363002, 40.6268178 ] } },
{ "type": "Feature", "properties": { "name": "BP", "lat": 40.8599382, "lon": -73.9025365, "brand": "BP", "operator": "", "source": "osm", "type": "GAS_STATION", "external": false }, "geometry": { "type": "Point", "coordinates": [ -73.9025365, 40.8599382 ] } },
{ "type": "Feature", "properties": { "name": "Unknown Gas Station", "lat": 40.8133486, "lon": -73.9921374, "brand": "", "operator": "", "source": "osm", "type": "GAS_STATION", "external": false }, "geometry": { "type": "Point", "coordinates": [ -73.9921374, 40.8133486 ] } },
{ "type": "Feature", "properties": { "name": "Amoco", "lat": 40.6357625, "lon": -74.0227583, "brand": "Amoco", "operator": "", "source": "osm", "type": "GAS_STATION", "external": false }, "geometry": { "type": "Point", "coordinates": [ -74.0227583, 40.6357625 ] } },
{ "type": "Feature", "properties": { "name": "BP", "lat": 40.546684, "lon": -74.1584294, "brand": "BP", "operator": "", "source": "osm", "type": "GAS_STATION", "external": false }, "geometry": { "type": "Point", "coordinates": [ -74.1584294, 40.546684 ] } },
{ "type": "Feature", "properties": { "name": "Sunoco", "lat": 40.8204713, "lon": -74.1208544, "brand": "Sunoco", "operator": "", "source": "osm", "type": "GAS_STATION", "external": false }, "geometry": { "type": "Point", "coordinates": [ -74.1208544, 40.8204713 ] } },
{ "type": "Feature", "properties": { "name": "Delta", "lat": 40.8523579, "lon": -74.0003623, "brand": "Delta", "operator": "", "source": "osm", "type": "GAS_STATION", "external": false }, "geometry": { "type": "Point", "coordinates": [ -74.0003623, 40.8523579 ] } },
{ "type": "Feature", "properties": { "name": "Amoco", "lat": 40.662572, "lon": -73.931213, "brand": "Amoco", "operator": "", "source": "osm", "type": "GAS_STATION", "external": false }, "geometry": { "type": "Point", "coordinates": [ -73.931213, 40.662572 ] } },
{ "type": "Feature", "properties": { "name": "Shell", "lat": 40.6612342, "lon": -73.9206036, "brand": "Shell", "operator": "", "source": "osm", "type": "GAS_STATION", "external": false }, "geometry": { "type": "Point", "coordinates": [ -73.9206036, 40.6612342 ] } },
{ "type": "Feature", "properties": { "name": "BJ's Gas", "lat": 40.8916112, "lon": -74.261679, "brand": "BJ's Wholesale Club", "operator": "", "source": "osm", "type": "GAS_STATION", "external": false }, "geometry": { "type": "Point", "coordinates": [ -74.261679, 40.8916112 ] } },
{ "type": "Feature", "properties": { "name": "Valero", "lat": 40.6599402, "lon": -74.2632856, "brand": "Valero", "operator": "", "source": "osm", "type": "GAS_STATION", "external": false }, "geometry": { "type": "Point", "coordinates": [ -74.2632856, 40.6599402 ] } },
{ "type": "Feature", "properties": { "name": "Unknown Gas Station", "lat": 40.6523222, "lon": -73.9223147, "brand": "", "operator": "", "source": "osm", "type": "GAS_STATION", "external": false }, "geometry": { "type": "Point", "coordinates": [ -73.9223147, 40.6523222 ] } },
{ "type": "Feature", "properties": { "name": "Mobil", "lat": 40.6642354, "lon": -73.9485855, "brand": "Mobil", "operator": "", "source": "osm", "type": "GAS_STATION", "external": false }, "geometry": { "type": "Point", "coordinates": [ -73.9485855, 40.6642354 ] } },
{ "type": "Feature", "properties": { "name": "Conoco", "lat": 40.6853275, "lon": -73.881873, "brand": "", "operator": "", "source": "osm", "type": "GAS_STATION", "external": false }, "geometry": { "type": "Point", "coordinates": [ -73.881873, 40.6853275 ] } },
{ "type": "Feature", "properties": { "name": "Shell", "lat": 40.6333634, "lon": -73.8899221, "brand": "Shell", "operator": "", "source": "osm", "type": "GAS_STATION", "external": false }, "geometry": { "type": "Point", "coordinates": [ -73.8899221, 40.6333634 ] } },
{ "type": "Feature", "properties": { "name": "Exxon", "lat": 40.7310722, "lon": -74.1100862, "brand": "Exxon", "operator": "", "source": "osm", "type": "GAS_STATION", "external": false }, "geometry": { "type": "Point", "coordinates": [ -74.1100862, 40.7310722 ] } },
{ "type": "Feature", "properties": { "name": "Lukoil", "lat": 40.8204599, "lon": -74.100614, "brand": "Lukoil", "operator": "", "source": "osm", "type": "GAS_STATION", "external": false }, "geometry": { "type": "Point", "coordinates": [ -74.100614, 40.8204599 ] } },
{ "type": "Feature", "properties": { "name": "Unknown Gas Station", "lat": 40.6321954, "lon": -73.9366669, "brand": "", "operator": "", "source": "osm", "type": "GAS_STATION", "external": false }, "geometry": { "type": "Point", "coordinates": [ -73.9366669, 40.6321954 ] } },
{ "type": "Feature", "properties": { "name": "Citgo", "lat": 40.8183391, "lon": -74.0656389, "brand": "Citgo", "operator": "", "source": "osm", "type": "GAS_STATION", "external": false }, "geometry": { "type": "Point", "coordinates": [ -74.0656389, 40.8183391 ] } },
{ "type": "Feature", "properties": { "name": "BP", "lat": 40.7725975, "lon": -74.0426224, "brand": "BP", "operator": "", "source": "osm", "type": "GAS_STATION", "external": false }, "geometry": { "type": "Point", "coordinates": [ -74.0426224, 40.7725975 ] } },
{ "type": "Feature", "properties": { "name": "Citgo", "lat": 40.7404304, "lon": -73.7898273, "brand": "Citgo", "operator": "", "source": "osm", "type": "GAS_STATION", "external": false }, "geometry": { "type": "Point", "coordinates": [ -73.7898273, 40.7404304 ] } },
{ "type": "Feature", "properties": { "name": "Lukoil", "lat": 40.6592476, "lon": -74.2155281, "brand": "Lukoil", "operator": "", "source": "osm", "type": "GAS_STATION", "external": false }, "geometry": { "type": "Point", "coordinates": [ -74.2155281, 40.6592476 ] } },
{ "type": "Feature", "properties": { "name": "Dalta", "lat": 40.6917356, "lon": -74.2690166, "brand": "", "operator": "", "source": "osm", "type": "GAS_STATION", "external": false }, "geometry": { "type": "Point", "coordinates": [ -74.2690166, 40.6917356 ] } },
{ "type": "Feature", "properties": { "name": "Phillips 66", "lat": 40.7037833, "lon": -74.2336638, "brand": "Phillips 66", "operator": "", "source": "osm", "type": "GAS_STATION", "external": false }, "geometry": { "type": "Point", "coordinates": [ -74.2336638, 40.7037833 ] } },
{ "type": "Feature", "properties": { "name": "Wawa", "lat": 40.7881835, "lon": -74.1743178, "brand": "Wawa", "operator": "", "source": "osm", "type": "GAS_STATION", "external": false }, "geometry": { "type": "Point", "coordinates": [ -74.1743178, 40.7881835 ] } },
{ "type": "Feature", "properties": { "name": "BP", "lat": 40.7358836, "lon": -73.7469849, "brand": "BP", "operator": "", "source": "osm", "type": "GAS_STATION", "external": false }, "geometry": { "type": "Point", "coordinates": [ -73.7469849, 40.7358836 ] } },
{ "type": "Feature", "properties": { "name": "Unknown Gas Station", "lat": 40.8928051, "lon": -74.1575019, "brand": "", "operator": "", "source": "osm", "type": "GAS_STATION", "external": false }, "geometry": { "type": "Point", "coordinates": [ -74.1575019, 40.8928051 ] } },
{ "type": "Feature", "properties": { "name": "Citgo", "lat": 40.7548012, "lon": -74.1624748, "brand": "Citgo", "operator": "", "source": "osm", "type": "GAS_STATION", "external": false }, "geometry": { "type": "Point", "coordinates": [ -74.1624748, 40.7548012 ] } },
{ "type": "Feature", "properties": { "name": "Exxon", "lat": 40.754186, "lon": -74.1626075, "brand": "Exxon", "operator": "", "source": "osm", "type": "GAS_STATION", "external": false }, "geometry": { "type": "Point", "coordinates": [ -74.1626075, 40.754186 ] } },
{ "type": "Feature", "properties": { "name": "Delta", "lat": 40.6625702, "lon": -74.2588282, "brand": "Delta", "operator": "", "source": "osm", "type": "GAS_STATION", "external": false }, "geometry": { "type": "Point", "coordinates": [ -74.2588282, 40.6625702 ] } },
{ "type": "Feature", "properties": { "name": "Unknown Gas Station", "lat": 40.7272172, "lon": -74.2238542, "brand": "", "operator": "", "source": "osm", "type": "GAS_STATION", "external": false }, "geometry": { "type": "Point", "coordinates": [ -74.2238542, 40.7272172 ] } },
{ "type": "Feature", "properties": { "name": "Unknown Gas Station", "lat": 40.7271476, "lon": -74.2245556, "brand": "", "operator": "", "source": "osm", "type": "GAS_STATION", "external": false }, "geometry": { "type": "Point", "coordinates": [ -74.2245556, 40.7271476 ] } },
{ "type": "Feature", "properties": { "name": "gulf", "lat": 40.7254081, "lon": -74.2249537, "brand": "Gulf", "operator": "", "source": "osm", "type": "GAS_STATION", "external": false }, "geometry": { "type": "Point", "coordinates": [ -74.2249537, 40.7254081 ] } },
{ "type": "Feature", "properties": { "name": "Valero", "lat": 40.7191374, "lon": -74.1625493, "brand": "", "operator": "", "source": "osm", "type": "GAS_STATION", "external": false }, "geometry": { "type": "Point", "coordinates": [ -74.1625493, 40.7191374 ] } },
{ "type": "Feature", "properties": { "name": "Unknown Gas Station", "lat": 40.7231719, "lon": -74.2505798, "brand": "", "operator": "", "source": "osm", "type": "GAS_STATION", "external": false }, "geometry": { "type": "Point", "coordinates": [ -74.2505798, 40.7231719 ] } },
{ "type": "Feature", "properties": { "name": "QuickChek", "lat": 40.8963095, "lon": -74.2361025, "brand": "QuickChek", "operator": "", "source": "osm", "type": "GAS_STATION", "external": false }, "geometry": { "type": "Point", "coordinates": [ -74.2361025, 40.8963095 ] } },
{ "type": "Feature", "properties": { "name": "Unknown Gas Station", "lat": 40.7852258, "lon": -73.8400473, "brand": "", "operator": "", "source": "osm", "type": "GAS_STATION", "external": false }, "geometry": { "type": "Point", "coordinates": [ -73.8400473, 40.7852258 ] } },
{ "type": "Feature", "properties": { "name": "Allegiance", "lat": 40.5809118, "lon": -73.964076, "brand": "Allegiance", "operator": "", "source": "osm", "type": "GAS_STATION", "external": false }, "geometry": { "type": "Point", "coordinates": [ -73.964076, 40.5809118 ] } },
{ "type": "Feature", "properties": { "name": "BP", "lat": 40.7600519, "lon": -73.7319539, "brand": "BP", "operator": "", "source": "osm", "type": "GAS_STATION", "external": false }, "geometry": { "type": "Point", "coordinates": [ -73.7319539, 40.7600519 ] } },
{ "type": "Feature", "properties": { "name": "Sunoco", "lat": 40.7377459, "lon": -73.7956172, "brand": "Sunoco", "operator": "", "source": "osm", "type": "GAS_STATION", "external": false }, "geometry": { "type": "Point", "coordinates": [ -73.7956172, 40.7377459 ] } },
{ "type": "Feature", "properties": { "name": "Sunoco", "lat": 40.7122182, "lon": -73.9185861, "brand": "Sunoco", "operator": "", "source": "osm", "type": "GAS_STATION", "external": false }, "geometry": { "type": "Point", "coordinates": [ -73.9185861, 40.7122182 ] } },
{ "type": "Feature", "properties": { "name": "Shell", "lat": 40.645507, "lon": -73.9854331, "brand": "Shell", "operator": "", "source": "osm", "type": "GAS_STATION", "external": false }, "geometry": { "type": "Point", "coordinates": [ -73.9854331, 40.645507 ] } },
{ "type": "Feature", "properties": { "name": "BP", "lat": 40.6993774, "lon": -73.9143943, "brand": "BP", "operator": "", "source": "osm", "type": "GAS_STATION", "external": false }, "geometry": { "type": "Point", "coordinates": [ -73.9143943, 40.6993774 ] } },
{ "type": "Feature", "properties": { "name": "Emporium 1", "lat": 40.6449293, "lon": -74.0210058, "brand": "", "operator": "", "source": "osm", "type": "GAS_STATION", "external": false }, "geometry": { "type": "Point", "coordinates": [ -74.0210058, 40.6449293 ] } },
{ "type": "Feature", "properties": { "name": "Bolla", "lat": 40.7205746, "lon": -73.9442845, "brand": "", "operator": "", "source": "osm", "type": "GAS_STATION", "external": false }, "geometry": { "type": "Point", "coordinates": [ -73.9442845, 40.7205746 ] } },
{ "type": "Feature", "properties": { "name": "Unknown Gas Station", "lat": 40.9176547, "lon": -73.7862082, "brand": "", "operator": "", "source": "osm", "type": "GAS_STATION", "external": false }, "geometry": { "type": "Point", "coordinates": [ -73.7862082, 40.9176547 ] } },
{ "type": "Feature", "properties": { "name": "Unknown Gas Station", "lat": 40.8350843, "lon": -74.2603689, "brand": "", "operator": "", "source": "osm", "type": "GAS_STATION", "external": false }, "geometry": { "type": "Point", "coordinates": [ -74.2603689, 40.8350843 ] } },
{ "type": "Feature", "properties": { "name": "Unknown Gas Station", "lat": 40.831884, "lon": -74.1382484, "brand": "", "operator": "", "source": "osm", "type": "GAS_STATION", "external": false }, "geometry": { "type": "Point", "coordinates": [ -74.1382484, 40.831884 ] } },
{ "type": "Feature", "properties": { "name": "Exxon", "lat": 40.825114, "lon": -74.2316953, "brand": "Exxon", "operator": "", "source": "osm", "type": "GAS_STATION", "external": false }, "geometry": { "type": "Point", "coordinates": [ -74.2316953, 40.825114 ] } },
{ "type": "Feature", "properties": { "name": "Fuel4", "lat": 40.8314025, "lon": -74.2278336, "brand": "Fuel4", "operator": "", "source": "osm", "type": "GAS_STATION", "external": false }, "geometry": { "type": "Point", "coordinates": [ -74.2278336, 40.8314025 ] } },
{ "type": "Feature", "properties": { "name": "Exxon", "lat": 40.8459664, "lon": -74.2282223, "brand": "Exxon", "operator": "", "source": "osm", "type": "GAS_STATION", "external": false }, "geometry": { "type": "Point", "coordinates": [ -74.2282223, 40.8459664 ] } },
{ "type": "Feature", "properties": { "name": "Amoco", "lat": 40.9130856, "lon": -73.8443166, "brand": "Amoco", "operator": "", "source": "osm", "type": "GAS_STATION", "external": false }, "geometry": { "type": "Point", "coordinates": [ -73.8443166, 40.9130856 ] } },
{ "type": "Feature", "properties": { "name": "Delta", "lat": 40.8534944, "lon": -74.2300946, "brand": "Delta", "operator": "", "source": "osm", "type": "GAS_STATION", "external": false }, "geometry": { "type": "Point", "coordinates": [ -74.2300946, 40.8534944 ] } },
{ "type": "Feature", "properties": { "name": "Lukoil", "lat": 40.8327333, "lon": -74.2484683, "brand": "Lukoil", "operator": "", "source": "osm", "type": "GAS_STATION", "external": false }, "geometry": { "type": "Point", "coordinates": [ -74.2484683, 40.8327333 ] } },
{ "type": "Feature", "properties": { "name": "Unknown Gas Station", "lat": 40.8761711, "lon": -74.1357684, "brand": "", "operator": "", "source": "osm", "type": "GAS_STATION", "external": false }, "geometry": { "type": "Point", "coordinates": [ -74.1357684, 40.8761711 ] } },
{ "type": "Feature", "properties": { "name": "Delta Gas Station.", "lat": 40.8672308, "lon": -73.9587758, "brand": "Delta", "operator": "", "source": "osm", "type": "GAS_STATION", "external": false }, "geometry": { "type": "Point", "coordinates": [ -73.9587758, 40.8672308 ] } },
{ "type": "Feature", "properties": { "name": "Delta", "lat": 40.868488, "lon": -73.972798, "brand": "Delta", "operator": "", "source": "osm", "type": "GAS_STATION", "external": false }, "geometry": { "type": "Point", "coordinates": [ -73.972798, 40.868488 ] } },
{ "type": "Feature", "properties": { "name": "Pilot", "lat": 40.719613, "lon": -74.1257091, "brand": "Pilot", "operator": "", "source": "osm", "type": "GAS_STATION", "external": false }, "geometry": { "type": "Point", "coordinates": [ -74.1257091, 40.719613 ] } },
{ "type": "Feature", "properties": { "name": "Exxon", "lat": 40.814124, "lon": -73.9841888, "brand": "Exxon", "operator": "", "source": "osm", "type": "GAS_STATION", "external": false }, "geometry": { "type": "Point", "coordinates": [ -73.9841888, 40.814124 ] } },
{ "type": "Feature", "properties": { "name": "Sunoco", "lat": 40.5243192, "lon": -74.2344327, "brand": "Sunoco", "operator": "", "source": "osm", "type": "GAS_STATION", "external": false }, "geometry": { "type": "Point", "coordinates": [ -74.2344327, 40.5243192 ] } },
{ "type": "Feature", "properties": { "name": "BP", "lat": 40.6765096, "lon": -73.9093349, "brand": "BP", "operator": "", "source": "osm", "type": "GAS_STATION", "external": false }, "geometry": { "type": "Point", "coordinates": [ -73.9093349, 40.6765096 ] } },
{ "type": "Feature", "properties": { "name": "76", "lat": 40.9044224, "lon": -73.867772, "brand": "76", "operator": "", "source": "osm", "type": "GAS_STATION", "external": false }, "geometry": { "type": "Point", "coordinates": [ -73.867772, 40.9044224 ] } },
{ "type": "Feature", "properties": { "name": "Sunoco", "lat": 40.6571725, "lon": -74.0041879, "brand": "", "operator": "", "source": "osm", "type": "GAS_STATION", "external": false }, "geometry": { "type": "Point", "coordinates": [ -74.0041879, 40.6571725 ] } },
{ "type": "Feature", "properties": { "name": "Unknown Gas Station", "lat": 40.6893334, "lon": -73.7223103, "brand": "", "operator": "", "source": "osm", "type": "GAS_STATION", "external": false }, "geometry": { "type": "Point", "coordinates": [ -73.7223103, 40.6893334 ] } },
{ "type": "Feature", "properties": { "name": "Shell", "lat": 40.693215, "lon": -73.9556807, "brand": "Shell", "operator": "", "source": "osm", "type": "GAS_STATION", "external": false }, "geometry": { "type": "Point", "coordinates": [ -73.9556807, 40.693215 ] } },
{ "type": "Feature", "properties": { "name": "Exxon", "lat": 40.6441156, "lon": -74.212353, "brand": "Exxon", "operator": "", "source": "osm", "type": "GAS_STATION", "external": false }, "geometry": { "type": "Point", "coordinates": [ -74.212353, 40.6441156 ] } },
{ "type": "Feature", "properties": { "name": "Allegiance", "lat": 40.6137048, "lon": -73.9538942, "brand": "", "operator": "", "source": "osm", "type": "GAS_STATION", "external": false }, "geometry": { "type": "Point", "coordinates": [ -73.9538942, 40.6137048 ] } },
{ "type": "Feature", "properties": { "name": "Unknown Gas Station", "lat": 40.8552387, "lon": -74.2303448, "brand": "", "operator": "", "source": "osm", "type": "GAS_STATION", "external": false }, "geometry": { "type": "Point", "coordinates": [ -74.2303448, 40.8552387 ] } },
{ "type": "Feature", "properties": { "name": "Unknown Gas Station", "lat": 40.7246509, "lon": -74.2214644, "brand": "", "operator": "", "source": "osm", "type": "GAS_STATION", "external": false }, "geometry": { "type": "Point", "coordinates": [ -74.2214644, 40.7246509 ] } },
{ "type": "Feature", "properties": { "name": "Mobil", "lat": 40.7246126, "lon": -74.2280268, "brand": "Mobil", "operator": "", "source": "osm", "type": "GAS_STATION", "external": false }, "geometry": { "type": "Point", "coordinates": [ -74.2280268, 40.7246126 ] } },
{ "type": "Feature", "properties": { "name": "DELTA", "lat": 40.8376305, "lon": -74.1155677, "brand": "", "operator": "", "source": "osm", "type": "GAS_STATION", "external": false }, "geometry": { "type": "Point", "coordinates": [ -74.1155677, 40.8376305 ] } },
{ "type": "Feature", "properties": { "name": "Fuel 4", "lat": 40.7319002, "lon": -74.040829, "brand": "", "operator": "", "source": "osm", "type": "GAS_STATION", "external": false }, "geometry": { "type": "Point", "coordinates": [ -74.040829, 40.7319002 ] } },
{ "type": "Feature", "properties": { "name": "Unknown Gas Station", "lat": 40.8510781, "lon": -74.1133092, "brand": "", "operator": "", "source": "osm", "type": "GAS_STATION", "external": false }, "geometry": { "type": "Point", "coordinates": [ -74.1133092, 40.8510781 ] } },
{ "type": "Feature", "properties": { "name": "BP", "lat": 40.916634, "lon": -73.8129294, "brand": "BP", "operator": "", "source": "osm", "type": "GAS_STATION", "external": false }, "geometry": { "type": "Point", "coordinates": [ -73.8129294, 40.916634 ] } },
{ "type": "Feature", "properties": { "name": "Mobil", "lat": 40.5951993, "lon": -74.2504191, "brand": "Mobil", "operator": "", "source": "osm", "type": "GAS_STATION", "external": false }, "geometry": { "type": "Point", "coordinates": [ -74.2504191, 40.5951993 ] } },
{ "type": "Feature", "properties": { "name": "BP", "lat": 40.5955905, "lon": -74.2529834, "brand": "BP", "operator": "", "source": "osm", "type": "GAS_STATION", "external": false }, "geometry": { "type": "Point", "coordinates": [ -74.2529834, 40.5955905 ] } },
{ "type": "Feature", "properties": { "name": "Enrite", "lat": 40.6771581, "lon": -74.0901073, "brand": "", "operator": "", "source": "osm", "type": "GAS_STATION", "external": false }, "geometry": { "type": "Point", "coordinates": [ -74.0901073, 40.6771581 ] } },
{ "type": "Feature", "properties": { "name": "BP", "lat": 40.8216257, "lon": -74.1005359, "brand": "BP", "operator": "", "source": "osm", "type": "GAS_STATION", "external": false }, "geometry": { "type": "Point", "coordinates": [ -74.1005359, 40.8216257 ] } },
{ "type": "Feature", "properties": { "name": "Gulf", "lat": 40.8678668, "lon": -73.9730584, "brand": "Gulf", "operator": "", "source": "osm", "type": "GAS_STATION", "external": false }, "geometry": { "type": "Point", "coordinates": [ -73.9730584, 40.8678668 ] } },
{ "type": "Feature", "properties": { "name": "Exxon", "lat": 40.868207, "lon": -73.9736793, "brand": "Exxon", "operator": "", "source": "osm", "type": "GAS_STATION", "external": false }, "geometry": { "type": "Point", "coordinates": [ -73.9736793, 40.868207 ] } },
{ "type": "Feature", "properties": { "name": "Delta", "lat": 40.7316684, "lon": -74.1553831, "brand": "Delta", "operator": "", "source": "osm", "type": "GAS_STATION", "external": false }, "geometry": { "type": "Point", "coordinates": [ -74.1553831, 40.7316684 ] } },
{ "type": "Feature", "properties": { "name": "Unknown Gas Station", "lat": 40.8535201, "lon": -74.0378102, "brand": "", "operator": "", "source": "osm", "type": "GAS_STATION", "external": false }, "geometry": { "type": "Point", "coordinates": [ -74.0378102, 40.8535201 ] } },
{ "type": "Feature", "properties": { "name": "Unknown Gas Station", "lat": 40.8524412, "lon": -74.0342346, "brand": "", "operator": "", "source": "osm", "type": "GAS_STATION", "external": false }, "geometry": { "type": "Point", "coordinates": [ -74.0342346, 40.8524412 ] } },
{ "type": "Feature", "properties": { "name": "QuickChek", "lat": 40.6070919, "lon": -74.2608129, "brand": "QuickChek", "operator": "", "source": "osm", "type": "GAS_STATION", "external": false }, "geometry": { "type": "Point", "coordinates": [ -74.2608129, 40.6070919 ] } },
{ "type": "Feature", "properties": { "name": "Unknown Gas Station", "lat": 40.5930795, "lon": -74.2457037, "brand": "", "operator": "", "source": "osm", "type": "GAS_STATION", "external": false }, "geometry": { "type": "Point", "coordinates": [ -74.2457037, 40.5930795 ] } },
{ "type": "Feature", "properties": { "name": "Shell", "lat": 40.7786868, "lon": -74.1768809, "brand": "Shell", "operator": "", "source": "osm", "type": "GAS_STATION", "external": false }, "geometry": { "type": "Point", "coordinates": [ -74.1768809, 40.7786868 ] } },
{ "type": "Feature", "properties": { "name": "Sunoco", "lat": 40.6991977, "lon": -74.2515436, "brand": "Sunoco", "operator": "", "source": "osm", "type": "GAS_STATION", "external": false }, "geometry": { "type": "Point", "coordinates": [ -74.2515436, 40.6991977 ] } },
{ "type": "Feature", "properties": { "name": "Unknown Gas Station", "lat": 40.5981575, "lon": -73.9973098, "brand": "", "operator": "", "source": "osm", "type": "GAS_STATION", "external": false }, "geometry": { "type": "Point", "coordinates": [ -73.9973098, 40.5981575 ] } },
{ "type": "Feature", "properties": { "name": "Unknown Gas Station", "lat": 40.9191716, "lon": -73.901067, "brand": "", "operator": "", "source": "osm", "type": "GAS_STATION", "external": false }, "geometry": { "type": "Point", "coordinates": [ -73.901067, 40.9191716 ] } },
{ "type": "Feature", "properties": { "name": "BP", "lat": 40.8971533, "lon": -74.0964783, "brand": "BP", "operator": "", "source": "osm", "type": "GAS_STATION", "external": false }, "geometry": { "type": "Point", "coordinates": [ -74.0964783, 40.8971533 ] } },
{ "type": "Feature", "properties": { "name": "Shell", "lat": 40.9060222, "lon": -73.8582843, "brand": "", "operator": "", "source": "osm", "type": "GAS_STATION", "external": false }, "geometry": { "type": "Point", "coordinates": [ -73.8582843, 40.9060222 ] } },
{ "type": "Feature", "properties": { "name": "Delta", "lat": 40.9049052, "lon": -73.8589765, "brand": "", "operator": "", "source": "osm", "type": "GAS_STATION", "external": false }, "geometry": { "type": "Point", "coordinates": [ -73.8589765, 40.9049052 ] } },
{ "type": "Feature", "properties": { "name": "Delta", "lat": 40.7660238, "lon": -74.1799545, "brand": "Delta", "operator": "", "source": "osm", "type": "GAS_STATION", "external": false }, "geometry": { "type": "Point", "coordinates": [ -74.1799545, 40.7660238 ] } },
{ "type": "Feature", "properties": { "name": "Fuelway", "lat": 40.7891167, "lon": -74.1625626, "brand": "", "operator": "", "source": "osm", "type": "GAS_STATION", "external": false }, "geometry": { "type": "Point", "coordinates": [ -74.1625626, 40.7891167 ] } },
{ "type": "Feature", "properties": { "name": "Verona Fuel", "lat": 40.7796012, "lon": -74.1560371, "brand": "", "operator": "", "source": "osm", "type": "GAS_STATION", "external": false }, "geometry": { "type": "Point", "coordinates": [ -74.1560371, 40.7796012 ] } },
{ "type": "Feature", "properties": { "name": "Exxon", "lat": 40.7455083, "lon": -74.2234249, "brand": "Exxon", "operator": "", "source": "osm", "type": "GAS_STATION", "external": false }, "geometry": { "type": "Point", "coordinates": [ -74.2234249, 40.7455083 ] } },
{ "type": "Feature", "properties": { "name": "Citgo", "lat": 40.8753704, "lon": -73.8727962, "brand": "Citgo", "operator": "", "source": "osm", "type": "GAS_STATION", "external": false }, "geometry": { "type": "Point", "coordinates": [ -73.8727962, 40.8753704 ] } },
{ "type": "Feature", "properties": { "name": "Wawa", "lat": 40.6963482, "lon": -74.2543021, "brand": "Wawa", "operator": "", "source": "osm", "type": "GAS_STATION", "external": false }, "geometry": { "type": "Point", "coordinates": [ -74.2543021, 40.6963482 ] } },
{ "type": "Feature", "properties": { "name": "Unknown Gas Station", "lat": 40.7843713, "lon": -74.1538805, "brand": "", "operator": "", "source": "osm", "type": "GAS_STATION", "external": false }, "geometry": { "type": "Point", "coordinates": [ -74.1538805, 40.7843713 ] } },
{ "type": "Feature", "properties": { "name": "Citgo", "lat": 40.8185316, "lon": -74.0658069, "brand": "Citgo", "operator": "", "source": "osm", "type": "GAS_STATION", "external": false }, "geometry": { "type": "Point", "coordinates": [ -74.0658069, 40.8185316 ] } },
{ "type": "Feature", "properties": { "name": "Unknown Gas Station", "lat": 40.7875066, "lon": -74.1501039, "brand": "", "operator": "", "source": "osm", "type": "GAS_STATION", "external": false }, "geometry": { "type": "Point", "coordinates": [ -74.1501039, 40.7875066 ] } },
{ "type": "Feature", "properties": { "name": "Unknown Gas Station", "lat": 40.5980319, "lon": -73.9962427, "brand": "", "operator": "", "source": "osm", "type": "GAS_STATION", "external": false }, "geometry": { "type": "Point", "coordinates": [ -73.9962427, 40.5980319 ] } },
{ "type": "Feature", "properties": { "name": "Wawa", "lat": 40.8811128, "lon": -74.1193909, "brand": "Wawa", "operator": "", "source": "osm", "type": "GAS_STATION", "external": false }, "geometry": { "type": "Point", "coordinates": [ -74.1193909, 40.8811128 ] } },
{ "type": "Feature", "properties": { "name": "Shell", "lat": 40.8568745, "lon": -74.0692262, "brand": "Shell", "operator": "", "source": "osm", "type": "GAS_STATION", "external": false }, "geometry": { "type": "Point", "coordinates": [ -74.0692262, 40.8568745 ] } },
{ "type": "Feature", "properties": { "name": "QuickChek", "lat": 40.8448282, "lon": -74.0094232, "brand": "QuickChek", "operator": "", "source": "osm", "type": "GAS_STATION", "external": false }, "geometry": { "type": "Point", "coordinates": [ -74.0094232, 40.8448282 ] } },
{ "type": "Feature", "properties": { "name": "Mobil", "lat": 40.7383129, "lon": -73.8145727, "brand": "Mobil", "operator": "", "source": "osm", "type": "GAS_STATION", "external": false }, "geometry": { "type": "Point", "coordinates": [ -73.8145727, 40.7383129 ] } },
{ "type": "Feature", "properties": { "name": "Unknown Gas Station", "lat": 40.7900828, "lon": -74.1953317, "brand": "", "operator": "", "source": "osm", "type": "GAS_STATION", "external": false }, "geometry": { "type": "Point", "coordinates": [ -74.1953317, 40.7900828 ] } },
{ "type": "Feature", "properties": { "name": "BP", "lat": 40.6771614, "lon": -73.9300311, "brand": "BP", "operator": "", "source": "osm", "type": "GAS_STATION", "external": false }, "geometry": { "type": "Point", "coordinates": [ -73.9300311, 40.6771614 ] } },
{ "type": "Feature", "properties": { "name": "Unknown Gas Station", "lat": 40.8774039, "lon": -73.9822928, "brand": "", "operator": "", "source": "osm", "type": "GAS_STATION", "external": false }, "geometry": { "type": "Point", "coordinates": [ -73.9822928, 40.8774039 ] } },
{ "type": "Feature", "properties": { "name": "Unknown Gas Station", "lat": 40.8375869, "lon": -74.1853067, "brand": "", "operator": "", "source": "osm", "type": "GAS_STATION", "external": false }, "geometry": { "type": "Point", "coordinates": [ -74.1853067, 40.8375869 ] } },
{ "type": "Feature", "properties": { "name": "Sinclair", "lat": 40.6772276, "lon": -73.7782881, "brand": "", "operator": "", "source": "osm", "type": "GAS_STATION", "external": false }, "geometry": { "type": "Point", "coordinates": [ -73.7782881, 40.6772276 ] } },
{ "type": "Feature", "properties": { "name": "Global", "lat": 40.8302097, "lon": -73.9406604, "brand": "Global", "operator": "", "source": "osm", "type": "GAS_STATION", "external": false }, "geometry": { "type": "Point", "coordinates": [ -73.9406604, 40.8302097 ] } },
{ "type": "Feature", "properties": { "name": "Unknown Gas Station", "lat": 40.7387797, "lon": -73.7004402, "brand": "", "operator": "", "source": "osm", "type": "GAS_STATION", "external": false }, "geometry": { "type": "Point", "coordinates": [ -73.7004402, 40.7387797 ] } },
{ "type": "Feature", "properties": { "name": "Shell", "lat": 40.8756614, "lon": -74.0405017, "brand": "Shell", "operator": "", "source": "osm", "type": "GAS_STATION", "external": false }, "geometry": { "type": "Point", "coordinates": [ -74.0405017, 40.8756614 ] } },
{ "type": "Feature", "properties": { "name": "Lukoil", "lat": 40.7697603, "lon": -74.0270084, "brand": "Lukoil", "operator": "", "source": "osm", "type": "GAS_STATION", "external": false }, "geometry": { "type": "Point", "coordinates": [ -74.0270084, 40.7697603 ] } },
{ "type": "Feature", "properties": { "name": "Exxon", "lat": 40.6172686, "lon": -74.2509046, "brand": "Exxon", "operator": "", "source": "osm", "type": "GAS_STATION", "external": false }, "geometry": { "type": "Point", "coordinates": [ -74.2509046, 40.6172686 ] } },
{ "type": "Feature", "properties": { "name": "Enrite", "lat": 40.7976293, "lon": -74.200472, "brand": "", "operator": "", "source": "osm", "type": "GAS_STATION", "external": false }, "geometry": { "type": "Point", "coordinates": [ -74.200472, 40.7976293 ] } },
{ "type": "Feature", "properties": { "name": "Delta", "lat": 40.9162494, "lon": -74.0256619, "brand": "Delta", "operator": "", "source": "osm", "type": "GAS_STATION", "external": false }, "geometry": { "type": "Point", "coordinates": [ -74.0256619, 40.9162494 ] } },
{ "type": "Feature", "properties": { "name": "Unknown Gas Station", "lat": 40.8652606, "lon": -74.2238565, "brand": "", "operator": "", "source": "osm", "type": "GAS_STATION", "external": false }, "geometry": { "type": "Point", "coordinates": [ -74.2238565, 40.8652606 ] } },
{ "type": "Feature", "properties": { "name": "Shell", "lat": 40.8288594, "lon": -74.179392, "brand": "Shell", "operator": "", "source": "osm", "type": "GAS_STATION", "external": false }, "geometry": { "type": "Point", "coordinates": [ -74.179392, 40.8288594 ] } },
{ "type": "Feature", "properties": { "name": "Delta", "lat": 40.7716374, "lon": -74.1843462, "brand": "Delta", "operator": "", "source": "osm", "type": "GAS_STATION", "external": false }, "geometry": { "type": "Point", "coordinates": [ -74.1843462, 40.7716374 ] } },
{ "type": "Feature", "properties": { "name": "QuickChek", "lat": 40.845237, "lon": -74.0099071, "brand": "QuickChek", "operator": "", "source": "osm", "type": "GAS_STATION", "external": false }, "geometry": { "type": "Point", "coordinates": [ -74.0099071, 40.845237 ] } },
{ "type": "Feature", "properties": { "name": "Delta", "lat": 40.7862585, "lon": -74.1550929, "brand": "Delta", "operator": "", "source": "osm", "type": "GAS_STATION", "external": false }, "geometry": { "type": "Point", "coordinates": [ -74.1550929, 40.7862585 ] } },
{ "type": "Feature", "properties": { "name": "Enrite", "lat": 40.8012633, "lon": -74.1468201, "brand": "", "operator": "", "source": "osm", "type": "GAS_STATION", "external": false }, "geometry": { "type": "Point", "coordinates": [ -74.1468201, 40.8012633 ] } },
{ "type": "Feature", "properties": { "name": "QuickChek", "lat": 40.7873206, "lon": -74.1502012, "brand": "QuickChek", "operator": "", "source": "osm", "type": "GAS_STATION", "external": false }, "geometry": { "type": "Point", "coordinates": [ -74.1502012, 40.7873206 ] } },
{ "type": "Feature", "properties": { "name": "Shell", "lat": 40.7788027, "lon": -74.1893357, "brand": "Shell", "operator": "", "source": "osm", "type": "GAS_STATION", "external": false }, "geometry": { "type": "Point", "coordinates": [ -74.1893357, 40.7788027 ] } },
{ "type": "Feature", "properties": { "name": "Shell", "lat": 40.838783, "lon": -73.7035832, "brand": "Shell", "operator": "", "source": "osm", "type": "GAS_STATION", "external": false }, "geometry": { "type": "Point", "coordinates": [ -73.7035832, 40.838783 ] } },
{ "type": "Feature", "properties": { "name": "BP", "lat": 40.6644117, "lon": -74.2113229, "brand": "BP", "operator": "", "source": "osm", "type": "GAS_STATION", "external": false }, "geometry": { "type": "Point", "coordinates": [ -74.2113229, 40.6644117 ] } },
{ "type": "Feature", "properties": { "name": "Millenium", "lat": 40.7820671, "lon": -74.1626696, "brand": "", "operator": "", "source": "osm", "type": "GAS_STATION", "external": false }, "geometry": { "type": "Point", "coordinates": [ -74.1626696, 40.7820671 ] } },
{ "type": "Feature", "properties": { "name": "Exxon", "lat": 40.7656815, "lon": -74.1651863, "brand": "Exxon", "operator": "", "source": "osm", "type": "GAS_STATION", "external": false }, "geometry": { "type": "Point", "coordinates": [ -74.1651863, 40.7656815 ] } },
{ "type": "Feature", "properties": { "name": "Wawa", "lat": 40.7699763, "lon": -74.2257245, "brand": "Wawa", "operator": "", "source": "osm", "type": "GAS_STATION", "external": false }, "geometry": { "type": "Point", "coordinates": [ -74.2257245, 40.7699763 ] } },
{ "type": "Feature", "properties": { "name": "Exxon", "lat": 40.74659, "lon": -74.2615144, "brand": "Exxon", "operator": "", "source": "osm", "type": "GAS_STATION", "external": false }, "geometry": { "type": "Point", "coordinates": [ -74.2615144, 40.74659 ] } },
{ "type": "Feature", "properties": { "name": "Delta", "lat": 40.7862029, "lon": -74.1550916, "brand": "Delta", "operator": "", "source": "osm", "type": "GAS_STATION", "external": false }, "geometry": { "type": "Point", "coordinates": [ -74.1550916, 40.7862029 ] } },
{ "type": "Feature", "properties": { "name": "Sunoco", "lat": 40.7765964, "lon": -74.1878251, "brand": "Sunoco", "operator": "", "source": "osm", "type": "GAS_STATION", "external": false }, "geometry": { "type": "Point", "coordinates": [ -74.1878251, 40.7765964 ] } },
{ "type": "Feature", "properties": { "name": "7-Eleven", "lat": 40.7780467, "lon": -74.1888305, "brand": "7-Eleven", "operator": "", "source": "osm", "type": "GAS_STATION", "external": false }, "geometry": { "type": "Point", "coordinates": [ -74.1888305, 40.7780467 ] } },
{ "type": "Feature", "properties": { "name": "Delta", "lat": 40.7836657, "lon": -74.1617921, "brand": "Delta", "operator": "", "source": "osm", "type": "GAS_STATION", "external": false }, "geometry": { "type": "Point", "coordinates": [ -74.1617921, 40.7836657 ] } },
{ "type": "Feature", "properties": { "name": "Unknown Gas Station", "lat": 40.8156179, "lon": -73.9896019, "brand": "", "operator": "", "source": "osm", "type": "GAS_STATION", "external": false }, "geometry": { "type": "Point", "coordinates": [ -73.9896019, 40.8156179 ] } },
{ "type": "Feature", "properties": { "name": "BP", "lat": 40.6634341, "lon": -73.9541607, "brand": "BP", "operator": "", "source": "osm", "type": "GAS_STATION", "external": false }, "geometry": { "type": "Point", "coordinates": [ -73.9541607, 40.6634341 ] } },
{ "type": "Feature", "properties": { "name": "Exxon", "lat": 40.8509558, "lon": -73.9355929, "brand": "Exxon", "operator": "", "source": "osm", "type": "GAS_STATION", "external": false }, "geometry": { "type": "Point", "coordinates": [ -73.9355929, 40.8509558 ] } },
{ "type": "Feature", "properties": { "name": "American", "lat": 40.7707195, "lon": -73.8931727, "brand": "", "operator": "", "source": "osm", "type": "GAS_STATION", "external": false }, "geometry": { "type": "Point", "coordinates": [ -73.8931727, 40.7707195 ] } },
{ "type": "Feature", "properties": { "name": "Unknown Gas Station", "lat": 40.6537397, "lon": -74.1264992, "brand": "", "operator": "", "source": "osm", "type": "GAS_STATION", "external": false }, "geometry": { "type": "Point", "coordinates": [ -74.1264992, 40.6537397 ] } },
{ "type": "Feature", "properties": { "name": "Mobil", "lat": 40.7585592, "lon": -73.8339778, "brand": "Mobil", "operator": "", "source": "osm", "type": "GAS_STATION", "external": false }, "geometry": { "type": "Point", "coordinates": [ -73.8339778, 40.7585592 ] } },
{ "type": "Feature", "properties": { "name": "Shell Gas Station", "lat": 40.7642873, "lon": -73.8236535, "brand": "Shell", "operator": "", "source": "osm", "type": "GAS_STATION", "external": false }, "geometry": { "type": "Point", "coordinates": [ -73.8236535, 40.7642873 ] } },
{ "type": "Feature", "properties": { "name": "Gulf", "lat": 40.7336051, "lon": -73.9524613, "brand": "Gulf", "operator": "", "source": "osm", "type": "GAS_STATION", "external": false }, "geometry": { "type": "Point", "coordinates": [ -73.9524613, 40.7336051 ] } },
{ "type": "Feature", "properties": { "name": "BP", "lat": 40.7309073, "lon": -73.9513447, "brand": "BP", "operator": "", "source": "osm", "type": "GAS_STATION", "external": false }, "geometry": { "type": "Point", "coordinates": [ -73.9513447, 40.7309073 ] } },
{ "type": "Feature", "properties": { "name": "BP", "lat": 40.7393306, "lon": -73.9342925, "brand": "BP", "operator": "", "source": "osm", "type": "GAS_STATION", "external": false }, "geometry": { "type": "Point", "coordinates": [ -73.9342925, 40.7393306 ] } },
{ "type": "Feature", "properties": { "name": "BP", "lat": 40.6871953, "lon": -73.7024797, "brand": "BP", "operator": "", "source": "osm", "type": "GAS_STATION", "external": false }, "geometry": { "type": "Point", "coordinates": [ -73.7024797, 40.6871953 ] } },
{ "type": "Feature", "properties": { "name": "Unknown Gas Station", "lat": 40.8535771, "lon": -73.9343867, "brand": "", "operator": "", "source": "osm", "type": "GAS_STATION", "external": false }, "geometry": { "type": "Point", "coordinates": [ -73.9343867, 40.8535771 ] } },
{ "type": "Feature", "properties": { "name": "Unknown Gas Station", "lat": 40.6213909, "lon": -74.0204052, "brand": "", "operator": "", "source": "osm", "type": "GAS_STATION", "external": false }, "geometry": { "type": "Point", "coordinates": [ -74.0204052, 40.6213909 ] } },
{ "type": "Feature", "properties": { "name": "Speedway", "lat": 40.6977976, "lon": -73.8029058, "brand": "Speedway", "operator": "", "source": "osm", "type": "GAS_STATION", "external": false }, "geometry": { "type": "Point", "coordinates": [ -73.8029058, 40.6977976 ] } },
{ "type": "Feature", "properties": { "name": "Unknown Gas Station", "lat": 40.8963286, "lon": -73.8673519, "brand": "", "operator": "", "source": "osm", "type": "GAS_STATION", "external": false }, "geometry": { "type": "Point", "coordinates": [ -73.8673519, 40.8963286 ] } },
{ "type": "Feature", "properties": { "name": "Unknown Gas Station", "lat": 40.8680551, "lon": -73.8589248, "brand": "", "operator": "", "source": "osm", "type": "GAS_STATION", "external": false }, "geometry": { "type": "Point", "coordinates": [ -73.8589248, 40.8680551 ] } },
{ "type": "Feature", "properties": { "name": "Unknown Gas Station", "lat": 40.8326647, "lon": -73.8985585, "brand": "", "operator": "", "source": "osm", "type": "GAS_STATION", "external": false }, "geometry": { "type": "Point", "coordinates": [ -73.8985585, 40.8326647 ] } },
{ "type": "Feature", "properties": { "name": "Citgo", "lat": 40.5829308, "lon": -73.985965, "brand": "Citgo", "operator": "", "source": "osm", "type": "GAS_STATION", "external": false }, "geometry": { "type": "Point", "coordinates": [ -73.985965, 40.5829308 ] } },
{ "type": "Feature", "properties": { "name": "Unknown Gas Station", "lat": 40.8248772, "lon": -73.9099677, "brand": "", "operator": "", "source": "osm", "type": "GAS_STATION", "external": false }, "geometry": { "type": "Point", "coordinates": [ -73.9099677, 40.8248772 ] } },
{ "type": "Feature", "properties": { "name": "Sunoco", "lat": 40.6644847, "lon": -73.9976503, "brand": "Sunoco", "operator": "", "source": "osm", "type": "GAS_STATION", "external": false }, "geometry": { "type": "Point", "coordinates": [ -73.9976503, 40.6644847 ] } },
{ "type": "Feature", "properties": { "name": "Unknown Gas Station", "lat": 40.6225435, "lon": -73.9372116, "brand": "", "operator": "", "source": "osm", "type": "GAS_STATION", "external": false }, "geometry": { "type": "Point", "coordinates": [ -73.9372116, 40.6225435 ] } },
{ "type": "Feature", "properties": { "name": "Unknown Gas Station", "lat": 40.6215371, "lon": -73.975049, "brand": "", "operator": "", "source": "osm", "type": "GAS_STATION", "external": false }, "geometry": { "type": "Point", "coordinates": [ -73.975049, 40.6215371 ] } },
{ "type": "Feature", "properties": { "name": "BP", "lat": 40.6382395, "lon": -74.0206367, "brand": "BP", "operator": "", "source": "osm", "type": "GAS_STATION", "external": false }, "geometry": { "type": "Point", "coordinates": [ -74.0206367, 40.6382395 ] } },
{ "type": "Feature", "properties": { "name": "SEVENTH AVENUE", "lat": 40.6340016, "lon": -74.0142876, "brand": "", "operator": "", "source": "osm", "type": "GAS_STATION", "external": false }, "geometry": { "type": "Point", "coordinates": [ -74.0142876, 40.6340016 ] } },
{ "type": "Feature", "properties": { "name": "Unknown Gas Station", "lat": 40.6343468, "lon": -74.0147425, "brand": "", "operator": "", "source": "osm", "type": "GAS_STATION", "external": false }, "geometry": { "type": "Point", "coordinates": [ -74.0147425, 40.6343468 ] } },
{ "type": "Feature", "properties": { "name": "Unknown Gas Station", "lat": 40.662377, "lon": -73.9192715, "brand": "", "operator": "", "source": "osm", "type": "GAS_STATION", "external": false }, "geometry": { "type": "Point", "coordinates": [ -73.9192715, 40.662377 ] } },
{ "type": "Feature", "properties": { "name": "BP", "lat": 40.6368583, "lon": -73.9684541, "brand": "BP", "operator": "", "source": "osm", "type": "GAS_STATION", "external": false }, "geometry": { "type": "Point", "coordinates": [ -73.9684541, 40.6368583 ] } },
{ "type": "Feature", "properties": { "name": "Citgo", "lat": 40.6432726, "lon": -73.9695976, "brand": "", "operator": "", "source": "osm", "type": "GAS_STATION", "external": false }, "geometry": { "type": "Point", "coordinates": [ -73.9695976, 40.6432726 ] } },
{ "type": "Feature", "properties": { "name": "Unknown Gas Station", "lat": 40.6420193, "lon": -73.9692954, "brand": "", "operator": "", "source": "osm", "type": "GAS_STATION", "external": false }, "geometry": { "type": "Point", "coordinates": [ -73.9692954, 40.6420193 ] } },
{ "type": "Feature", "properties": { "name": "BP", "lat": 40.6478296, "lon": -73.9716433, "brand": "BP", "operator": "", "source": "osm", "type": "GAS_STATION", "external": false }, "geometry": { "type": "Point", "coordinates": [ -73.9716433, 40.6478296 ] } },
{ "type": "Feature", "properties": { "name": "Shell", "lat": 40.5816314, "lon": -73.9602906, "brand": "Shell", "operator": "", "source": "osm", "type": "GAS_STATION", "external": false }, "geometry": { "type": "Point", "coordinates": [ -73.9602906, 40.5816314 ] } },
{ "type": "Feature", "properties": { "name": "BP", "lat": 40.5926348, "lon": -73.9611, "brand": "BP", "operator": "", "source": "osm", "type": "GAS_STATION", "external": false }, "geometry": { "type": "Point", "coordinates": [ -73.9611, 40.5926348 ] } },
{ "type": "Feature", "properties": { "name": "Shell", "lat": 40.6439668, "lon": -73.9704971, "brand": "Shell", "operator": "", "source": "osm", "type": "GAS_STATION", "external": false }, "geometry": { "type": "Point", "coordinates": [ -73.9704971, 40.6439668 ] } },
{ "type": "Feature", "properties": { "name": "Unknown Gas Station", "lat": 40.6518935, "lon": -73.9092698, "brand": "", "operator": "", "source": "osm", "type": "GAS_STATION", "external": false }, "geometry": { "type": "Point", "coordinates": [ -73.9092698, 40.6518935 ] } },
{ "type": "Feature", "properties": { "name": "BP", "lat": 40.6003697, "lon": -73.9610206, "brand": "BP", "operator": "", "source": "osm", "type": "GAS_STATION", "external": false }, "geometry": { "type": "Point", "coordinates": [ -73.9610206, 40.6003697 ] } },
{ "type": "Feature", "properties": { "name": "Allegiance", "lat": 40.5789343, "lon": -73.9876386, "brand": "", "operator": "", "source": "osm", "type": "GAS_STATION", "external": false }, "geometry": { "type": "Point", "coordinates": [ -73.9876386, 40.5789343 ] } },
{ "type": "Feature", "properties": { "name": "Unknown Gas Station", "lat": 40.616645, "lon": -73.9445622, "brand": "", "operator": "", "source": "osm", "type": "GAS_STATION", "external": false }, "geometry": { "type": "Point", "coordinates": [ -73.9445622, 40.616645 ] } },
{ "type": "Feature", "properties": { "name": "BP", "lat": 40.6356822, "lon": -73.7032809, "brand": "BP", "operator": "", "source": "osm", "type": "GAS_STATION", "external": false }, "geometry": { "type": "Point", "coordinates": [ -73.7032809, 40.6356822 ] } },
{ "type": "Feature", "properties": { "name": "Sunoco", "lat": 40.8930878, "lon": -74.1226701, "brand": "Sunoco", "operator": "", "source": "osm", "type": "GAS_STATION", "external": false }, "geometry": { "type": "Point", "coordinates": [ -74.1226701, 40.8930878 ] } },
{ "type": "Feature", "properties": { "name": "Unknown Gas Station", "lat": 40.6224419, "lon": -73.7471143, "brand": "", "operator": "", "source": "osm", "type": "GAS_STATION", "external": false }, "geometry": { "type": "Point", "coordinates": [ -73.7471143, 40.6224419 ] } },
{ "type": "Feature", "properties": { "name": "Sunoco", "lat": 40.7520332, "lon": -73.9447133, "brand": "Sunoco", "operator": "", "source": "osm", "type": "GAS_STATION", "external": false }, "geometry": { "type": "Point", "coordinates": [ -73.9447133, 40.7520332 ] } },
{ "type": "Feature", "properties": { "name": "BP", "lat": 40.7269048, "lon": -73.9071407, "brand": "BP", "operator": "", "source": "osm", "type": "GAS_STATION", "external": false }, "geometry": { "type": "Point", "coordinates": [ -73.9071407, 40.7269048 ] } },
{ "type": "Feature", "properties": { "name": "Mobil", "lat": 40.7139744, "lon": -73.8074895, "brand": "Mobil", "operator": "", "source": "osm", "type": "GAS_STATION", "external": false }, "geometry": { "type": "Point", "coordinates": [ -73.8074895, 40.7139744 ] } },
{ "type": "Feature", "properties": { "name": "Sunoco", "lat": 40.759449, "lon": -73.8000761, "brand": "Sunoco", "operator": "", "source": "osm", "type": "GAS_STATION", "external": false }, "geometry": { "type": "Point", "coordinates": [ -73.8000761, 40.759449 ] } },
{ "type": "Feature", "properties": { "name": "Mobil", "lat": 40.7649162, "lon": -73.8190209, "brand": "Mobil", "operator": "", "source": "osm", "type": "GAS_STATION", "external": false }, "geometry": { "type": "Point", "coordinates": [ -73.8190209, 40.7649162 ] } },
{ "type": "Feature", "properties": { "name": "BP", "lat": 40.7539885, "lon": -73.8977177, "brand": "BP", "operator": "", "source": "osm", "type": "GAS_STATION", "external": false }, "geometry": { "type": "Point", "coordinates": [ -73.8977177, 40.7539885 ] } },
{ "type": "Feature", "properties": { "name": "Gas Trac", "lat": 40.7533864, "lon": -73.911192, "brand": "", "operator": "", "source": "osm", "type": "GAS_STATION", "external": false }, "geometry": { "type": "Point", "coordinates": [ -73.911192, 40.7533864 ] } },
{ "type": "Feature", "properties": { "name": "Citgo", "lat": 40.7646943, "lon": -73.7880547, "brand": "Citgo", "operator": "", "source": "osm", "type": "GAS_STATION", "external": false }, "geometry": { "type": "Point", "coordinates": [ -73.7880547, 40.7646943 ] } },
{ "type": "Feature", "properties": { "name": "Unknown Gas Station", "lat": 40.7442035, "lon": -73.7755351, "brand": "", "operator": "", "source": "osm", "type": "GAS_STATION", "external": false }, "geometry": { "type": "Point", "coordinates": [ -73.7755351, 40.7442035 ] } },
{ "type": "Feature", "properties": { "name": "BP", "lat": 40.7590496, "lon": -73.937937, "brand": "BP", "operator": "", "source": "osm", "type": "GAS_STATION", "external": false }, "geometry": { "type": "Point", "coordinates": [ -73.937937, 40.7590496 ] } },
{ "type": "Feature", "properties": { "name": "BP", "lat": 40.6907121, "lon": -73.7256897, "brand": "BP", "operator": "", "source": "osm", "type": "GAS_STATION", "external": false }, "geometry": { "type": "Point", "coordinates": [ -73.7256897, 40.6907121 ] } },
{ "type": "Feature", "properties": { "name": "Sunoco", "lat": 40.5959534, "lon": -73.9606879, "brand": "Sunoco", "operator": "", "source": "osm", "type": "GAS_STATION", "external": false }, "geometry": { "type": "Point", "coordinates": [ -73.9606879, 40.5959534 ] } },
{ "type": "Feature", "properties": { "name": "BP", "lat": 40.6958856, "lon": -73.7433, "brand": "BP", "operator": "", "source": "osm", "type": "GAS_STATION", "external": false }, "geometry": { "type": "Point", "coordinates": [ -73.7433, 40.6958856 ] } },
{ "type": "Feature", "properties": { "name": "Exxon", "lat": 40.728026, "lon": -73.9067432, "brand": "Exxon", "operator": "", "source": "osm", "type": "GAS_STATION", "external": false }, "geometry": { "type": "Point", "coordinates": [ -73.9067432, 40.728026 ] } },
{ "type": "Feature", "properties": { "name": "Sunoco", "lat": 40.5593019, "lon": -74.2648172, "brand": "Sunoco", "operator": "", "source": "osm", "type": "GAS_STATION", "external": false }, "geometry": { "type": "Point", "coordinates": [ -74.2648172, 40.5593019 ] } },
{ "type": "Feature", "properties": { "name": "Shell", "lat": 40.6654596, "lon": -73.7015569, "brand": "Shell", "operator": "", "source": "osm", "type": "GAS_STATION", "external": false }, "geometry": { "type": "Point", "coordinates": [ -73.7015569, 40.6654596 ] } },
{ "type": "Feature", "properties": { "name": "Gulf", "lat": 40.7822338, "lon": -73.803454, "brand": "Gulf", "operator": "", "source": "osm", "type": "GAS_STATION", "external": false }, "geometry": { "type": "Point", "coordinates": [ -73.803454, 40.7822338 ] } },
{ "type": "Feature", "properties": { "name": "BP", "lat": 40.8985705, "lon": -74.2374408, "brand": "BP", "operator": "", "source": "osm", "type": "GAS_STATION", "external": false }, "geometry": { "type": "Point", "coordinates": [ -74.2374408, 40.8985705 ] } },
{ "type": "Feature", "properties": { "name": "Mobil", "lat": 40.7679773, "lon": -73.9068998, "brand": "Mobil", "operator": "", "source": "osm", "type": "GAS_STATION", "external": false }, "geometry": { "type": "Point", "coordinates": [ -73.9068998, 40.7679773 ] } },
{ "type": "Feature", "properties": { "name": "Shell", "lat": 40.7680808, "lon": -73.9075603, "brand": "Shell", "operator": "", "source": "osm", "type": "GAS_STATION", "external": false }, "geometry": { "type": "Point", "coordinates": [ -73.9075603, 40.7680808 ] } },
{ "type": "Feature", "properties": { "name": "Shell", "lat": 40.7659455, "lon": -73.7246242, "brand": "Shell", "operator": "", "source": "osm", "type": "GAS_STATION", "external": false }, "geometry": { "type": "Point", "coordinates": [ -73.7246242, 40.7659455 ] } },
{ "type": "Feature", "properties": { "name": "Unknown Gas Station", "lat": 40.8873385, "lon": -73.7913171, "brand": "", "operator": "", "source": "osm", "type": "GAS_STATION", "external": false }, "geometry": { "type": "Point", "coordinates": [ -73.7913171, 40.8873385 ] } },
{ "type": "Feature", "properties": { "name": "BP", "lat": 40.7387485, "lon": -73.8022208, "brand": "BP", "operator": "", "source": "osm", "type": "GAS_STATION", "external": false }, "geometry": { "type": "Point", "coordinates": [ -73.8022208, 40.7387485 ] } },
{ "type": "Feature", "properties": { "name": "BP", "lat": 40.6772403, "lon": -73.898662, "brand": "BP", "operator": "", "source": "osm", "type": "GAS_STATION", "external": false }, "geometry": { "type": "Point", "coordinates": [ -73.898662, 40.6772403 ] } },
{ "type": "Feature", "properties": { "name": "Citgo", "lat": 40.6941556, "lon": -73.9613787, "brand": "Citgo", "operator": "", "source": "osm", "type": "GAS_STATION", "external": false }, "geometry": { "type": "Point", "coordinates": [ -73.9613787, 40.6941556 ] } },
{ "type": "Feature", "properties": { "name": "Unknown Gas Station", "lat": 40.6734422, "lon": -73.7095801, "brand": "", "operator": "", "source": "osm", "type": "GAS_STATION", "external": false }, "geometry": { "type": "Point", "coordinates": [ -73.7095801, 40.6734422 ] } },
{ "type": "Feature", "properties": { "name": "BP", "lat": 40.7305317, "lon": -73.8720481, "brand": "BP", "operator": "", "source": "osm", "type": "GAS_STATION", "external": false }, "geometry": { "type": "Point", "coordinates": [ -73.8720481, 40.7305317 ] } },
{ "type": "Feature", "properties": { "name": "Mobil", "lat": 40.7648236, "lon": -73.9317581, "brand": "Mobil", "operator": "", "source": "osm", "type": "GAS_STATION", "external": false }, "geometry": { "type": "Point", "coordinates": [ -73.9317581, 40.7648236 ] } },
{ "type": "Feature", "properties": { "name": "Citgo", "lat": 40.6140772, "lon": -73.9635099, "brand": "Citgo", "operator": "", "source": "osm", "type": "GAS_STATION", "external": false }, "geometry": { "type": "Point", "coordinates": [ -73.9635099, 40.6140772 ] } },
{ "type": "Feature", "properties": { "name": "Speedway", "lat": 40.6348772, "lon": -73.9679162, "brand": "Speedway", "operator": "", "source": "osm", "type": "GAS_STATION", "external": false }, "geometry": { "type": "Point", "coordinates": [ -73.9679162, 40.6348772 ] } },
{ "type": "Feature", "properties": { "name": "Mobil", "lat": 40.6485081, "lon": -73.9718051, "brand": "Mobil", "operator": "", "source": "osm", "type": "GAS_STATION", "external": false }, "geometry": { "type": "Point", "coordinates": [ -73.9718051, 40.6485081 ] } },
{ "type": "Feature", "properties": { "name": "Unknown Gas Station", "lat": 40.6128309, "lon": -74.1227861, "brand": "", "operator": "", "source": "osm", "type": "GAS_STATION", "external": false }, "geometry": { "type": "Point", "coordinates": [ -74.1227861, 40.6128309 ] } },
{ "type": "Feature", "properties": { "name": "Unknown Gas Station", "lat": 40.6185399, "lon": -74.0208589, "brand": "", "operator": "", "source": "osm", "type": "GAS_STATION", "external": false }, "geometry": { "type": "Point", "coordinates": [ -74.0208589, 40.6185399 ] } },
{ "type": "Feature", "properties": { "name": "Mobil", "lat": 40.61224, "lon": -74.0113923, "brand": "Mobil", "operator": "", "source": "osm", "type": "GAS_STATION", "external": false }, "geometry": { "type": "Point", "coordinates": [ -74.0113923, 40.61224 ] } },
{ "type": "Feature", "properties": { "name": "Unknown Gas Station", "lat": 40.8467464, "lon": -73.9019048, "brand": "", "operator": "", "source": "osm", "type": "GAS_STATION", "external": false }, "geometry": { "type": "Point", "coordinates": [ -73.9019048, 40.8467464 ] } },
{ "type": "Feature", "properties": { "name": "Unknown Gas Station", "lat": 40.845944, "lon": -73.9023461, "brand": "", "operator": "", "source": "osm", "type": "GAS_STATION", "external": false }, "geometry": { "type": "Point", "coordinates": [ -73.9023461, 40.845944 ] } },
{ "type": "Feature", "properties": { "name": "Unknown Gas Station", "lat": 40.8469523, "lon": -73.9009755, "brand": "", "operator": "", "source": "osm", "type": "GAS_STATION", "external": false }, "geometry": { "type": "Point", "coordinates": [ -73.9009755, 40.8469523 ] } },
{ "type": "Feature", "properties": { "name": "Unknown Gas Station", "lat": 40.8108606, "lon": -73.9280149, "brand": "", "operator": "", "source": "osm", "type": "GAS_STATION", "external": false }, "geometry": { "type": "Point", "coordinates": [ -73.9280149, 40.8108606 ] } },
{ "type": "Feature", "properties": { "name": "Mobil", "lat": 40.8492921, "lon": -73.9165294, "brand": "Mobil", "operator": "", "source": "osm", "type": "GAS_STATION", "external": false }, "geometry": { "type": "Point", "coordinates": [ -73.9165294, 40.8492921 ] } },
{ "type": "Feature", "properties": { "name": "Unknown Gas Station", "lat": 40.7827275, "lon": -73.8082737, "brand": "", "operator": "", "source": "osm", "type": "GAS_STATION", "external": false }, "geometry": { "type": "Point", "coordinates": [ -73.8082737, 40.7827275 ] } },
{ "type": "Feature", "properties": { "name": "Unknown Gas Station", "lat": 40.6989826, "lon": -73.8885522, "brand": "", "operator": "", "source": "osm", "type": "GAS_STATION", "external": false }, "geometry": { "type": "Point", "coordinates": [ -73.8885522, 40.6989826 ] } },
{ "type": "Feature", "properties": { "name": "QuickChek", "lat": 40.6597357, "lon": -74.1100332, "brand": "QuickChek", "operator": "", "source": "osm", "type": "GAS_STATION", "external": false }, "geometry": { "type": "Point", "coordinates": [ -74.1100332, 40.6597357 ] } },
{ "type": "Feature", "properties": { "name": "Sunoco", "lat": 40.9124728, "lon": -74.2423376, "brand": "Sunoco", "operator": "sunoco / Sunoco Gas Station", "source": "osm", "type": "GAS_STATION", "external": false }, "geometry": { "type": "Point", "coordinates": [ -74.2423376, 40.9124728 ] } },
{ "type": "Feature", "properties": { "name": "Fuel4", "lat": 40.8840072, "lon": -73.9888323, "brand": "", "operator": "", "source": "osm", "type": "GAS_STATION", "external": false }, "geometry": { "type": "Point", "coordinates": [ -73.9888323, 40.8840072 ] } },
{ "type": "Feature", "properties": { "name": "Wawa", "lat": 40.7228741, "lon": -74.2523423, "brand": "Wawa", "operator": "", "source": "osm", "type": "GAS_STATION", "external": false }, "geometry": { "type": "Point", "coordinates": [ -74.2523423, 40.7228741 ] } },
{ "type": "Feature", "properties": { "name": "Speedway", "lat": 40.7294761, "lon": -74.1701253, "brand": "Speedway", "operator": "", "source": "osm", "type": "GAS_STATION", "external": false }, "geometry": { "type": "Point", "coordinates": [ -74.1701253, 40.7294761 ] } },
{ "type": "Feature", "properties": { "name": "Unknown Gas Station", "lat": 40.7614314, "lon": -73.7633666, "brand": "", "operator": "", "source": "osm", "type": "GAS_STATION", "external": false }, "geometry": { "type": "Point", "coordinates": [ -73.7633666, 40.7614314 ] } },
{ "type": "Feature", "properties": { "name": "BP", "lat": 40.7133966, "lon": -73.9165365, "brand": "BP", "operator": "", "source": "osm", "type": "GAS_STATION", "external": false }, "geometry": { "type": "Point", "coordinates": [ -73.9165365, 40.7133966 ] } },
{ "type": "Feature", "properties": { "name": "Emporium", "lat": 40.6976218, "lon": -73.9694768, "brand": "", "operator": "", "source": "osm", "type": "GAS_STATION", "external": false }, "geometry": { "type": "Point", "coordinates": [ -73.9694768, 40.6976218 ] } },
{ "type": "Feature", "properties": { "name": "BP", "lat": 40.6517184, "lon": -74.0065874, "brand": "BP", "operator": "", "source": "osm", "type": "GAS_STATION", "external": false }, "geometry": { "type": "Point", "coordinates": [ -74.0065874, 40.6517184 ] } },
{ "type": "Feature", "properties": { "name": "BP", "lat": 40.5858236, "lon": -73.8227479, "brand": "BP", "operator": "100-17 Beach Channel Dr. Corp.", "source": "osm", "type": "GAS_STATION", "external": false }, "geometry": { "type": "Point", "coordinates": [ -73.8227479, 40.5858236 ] } },
{ "type": "Feature", "properties": { "name": "BP", "lat": 40.8030789, "lon": -73.9337279, "brand": "BP", "operator": "", "source": "osm", "type": "GAS_STATION", "external": false }, "geometry": { "type": "Point", "coordinates": [ -73.9337279, 40.8030789 ] } },
{ "type": "Feature", "properties": { "name": "Shell", "lat": 40.6380494, "lon": -73.9793403, "brand": "Shell", "operator": "", "source": "osm", "type": "GAS_STATION", "external": false }, "geometry": { "type": "Point", "coordinates": [ -73.9793403, 40.6380494 ] } },
{ "type": "Feature", "properties": { "name": "Mobil", "lat": 40.7324775, "lon": -74.1573731, "brand": "Mobil", "operator": "", "source": "osm", "type": "GAS_STATION", "external": false }, "geometry": { "type": "Point", "coordinates": [ -74.1573731, 40.7324775 ] } },
{ "type": "Feature", "properties": { "name": "Unknown Gas Station", "lat": 40.6096162, "lon": -74.0303632, "brand": "", "operator": "", "source": "osm", "type": "GAS_STATION", "external": false }, "geometry": { "type": "Point", "coordinates": [ -74.0303632, 40.6096162 ] } },
{ "type": "Feature", "properties": { "name": "Fuel 4", "lat": 40.7419937, "lon": -74.1560686, "brand": "Fuel 4", "operator": "", "source": "osm", "type": "GAS_STATION", "external": false }, "geometry": { "type": "Point", "coordinates": [ -74.1560686, 40.7419937 ] } },
{ "type": "Feature", "properties": { "name": "BP", "lat": 40.714063, "lon": -73.9335539, "brand": "BP", "operator": "", "source": "osm", "type": "GAS_STATION", "external": false }, "geometry": { "type": "Point", "coordinates": [ -73.9335539, 40.714063 ] } },
{ "type": "Feature", "properties": { "name": "Citgo", "lat": 40.700068, "lon": -73.9613207, "brand": "Citgo", "operator": "", "source": "osm", "type": "GAS_STATION", "external": false }, "geometry": { "type": "Point", "coordinates": [ -73.9613207, 40.700068 ] } },
{ "type": "Feature", "properties": { "name": "Shell", "lat": 40.7303959, "lon": -73.887821, "brand": "Shell", "operator": "", "source": "osm", "type": "GAS_STATION", "external": false }, "geometry": { "type": "Point", "coordinates": [ -73.887821, 40.7303959 ] } },
{ "type": "Feature", "properties": { "name": "Mobil", "lat": 40.5606949, "lon": -74.1692553, "brand": "Mobil", "operator": "", "source": "osm", "type": "GAS_STATION", "external": false }, "geometry": { "type": "Point", "coordinates": [ -74.1692553, 40.5606949 ] } },
{ "type": "Feature", "properties": { "name": "Citgo", "lat": 40.7342704, "lon": -74.1291348, "brand": "Citgo", "operator": "", "source": "osm", "type": "GAS_STATION", "external": false }, "geometry": { "type": "Point", "coordinates": [ -74.1291348, 40.7342704 ] } },
{ "type": "Feature", "properties": { "name": "Unknown Gas Station", "lat": 40.8135368, "lon": -73.909391, "brand": "", "operator": "", "source": "osm", "type": "GAS_STATION", "external": false }, "geometry": { "type": "Point", "coordinates": [ -73.909391, 40.8135368 ] } },
{ "type": "Feature", "properties": { "name": "Delta", "lat": 40.7283898, "lon": -74.1711476, "brand": "Delta", "operator": "", "source": "osm", "type": "GAS_STATION", "external": false }, "geometry": { "type": "Point", "coordinates": [ -74.1711476, 40.7283898 ] } },
{ "type": "Feature", "properties": { "name": "Gas Sale", "lat": 40.739602, "lon": -73.7932479, "brand": "", "operator": "", "source": "osm", "type": "GAS_STATION", "external": false }, "geometry": { "type": "Point", "coordinates": [ -73.7932479, 40.739602 ] } },
{ "type": "Feature", "properties": { "name": "Mobil", "lat": 40.7397974, "lon": -73.7925006, "brand": "Mobil", "operator": "", "source": "osm", "type": "GAS_STATION", "external": false }, "geometry": { "type": "Point", "coordinates": [ -73.7925006, 40.7397974 ] } },
{ "type": "Feature", "properties": { "name": "76", "lat": 40.9079146, "lon": -73.8117161, "brand": "76", "operator": "76", "source": "osm", "type": "GAS_STATION", "external": false }, "geometry": { "type": "Point", "coordinates": [ -73.8117161, 40.9079146 ] } },
{ "type": "Feature", "properties": { "name": "BP", "lat": 40.7049753, "lon": -73.9498983, "brand": "BP", "operator": "", "source": "osm", "type": "GAS_STATION", "external": false }, "geometry": { "type": "Point", "coordinates": [ -73.9498983, 40.7049753 ] } },
{ "type": "Feature", "properties": { "name": "BP", "lat": 40.8138165, "lon": -73.9306653, "brand": "BP", "operator": "", "source": "osm", "type": "GAS_STATION", "external": false }, "geometry": { "type": "Point", "coordinates": [ -73.9306653, 40.8138165 ] } },
{ "type": "Feature", "properties": { "name": "Mobil", "lat": 40.6092713, "lon": -74.0630589, "brand": "Mobil", "operator": "", "source": "osm", "type": "GAS_STATION", "external": false }, "geometry": { "type": "Point", "coordinates": [ -74.0630589, 40.6092713 ] } },
{ "type": "Feature", "properties": { "name": "Delta", "lat": 40.9080765, "lon": -74.092353, "brand": "Delta", "operator": "", "source": "osm", "type": "GAS_STATION", "external": false }, "geometry": { "type": "Point", "coordinates": [ -74.092353, 40.9080765 ] } },
{ "type": "Feature", "properties": { "name": "Unknown Gas Station", "lat": 40.8072726, "lon": -73.9237509, "brand": "", "operator": "", "source": "osm", "type": "GAS_STATION", "external": false }, "geometry": { "type": "Point", "coordinates": [ -73.9237509, 40.8072726 ] } },
{ "type": "Feature", "properties": { "name": "Unknown Gas Station", "lat": 40.8368512, "lon": -73.9216325, "brand": "", "operator": "", "source": "osm", "type": "GAS_STATION", "external": false }, "geometry": { "type": "Point", "coordinates": [ -73.9216325, 40.8368512 ] } },
{ "type": "Feature", "properties": { "name": "Unknown Gas Station", "lat": 40.847358, "lon": -73.9122283, "brand": "", "operator": "", "source": "osm", "type": "GAS_STATION", "external": false }, "geometry": { "type": "Point", "coordinates": [ -73.9122283, 40.847358 ] } },
{ "type": "Feature", "properties": { "name": "Unknown Gas Station", "lat": 40.7862189, "lon": -73.8377012, "brand": "", "operator": "", "source": "osm", "type": "GAS_STATION", "external": false }, "geometry": { "type": "Point", "coordinates": [ -73.8377012, 40.7862189 ] } },
{ "type": "Feature", "properties": { "name": "Unknown Gas Station", "lat": 40.7614219, "lon": -73.8679097, "brand": "", "operator": "", "source": "osm", "type": "GAS_STATION", "external": false }, "geometry": { "type": "Point", "coordinates": [ -73.8679097, 40.7614219 ] } },
{ "type": "Feature", "properties": { "name": "BP", "lat": 40.7268693, "lon": -73.8104221, "brand": "BP", "operator": "", "source": "osm", "type": "GAS_STATION", "external": false }, "geometry": { "type": "Point", "coordinates": [ -73.8104221, 40.7268693 ] } },
{ "type": "Feature", "properties": { "name": "Shell", "lat": 40.7183839, "lon": -73.8156558, "brand": "Shell", "operator": "", "source": "osm", "type": "GAS_STATION", "external": false }, "geometry": { "type": "Point", "coordinates": [ -73.8156558, 40.7183839 ] } },
{ "type": "Feature", "properties": { "name": "Speedway", "lat": 40.6572025, "lon": -74.0009089, "brand": "Speedway", "operator": "", "source": "osm", "type": "GAS_STATION", "external": false }, "geometry": { "type": "Point", "coordinates": [ -74.0009089, 40.6572025 ] } },
{ "type": "Feature", "properties": { "name": "Mobil", "lat": 40.7431807, "lon": -73.9153243, "brand": "Mobil", "operator": "", "source": "osm", "type": "GAS_STATION", "external": false }, "geometry": { "type": "Point", "coordinates": [ -73.9153243, 40.7431807 ] } },
{ "type": "Feature", "properties": { "name": "BP", "lat": 40.6697941, "lon": -73.9197015, "brand": "BP", "operator": "", "source": "osm", "type": "GAS_STATION", "external": false }, "geometry": { "type": "Point", "coordinates": [ -73.9197015, 40.6697941 ] } },
{ "type": "Feature", "properties": { "name": "Unknown Gas Station", "lat": 40.6686216, "lon": -73.9215372, "brand": "", "operator": "", "source": "osm", "type": "GAS_STATION", "external": false }, "geometry": { "type": "Point", "coordinates": [ -73.9215372, 40.6686216 ] } },
{ "type": "Feature", "properties": { "name": "Exxon", "lat": 40.8592094, "lon": -73.8913617, "brand": "Exxon", "operator": "", "source": "osm", "type": "GAS_STATION", "external": false }, "geometry": { "type": "Point", "coordinates": [ -73.8913617, 40.8592094 ] } },
{ "type": "Feature", "properties": { "name": "Mobil", "lat": 40.7388036, "lon": -73.7923806, "brand": "Mobil", "operator": "", "source": "osm", "type": "GAS_STATION", "external": false }, "geometry": { "type": "Point", "coordinates": [ -73.7923806, 40.7388036 ] } },
{ "type": "Feature", "properties": { "name": "Unknown Gas Station", "lat": 40.8150272, "lon": -73.8970901, "brand": "", "operator": "", "source": "osm", "type": "GAS_STATION", "external": false }, "geometry": { "type": "Point", "coordinates": [ -73.8970901, 40.8150272 ] } },
{ "type": "Feature", "properties": { "name": "Mobil", "lat": 40.8209602, "lon": -73.938214, "brand": "Mobil", "operator": "", "source": "osm", "type": "GAS_STATION", "external": false }, "geometry": { "type": "Point", "coordinates": [ -73.938214, 40.8209602 ] } },
{ "type": "Feature", "properties": { "name": "Sunoco", "lat": 40.8457689, "lon": -73.9141334, "brand": "Sunoco", "operator": "", "source": "osm", "type": "GAS_STATION", "external": false }, "geometry": { "type": "Point", "coordinates": [ -73.9141334, 40.8457689 ] } },
{ "type": "Feature", "properties": { "name": "Unknown Gas Station", "lat": 40.6573756, "lon": -73.8924509, "brand": "", "operator": "", "source": "osm", "type": "GAS_STATION", "external": false }, "geometry": { "type": "Point", "coordinates": [ -73.8924509, 40.6573756 ] } },
{ "type": "Feature", "properties": { "name": "Unknown Gas Station", "lat": 40.6489791, "lon": -73.8919742, "brand": "", "operator": "", "source": "osm", "type": "GAS_STATION", "external": false }, "geometry": { "type": "Point", "coordinates": [ -73.8919742, 40.6489791 ] } },
{ "type": "Feature", "properties": { "name": "Shell", "lat": 40.855717, "lon": -73.8552019, "brand": "Shell", "operator": "", "source": "osm", "type": "GAS_STATION", "external": false }, "geometry": { "type": "Point", "coordinates": [ -73.8552019, 40.855717 ] } },
{ "type": "Feature", "properties": { "name": "Unknown Gas Station", "lat": 40.6339539, "lon": -73.8903443, "brand": "", "operator": "", "source": "osm", "type": "GAS_STATION", "external": false }, "geometry": { "type": "Point", "coordinates": [ -73.8903443, 40.6339539 ] } },
{ "type": "Feature", "properties": { "name": "Unknown Gas Station", "lat": 40.8668314, "lon": -73.8386122, "brand": "", "operator": "", "source": "osm", "type": "GAS_STATION", "external": false }, "geometry": { "type": "Point", "coordinates": [ -73.8386122, 40.8668314 ] } },
{ "type": "Feature", "properties": { "name": "Mobil", "lat": 40.8684492, "lon": -73.833529, "brand": "Mobil", "operator": "", "source": "osm", "type": "GAS_STATION", "external": false }, "geometry": { "type": "Point", "coordinates": [ -73.833529, 40.8684492 ] } },
{ "type": "Feature", "properties": { "name": "Unknown Gas Station", "lat": 40.8731605, "lon": -73.8541852, "brand": "", "operator": "", "source": "osm", "type": "GAS_STATION", "external": false }, "geometry": { "type": "Point", "coordinates": [ -73.8541852, 40.8731605 ] } },
{ "type": "Feature", "properties": { "name": "Shell", "lat": 40.7027761, "lon": -73.8548034, "brand": "Shell", "operator": "", "source": "osm", "type": "GAS_STATION", "external": false }, "geometry": { "type": "Point", "coordinates": [ -73.8548034, 40.7027761 ] } },
{ "type": "Feature", "properties": { "name": "BP", "lat": 40.702872, "lon": -73.8557154, "brand": "BP", "operator": "", "source": "osm", "type": "GAS_STATION", "external": false }, "geometry": { "type": "Point", "coordinates": [ -73.8557154, 40.702872 ] } },
{ "type": "Feature", "properties": { "name": "Hess", "lat": 40.6960537, "lon": -73.7440159, "brand": "Hess", "operator": "", "source": "osm", "type": "GAS_STATION", "external": false }, "geometry": { "type": "Point", "coordinates": [ -73.7440159, 40.6960537 ] } },
{ "type": "Feature", "properties": { "name": "36", "lat": 40.6905007, "lon": -73.7625346, "brand": "", "operator": "", "source": "osm", "type": "GAS_STATION", "external": false }, "geometry": { "type": "Point", "coordinates": [ -73.7625346, 40.6905007 ] } },
{ "type": "Feature", "properties": { "name": "BP", "lat": 40.6961977, "lon": -73.8049488, "brand": "BP", "operator": "", "source": "osm", "type": "GAS_STATION", "external": false }, "geometry": { "type": "Point", "coordinates": [ -73.8049488, 40.6961977 ] } },
{ "type": "Feature", "properties": { "name": "7-Eleven", "lat": 40.6393107, "lon": -74.0228354, "brand": "7-Eleven", "operator": "", "source": "osm", "type": "GAS_STATION", "external": false }, "geometry": { "type": "Point", "coordinates": [ -74.0228354, 40.6393107 ] } },
{ "type": "Feature", "properties": { "name": "Mobil", "lat": 40.8199506, "lon": -73.8099557, "brand": "Mobil", "operator": "", "source": "osm", "type": "GAS_STATION", "external": false }, "geometry": { "type": "Point", "coordinates": [ -73.8099557, 40.8199506 ] } },
{ "type": "Feature", "properties": { "name": "Shell", "lat": 40.8158213, "lon": -74.1130344, "brand": "Shell", "operator": "", "source": "osm", "type": "GAS_STATION", "external": false }, "geometry": { "type": "Point", "coordinates": [ -74.1130344, 40.8158213 ] } },
{ "type": "Feature", "properties": { "name": "Unknown Gas Station", "lat": 40.8119542, "lon": -74.1164113, "brand": "", "operator": "", "source": "osm", "type": "GAS_STATION", "external": false }, "geometry": { "type": "Point", "coordinates": [ -74.1164113, 40.8119542 ] } },
{ "type": "Feature", "properties": { "name": "Unknown Gas Station", "lat": 40.8246015, "lon": -74.1110479, "brand": "", "operator": "", "source": "osm", "type": "GAS_STATION", "external": false }, "geometry": { "type": "Point", "coordinates": [ -74.1110479, 40.8246015 ] } },
{ "type": "Feature", "properties": { "name": "Sunoco", "lat": 40.8251768, "lon": -74.1103567, "brand": "Sunoco", "operator": "", "source": "osm", "type": "GAS_STATION", "external": false }, "geometry": { "type": "Point", "coordinates": [ -74.1103567, 40.8251768 ] } },
{ "type": "Feature", "properties": { "name": "Unknown Gas Station", "lat": 40.8249984, "lon": -74.1099908, "brand": "", "operator": "", "source": "osm", "type": "GAS_STATION", "external": false }, "geometry": { "type": "Point", "coordinates": [ -74.1099908, 40.8249984 ] } },
{ "type": "Feature", "properties": { "name": "Unknown Gas Station", "lat": 40.8917737, "lon": -74.0733419, "brand": "", "operator": "", "source": "osm", "type": "GAS_STATION", "external": false }, "geometry": { "type": "Point", "coordinates": [ -74.0733419, 40.8917737 ] } },
{ "type": "Feature", "properties": { "name": "Delta", "lat": 40.8655905, "lon": -73.9848769, "brand": "Delta", "operator": "", "source": "osm", "type": "GAS_STATION", "external": false }, "geometry": { "type": "Point", "coordinates": [ -73.9848769, 40.8655905 ] } },
{ "type": "Feature", "properties": { "name": "Delta", "lat": 40.8632381, "lon": -73.9870929, "brand": "Delta", "operator": "", "source": "osm", "type": "GAS_STATION", "external": false }, "geometry": { "type": "Point", "coordinates": [ -73.9870929, 40.8632381 ] } },
{ "type": "Feature", "properties": { "name": "BP", "lat": 40.7980465, "lon": -73.9336223, "brand": "BP", "operator": "", "source": "osm", "type": "GAS_STATION", "external": false }, "geometry": { "type": "Point", "coordinates": [ -73.9336223, 40.7980465 ] } },
{ "type": "Feature", "properties": { "name": "BP", "lat": 40.6651448, "lon": -73.7332821, "brand": "", "operator": "", "source": "osm", "type": "GAS_STATION", "external": false }, "geometry": { "type": "Point", "coordinates": [ -73.7332821, 40.6651448 ] } },
{ "type": "Feature", "properties": { "name": "Mobil", "lat": 40.6920279, "lon": -73.7791674, "brand": "Mobil", "operator": "", "source": "osm", "type": "GAS_STATION", "external": false }, "geometry": { "type": "Point", "coordinates": [ -73.7791674, 40.6920279 ] } },
{ "type": "Feature", "properties": { "name": "Unknown Gas Station", "lat": 40.9053997, "lon": -74.0659342, "brand": "", "operator": "", "source": "osm", "type": "GAS_STATION", "external": false }, "geometry": { "type": "Point", "coordinates": [ -74.0659342, 40.9053997 ] } },
{ "type": "Feature", "properties": { "name": "BP", "lat": 40.7339673, "lon": -73.7248367, "brand": "BP", "operator": "", "source": "osm", "type": "GAS_STATION", "external": false }, "geometry": { "type": "Point", "coordinates": [ -73.7248367, 40.7339673 ] } },
{ "type": "Feature", "properties": { "name": "Unknown Gas Station", "lat": 40.7251597, "lon": -74.2385441, "brand": "", "operator": "", "source": "osm", "type": "GAS_STATION", "external": false }, "geometry": { "type": "Point", "coordinates": [ -74.2385441, 40.7251597 ] } },
{ "type": "Feature", "properties": { "name": "7-Eleven", "lat": 40.813746, "lon": -74.1095385, "brand": "7-Eleven", "operator": "", "source": "osm", "type": "GAS_STATION", "external": false }, "geometry": { "type": "Point", "coordinates": [ -74.1095385, 40.813746 ] } },
{ "type": "Feature", "properties": { "name": "BP", "lat": 40.8663235, "lon": -73.9179905, "brand": "BP", "operator": "", "source": "osm", "type": "GAS_STATION", "external": false }, "geometry": { "type": "Point", "coordinates": [ -73.9179905, 40.8663235 ] } },
{ "type": "Feature", "properties": { "name": "Mobil", "lat": 40.7814534, "lon": -73.8226087, "brand": "Mobil", "operator": "", "source": "osm", "type": "GAS_STATION", "external": false }, "geometry": { "type": "Point", "coordinates": [ -73.8226087, 40.7814534 ] } },
{ "type": "Feature", "properties": { "name": "Unknown Gas Station", "lat": 40.7697391, "lon": -73.7929095, "brand": "", "operator": "", "source": "osm", "type": "GAS_STATION", "external": false }, "geometry": { "type": "Point", "coordinates": [ -73.7929095, 40.7697391 ] } },
{ "type": "Feature", "properties": { "name": "Unknown Gas Station", "lat": 40.6924067, "lon": -73.7195121, "brand": "", "operator": "", "source": "osm", "type": "GAS_STATION", "external": false }, "geometry": { "type": "Point", "coordinates": [ -73.7195121, 40.6924067 ] } },
{ "type": "Feature", "properties": { "name": "Unknown Gas Station", "lat": 40.6937368, "lon": -73.7181229, "brand": "", "operator": "", "source": "osm", "type": "GAS_STATION", "external": false }, "geometry": { "type": "Point", "coordinates": [ -73.7181229, 40.6937368 ] } },
{ "type": "Feature", "properties": { "name": "Conoco", "lat": 40.6702242, "lon": -73.7173789, "brand": "Conoco", "operator": "", "source": "osm", "type": "GAS_STATION", "external": false }, "geometry": { "type": "Point", "coordinates": [ -73.7173789, 40.6702242 ] } },
{ "type": "Feature", "properties": { "name": "Unknown Gas Station", "lat": 40.670148, "lon": -73.7081357, "brand": "", "operator": "", "source": "osm", "type": "GAS_STATION", "external": false }, "geometry": { "type": "Point", "coordinates": [ -73.7081357, 40.670148 ] } },
{ "type": "Feature", "properties": { "name": "Citgo", "lat": 40.6730321, "lon": -73.7241265, "brand": "Citgo", "operator": "", "source": "osm", "type": "GAS_STATION", "external": false }, "geometry": { "type": "Point", "coordinates": [ -73.7241265, 40.6730321 ] } },
{ "type": "Feature", "properties": { "name": "BP", "lat": 40.6684958, "lon": -73.7111407, "brand": "BP", "operator": "", "source": "osm", "type": "GAS_STATION", "external": false }, "geometry": { "type": "Point", "coordinates": [ -73.7111407, 40.6684958 ] } },
{ "type": "Feature", "properties": { "name": "Unknown Gas Station", "lat": 40.6776725, "lon": -73.7098809, "brand": "", "operator": "", "source": "osm", "type": "GAS_STATION", "external": false }, "geometry": { "type": "Point", "coordinates": [ -73.7098809, 40.6776725 ] } },
{ "type": "Feature", "properties": { "name": "BP", "lat": 40.6807287, "lon": -73.7925091, "brand": "BP", "operator": "", "source": "osm", "type": "GAS_STATION", "external": false }, "geometry": { "type": "Point", "coordinates": [ -73.7925091, 40.6807287 ] } },
{ "type": "Feature", "properties": { "name": "Citgo", "lat": 40.6665373, "lon": -73.7793946, "brand": "Citgo", "operator": "", "source": "osm", "type": "GAS_STATION", "external": false }, "geometry": { "type": "Point", "coordinates": [ -73.7793946, 40.6665373 ] } },
{ "type": "Feature", "properties": { "name": "Unknown Gas Station", "lat": 40.6943645, "lon": -73.8279565, "brand": "", "operator": "", "source": "osm", "type": "GAS_STATION", "external": false }, "geometry": { "type": "Point", "coordinates": [ -73.8279565, 40.6943645 ] } },
{ "type": "Feature", "properties": { "name": "BP", "lat": 40.667121, "lon": -73.7897016, "brand": "BP", "operator": "", "source": "osm", "type": "GAS_STATION", "external": false }, "geometry": { "type": "Point", "coordinates": [ -73.7897016, 40.667121 ] } },
{ "type": "Feature", "properties": { "name": "Exxon", "lat": 40.6802783, "lon": -73.8405624, "brand": "Exxon", "operator": "", "source": "osm", "type": "GAS_STATION", "external": false }, "geometry": { "type": "Point", "coordinates": [ -73.8405624, 40.6802783 ] } },
{ "type": "Feature", "properties": { "name": "BP", "lat": 40.8156681, "lon": -73.9282269, "brand": "BP", "operator": "", "source": "osm", "type": "GAS_STATION", "external": false }, "geometry": { "type": "Point", "coordinates": [ -73.9282269, 40.8156681 ] } },
{ "type": "Feature", "properties": { "name": "Exxon", "lat": 40.6923103, "lon": -73.8101479, "brand": "Exxon", "operator": "", "source": "osm", "type": "GAS_STATION", "external": false }, "geometry": { "type": "Point", "coordinates": [ -73.8101479, 40.6923103 ] } },
{ "type": "Feature", "properties": { "name": "Unknown Gas Station", "lat": 40.8140514, "lon": -74.1092784, "brand": "", "operator": "", "source": "osm", "type": "GAS_STATION", "external": false }, "geometry": { "type": "Point", "coordinates": [ -74.1092784, 40.8140514 ] } },
{ "type": "Feature", "properties": { "name": "BP", "lat": 40.8435809, "lon": -73.8974986, "brand": "BP", "operator": "", "source": "osm", "type": "GAS_STATION", "external": false }, "geometry": { "type": "Point", "coordinates": [ -73.8974986, 40.8435809 ] } },
{ "type": "Feature", "properties": { "name": "Gulf", "lat": 40.8592858, "lon": -73.8671311, "brand": "", "operator": "", "source": "osm", "type": "GAS_STATION", "external": false }, "geometry": { "type": "Point", "coordinates": [ -73.8671311, 40.8592858 ] } },
{ "type": "Feature", "properties": { "name": "BP", "lat": 40.7016865, "lon": -73.9372808, "brand": "BP", "operator": "", "source": "osm", "type": "GAS_STATION", "external": false }, "geometry": { "type": "Point", "coordinates": [ -73.9372808, 40.7016865 ] } },
{ "type": "Feature", "properties": { "name": "Exxon", "lat": 40.7458636, "lon": -73.9339485, "brand": "Exxon", "operator": "", "source": "osm", "type": "GAS_STATION", "external": false }, "geometry": { "type": "Point", "coordinates": [ -73.9339485, 40.7458636 ] } },
{ "type": "Feature", "properties": { "name": "Shell", "lat": 40.5803583, "lon": -73.9858743, "brand": "Shell", "operator": "", "source": "osm", "type": "GAS_STATION", "external": false }, "geometry": { "type": "Point", "coordinates": [ -73.9858743, 40.5803583 ] } },
{ "type": "Feature", "properties": { "name": "Unknown Gas Station", "lat": 40.6658864, "lon": -73.8841886, "brand": "", "operator": "", "source": "osm", "type": "GAS_STATION", "external": false }, "geometry": { "type": "Point", "coordinates": [ -73.8841886, 40.6658864 ] } },
{ "type": "Feature", "properties": { "name": "BP", "lat": 40.7196896, "lon": -73.8910703, "brand": "BP", "operator": "", "source": "osm", "type": "GAS_STATION", "external": false }, "geometry": { "type": "Point", "coordinates": [ -73.8910703, 40.7196896 ] } },
{ "type": "Feature", "properties": { "name": "Mobile", "lat": 40.719411, "lon": -73.8908445, "brand": "Mobil", "operator": "", "source": "osm", "type": "GAS_STATION", "external": false }, "geometry": { "type": "Point", "coordinates": [ -73.8908445, 40.719411 ] } },
{ "type": "Feature", "properties": { "name": "Gas Sale", "lat": 40.7220487, "lon": -73.8859604, "brand": "", "operator": "", "source": "osm", "type": "GAS_STATION", "external": false }, "geometry": { "type": "Point", "coordinates": [ -73.8859604, 40.7220487 ] } },
{ "type": "Feature", "properties": { "name": "Citgo", "lat": 40.7143428, "lon": -73.9013028, "brand": "Citgo", "operator": "", "source": "osm", "type": "GAS_STATION", "external": false }, "geometry": { "type": "Point", "coordinates": [ -73.9013028, 40.7143428 ] } },
{ "type": "Feature", "properties": { "name": "BP", "lat": 40.8571887, "lon": -73.8912964, "brand": "BP", "operator": "", "source": "osm", "type": "GAS_STATION", "external": false }, "geometry": { "type": "Point", "coordinates": [ -73.8912964, 40.8571887 ] } },
{ "type": "Feature", "properties": { "name": "Citgo", "lat": 40.5427533, "lon": -74.1459633, "brand": "Citgo", "operator": "", "source": "osm", "type": "GAS_STATION", "external": false }, "geometry": { "type": "Point", "coordinates": [ -74.1459633, 40.5427533 ] } },
{ "type": "Feature", "properties": { "name": "Mobile", "lat": 40.5419604, "lon": -74.1460227, "brand": "Mobil", "operator": "", "source": "osm", "type": "GAS_STATION", "external": false }, "geometry": { "type": "Point", "coordinates": [ -74.1460227, 40.5419604 ] } },
{ "type": "Feature", "properties": { "name": "BP", "lat": 40.6127181, "lon": -74.1325088, "brand": "BP", "operator": "", "source": "osm", "type": "GAS_STATION", "external": false }, "geometry": { "type": "Point", "coordinates": [ -74.1325088, 40.6127181 ] } },
{ "type": "Feature", "properties": { "name": "Speedway", "lat": 40.8664194, "lon": -73.9742558, "brand": "Speedway", "operator": "", "source": "osm", "type": "GAS_STATION", "external": false }, "geometry": { "type": "Point", "coordinates": [ -73.9742558, 40.8664194 ] } },
{ "type": "Feature", "properties": { "name": "Citgo", "lat": 40.6020124, "lon": -74.1204161, "brand": "Citgo", "operator": "", "source": "osm", "type": "GAS_STATION", "external": false }, "geometry": { "type": "Point", "coordinates": [ -74.1204161, 40.6020124 ] } },
{ "type": "Feature", "properties": { "name": "GasTrac", "lat": 40.721035, "lon": -73.9043732, "brand": "", "operator": "", "source": "osm", "type": "GAS_STATION", "external": false }, "geometry": { "type": "Point", "coordinates": [ -73.9043732, 40.721035 ] } },
{ "type": "Feature", "properties": { "name": "GAS SALE", "lat": 40.7147423, "lon": -73.8596257, "brand": "", "operator": "", "source": "osm", "type": "GAS_STATION", "external": false }, "geometry": { "type": "Point", "coordinates": [ -73.8596257, 40.7147423 ] } },
{ "type": "Feature", "properties": { "name": "Gulf", "lat": 40.7424944, "lon": -73.8699637, "brand": "Gulf", "operator": "", "source": "osm", "type": "GAS_STATION", "external": false }, "geometry": { "type": "Point", "coordinates": [ -73.8699637, 40.7424944 ] } },
{ "type": "Feature", "properties": { "name": "BP", "lat": 40.6315051, "lon": -74.0026167, "brand": "", "operator": "", "source": "osm", "type": "GAS_STATION", "external": false }, "geometry": { "type": "Point", "coordinates": [ -74.0026167, 40.6315051 ] } },
{ "type": "Feature", "properties": { "name": "Conoco", "lat": 40.753593, "lon": -73.9131896, "brand": "Conoco", "operator": "", "source": "osm", "type": "GAS_STATION", "external": false }, "geometry": { "type": "Point", "coordinates": [ -73.9131896, 40.753593 ] } },
{ "type": "Feature", "properties": { "name": "Mobil", "lat": 40.5827938, "lon": -73.9597642, "brand": "Mobil", "operator": "", "source": "osm", "type": "GAS_STATION", "external": false }, "geometry": { "type": "Point", "coordinates": [ -73.9597642, 40.5827938 ] } },
{ "type": "Feature", "properties": { "name": "Mobil", "lat": 40.7581234, "lon": -73.7935781, "brand": "Mobil", "operator": "", "source": "osm", "type": "GAS_STATION", "external": false }, "geometry": { "type": "Point", "coordinates": [ -73.7935781, 40.7581234 ] } },
{ "type": "Feature", "properties": { "name": "Exxon Mobile", "lat": 40.6666264, "lon": -73.752767, "brand": "", "operator": "", "source": "osm", "type": "GAS_STATION", "external": false }, "geometry": { "type": "Point", "coordinates": [ -73.752767, 40.6666264 ] } },
{ "type": "Feature", "properties": { "name": "Shell", "lat": 40.7573815, "lon": -73.9395389, "brand": "Shell", "operator": "", "source": "osm", "type": "GAS_STATION", "external": false }, "geometry": { "type": "Point", "coordinates": [ -73.9395389, 40.7573815 ] } },
{ "type": "Feature", "properties": { "name": "Corocan", "lat": 40.6651936, "lon": -73.732574, "brand": "", "operator": "", "source": "osm", "type": "GAS_STATION", "external": false }, "geometry": { "type": "Point", "coordinates": [ -73.732574, 40.6651936 ] } },
{ "type": "Feature", "properties": { "name": "Amoco", "lat": 40.6943199, "lon": -73.8284975, "brand": "Amoco", "operator": "", "source": "osm", "type": "GAS_STATION", "external": false }, "geometry": { "type": "Point", "coordinates": [ -73.8284975, 40.6943199 ] } },
{ "type": "Feature", "properties": { "name": "Lukoil", "lat": 40.824758, "lon": -74.0085586, "brand": "", "operator": "", "source": "osm", "type": "GAS_STATION", "external": false }, "geometry": { "type": "Point", "coordinates": [ -74.0085586, 40.824758 ] } },
{ "type": "Feature", "properties": { "name": "Sunoco", "lat": 40.676622, "lon": -73.9215301, "brand": "", "operator": "", "source": "osm", "type": "GAS_STATION", "external": false }, "geometry": { "type": "Point", "coordinates": [ -73.9215301, 40.676622 ] } },
{ "type": "Feature", "properties": { "name": "Gulf", "lat": 40.7173495, "lon": -73.8175823, "brand": "Gulf", "operator": "", "source": "osm", "type": "GAS_STATION", "external": false }, "geometry": { "type": "Point", "coordinates": [ -73.8175823, 40.7173495 ] } },
{ "type": "Feature", "properties": { "name": "Shell", "lat": 40.8584226, "lon": -73.8854965, "brand": "Shell", "operator": "", "source": "osm", "type": "GAS_STATION", "external": false }, "geometry": { "type": "Point", "coordinates": [ -73.8854965, 40.8584226 ] } },
{ "type": "Feature", "properties": { "name": "Exxon", "lat": 40.6825594, "lon": -73.8513675, "brand": "Exxon", "operator": "", "source": "osm", "type": "GAS_STATION", "external": false }, "geometry": { "type": "Point", "coordinates": [ -73.8513675, 40.6825594 ] } },
{ "type": "Feature", "properties": { "name": "Speedway", "lat": 40.6743321, "lon": -73.8428439, "brand": "Speedway", "operator": "", "source": "osm", "type": "GAS_STATION", "external": false }, "geometry": { "type": "Point", "coordinates": [ -73.8428439, 40.6743321 ] } },
{ "type": "Feature", "properties": { "name": "Unknown Gas Station", "lat": 40.6918095, "lon": -73.8349416, "brand": "", "operator": "", "source": "osm", "type": "GAS_STATION", "external": false }, "geometry": { "type": "Point", "coordinates": [ -73.8349416, 40.6918095 ] } },
{ "type": "Feature", "properties": { "name": "Gulf", "lat": 40.8399279, "lon": -73.871271, "brand": "Gulf", "operator": "", "source": "osm", "type": "GAS_STATION", "external": false }, "geometry": { "type": "Point", "coordinates": [ -73.871271, 40.8399279 ] } },
{ "type": "Feature", "properties": { "name": "Unknown Gas Station", "lat": 40.8448727, "lon": -73.8462278, "brand": "", "operator": "", "source": "osm", "type": "GAS_STATION", "external": false }, "geometry": { "type": "Point", "coordinates": [ -73.8462278, 40.8448727 ] } },
{ "type": "Feature", "properties": { "name": "Unknown Gas Station", "lat": 40.8396138, "lon": -73.8741067, "brand": "", "operator": "", "source": "osm", "type": "GAS_STATION", "external": false }, "geometry": { "type": "Point", "coordinates": [ -73.8741067, 40.8396138 ] } },
{ "type": "Feature", "properties": { "name": "Unknown Gas Station", "lat": 40.8365765, "lon": -73.8706754, "brand": "", "operator": "", "source": "osm", "type": "GAS_STATION", "external": false }, "geometry": { "type": "Point", "coordinates": [ -73.8706754, 40.8365765 ] } },
{ "type": "Feature", "properties": { "name": "BP", "lat": 40.8193438, "lon": -73.9293959, "brand": "BP", "operator": "", "source": "osm", "type": "GAS_STATION", "external": false }, "geometry": { "type": "Point", "coordinates": [ -73.9293959, 40.8193438 ] } },
{ "type": "Feature", "properties": { "name": "American Quick Start Auto Center", "lat": 40.6805201, "lon": -74.0088448, "brand": "", "operator": "", "source": "osm", "type": "GAS_STATION", "external": false }, "geometry": { "type": "Point", "coordinates": [ -74.0088448, 40.6805201 ] } },
{ "type": "Feature", "properties": { "name": "Unknown Gas Station", "lat": 40.6547907, "lon": -74.1244789, "brand": "", "operator": "", "source": "osm", "type": "GAS_STATION", "external": false }, "geometry": { "type": "Point", "coordinates": [ -74.1244789, 40.6547907 ] } },
{ "type": "Feature", "properties": { "name": "Unknown Gas Station", "lat": 40.6647277, "lon": -74.1244783, "brand": "", "operator": "", "source": "osm", "type": "GAS_STATION", "external": false }, "geometry": { "type": "Point", "coordinates": [ -74.1244783, 40.6647277 ] } },
{ "type": "Feature", "properties": { "name": "BP", "lat": 40.6576901, "lon": -74.1182684, "brand": "BP", "operator": "", "source": "osm", "type": "GAS_STATION", "external": false }, "geometry": { "type": "Point", "coordinates": [ -74.1182684, 40.6576901 ] } },
{ "type": "Feature", "properties": { "name": "Unknown Gas Station", "lat": 40.6852247, "lon": -74.1095303, "brand": "", "operator": "", "source": "osm", "type": "GAS_STATION", "external": false }, "geometry": { "type": "Point", "coordinates": [ -74.1095303, 40.6852247 ] } },
{ "type": "Feature", "properties": { "name": "LukeOil", "lat": 40.8229313, "lon": -74.1559153, "brand": "LukeOil", "operator": "", "source": "osm", "type": "GAS_STATION", "external": false }, "geometry": { "type": "Point", "coordinates": [ -74.1559153, 40.8229313 ] } },
{ "type": "Feature", "properties": { "name": "Unknown Gas Station", "lat": 40.7038854, "lon": -74.0904984, "brand": "", "operator": "", "source": "osm", "type": "GAS_STATION", "external": false }, "geometry": { "type": "Point", "coordinates": [ -74.0904984, 40.7038854 ] } },
{ "type": "Feature", "properties": { "name": "Unknown Gas Station", "lat": 40.6805536, "lon": -74.1040023, "brand": "", "operator": "", "source": "osm", "type": "GAS_STATION", "external": false }, "geometry": { "type": "Point", "coordinates": [ -74.1040023, 40.6805536 ] } },
{ "type": "Feature", "properties": { "name": "BP", "lat": 40.6652248, "lon": -73.7259671, "brand": "BP", "operator": "", "source": "osm", "type": "GAS_STATION", "external": false }, "geometry": { "type": "Point", "coordinates": [ -73.7259671, 40.6652248 ] } },
{ "type": "Feature", "properties": { "name": "Unknown Gas Station", "lat": 40.8213802, "lon": -73.9211401, "brand": "", "operator": "", "source": "osm", "type": "GAS_STATION", "external": false }, "geometry": { "type": "Point", "coordinates": [ -73.9211401, 40.8213802 ] } },
{ "type": "Feature", "properties": { "name": "Unknown Gas Station", "lat": 40.6621893, "lon": -73.7104116, "brand": "", "operator": "", "source": "osm", "type": "GAS_STATION", "external": false }, "geometry": { "type": "Point", "coordinates": [ -73.7104116, 40.6621893 ] } },
{ "type": "Feature", "properties": { "name": "Unknown Gas Station", "lat": 40.817603, "lon": -73.9565369, "brand": "", "operator": "", "source": "osm", "type": "GAS_STATION", "external": false }, "geometry": { "type": "Point", "coordinates": [ -73.9565369, 40.817603 ] } },
{ "type": "Feature", "properties": { "name": "Conoco", "lat": 40.7035694, "lon": -73.8217329, "brand": "Conoco", "operator": "", "source": "osm", "type": "GAS_STATION", "external": false }, "geometry": { "type": "Point", "coordinates": [ -73.8217329, 40.7035694 ] } },
{ "type": "Feature", "properties": { "name": "Mobil", "lat": 40.80028, "lon": -73.994485, "brand": "Mobil", "operator": "", "source": "osm", "type": "GAS_STATION", "external": false }, "geometry": { "type": "Point", "coordinates": [ -73.994485, 40.80028 ] } },
{ "type": "Feature", "properties": { "name": "Unknown Gas Station", "lat": 40.7064858, "lon": -73.8171982, "brand": "", "operator": "", "source": "osm", "type": "GAS_STATION", "external": false }, "geometry": { "type": "Point", "coordinates": [ -73.8171982, 40.7064858 ] } },
{ "type": "Feature", "properties": { "name": "Mobil", "lat": 40.8326546, "lon": -73.8282899, "brand": "Mobil", "operator": "", "source": "osm", "type": "GAS_STATION", "external": false }, "geometry": { "type": "Point", "coordinates": [ -73.8282899, 40.8326546 ] } },
{ "type": "Feature", "properties": { "name": "Shell", "lat": 40.867978, "lon": -73.8334093, "brand": "Shell", "operator": "", "source": "osm", "type": "GAS_STATION", "external": false }, "geometry": { "type": "Point", "coordinates": [ -73.8334093, 40.867978 ] } },
{ "type": "Feature", "properties": { "name": "Mobil", "lat": 40.7376994, "lon": -73.8524719, "brand": "Mobil", "operator": "", "source": "osm", "type": "GAS_STATION", "external": false }, "geometry": { "type": "Point", "coordinates": [ -73.8524719, 40.7376994 ] } },
{ "type": "Feature", "properties": { "name": "Gas & Diesel Sale", "lat": 40.7468419, "lon": -73.8565259, "brand": "", "operator": "", "source": "osm", "type": "GAS_STATION", "external": false }, "geometry": { "type": "Point", "coordinates": [ -73.8565259, 40.7468419 ] } },
{ "type": "Feature", "properties": { "name": "Atlantic", "lat": 40.7562773, "lon": -73.9399521, "brand": "", "operator": "", "source": "osm", "type": "GAS_STATION", "external": false }, "geometry": { "type": "Point", "coordinates": [ -73.9399521, 40.7562773 ] } },
{ "type": "Feature", "properties": { "name": "BP", "lat": 40.7043745, "lon": -73.8160017, "brand": "BP", "operator": "", "source": "osm", "type": "GAS_STATION", "external": false }, "geometry": { "type": "Point", "coordinates": [ -73.8160017, 40.7043745 ] } },
{ "type": "Feature", "properties": { "name": "Unknown Gas Station", "lat": 40.6907021, "lon": -73.8407259, "brand": "", "operator": "", "source": "osm", "type": "GAS_STATION", "external": false }, "geometry": { "type": "Point", "coordinates": [ -73.8407259, 40.6907021 ] } },
{ "type": "Feature", "properties": { "name": "Gulf", "lat": 40.7097208, "lon": -73.7744778, "brand": "", "operator": "", "source": "osm", "type": "GAS_STATION", "external": false }, "geometry": { "type": "Point", "coordinates": [ -73.7744778, 40.7097208 ] } },
{ "type": "Feature", "properties": { "name": "49 Quality 24h", "lat": 40.6729247, "lon": -73.7885844, "brand": "49 Mini Mart", "operator": "", "source": "osm", "type": "GAS_STATION", "external": false }, "geometry": { "type": "Point", "coordinates": [ -73.7885844, 40.6729247 ] } },
{ "type": "Feature", "properties": { "name": "Unknown Gas Station", "lat": 40.726429, "lon": -73.821371, "brand": "", "operator": "", "source": "osm", "type": "GAS_STATION", "external": false }, "geometry": { "type": "Point", "coordinates": [ -73.821371, 40.726429 ] } },
{ "type": "Feature", "properties": { "name": "Unknown Gas Station", "lat": 40.6762176, "lon": -73.8679546, "brand": "", "operator": "", "source": "osm", "type": "GAS_STATION", "external": false }, "geometry": { "type": "Point", "coordinates": [ -73.8679546, 40.6762176 ] } },
{ "type": "Feature", "properties": { "name": "Unknown Gas Station", "lat": 40.8421222, "lon": -73.9228797, "brand": "", "operator": "", "source": "osm", "type": "GAS_STATION", "external": false }, "geometry": { "type": "Point", "coordinates": [ -73.9228797, 40.8421222 ] } },
{ "type": "Feature", "properties": { "name": "BP", "lat": 40.7452277, "lon": -73.8677388, "brand": "", "operator": "", "source": "osm", "type": "GAS_STATION", "external": false }, "geometry": { "type": "Point", "coordinates": [ -73.8677388, 40.7452277 ] } },
{ "type": "Feature", "properties": { "name": "Unknown Gas Station", "lat": 40.7966356, "lon": -73.8864543, "brand": "", "operator": "", "source": "osm", "type": "GAS_STATION", "external": false }, "geometry": { "type": "Point", "coordinates": [ -73.8864543, 40.7966356 ] } },
{ "type": "Feature", "properties": { "name": "BP", "lat": 40.6675818, "lon": -73.766358, "brand": "BP", "operator": "", "source": "osm", "type": "GAS_STATION", "external": false }, "geometry": { "type": "Point", "coordinates": [ -73.766358, 40.6675818 ] } },
{ "type": "Feature", "properties": { "name": "Conoco", "lat": 40.6731895, "lon": -73.7642775, "brand": "", "operator": "", "source": "osm", "type": "GAS_STATION", "external": false }, "geometry": { "type": "Point", "coordinates": [ -73.7642775, 40.6731895 ] } },
{ "type": "Feature", "properties": { "name": "Costco Gasoline", "lat": 40.5715275, "lon": -74.1694134, "brand": "Costco", "operator": "", "source": "osm", "type": "GAS_STATION", "external": false }, "geometry": { "type": "Point", "coordinates": [ -74.1694134, 40.5715275 ] } },
{ "type": "Feature", "properties": { "name": "Allegiance", "lat": 40.672921, "lon": -73.8716418, "brand": "", "operator": "", "source": "osm", "type": "GAS_STATION", "external": false }, "geometry": { "type": "Point", "coordinates": [ -73.8716418, 40.672921 ] } },
{ "type": "Feature", "properties": { "name": "Unknown Gas Station", "lat": 40.9013176, "lon": -73.999578, "brand": "", "operator": "", "source": "osm", "type": "GAS_STATION", "external": false }, "geometry": { "type": "Point", "coordinates": [ -73.999578, 40.9013176 ] } },
{ "type": "Feature", "properties": { "name": "Shell", "lat": 40.7752783, "lon": -74.2371644, "brand": "Shell", "operator": "", "source": "osm", "type": "GAS_STATION", "external": false }, "geometry": { "type": "Point", "coordinates": [ -74.2371644, 40.7752783 ] } },
{ "type": "Feature", "properties": { "name": "Exxon", "lat": 40.6611321, "lon": -74.1169584, "brand": "Exxon", "operator": "", "source": "osm", "type": "GAS_STATION", "external": false }, "geometry": { "type": "Point", "coordinates": [ -74.1169584, 40.6611321 ] } },
{ "type": "Feature", "properties": { "name": "Fuel 1", "lat": 40.6615057, "lon": -74.2671844, "brand": "", "operator": "", "source": "osm", "type": "GAS_STATION", "external": false }, "geometry": { "type": "Point", "coordinates": [ -74.2671844, 40.6615057 ] } },
{ "type": "Feature", "properties": { "name": "Gulf", "lat": 40.8455979, "lon": -74.1627643, "brand": "Gulf", "operator": "", "source": "osm", "type": "GAS_STATION", "external": false }, "geometry": { "type": "Point", "coordinates": [ -74.1627643, 40.8455979 ] } },
{ "type": "Feature", "properties": { "name": "Delta", "lat": 40.8094323, "lon": -74.0015971, "brand": "Delta", "operator": "", "source": "osm", "type": "GAS_STATION", "external": false }, "geometry": { "type": "Point", "coordinates": [ -74.0015971, 40.8094323 ] } },
{ "type": "Feature", "properties": { "name": "Sunoco", "lat": 40.5830478, "lon": -73.8349323, "brand": "Sunoco", "operator": "", "source": "osm", "type": "GAS_STATION", "external": false }, "geometry": { "type": "Point", "coordinates": [ -73.8349323, 40.5830478 ] } },
{ "type": "Feature", "properties": { "name": "Amoco", "lat": 40.7733939, "lon": -73.7334953, "brand": "Amoco", "operator": "", "source": "osm", "type": "GAS_STATION", "external": false }, "geometry": { "type": "Point", "coordinates": [ -73.7334953, 40.7733939 ] } },
{ "type": "Feature", "properties": { "name": "Bp", "lat": 40.6102778, "lon": -74.0068821, "brand": "BP", "operator": "", "source": "osm", "type": "GAS_STATION", "external": false }, "geometry": { "type": "Point", "coordinates": [ -74.0068821, 40.6102778 ] } },
{ "type": "Feature", "properties": { "name": "BP", "lat": 40.6322854, "lon": -74.0124487, "brand": "BP", "operator": "", "source": "osm", "type": "GAS_STATION", "external": false }, "geometry": { "type": "Point", "coordinates": [ -74.0124487, 40.6322854 ] } },
{ "type": "Feature", "properties": { "name": "BP", "lat": 40.726098, "lon": -73.8978342, "brand": "", "operator": "", "source": "osm", "type": "GAS_STATION", "external": false }, "geometry": { "type": "Point", "coordinates": [ -73.8978342, 40.726098 ] } },
{ "type": "Feature", "properties": { "name": "Shell", "lat": 40.8076579, "lon": -74.210048, "brand": "Shell", "operator": "", "source": "osm", "type": "GAS_STATION", "external": false }, "geometry": { "type": "Point", "coordinates": [ -74.210048, 40.8076579 ] } },
{ "type": "Feature", "properties": { "name": "Natural Gas Fueling Station", "lat": 40.6464279, "lon": -73.7982628, "brand": "", "operator": "", "source": "osm", "type": "GAS_STATION", "external": false }, "geometry": { "type": "Point", "coordinates": [ -73.7982628, 40.6464279 ] } },
{ "type": "Feature", "properties": { "name": "Mobil", "lat": 40.6324832, "lon": -74.1371986, "brand": "Mobil", "operator": "", "source": "osm", "type": "GAS_STATION", "external": false }, "geometry": { "type": "Point", "coordinates": [ -74.1371986, 40.6324832 ] } },
{ "type": "Feature", "properties": { "name": "Speedway", "lat": 40.6266815, "lon": -74.1601173, "brand": "Speedway", "operator": "", "source": "osm", "type": "GAS_STATION", "external": false }, "geometry": { "type": "Point", "coordinates": [ -74.1601173, 40.6266815 ] } },
{ "type": "Feature", "properties": { "name": "Exxon", "lat": 40.6256832, "lon": -74.1517182, "brand": "Exxon", "operator": "", "source": "osm", "type": "GAS_STATION", "external": false }, "geometry": { "type": "Point", "coordinates": [ -74.1517182, 40.6256832 ] } },
{ "type": "Feature", "properties": { "name": "Citgo", "lat": 40.6249422, "lon": -74.1491654, "brand": "Citgo", "operator": "", "source": "osm", "type": "GAS_STATION", "external": false }, "geometry": { "type": "Point", "coordinates": [ -74.1491654, 40.6249422 ] } },
{ "type": "Feature", "properties": { "name": "Citgo", "lat": 40.562473, "lon": -74.157088, "brand": "Citgo", "operator": "", "source": "osm", "type": "GAS_STATION", "external": false }, "geometry": { "type": "Point", "coordinates": [ -74.157088, 40.562473 ] } },
{ "type": "Feature", "properties": { "name": "Unknown Gas Station", "lat": 40.8320699, "lon": -73.9099961, "brand": "", "operator": "", "source": "osm", "type": "GAS_STATION", "external": false }, "geometry": { "type": "Point", "coordinates": [ -73.9099961, 40.8320699 ] } },
{ "type": "Feature", "properties": { "name": "BP", "lat": 40.8223746, "lon": -73.8854836, "brand": "BP", "operator": "", "source": "osm", "type": "GAS_STATION", "external": false }, "geometry": { "type": "Point", "coordinates": [ -73.8854836, 40.8223746 ] } },
{ "type": "Feature", "properties": { "name": "Unknown Gas Station", "lat": 40.6447795, "lon": -73.910723, "brand": "", "operator": "", "source": "osm", "type": "GAS_STATION", "external": false }, "geometry": { "type": "Point", "coordinates": [ -73.910723, 40.6447795 ] } },
{ "type": "Feature", "properties": { "name": "Shell", "lat": 40.5280392, "lon": -74.2395245, "brand": "Shell", "operator": "", "source": "osm", "type": "GAS_STATION", "external": false }, "geometry": { "type": "Point", "coordinates": [ -74.2395245, 40.5280392 ] } },
{ "type": "Feature", "properties": { "name": "Plato Service Station", "lat": 40.7309628, "lon": -73.8858738, "brand": "", "operator": "", "source": "osm", "type": "GAS_STATION", "external": false }, "geometry": { "type": "Point", "coordinates": [ -73.8858738, 40.7309628 ] } },
{ "type": "Feature", "properties": { "name": "Gulf", "lat": 40.7471872, "lon": -73.9253059, "brand": "", "operator": "", "source": "osm", "type": "GAS_STATION", "external": false }, "geometry": { "type": "Point", "coordinates": [ -73.9253059, 40.7471872 ] } },
{ "type": "Feature", "properties": { "name": "BP", "lat": 40.596286, "lon": -73.9848614, "brand": "BP", "operator": "", "source": "osm", "type": "GAS_STATION", "external": false }, "geometry": { "type": "Point", "coordinates": [ -73.9848614, 40.596286 ] } },
{ "type": "Feature", "properties": { "name": "Unknown Gas Station", "lat": 40.7485272, "lon": -74.1444978, "brand": "", "operator": "", "source": "osm", "type": "GAS_STATION", "external": false }, "geometry": { "type": "Point", "coordinates": [ -74.1444978, 40.7485272 ] } },
{ "type": "Feature", "properties": { "name": "Enrite", "lat": 40.7471231, "lon": -74.1504439, "brand": "", "operator": "", "source": "osm", "type": "GAS_STATION", "external": false }, "geometry": { "type": "Point", "coordinates": [ -74.1504439, 40.7471231 ] } },
{ "type": "Feature", "properties": { "name": "Unknown Gas Station", "lat": 40.6443939, "lon": -73.9109045, "brand": "", "operator": "", "source": "osm", "type": "GAS_STATION", "external": false }, "geometry": { "type": "Point", "coordinates": [ -73.9109045, 40.6443939 ] } },
{ "type": "Feature", "properties": { "name": "Unknown Gas Station", "lat": 40.6985588, "lon": -73.8884323, "brand": "", "operator": "", "source": "osm", "type": "GAS_STATION", "external": false }, "geometry": { "type": "Point", "coordinates": [ -73.8884323, 40.6985588 ] } },
{ "type": "Feature", "properties": { "name": "Sunoco", "lat": 40.8309356, "lon": -73.8510446, "brand": "Sunoco", "operator": "", "source": "osm", "type": "GAS_STATION", "external": false }, "geometry": { "type": "Point", "coordinates": [ -73.8510446, 40.8309356 ] } },
{ "type": "Feature", "properties": { "name": "Shell", "lat": 40.7127512, "lon": -73.905209, "brand": "Shell", "operator": "", "source": "osm", "type": "GAS_STATION", "external": false }, "geometry": { "type": "Point", "coordinates": [ -73.905209, 40.7127512 ] } },
{ "type": "Feature", "properties": { "name": "Shell", "lat": 40.8107041, "lon": -73.9542056, "brand": "Shell", "operator": "", "source": "osm", "type": "GAS_STATION", "external": false }, "geometry": { "type": "Point", "coordinates": [ -73.9542056, 40.8107041 ] } },
{ "type": "Feature", "properties": { "name": "Mobil", "lat": 40.7389906, "lon": -74.003482, "brand": "Mobil", "operator": "", "source": "osm", "type": "GAS_STATION", "external": false }, "geometry": { "type": "Point", "coordinates": [ -74.003482, 40.7389906 ] } },
{ "type": "Feature", "properties": { "name": "Sunoco", "lat": 40.9074702, "lon": -73.9036936, "brand": "Sunoco", "operator": "", "source": "osm", "type": "GAS_STATION", "external": false }, "geometry": { "type": "Point", "coordinates": [ -73.9036936, 40.9074702 ] } },
{ "type": "Feature", "properties": { "name": "Mobil", "lat": 40.730271, "lon": -73.8617165, "brand": "Mobil", "operator": "", "source": "osm", "type": "GAS_STATION", "external": false }, "geometry": { "type": "Point", "coordinates": [ -73.8617165, 40.730271 ] } },
{ "type": "Feature", "properties": { "name": "Mobil", "lat": 40.8329495, "lon": -73.9453543, "brand": "Mobil", "operator": "", "source": "osm", "type": "GAS_STATION", "external": false }, "geometry": { "type": "Point", "coordinates": [ -73.9453543, 40.8329495 ] } },
{ "type": "Feature", "properties": { "name": "Gulf", "lat": 40.7697339, "lon": -73.9181637, "brand": "Gulf", "operator": "BP", "source": "osm", "type": "GAS_STATION", "external": false }, "geometry": { "type": "Point", "coordinates": [ -73.9181637, 40.7697339 ] } },
{ "type": "Feature", "properties": { "name": "BP Gas Station", "lat": 40.7701225, "lon": -73.9189458, "brand": "BP", "operator": "BP", "source": "osm", "type": "GAS_STATION", "external": false }, "geometry": { "type": "Point", "coordinates": [ -73.9189458, 40.7701225 ] } },
{ "type": "Feature", "properties": { "name": "Shell", "lat": 40.5593077, "lon": -74.1975654, "brand": "Shell", "operator": "", "source": "osm", "type": "GAS_STATION", "external": false }, "geometry": { "type": "Point", "coordinates": [ -74.1975654, 40.5593077 ] } },
{ "type": "Feature", "properties": { "name": "BP", "lat": 40.7418197, "lon": -73.9040221, "brand": "BP", "operator": "", "source": "osm", "type": "GAS_STATION", "external": false }, "geometry": { "type": "Point", "coordinates": [ -73.9040221, 40.7418197 ] } },
{ "type": "Feature", "properties": { "name": "Getty", "lat": 40.6433756, "lon": -73.9007643, "brand": "Getty", "operator": "", "source": "osm", "type": "GAS_STATION", "external": false }, "geometry": { "type": "Point", "coordinates": [ -73.9007643, 40.6433756 ] } },
{ "type": "Feature", "properties": { "name": "BP", "lat": 40.648193, "lon": -73.905437, "brand": "BP", "operator": "", "source": "osm", "type": "GAS_STATION", "external": false }, "geometry": { "type": "Point", "coordinates": [ -73.905437, 40.648193 ] } },
{ "type": "Feature", "properties": { "name": "Hess", "lat": 40.6940371, "lon": -73.8969343, "brand": "Hess", "operator": "", "source": "osm", "type": "GAS_STATION", "external": false }, "geometry": { "type": "Point", "coordinates": [ -73.8969343, 40.6940371 ] } },
{ "type": "Feature", "properties": { "name": "Unknown Gas Station", "lat": 40.8675015, "lon": -74.1026495, "brand": "", "operator": "", "source": "osm", "type": "GAS_STATION", "external": false }, "geometry": { "type": "Point", "coordinates": [ -74.1026495, 40.8675015 ] } },
{ "type": "Feature", "properties": { "name": "Mobil", "lat": 40.607436, "lon": -74.1627754, "brand": "Mobil", "operator": "", "source": "osm", "type": "GAS_STATION", "external": false }, "geometry": { "type": "Point", "coordinates": [ -74.1627754, 40.607436 ] } },
{ "type": "Feature", "properties": { "name": "Shell", "lat": 40.8818489, "lon": -73.9866344, "brand": "Shell", "operator": "", "source": "osm", "type": "GAS_STATION", "external": false }, "geometry": { "type": "Point", "coordinates": [ -73.9866344, 40.8818489 ] } },
{ "type": "Feature", "properties": { "name": "Exxon", "lat": 40.8835621, "lon": -73.9880824, "brand": "Exxon", "operator": "", "source": "osm", "type": "GAS_STATION", "external": false }, "geometry": { "type": "Point", "coordinates": [ -73.9880824, 40.8835621 ] } },
{ "type": "Feature", "properties": { "name": "Unknown Gas Station", "lat": 40.9124442, "lon": -74.042444, "brand": "", "operator": "", "source": "osm", "type": "GAS_STATION", "external": false }, "geometry": { "type": "Point", "coordinates": [ -74.042444, 40.9124442 ] } },
{ "type": "Feature", "properties": { "name": "BP", "lat": 40.9151733, "lon": -74.0500101, "brand": "BP", "operator": "", "source": "osm", "type": "GAS_STATION", "external": false }, "geometry": { "type": "Point", "coordinates": [ -74.0500101, 40.9151733 ] } },
{ "type": "Feature", "properties": { "name": "Star", "lat": 40.7052857, "lon": -74.0983144, "brand": "Star", "operator": "", "source": "osm", "type": "GAS_STATION", "external": false }, "geometry": { "type": "Point", "coordinates": [ -74.0983144, 40.7052857 ] } },
{ "type": "Feature", "properties": { "name": "BP", "lat": 40.7211626, "lon": -74.081374, "brand": "BP", "operator": "", "source": "osm", "type": "GAS_STATION", "external": false }, "geometry": { "type": "Point", "coordinates": [ -74.081374, 40.7211626 ] } },
{ "type": "Feature", "properties": { "name": "Unknown Gas Station", "lat": 40.8240833, "lon": -73.9141809, "brand": "", "operator": "", "source": "osm", "type": "GAS_STATION", "external": false }, "geometry": { "type": "Point", "coordinates": [ -73.9141809, 40.8240833 ] } },
{ "type": "Feature", "properties": { "name": "Mobil", "lat": 40.7552197, "lon": -73.8905426, "brand": "Mobil", "operator": "", "source": "osm", "type": "GAS_STATION", "external": false }, "geometry": { "type": "Point", "coordinates": [ -73.8905426, 40.7552197 ] } },
{ "type": "Feature", "properties": { "name": "BP", "lat": 40.7551154, "lon": -73.8913205, "brand": "BP", "operator": "", "source": "osm", "type": "GAS_STATION", "external": false }, "geometry": { "type": "Point", "coordinates": [ -73.8913205, 40.7551154 ] } },
{ "type": "Feature", "properties": { "name": "Sunoco", "lat": 40.7321817, "lon": -74.0440753, "brand": "Sunoco", "operator": "", "source": "osm", "type": "GAS_STATION", "external": false }, "geometry": { "type": "Point", "coordinates": [ -74.0440753, 40.7321817 ] } },
{ "type": "Feature", "properties": { "name": "BP", "lat": 40.7321007, "lon": -74.0430912, "brand": "BP", "operator": "", "source": "osm", "type": "GAS_STATION", "external": false }, "geometry": { "type": "Point", "coordinates": [ -74.0430912, 40.7321007 ] } },
{ "type": "Feature", "properties": { "name": "Citgo", "lat": 40.7597839, "lon": -73.9371983, "brand": "Citgo", "operator": "", "source": "osm", "type": "GAS_STATION", "external": false }, "geometry": { "type": "Point", "coordinates": [ -73.9371983, 40.7597839 ] } },
{ "type": "Feature", "properties": { "name": "Exxon", "lat": 40.7301249, "lon": -74.0442258, "brand": "Exxon", "operator": "", "source": "osm", "type": "GAS_STATION", "external": false }, "geometry": { "type": "Point", "coordinates": [ -74.0442258, 40.7301249 ] } },
{ "type": "Feature", "properties": { "name": "Pride Gas", "lat": 40.6911088, "lon": -73.8677304, "brand": "", "operator": "", "source": "osm", "type": "GAS_STATION", "external": false }, "geometry": { "type": "Point", "coordinates": [ -73.8677304, 40.6911088 ] } },
{ "type": "Feature", "properties": { "name": "Exxon", "lat": 40.8662991, "lon": -73.9736381, "brand": "Exxon", "operator": "", "source": "osm", "type": "GAS_STATION", "external": false }, "geometry": { "type": "Point", "coordinates": [ -73.9736381, 40.8662991 ] } },
{ "type": "Feature", "properties": { "name": "Shell", "lat": 40.7694796, "lon": -73.8862779, "brand": "Shell", "operator": "", "source": "osm", "type": "GAS_STATION", "external": false }, "geometry": { "type": "Point", "coordinates": [ -73.8862779, 40.7694796 ] } },
{ "type": "Feature", "properties": { "name": "Mobil", "lat": 40.8650442, "lon": -73.9553331, "brand": "Mobil", "operator": "", "source": "osm", "type": "GAS_STATION", "external": false }, "geometry": { "type": "Point", "coordinates": [ -73.9553331, 40.8650442 ] } },
{ "type": "Feature", "properties": { "name": "Mobil", "lat": 40.8855983, "lon": -73.9001044, "brand": "Mobil", "operator": "", "source": "osm", "type": "GAS_STATION", "external": false }, "geometry": { "type": "Point", "coordinates": [ -73.9001044, 40.8855983 ] } },
{ "type": "Feature", "properties": { "name": "Unknown Gas Station", "lat": 40.7022221, "lon": -73.8797545, "brand": "", "operator": "", "source": "osm", "type": "GAS_STATION", "external": false }, "geometry": { "type": "Point", "coordinates": [ -73.8797545, 40.7022221 ] } },
{ "type": "Feature", "properties": { "name": "BP", "lat": 40.7393645, "lon": -73.8147562, "brand": "BP", "operator": "", "source": "osm", "type": "GAS_STATION", "external": false }, "geometry": { "type": "Point", "coordinates": [ -73.8147562, 40.7393645 ] } },
{ "type": "Feature", "properties": { "name": "Unknown Gas Station", "lat": 40.828581, "lon": -74.186302, "brand": "", "operator": "", "source": "osm", "type": "GAS_STATION", "external": false }, "geometry": { "type": "Point", "coordinates": [ -74.186302, 40.828581 ] } },
{ "type": "Feature", "properties": { "name": "Unknown Gas Station", "lat": 40.7044608, "lon": -73.8766248, "brand": "", "operator": "", "source": "osm", "type": "GAS_STATION", "external": false }, "geometry": { "type": "Point", "coordinates": [ -73.8766248, 40.7044608 ] } },
{ "type": "Feature", "properties": { "name": "Exxon", "lat": 40.735199, "lon": -74.0435825, "brand": "Exxon", "operator": "", "source": "osm", "type": "GAS_STATION", "external": false }, "geometry": { "type": "Point", "coordinates": [ -74.0435825, 40.735199 ] } },
{ "type": "Feature", "properties": { "name": "Valero", "lat": 40.7369038, "lon": -74.0379554, "brand": "Valero", "operator": "", "source": "osm", "type": "GAS_STATION", "external": false }, "geometry": { "type": "Point", "coordinates": [ -74.0379554, 40.7369038 ] } },
{ "type": "Feature", "properties": { "name": "Mobil", "lat": 40.6452655, "lon": -74.1084068, "brand": "Mobil", "operator": "", "source": "osm", "type": "GAS_STATION", "external": false }, "geometry": { "type": "Point", "coordinates": [ -74.1084068, 40.6452655 ] } },
{ "type": "Feature", "properties": { "name": "Sunoco", "lat": 40.8358987, "lon": -74.180555, "brand": "Sunoco", "operator": "", "source": "osm", "type": "GAS_STATION", "external": false }, "geometry": { "type": "Point", "coordinates": [ -74.180555, 40.8358987 ] } },
{ "type": "Feature", "properties": { "name": "Unknown Gas Station", "lat": 40.7059646, "lon": -73.8766319, "brand": "", "operator": "", "source": "osm", "type": "GAS_STATION", "external": false }, "geometry": { "type": "Point", "coordinates": [ -73.8766319, 40.7059646 ] } },
{ "type": "Feature", "properties": { "name": "Exxon", "lat": 40.8283587, "lon": -74.0936705, "brand": "Exxon", "operator": "", "source": "osm", "type": "GAS_STATION", "external": false }, "geometry": { "type": "Point", "coordinates": [ -74.0936705, 40.8283587 ] } },
{ "type": "Feature", "properties": { "name": "Citgo", "lat": 40.8669392, "lon": -73.922712, "brand": "Citgo", "operator": "", "source": "osm", "type": "GAS_STATION", "external": false }, "geometry": { "type": "Point", "coordinates": [ -73.922712, 40.8669392 ] } },
{ "type": "Feature", "properties": { "name": "Lukoil", "lat": 40.803535, "lon": -74.1697879, "brand": "", "operator": "", "source": "osm", "type": "GAS_STATION", "external": false }, "geometry": { "type": "Point", "coordinates": [ -74.1697879, 40.803535 ] } },
{ "type": "Feature", "properties": { "name": "Delta", "lat": 40.8027703, "lon": -74.1694861, "brand": "", "operator": "", "source": "osm", "type": "GAS_STATION", "external": false }, "geometry": { "type": "Point", "coordinates": [ -74.1694861, 40.8027703 ] } },
{ "type": "Feature", "properties": { "name": "BP", "lat": 40.6672581, "lon": -73.8098049, "brand": "BP", "operator": "", "source": "osm", "type": "GAS_STATION", "external": false }, "geometry": { "type": "Point", "coordinates": [ -73.8098049, 40.6672581 ] } },
{ "type": "Feature", "properties": { "name": "Sunoco", "lat": 40.9035812, "lon": -73.8673242, "brand": "Sunoco", "operator": "", "source": "osm", "type": "GAS_STATION", "external": false }, "geometry": { "type": "Point", "coordinates": [ -73.8673242, 40.9035812 ] } },
{ "type": "Feature", "properties": { "name": "BP", "lat": 40.510643, "lon": -74.2689856, "brand": "", "operator": "", "source": "osm", "type": "GAS_STATION", "external": false }, "geometry": { "type": "Point", "coordinates": [ -74.2689856, 40.510643 ] } },
{ "type": "Feature", "properties": { "name": "Unknown Gas Station", "lat": 40.71061, "lon": -73.9490607, "brand": "", "operator": "", "source": "osm", "type": "GAS_STATION", "external": false }, "geometry": { "type": "Point", "coordinates": [ -73.9490607, 40.71061 ] } },
{ "type": "Feature", "properties": { "name": "Sunoco", "lat": 40.7694733, "lon": -74.0651028, "brand": "Sunoco", "operator": "", "source": "osm", "type": "GAS_STATION", "external": false }, "geometry": { "type": "Point", "coordinates": [ -74.0651028, 40.7694733 ] } },
{ "type": "Feature", "properties": { "name": "Sunoco", "lat": 40.640268, "lon": -74.0194391, "brand": "Sunoco", "operator": "", "source": "osm", "type": "GAS_STATION", "external": false }, "geometry": { "type": "Point", "coordinates": [ -74.0194391, 40.640268 ] } },
{ "type": "Feature", "properties": { "name": "Gulf", "lat": 40.8549501, "lon": -74.0424653, "brand": "Gulf", "operator": "", "source": "osm", "type": "GAS_STATION", "external": false }, "geometry": { "type": "Point", "coordinates": [ -74.0424653, 40.8549501 ] } },
{ "type": "Feature", "properties": { "name": "Lukoil", "lat": 40.8548253, "lon": -74.0418632, "brand": "Lukoil", "operator": "", "source": "osm", "type": "GAS_STATION", "external": false }, "geometry": { "type": "Point", "coordinates": [ -74.0418632, 40.8548253 ] } },
{ "type": "Feature", "properties": { "name": "Enrite", "lat": 40.8544389, "lon": -74.0418162, "brand": "Enrite", "operator": "", "source": "osm", "type": "GAS_STATION", "external": false }, "geometry": { "type": "Point", "coordinates": [ -74.0418162, 40.8544389 ] } },
{ "type": "Feature", "properties": { "name": "Speedway", "lat": 40.7436752, "lon": -73.9259577, "brand": "Speedway", "operator": "", "source": "osm", "type": "GAS_STATION", "external": false }, "geometry": { "type": "Point", "coordinates": [ -73.9259577, 40.7436752 ] } },
{ "type": "Feature", "properties": { "name": "BP", "lat": 40.763458, "lon": -73.914612, "brand": "BP", "operator": "", "source": "osm", "type": "GAS_STATION", "external": false }, "geometry": { "type": "Point", "coordinates": [ -73.914612, 40.763458 ] } },
{ "type": "Feature", "properties": { "name": "Citgo", "lat": 40.7445379, "lon": -73.9506633, "brand": "Citgo", "operator": "", "source": "osm", "type": "GAS_STATION", "external": false }, "geometry": { "type": "Point", "coordinates": [ -73.9506633, 40.7445379 ] } },
{ "type": "Feature", "properties": { "name": "Sunoco", "lat": 40.8704474, "lon": -73.9148134, "brand": "Sunoco", "operator": "", "source": "osm", "type": "GAS_STATION", "external": false }, "geometry": { "type": "Point", "coordinates": [ -73.9148134, 40.8704474 ] } },
{ "type": "Feature", "properties": { "name": "Sunoco", "lat": 40.9137538, "lon": -73.7763474, "brand": "Sunoco", "operator": "", "source": "osm", "type": "GAS_STATION", "external": false }, "geometry": { "type": "Point", "coordinates": [ -73.7763474, 40.9137538 ] } },
{ "type": "Feature", "properties": { "name": "Delta", "lat": 40.8469834, "lon": -73.9707731, "brand": "Delta", "operator": "Delta", "source": "osm", "type": "GAS_STATION", "external": false }, "geometry": { "type": "Point", "coordinates": [ -73.9707731, 40.8469834 ] } },
{ "type": "Feature", "properties": { "name": "Sunoco", "lat": 40.8556399, "lon": -73.9670419, "brand": "Sunoco", "operator": "Sunoco", "source": "osm", "type": "GAS_STATION", "external": false }, "geometry": { "type": "Point", "coordinates": [ -73.9670419, 40.8556399 ] } },
{ "type": "Feature", "properties": { "name": "Mobil", "lat": 40.7601718, "lon": -73.8977459, "brand": "Mobil", "operator": "", "source": "osm", "type": "GAS_STATION", "external": false }, "geometry": { "type": "Point", "coordinates": [ -73.8977459, 40.7601718 ] } },
{ "type": "Feature", "properties": { "name": "Citgo", "lat": 40.764714, "lon": -73.8839505, "brand": "Citgo", "operator": "", "source": "osm", "type": "GAS_STATION", "external": false }, "geometry": { "type": "Point", "coordinates": [ -73.8839505, 40.764714 ] } },
{ "type": "Feature", "properties": { "name": "BP", "lat": 40.7646845, "lon": -73.8867613, "brand": "BP", "operator": "", "source": "osm", "type": "GAS_STATION", "external": false }, "geometry": { "type": "Point", "coordinates": [ -73.8867613, 40.7646845 ] } },
{ "type": "Feature", "properties": { "name": "Mobil", "lat": 40.7375534, "lon": -73.9305833, "brand": "Exxon", "operator": "", "source": "osm", "type": "GAS_STATION", "external": false }, "geometry": { "type": "Point", "coordinates": [ -73.9305833, 40.7375534 ] } },
{ "type": "Feature", "properties": { "name": "Speedway", "lat": 40.6193357, "lon": -74.0697848, "brand": "Speedway", "operator": "", "source": "osm", "type": "GAS_STATION", "external": false }, "geometry": { "type": "Point", "coordinates": [ -74.0697848, 40.6193357 ] } },
{ "type": "Feature", "properties": { "name": "Delta", "lat": 40.6372496, "lon": -74.2646952, "brand": "Delta", "operator": "", "source": "osm", "type": "GAS_STATION", "external": false }, "geometry": { "type": "Point", "coordinates": [ -74.2646952, 40.6372496 ] } },
{ "type": "Feature", "properties": { "name": "Exxon", "lat": 40.6367484, "lon": -74.2643928, "brand": "Exxon", "operator": "", "source": "osm", "type": "GAS_STATION", "external": false }, "geometry": { "type": "Point", "coordinates": [ -74.2643928, 40.6367484 ] } },
{ "type": "Feature", "properties": { "name": "Speedway", "lat": 40.6358018, "lon": -74.2652958, "brand": "Speedway", "operator": "", "source": "osm", "type": "GAS_STATION", "external": false }, "geometry": { "type": "Point", "coordinates": [ -74.2652958, 40.6358018 ] } },
{ "type": "Feature", "properties": { "name": "Sonamax", "lat": 40.7304343, "lon": -73.948109, "brand": "", "operator": "", "source": "osm", "type": "GAS_STATION", "external": false }, "geometry": { "type": "Point", "coordinates": [ -73.948109, 40.7304343 ] } },
{ "type": "Feature", "properties": { "name": "Lukoil", "lat": 40.7191035, "lon": -74.0776099, "brand": "Lukoil", "operator": "", "source": "osm", "type": "GAS_STATION", "external": false }, "geometry": { "type": "Point", "coordinates": [ -74.0776099, 40.7191035 ] } },
{ "type": "Feature", "properties": { "name": "Conoco", "lat": 40.7700488, "lon": -73.9024168, "brand": "Conoco", "operator": "", "source": "osm", "type": "GAS_STATION", "external": false }, "geometry": { "type": "Point", "coordinates": [ -73.9024168, 40.7700488 ] } },
{ "type": "Feature", "properties": { "name": "Unknown Gas Station", "lat": 40.5918689, "lon": -73.803112, "brand": "", "operator": "", "source": "osm", "type": "GAS_STATION", "external": false }, "geometry": { "type": "Point", "coordinates": [ -73.803112, 40.5918689 ] } },
{ "type": "Feature", "properties": { "name": "BP", "lat": 40.73515, "lon": -73.9745164, "brand": "BP", "operator": "BP", "source": "osm", "type": "GAS_STATION", "external": false }, "geometry": { "type": "Point", "coordinates": [ -73.9745164, 40.73515 ] } },
{ "type": "Feature", "properties": { "name": "Citgo", "lat": 40.6123642, "lon": -74.1303842, "brand": "Citgo", "operator": "", "source": "osm", "type": "GAS_STATION", "external": false }, "geometry": { "type": "Point", "coordinates": [ -74.1303842, 40.6123642 ] } },
{ "type": "Feature", "properties": { "name": "BP", "lat": 40.6841252, "lon": -74.1009736, "brand": "BP", "operator": "", "source": "osm", "type": "GAS_STATION", "external": false }, "geometry": { "type": "Point", "coordinates": [ -74.1009736, 40.6841252 ] } },
{ "type": "Feature", "properties": { "name": "Delta Gas Station", "lat": 40.6845929, "lon": -74.1038386, "brand": "Delta", "operator": "", "source": "osm", "type": "GAS_STATION", "external": false }, "geometry": { "type": "Point", "coordinates": [ -74.1038386, 40.6845929 ] } },
{ "type": "Feature", "properties": { "name": "Shell", "lat": 40.6758704, "lon": -74.1045463, "brand": "Shell", "operator": "", "source": "osm", "type": "GAS_STATION", "external": false }, "geometry": { "type": "Point", "coordinates": [ -74.1045463, 40.6758704 ] } },
{ "type": "Feature", "properties": { "name": "Speedway", "lat": 40.7200922, "lon": -74.0936868, "brand": "Speedway", "operator": "", "source": "osm", "type": "GAS_STATION", "external": false }, "geometry": { "type": "Point", "coordinates": [ -74.0936868, 40.7200922 ] } },
{ "type": "Feature", "properties": { "name": "Sunoco Gas Station", "lat": 40.8334136, "lon": -74.053604, "brand": "Sunoco", "operator": "", "source": "osm", "type": "GAS_STATION", "external": false }, "geometry": { "type": "Point", "coordinates": [ -74.053604, 40.8334136 ] } },
{ "type": "Feature", "properties": { "name": "Citgo", "lat": 40.7598566, "lon": -73.9142692, "brand": "Citgo", "operator": "", "source": "osm", "type": "GAS_STATION", "external": false }, "geometry": { "type": "Point", "coordinates": [ -73.9142692, 40.7598566 ] } },
{ "type": "Feature", "properties": { "name": "Gulf", "lat": 40.8347068, "lon": -73.8487458, "brand": "Gulf", "operator": "", "source": "osm", "type": "GAS_STATION", "external": false }, "geometry": { "type": "Point", "coordinates": [ -73.8487458, 40.8347068 ] } },
{ "type": "Feature", "properties": { "name": "Shea Fuel", "lat": 40.7620952, "lon": -73.8422561, "brand": "", "operator": "", "source": "osm", "type": "GAS_STATION", "external": false }, "geometry": { "type": "Point", "coordinates": [ -73.8422561, 40.7620952 ] } },
{ "type": "Feature", "properties": { "name": "Gulf", "lat": 40.6798909, "lon": -73.7613448, "brand": "Gulf", "operator": "", "source": "osm", "type": "GAS_STATION", "external": false }, "geometry": { "type": "Point", "coordinates": [ -73.7613448, 40.6798909 ] } },
{ "type": "Feature", "properties": { "name": "Gas Go", "lat": 40.6801542, "lon": -73.7618011, "brand": "", "operator": "", "source": "osm", "type": "GAS_STATION", "external": false }, "geometry": { "type": "Point", "coordinates": [ -73.7618011, 40.6801542 ] } },
{ "type": "Feature", "properties": { "name": "Gulf", "lat": 40.6791993, "lon": -73.7491357, "brand": "Gulf", "operator": "", "source": "osm", "type": "GAS_STATION", "external": false }, "geometry": { "type": "Point", "coordinates": [ -73.7491357, 40.6791993 ] } },
{ "type": "Feature", "properties": { "name": "Sunco", "lat": 40.7464408, "lon": -73.8932166, "brand": "", "operator": "", "source": "osm", "type": "GAS_STATION", "external": false }, "geometry": { "type": "Point", "coordinates": [ -73.8932166, 40.7464408 ] } },
{ "type": "Feature", "properties": { "name": "Exxon", "lat": 40.7539725, "lon": -73.8051456, "brand": "Exxon", "operator": "", "source": "osm", "type": "GAS_STATION", "external": false }, "geometry": { "type": "Point", "coordinates": [ -73.8051456, 40.7539725 ] } },
{ "type": "Feature", "properties": { "name": "Unknown Gas Station", "lat": 40.7540251, "lon": -73.8046725, "brand": "", "operator": "", "source": "osm", "type": "GAS_STATION", "external": false }, "geometry": { "type": "Point", "coordinates": [ -73.8046725, 40.7540251 ] } },
{ "type": "Feature", "properties": { "name": "Mobil", "lat": 40.8204779, "lon": -73.9267205, "brand": "Mobil", "operator": "", "source": "osm", "type": "GAS_STATION", "external": false }, "geometry": { "type": "Point", "coordinates": [ -73.9267205, 40.8204779 ] } },
{ "type": "Feature", "properties": { "name": "Sunoco", "lat": 40.6679781, "lon": -73.7082891, "brand": "Sunoco", "operator": "", "source": "osm", "type": "GAS_STATION", "external": false }, "geometry": { "type": "Point", "coordinates": [ -73.7082891, 40.6679781 ] } },
{ "type": "Feature", "properties": { "name": "Sunoco", "lat": 40.6888304, "lon": -73.7854031, "brand": "Sunoco", "operator": "", "source": "osm", "type": "GAS_STATION", "external": false }, "geometry": { "type": "Point", "coordinates": [ -73.7854031, 40.6888304 ] } },
{ "type": "Feature", "properties": { "name": "Sunoco", "lat": 40.7105777, "lon": -73.8525654, "brand": "Sunoco", "operator": "", "source": "osm", "type": "GAS_STATION", "external": false }, "geometry": { "type": "Point", "coordinates": [ -73.8525654, 40.7105777 ] } },
{ "type": "Feature", "properties": { "name": "Citgo", "lat": 40.7523116, "lon": -73.905076, "brand": "Citgo", "operator": "", "source": "osm", "type": "GAS_STATION", "external": false }, "geometry": { "type": "Point", "coordinates": [ -73.905076, 40.7523116 ] } },
{ "type": "Feature", "properties": { "name": "Conoco", "lat": 40.6975921, "lon": -73.7854123, "brand": "", "operator": "", "source": "osm", "type": "GAS_STATION", "external": false }, "geometry": { "type": "Point", "coordinates": [ -73.7854123, 40.6975921 ] } },
{ "type": "Feature", "properties": { "name": "Sunoco", "lat": 40.6724579, "lon": -73.8428904, "brand": "Sunoco", "operator": "", "source": "osm", "type": "GAS_STATION", "external": false }, "geometry": { "type": "Point", "coordinates": [ -73.8428904, 40.6724579 ] } },
{ "type": "Feature", "properties": { "name": "Sunoco", "lat": 40.6624388, "lon": -73.7928707, "brand": "Sunoco", "operator": "", "source": "osm", "type": "GAS_STATION", "external": false }, "geometry": { "type": "Point", "coordinates": [ -73.7928707, 40.6624388 ] } },
{ "type": "Feature", "properties": { "name": "The Wave", "lat": 40.6552863, "lon": -73.7266096, "brand": "", "operator": "", "source": "osm", "type": "GAS_STATION", "external": false }, "geometry": { "type": "Point", "coordinates": [ -73.7266096, 40.6552863 ] } },
{ "type": "Feature", "properties": { "name": "Unknown Gas Station", "lat": 40.7652154, "lon": -74.2164603, "brand": "", "operator": "", "source": "osm", "type": "GAS_STATION", "external": false }, "geometry": { "type": "Point", "coordinates": [ -74.2164603, 40.7652154 ] } },
{ "type": "Feature", "properties": { "name": "Mobil", "lat": 40.7527653, "lon": -73.9107053, "brand": "Mobil", "operator": "", "source": "osm", "type": "GAS_STATION", "external": false }, "geometry": { "type": "Point", "coordinates": [ -73.9107053, 40.7527653 ] } },
{ "type": "Feature", "properties": { "name": "Sunco", "lat": 40.7465173, "lon": -73.8932223, "brand": "", "operator": "", "source": "osm", "type": "GAS_STATION", "external": false }, "geometry": { "type": "Point", "coordinates": [ -73.8932223, 40.7465173 ] } },
{ "type": "Feature", "properties": { "name": "Gulf", "lat": 40.734623, "lon": -73.938069, "brand": "Gulf", "operator": "", "source": "osm", "type": "GAS_STATION", "external": false }, "geometry": { "type": "Point", "coordinates": [ -73.938069, 40.734623 ] } },
{ "type": "Feature", "properties": { "name": "Gulf", "lat": 40.8330442, "lon": -73.8631727, "brand": "Gulf", "operator": "", "source": "osm", "type": "GAS_STATION", "external": false }, "geometry": { "type": "Point", "coordinates": [ -73.8631727, 40.8330442 ] } },
{ "type": "Feature", "properties": { "name": "BP", "lat": 40.8355188, "lon": -73.8703711, "brand": "BP", "operator": "", "source": "osm", "type": "GAS_STATION", "external": false }, "geometry": { "type": "Point", "coordinates": [ -73.8703711, 40.8355188 ] } },
{ "type": "Feature", "properties": { "name": "Citgo", "lat": 40.5439728, "lon": -74.1627695, "brand": "Citgo", "operator": "", "source": "osm", "type": "GAS_STATION", "external": false }, "geometry": { "type": "Point", "coordinates": [ -74.1627695, 40.5439728 ] } },
{ "type": "Feature", "properties": { "name": "BP", "lat": 40.5579973, "lon": -74.2067101, "brand": "BP", "operator": "", "source": "osm", "type": "GAS_STATION", "external": false }, "geometry": { "type": "Point", "coordinates": [ -74.2067101, 40.5579973 ] } },
{ "type": "Feature", "properties": { "name": "Sunoco", "lat": 40.5588193, "lon": -74.1981987, "brand": "Sunoco", "operator": "", "source": "osm", "type": "GAS_STATION", "external": false }, "geometry": { "type": "Point", "coordinates": [ -74.1981987, 40.5588193 ] } },
{ "type": "Feature", "properties": { "name": "Sunoco", "lat": 40.5604426, "lon": -74.1629357, "brand": "Sunoco", "operator": "", "source": "osm", "type": "GAS_STATION", "external": false }, "geometry": { "type": "Point", "coordinates": [ -74.1629357, 40.5604426 ] } },
{ "type": "Feature", "properties": { "name": "Unknown Gas Station", "lat": 40.7311228, "lon": -74.2075392, "brand": "", "operator": "", "source": "osm", "type": "GAS_STATION", "external": false }, "geometry": { "type": "Point", "coordinates": [ -74.2075392, 40.7311228 ] } },
{ "type": "Feature", "properties": { "name": "Sunoco", "lat": 40.8499415, "lon": -73.7873494, "brand": "Sunoco", "operator": "", "source": "osm", "type": "GAS_STATION", "external": false }, "geometry": { "type": "Point", "coordinates": [ -73.7873494, 40.8499415 ] } },
{ "type": "Feature", "properties": { "name": "Mobil", "lat": 40.7329213, "lon": -73.82549, "brand": "", "operator": "", "source": "osm", "type": "GAS_STATION", "external": false }, "geometry": { "type": "Point", "coordinates": [ -73.82549, 40.7329213 ] } },
{ "type": "Feature", "properties": { "name": "BP", "lat": 40.6360746, "lon": -74.0762227, "brand": "BP", "operator": "", "source": "osm", "type": "GAS_STATION", "external": false }, "geometry": { "type": "Point", "coordinates": [ -74.0762227, 40.6360746 ] } },
{ "type": "Feature", "properties": { "name": "Sunoco", "lat": 40.6747774, "lon": -73.8087609, "brand": "Sunoco", "operator": "", "source": "osm", "type": "GAS_STATION", "external": false }, "geometry": { "type": "Point", "coordinates": [ -73.8087609, 40.6747774 ] } },
{ "type": "Feature", "properties": { "name": "Gulf", "lat": 40.5884099, "lon": -74.1674825, "brand": "Gulf", "operator": "", "source": "osm", "type": "GAS_STATION", "external": false }, "geometry": { "type": "Point", "coordinates": [ -74.1674825, 40.5884099 ] } },
{ "type": "Feature", "properties": { "name": "BP", "lat": 40.6068457, "lon": -74.1619286, "brand": "BP", "operator": "", "source": "osm", "type": "GAS_STATION", "external": false }, "geometry": { "type": "Point", "coordinates": [ -74.1619286, 40.6068457 ] } },
{ "type": "Feature", "properties": { "name": "Shell", "lat": 40.5758971, "lon": -74.1192721, "brand": "Shell", "operator": "", "source": "osm", "type": "GAS_STATION", "external": false }, "geometry": { "type": "Point", "coordinates": [ -74.1192721, 40.5758971 ] } },
{ "type": "Feature", "properties": { "name": "BP", "lat": 40.582431, "lon": -73.9864327, "brand": "BP", "operator": "", "source": "osm", "type": "GAS_STATION", "external": false }, "geometry": { "type": "Point", "coordinates": [ -73.9864327, 40.582431 ] } },
{ "type": "Feature", "properties": { "name": "Speedway", "lat": 40.5705744, "lon": -74.1092212, "brand": "Speedway", "operator": "", "source": "osm", "type": "GAS_STATION", "external": false }, "geometry": { "type": "Point", "coordinates": [ -74.1092212, 40.5705744 ] } },
{ "type": "Feature", "properties": { "name": "Mobil", "lat": 40.578053, "lon": -74.1018277, "brand": "Mobil", "operator": "", "source": "osm", "type": "GAS_STATION", "external": false }, "geometry": { "type": "Point", "coordinates": [ -74.1018277, 40.578053 ] } },
{ "type": "Feature", "properties": { "name": "Delta", "lat": 40.6371101, "lon": -74.0812115, "brand": "Delta", "operator": "", "source": "osm", "type": "GAS_STATION", "external": false }, "geometry": { "type": "Point", "coordinates": [ -74.0812115, 40.6371101 ] } },
{ "type": "Feature", "properties": { "name": "Citgo", "lat": 40.6164855, "lon": -74.1038809, "brand": "Citgo", "operator": "", "source": "osm", "type": "GAS_STATION", "external": false }, "geometry": { "type": "Point", "coordinates": [ -74.1038809, 40.6164855 ] } },
{ "type": "Feature", "properties": { "name": "Citgo", "lat": 40.6446263, "lon": -74.0957009, "brand": "Citgo", "operator": "", "source": "osm", "type": "GAS_STATION", "external": false }, "geometry": { "type": "Point", "coordinates": [ -74.0957009, 40.6446263 ] } },
{ "type": "Feature", "properties": { "name": "Shell", "lat": 40.626153, "lon": -74.1309808, "brand": "Shell", "operator": "", "source": "osm", "type": "GAS_STATION", "external": false }, "geometry": { "type": "Point", "coordinates": [ -74.1309808, 40.626153 ] } },
{ "type": "Feature", "properties": { "name": "Mobil", "lat": 40.6363519, "lon": -74.0755923, "brand": "Mobil", "operator": "", "source": "osm", "type": "GAS_STATION", "external": false }, "geometry": { "type": "Point", "coordinates": [ -74.0755923, 40.6363519 ] } },
{ "type": "Feature", "properties": { "name": "Unknown Gas Station", "lat": 40.6155324, "lon": -74.0844984, "brand": "", "operator": "", "source": "osm", "type": "GAS_STATION", "external": false }, "geometry": { "type": "Point", "coordinates": [ -74.0844984, 40.6155324 ] } },
{ "type": "Feature", "properties": { "name": "Citgo", "lat": 40.613644, "lon": -74.0870842, "brand": "Citgo", "operator": "", "source": "osm", "type": "GAS_STATION", "external": false }, "geometry": { "type": "Point", "coordinates": [ -74.0870842, 40.613644 ] } },
{ "type": "Feature", "properties": { "name": "Mobil", "lat": 40.6096169, "lon": -74.0903041, "brand": "Mobil", "operator": "", "source": "osm", "type": "GAS_STATION", "external": false }, "geometry": { "type": "Point", "coordinates": [ -74.0903041, 40.6096169 ] } },
{ "type": "Feature", "properties": { "name": "BP", "lat": 40.6094316, "lon": -74.0896348, "brand": "BP", "operator": "", "source": "osm", "type": "GAS_STATION", "external": false }, "geometry": { "type": "Point", "coordinates": [ -74.0896348, 40.6094316 ] } },
{ "type": "Feature", "properties": { "name": "BP", "lat": 40.599961, "lon": -74.0918371, "brand": "BP", "operator": "", "source": "osm", "type": "GAS_STATION", "external": false }, "geometry": { "type": "Point", "coordinates": [ -74.0918371, 40.599961 ] } },
{ "type": "Feature", "properties": { "name": "Exxon", "lat": 40.5861926, "lon": -74.1046581, "brand": "Exxon", "operator": "", "source": "osm", "type": "GAS_STATION", "external": false }, "geometry": { "type": "Point", "coordinates": [ -74.1046581, 40.5861926 ] } },
{ "type": "Feature", "properties": { "name": "BP", "lat": 40.6231123, "lon": -74.0836107, "brand": "BP", "operator": "", "source": "osm", "type": "GAS_STATION", "external": false }, "geometry": { "type": "Point", "coordinates": [ -74.0836107, 40.6231123 ] } },
{ "type": "Feature", "properties": { "name": "Gulf", "lat": 40.6941152, "lon": -73.8125725, "brand": "Gulf", "operator": "", "source": "osm", "type": "GAS_STATION", "external": false }, "geometry": { "type": "Point", "coordinates": [ -73.8125725, 40.6941152 ] } },
{ "type": "Feature", "properties": { "name": "Unknown Gas Station", "lat": 40.7009328, "lon": -73.8907164, "brand": "", "operator": "", "source": "osm", "type": "GAS_STATION", "external": false }, "geometry": { "type": "Point", "coordinates": [ -73.8907164, 40.7009328 ] } },
{ "type": "Feature", "properties": { "name": "Unknown Gas Station", "lat": 40.8811237, "lon": -73.838253, "brand": "", "operator": "", "source": "osm", "type": "GAS_STATION", "external": false }, "geometry": { "type": "Point", "coordinates": [ -73.838253, 40.8811237 ] } },
{ "type": "Feature", "properties": { "name": "Citgo", "lat": 40.8564667, "lon": -73.8690258, "brand": "Citgo", "operator": "", "source": "osm", "type": "GAS_STATION", "external": false }, "geometry": { "type": "Point", "coordinates": [ -73.8690258, 40.8564667 ] } },
{ "type": "Feature", "properties": { "name": "BP", "lat": 40.8585834, "lon": -73.8849638, "brand": "BP", "operator": "", "source": "osm", "type": "GAS_STATION", "external": false }, "geometry": { "type": "Point", "coordinates": [ -73.8849638, 40.8585834 ] } },
{ "type": "Feature", "properties": { "name": "Mobil", "lat": 40.857021, "lon": -73.8815962, "brand": "Mobil", "operator": "", "source": "osm", "type": "GAS_STATION", "external": false }, "geometry": { "type": "Point", "coordinates": [ -73.8815962, 40.857021 ] } },
{ "type": "Feature", "properties": { "name": "BP", "lat": 40.579059, "lon": -74.1014965, "brand": "BP", "operator": "", "source": "osm", "type": "GAS_STATION", "external": false }, "geometry": { "type": "Point", "coordinates": [ -74.1014965, 40.579059 ] } },
{ "type": "Feature", "properties": { "name": "Citgo", "lat": 40.6304821, "lon": -74.1075573, "brand": "Citgo", "operator": "", "source": "osm", "type": "GAS_STATION", "external": false }, "geometry": { "type": "Point", "coordinates": [ -74.1075573, 40.6304821 ] } },
{ "type": "Feature", "properties": { "name": "Unknown Gas Station", "lat": 40.7370933, "lon": -74.2081913, "brand": "", "operator": "", "source": "osm", "type": "GAS_STATION", "external": false }, "geometry": { "type": "Point", "coordinates": [ -74.2081913, 40.7370933 ] } },
{ "type": "Feature", "properties": { "name": "BJ's Gas", "lat": 40.6622984, "lon": -73.7238243, "brand": "BJ's Wholesale Club", "operator": "", "source": "osm", "type": "GAS_STATION", "external": false }, "geometry": { "type": "Point", "coordinates": [ -73.7238243, 40.6622984 ] } },
{ "type": "Feature", "properties": { "name": "Exxon", "lat": 40.7861031, "lon": -74.0110485, "brand": "Exxon", "operator": "", "source": "osm", "type": "GAS_STATION", "external": false }, "geometry": { "type": "Point", "coordinates": [ -74.0110485, 40.7861031 ] } },
{ "type": "Feature", "properties": { "name": "Sunoco", "lat": 40.6425317, "lon": -74.1142163, "brand": "Sunoco", "operator": "", "source": "osm", "type": "GAS_STATION", "external": false }, "geometry": { "type": "Point", "coordinates": [ -74.1142163, 40.6425317 ] } },
{ "type": "Feature", "properties": { "name": "Delta", "lat": 40.7185713, "lon": -74.1837322, "brand": "Delta", "operator": "", "source": "osm", "type": "GAS_STATION", "external": false }, "geometry": { "type": "Point", "coordinates": [ -74.1837322, 40.7185713 ] } },
{ "type": "Feature", "properties": { "name": "Metro Gas & Diesel", "lat": 40.7871605, "lon": -74.15931, "brand": "METRO", "operator": "", "source": "osm", "type": "GAS_STATION", "external": false }, "geometry": { "type": "Point", "coordinates": [ -74.15931, 40.7871605 ] } },
{ "type": "Feature", "properties": { "name": "Valero", "lat": 40.5127352, "lon": -74.2655542, "brand": "Valero", "operator": "", "source": "osm", "type": "GAS_STATION", "external": false }, "geometry": { "type": "Point", "coordinates": [ -74.2655542, 40.5127352 ] } },
{ "type": "Feature", "properties": { "name": "Valero", "lat": 40.6525412, "lon": -74.2235007, "brand": "Valero", "operator": "", "source": "osm", "type": "GAS_STATION", "external": false }, "geometry": { "type": "Point", "coordinates": [ -74.2235007, 40.6525412 ] } },
{ "type": "Feature", "properties": { "name": "Sunoco", "lat": 40.6600388, "lon": -73.703467, "brand": "Sunoco", "operator": "", "source": "osm", "type": "GAS_STATION", "external": false }, "geometry": { "type": "Point", "coordinates": [ -73.703467, 40.6600388 ] } },
{ "type": "Feature", "properties": { "name": "Sunoco", "lat": 40.8412927, "lon": -73.9963589, "brand": "Sunoco", "operator": "", "source": "osm", "type": "GAS_STATION", "external": false }, "geometry": { "type": "Point", "coordinates": [ -73.9963589, 40.8412927 ] } },
{ "type": "Feature", "properties": { "name": "Sunoco", "lat": 40.7588649, "lon": -74.1866763, "brand": "Sunoco", "operator": "", "source": "osm", "type": "GAS_STATION", "external": false }, "geometry": { "type": "Point", "coordinates": [ -74.1866763, 40.7588649 ] } },
{ "type": "Feature", "properties": { "name": "Sunoco", "lat": 40.8297834, "lon": -74.0101606, "brand": "Sunoco", "operator": "", "source": "osm", "type": "GAS_STATION", "external": false }, "geometry": { "type": "Point", "coordinates": [ -74.0101606, 40.8297834 ] } },
{ "type": "Feature", "properties": { "name": "Sunoco", "lat": 40.5879684, "lon": -73.9314691, "brand": "Sunoco", "operator": "", "source": "osm", "type": "GAS_STATION", "external": false }, "geometry": { "type": "Point", "coordinates": [ -73.9314691, 40.5879684 ] } },
{ "type": "Feature", "properties": { "name": "Sunoco", "lat": 40.9061096, "lon": -74.1293822, "brand": "Sunoco", "operator": "", "source": "osm", "type": "GAS_STATION", "external": false }, "geometry": { "type": "Point", "coordinates": [ -74.1293822, 40.9061096 ] } },
{ "type": "Feature", "properties": { "name": "Sunoco", "lat": 40.6014602, "lon": -74.0047386, "brand": "Sunoco", "operator": "", "source": "osm", "type": "GAS_STATION", "external": false }, "geometry": { "type": "Point", "coordinates": [ -74.0047386, 40.6014602 ] } },
{ "type": "Feature", "properties": { "name": "Unknown Gas Station", "lat": 40.6985941, "lon": -73.9038804, "brand": "", "operator": "", "source": "osm", "type": "GAS_STATION", "external": false }, "geometry": { "type": "Point", "coordinates": [ -73.9038804, 40.6985941 ] } },
{ "type": "Feature", "properties": { "name": "Fuel 1", "lat": 40.7219051, "lon": -74.2337171, "brand": "", "operator": "", "source": "osm", "type": "GAS_STATION", "external": false }, "geometry": { "type": "Point", "coordinates": [ -74.2337171, 40.7219051 ] } },
{ "type": "Feature", "properties": { "name": "Sunoco", "lat": 40.7530735, "lon": -74.0296294, "brand": "Sunoco", "operator": "", "source": "osm", "type": "GAS_STATION", "external": false }, "geometry": { "type": "Point", "coordinates": [ -74.0296294, 40.7530735 ] } },
{ "type": "Feature", "properties": { "name": "Phillips 66", "lat": 40.7345491, "lon": -74.1317646, "brand": "Phillips 66", "operator": "", "source": "osm", "type": "GAS_STATION", "external": false }, "geometry": { "type": "Point", "coordinates": [ -74.1317646, 40.7345491 ] } },
{ "type": "Feature", "properties": { "name": "Unknown Gas Station", "lat": 40.7343215, "lon": -74.1346604, "brand": "", "operator": "", "source": "osm", "type": "GAS_STATION", "external": false }, "geometry": { "type": "Point", "coordinates": [ -74.1346604, 40.7343215 ] } },
{ "type": "Feature", "properties": { "name": "Citgo", "lat": 40.8366951, "lon": -73.8383579, "brand": "Citgo", "operator": "", "source": "osm", "type": "GAS_STATION", "external": false }, "geometry": { "type": "Point", "coordinates": [ -73.8383579, 40.8366951 ] } },
{ "type": "Feature", "properties": { "name": "Citgo", "lat": 40.8359123, "lon": -73.8389067, "brand": "Citgo", "operator": "", "source": "osm", "type": "GAS_STATION", "external": false }, "geometry": { "type": "Point", "coordinates": [ -73.8389067, 40.8359123 ] } },
{ "type": "Feature", "properties": { "name": "Unknown Gas Station", "lat": 40.7809786, "lon": -74.1811607, "brand": "", "operator": "", "source": "osm", "type": "GAS_STATION", "external": false }, "geometry": { "type": "Point", "coordinates": [ -74.1811607, 40.7809786 ] } },
{ "type": "Feature", "properties": { "name": "171", "lat": 40.8948616, "lon": -73.8825721, "brand": "Gulf", "operator": "", "source": "osm", "type": "GAS_STATION", "external": false }, "geometry": { "type": "Point", "coordinates": [ -73.8825721, 40.8948616 ] } },
{ "type": "Feature", "properties": { "name": "Sunoco", "lat": 40.7901241, "lon": -74.2548287, "brand": "Sunoco", "operator": "", "source": "osm", "type": "GAS_STATION", "external": false }, "geometry": { "type": "Point", "coordinates": [ -74.2548287, 40.7901241 ] } },
{ "type": "Feature", "properties": { "name": "Exxon", "lat": 40.8418365, "lon": -73.9800205, "brand": "Exxon", "operator": "Exxon", "source": "osm", "type": "GAS_STATION", "external": false }, "geometry": { "type": "Point", "coordinates": [ -73.9800205, 40.8418365 ] } },
{ "type": "Feature", "properties": { "name": "BP", "lat": 40.893119, "lon": -74.0751689, "brand": "BP", "operator": "", "source": "osm", "type": "GAS_STATION", "external": false }, "geometry": { "type": "Point", "coordinates": [ -74.0751689, 40.893119 ] } },
{ "type": "Feature", "properties": { "name": "Unknown Gas Station", "lat": 40.7928051, "lon": -73.8130671, "brand": "", "operator": "", "source": "osm", "type": "GAS_STATION", "external": false }, "geometry": { "type": "Point", "coordinates": [ -73.8130671, 40.7928051 ] } },
{ "type": "Feature", "properties": { "name": "Rio", "lat": 40.5743896, "lon": -74.1167108, "brand": "", "operator": "", "source": "osm", "type": "GAS_STATION", "external": false }, "geometry": { "type": "Point", "coordinates": [ -74.1167108, 40.5743896 ] } },
{ "type": "Feature", "properties": { "name": "Shell", "lat": 40.6127207, "lon": -74.1249191, "brand": "Shell", "operator": "", "source": "osm", "type": "GAS_STATION", "external": false }, "geometry": { "type": "Point", "coordinates": [ -74.1249191, 40.6127207 ] } },
{ "type": "Feature", "properties": { "name": "Shell", "lat": 40.5887033, "lon": -74.0905072, "brand": "Shell", "operator": "", "source": "osm", "type": "GAS_STATION", "external": false }, "geometry": { "type": "Point", "coordinates": [ -74.0905072, 40.5887033 ] } },
{ "type": "Feature", "properties": { "name": "Exxon", "lat": 40.7685984, "lon": -74.146014, "brand": "Exxon", "operator": "", "source": "osm", "type": "GAS_STATION", "external": false }, "geometry": { "type": "Point", "coordinates": [ -74.146014, 40.7685984 ] } },
{ "type": "Feature", "properties": { "name": "Gulf", "lat": 40.7691914, "lon": -73.7213959, "brand": "Gulf", "operator": "", "source": "osm", "type": "GAS_STATION", "external": false }, "geometry": { "type": "Point", "coordinates": [ -73.7213959, 40.7691914 ] } },
{ "type": "Feature", "properties": { "name": "BP", "lat": 40.7806095, "lon": -73.7331528, "brand": "BP", "operator": "", "source": "osm", "type": "GAS_STATION", "external": false }, "geometry": { "type": "Point", "coordinates": [ -73.7331528, 40.7806095 ] } },
{ "type": "Feature", "properties": { "name": "Exxon", "lat": 40.7435906, "lon": -74.0625488, "brand": "Exxon", "operator": "", "source": "osm", "type": "GAS_STATION", "external": false }, "geometry": { "type": "Point", "coordinates": [ -74.0625488, 40.7435906 ] } },
{ "type": "Feature", "properties": { "name": "Fuel 4", "lat": 40.7441878, "lon": -74.0630187, "brand": "", "operator": "", "source": "osm", "type": "GAS_STATION", "external": false }, "geometry": { "type": "Point", "coordinates": [ -74.0630187, 40.7441878 ] } },
{ "type": "Feature", "properties": { "name": "Sunoco", "lat": 40.7569093, "lon": -74.1664713, "brand": "Sunoco", "operator": "", "source": "osm", "type": "GAS_STATION", "external": false }, "geometry": { "type": "Point", "coordinates": [ -74.1664713, 40.7569093 ] } },
{ "type": "Feature", "properties": { "name": "Fuel 4", "lat": 40.8109635, "lon": -74.1371499, "brand": "", "operator": "", "source": "osm", "type": "GAS_STATION", "external": false }, "geometry": { "type": "Point", "coordinates": [ -74.1371499, 40.8109635 ] } },
{ "type": "Feature", "properties": { "name": "Exxon", "lat": 40.8490794, "lon": -74.0751631, "brand": "Exxon", "operator": "", "source": "osm", "type": "GAS_STATION", "external": false }, "geometry": { "type": "Point", "coordinates": [ -74.0751631, 40.8490794 ] } },
{ "type": "Feature", "properties": { "name": "Valero", "lat": 40.8630844, "lon": -74.0644748, "brand": "Valero", "operator": "", "source": "osm", "type": "GAS_STATION", "external": false }, "geometry": { "type": "Point", "coordinates": [ -74.0644748, 40.8630844 ] } },
{ "type": "Feature", "properties": { "name": "Sunoco", "lat": 40.8393311, "lon": -74.0838339, "brand": "Sunoco", "operator": "", "source": "osm", "type": "GAS_STATION", "external": false }, "geometry": { "type": "Point", "coordinates": [ -74.0838339, 40.8393311 ] } },
{ "type": "Feature", "properties": { "name": "BP", "lat": 40.8579341, "lon": -74.0684341, "brand": "BP", "operator": "", "source": "osm", "type": "GAS_STATION", "external": false }, "geometry": { "type": "Point", "coordinates": [ -74.0684341, 40.8579341 ] } },
{ "type": "Feature", "properties": { "name": "Citgo", "lat": 40.8928596, "lon": -74.0746573, "brand": "Citgo", "operator": "", "source": "osm", "type": "GAS_STATION", "external": false }, "geometry": { "type": "Point", "coordinates": [ -74.0746573, 40.8928596 ] } },
{ "type": "Feature", "properties": { "name": "BJ’s Gas", "lat": 40.8216048, "lon": -74.0968473, "brand": "BJ's Wholesale Club", "operator": "", "source": "osm", "type": "GAS_STATION", "external": false }, "geometry": { "type": "Point", "coordinates": [ -74.0968473, 40.8216048 ] } },
{ "type": "Feature", "properties": { "name": "7-Eleven", "lat": 40.6260692, "lon": -74.131631, "brand": "7-Eleven", "operator": "", "source": "osm", "type": "GAS_STATION", "external": false }, "geometry": { "type": "Point", "coordinates": [ -74.131631, 40.6260692 ] } },
{ "type": "Feature", "properties": { "name": "Unknown Gas Station", "lat": 40.9114164, "lon": -74.1749985, "brand": "", "operator": "", "source": "osm", "type": "GAS_STATION", "external": false }, "geometry": { "type": "Point", "coordinates": [ -74.1749985, 40.9114164 ] } },
{ "type": "Feature", "properties": { "name": "Shell", "lat": 40.7680305, "lon": -74.0451238, "brand": "Shell", "operator": "", "source": "osm", "type": "GAS_STATION", "external": false }, "geometry": { "type": "Point", "coordinates": [ -74.0451238, 40.7680305 ] } },
{ "type": "Feature", "properties": { "name": "Delta", "lat": 40.7565897, "lon": -74.05434, "brand": "Delta", "operator": "", "source": "osm", "type": "GAS_STATION", "external": false }, "geometry": { "type": "Point", "coordinates": [ -74.05434, 40.7565897 ] } },
{ "type": "Feature", "properties": { "name": "Delta", "lat": 40.7581671, "lon": -74.0533267, "brand": "Delta", "operator": "", "source": "osm", "type": "GAS_STATION", "external": false }, "geometry": { "type": "Point", "coordinates": [ -74.0533267, 40.7581671 ] } },
{ "type": "Feature", "properties": { "name": "7-Eleven", "lat": 40.7503588, "lon": -74.0600712, "brand": "7-Eleven", "operator": "", "source": "osm", "type": "GAS_STATION", "external": false }, "geometry": { "type": "Point", "coordinates": [ -74.0600712, 40.7503588 ] } },
{ "type": "Feature", "properties": { "name": "Delta", "lat": 40.7099705, "lon": -74.2323436, "brand": "Delta", "operator": "", "source": "osm", "type": "GAS_STATION", "external": false }, "geometry": { "type": "Point", "coordinates": [ -74.2323436, 40.7099705 ] } },
{ "type": "Feature", "properties": { "name": "BP", "lat": 40.7530359, "lon": -74.2116469, "brand": "BP", "operator": "", "source": "osm", "type": "GAS_STATION", "external": false }, "geometry": { "type": "Point", "coordinates": [ -74.2116469, 40.7530359 ] } },
{ "type": "Feature", "properties": { "name": "Shell", "lat": 40.7204937, "lon": -74.2309446, "brand": "Shell", "operator": "", "source": "osm", "type": "GAS_STATION", "external": false }, "geometry": { "type": "Point", "coordinates": [ -74.2309446, 40.7204937 ] } },
{ "type": "Feature", "properties": { "name": "Exxon", "lat": 40.6410828, "lon": -73.993993, "brand": "Exxon", "operator": "", "source": "osm", "type": "GAS_STATION", "external": false }, "geometry": { "type": "Point", "coordinates": [ -73.993993, 40.6410828 ] } },
{ "type": "Feature", "properties": { "name": "Citgo", "lat": 40.5893512, "lon": -74.1942135, "brand": "Citgo", "operator": "", "source": "osm", "type": "GAS_STATION", "external": false }, "geometry": { "type": "Point", "coordinates": [ -74.1942135, 40.5893512 ] } },
{ "type": "Feature", "properties": { "name": "Fuel4", "lat": 40.8703276, "lon": -74.1812279, "brand": "Fuel4", "operator": "", "source": "osm", "type": "GAS_STATION", "external": false }, "geometry": { "type": "Point", "coordinates": [ -74.1812279, 40.8703276 ] } },
{ "type": "Feature", "properties": { "name": "BP", "lat": 40.9053179, "lon": -74.2103762, "brand": "BP", "operator": "", "source": "osm", "type": "GAS_STATION", "external": false }, "geometry": { "type": "Point", "coordinates": [ -74.2103762, 40.9053179 ] } },
{ "type": "Feature", "properties": { "name": "Unknown Gas Station", "lat": 40.7193147, "lon": -74.125008, "brand": "", "operator": "", "source": "osm", "type": "GAS_STATION", "external": false }, "geometry": { "type": "Point", "coordinates": [ -74.125008, 40.7193147 ] } },
{ "type": "Feature", "properties": { "name": "Unknown Gas Station", "lat": 40.6542703, "lon": -74.2122844, "brand": "", "operator": "", "source": "osm", "type": "GAS_STATION", "external": false }, "geometry": { "type": "Point", "coordinates": [ -74.2122844, 40.6542703 ] } },
{ "type": "Feature", "properties": { "name": "Lukoil", "lat": 40.8282073, "lon": -73.9723831, "brand": "Lukoil", "operator": "Lukoil", "source": "osm", "type": "GAS_STATION", "external": false }, "geometry": { "type": "Point", "coordinates": [ -73.9723831, 40.8282073 ] } },
{ "type": "Feature", "properties": { "name": "Gulf", "lat": 40.7250159, "lon": -73.7717958, "brand": "Gulf", "operator": "", "source": "osm", "type": "GAS_STATION", "external": false }, "geometry": { "type": "Point", "coordinates": [ -73.7717958, 40.7250159 ] } },
{ "type": "Feature", "properties": { "name": "BP", "lat": 40.6137463, "lon": -73.9960331, "brand": "BP", "operator": "", "source": "osm", "type": "GAS_STATION", "external": false }, "geometry": { "type": "Point", "coordinates": [ -73.9960331, 40.6137463 ] } },
{ "type": "Feature", "properties": { "name": "Delta", "lat": 40.8889906, "lon": -74.2472236, "brand": "Delta", "operator": "Gulf Oil Co", "source": "osm", "type": "GAS_STATION", "external": false }, "geometry": { "type": "Point", "coordinates": [ -74.2472236, 40.8889906 ] } },
{ "type": "Feature", "properties": { "name": "Fuel 4", "lat": 40.8890524, "lon": -74.247173, "brand": "", "operator": "", "source": "osm", "type": "GAS_STATION", "external": false }, "geometry": { "type": "Point", "coordinates": [ -74.247173, 40.8890524 ] } },
{ "type": "Feature", "properties": { "name": "Fuel4", "lat": 40.8857355, "lon": -74.2455997, "brand": "Fuel4", "operator": "", "source": "osm", "type": "GAS_STATION", "external": false }, "geometry": { "type": "Point", "coordinates": [ -74.2455997, 40.8857355 ] } },
{ "type": "Feature", "properties": { "name": "Enrite", "lat": 40.8773148, "lon": -74.2177679, "brand": "", "operator": "", "source": "osm", "type": "GAS_STATION", "external": false }, "geometry": { "type": "Point", "coordinates": [ -74.2177679, 40.8773148 ] } },
{ "type": "Feature", "properties": { "name": "Shell", "lat": 40.8899786, "lon": -74.2173435, "brand": "Shell", "operator": "", "source": "osm", "type": "GAS_STATION", "external": false }, "geometry": { "type": "Point", "coordinates": [ -74.2173435, 40.8899786 ] } },
{ "type": "Feature", "properties": { "name": "BP", "lat": 40.6963004, "lon": -73.804963, "brand": "BP", "operator": "", "source": "osm", "type": "GAS_STATION", "external": false }, "geometry": { "type": "Point", "coordinates": [ -73.804963, 40.6963004 ] } },
{ "type": "Feature", "properties": { "name": "Gulf", "lat": 40.8933526, "lon": -74.2030022, "brand": "Gulf", "operator": "", "source": "osm", "type": "GAS_STATION", "external": false }, "geometry": { "type": "Point", "coordinates": [ -74.2030022, 40.8933526 ] } },
{ "type": "Feature", "properties": { "name": "Unknown Gas Station", "lat": 40.8629938, "lon": -73.9202411, "brand": "", "operator": "", "source": "osm", "type": "GAS_STATION", "external": false }, "geometry": { "type": "Point", "coordinates": [ -73.9202411, 40.8629938 ] } },
{ "type": "Feature", "properties": { "name": "Sunoco", "lat": 40.8908672, "lon": -74.1877765, "brand": "", "operator": "", "source": "osm", "type": "GAS_STATION", "external": false }, "geometry": { "type": "Point", "coordinates": [ -74.1877765, 40.8908672 ] } },
{ "type": "Feature", "properties": { "name": "Gas Star", "lat": 40.9008295, "lon": -74.1994493, "brand": "", "operator": "", "source": "osm", "type": "GAS_STATION", "external": false }, "geometry": { "type": "Point", "coordinates": [ -74.1994493, 40.9008295 ] } },
{ "type": "Feature", "properties": { "name": "Lukoil", "lat": 40.9019891, "lon": -74.1913253, "brand": "Lukoil", "operator": "", "source": "osm", "type": "GAS_STATION", "external": false }, "geometry": { "type": "Point", "coordinates": [ -74.1913253, 40.9019891 ] } },
{ "type": "Feature", "properties": { "name": "Gas Depot", "lat": 40.8973173, "lon": -74.1856036, "brand": "", "operator": "", "source": "osm", "type": "GAS_STATION", "external": false }, "geometry": { "type": "Point", "coordinates": [ -74.1856036, 40.8973173 ] } },
{ "type": "Feature", "properties": { "name": "Mobil", "lat": 40.7650326, "lon": -73.8617002, "brand": "Mobil", "operator": "", "source": "osm", "type": "GAS_STATION", "external": false }, "geometry": { "type": "Point", "coordinates": [ -73.8617002, 40.7650326 ] } },
{ "type": "Feature", "properties": { "name": "Gulf", "lat": 40.7676949, "lon": -73.8651584, "brand": "Gulf", "operator": "", "source": "osm", "type": "GAS_STATION", "external": false }, "geometry": { "type": "Point", "coordinates": [ -73.8651584, 40.7676949 ] } },
{ "type": "Feature", "properties": { "name": "Exxon", "lat": 40.8893987, "lon": -74.2484761, "brand": "Exxon", "operator": "", "source": "osm", "type": "GAS_STATION", "external": false }, "geometry": { "type": "Point", "coordinates": [ -74.2484761, 40.8893987 ] } },
{ "type": "Feature", "properties": { "name": "Sunoco", "lat": 40.8386359, "lon": -74.1565163, "brand": "Sunoco", "operator": "", "source": "osm", "type": "GAS_STATION", "external": false }, "geometry": { "type": "Point", "coordinates": [ -74.1565163, 40.8386359 ] } },
{ "type": "Feature", "properties": { "name": "BP", "lat": 40.828032, "lon": -74.1354762, "brand": "BP", "operator": "", "source": "osm", "type": "GAS_STATION", "external": false }, "geometry": { "type": "Point", "coordinates": [ -74.1354762, 40.828032 ] } },
{ "type": "Feature", "properties": { "name": "Lukoil", "lat": 40.9038265, "lon": -74.0307705, "brand": "Lukoil", "operator": "", "source": "osm", "type": "GAS_STATION", "external": false }, "geometry": { "type": "Point", "coordinates": [ -74.0307705, 40.9038265 ] } },
{ "type": "Feature", "properties": { "name": "Lukoil", "lat": 40.903526, "lon": -74.0313971, "brand": "Lukoil", "operator": "", "source": "osm", "type": "GAS_STATION", "external": false }, "geometry": { "type": "Point", "coordinates": [ -74.0313971, 40.903526 ] } },
{ "type": "Feature", "properties": { "name": "Exxon", "lat": 40.79021, "lon": -74.051653, "brand": "Exxon", "operator": "", "source": "osm", "type": "GAS_STATION", "external": false }, "geometry": { "type": "Point", "coordinates": [ -74.051653, 40.79021 ] } },
{ "type": "Feature", "properties": { "name": "Shell", "lat": 40.6769782, "lon": -74.0025682, "brand": "Shell", "operator": "", "source": "osm", "type": "GAS_STATION", "external": false }, "geometry": { "type": "Point", "coordinates": [ -74.0025682, 40.6769782 ] } },
{ "type": "Feature", "properties": { "name": "BP", "lat": 40.7002373, "lon": -73.9475395, "brand": "BP", "operator": "", "source": "osm", "type": "GAS_STATION", "external": false }, "geometry": { "type": "Point", "coordinates": [ -73.9475395, 40.7002373 ] } },
{ "type": "Feature", "properties": { "name": "Eliot Exxon", "lat": 40.7139106, "lon": -73.90193, "brand": "Exxon", "operator": "", "source": "osm", "type": "GAS_STATION", "external": false }, "geometry": { "type": "Point", "coordinates": [ -73.90193, 40.7139106 ] } },
{ "type": "Feature", "properties": { "name": "Gas Sale", "lat": 40.7377979, "lon": -73.8808388, "brand": "", "operator": "", "source": "osm", "type": "GAS_STATION", "external": false }, "geometry": { "type": "Point", "coordinates": [ -73.8808388, 40.7377979 ] } },
{ "type": "Feature", "properties": { "name": "Speedway", "lat": 40.7388126, "lon": -73.8859533, "brand": "Speedway", "operator": "Speedway", "source": "osm", "type": "GAS_STATION", "external": false }, "geometry": { "type": "Point", "coordinates": [ -73.8859533, 40.7388126 ] } },
{ "type": "Feature", "properties": { "name": "BP", "lat": 40.7540107, "lon": -73.8977689, "brand": "BP", "operator": "", "source": "osm", "type": "GAS_STATION", "external": false }, "geometry": { "type": "Point", "coordinates": [ -73.8977689, 40.7540107 ] } },
{ "type": "Feature", "properties": { "name": "Unknown Gas Station", "lat": 40.752554, "lon": -73.93921, "brand": "", "operator": "", "source": "osm", "type": "GAS_STATION", "external": false }, "geometry": { "type": "Point", "coordinates": [ -73.93921, 40.752554 ] } },
{ "type": "Feature", "properties": { "name": "Shell", "lat": 40.8268048, "lon": -73.8583183, "brand": "", "operator": "", "source": "osm", "type": "GAS_STATION", "external": false }, "geometry": { "type": "Point", "coordinates": [ -73.8583183, 40.8268048 ] } },
{ "type": "Feature", "properties": { "name": "Unknown Gas Station", "lat": 40.8233559, "lon": -73.8834813, "brand": "", "operator": "", "source": "osm", "type": "GAS_STATION", "external": false }, "geometry": { "type": "Point", "coordinates": [ -73.8834813, 40.8233559 ] } },
{ "type": "Feature", "properties": { "name": "Mobil", "lat": 40.8166389, "lon": -73.8922266, "brand": "Mobil", "operator": "", "source": "osm", "type": "GAS_STATION", "external": false }, "geometry": { "type": "Point", "coordinates": [ -73.8922266, 40.8166389 ] } },
{ "type": "Feature", "properties": { "name": "Exxon", "lat": 40.8328046, "lon": -74.1441395, "brand": "Exxon", "operator": "", "source": "osm", "type": "GAS_STATION", "external": false }, "geometry": { "type": "Point", "coordinates": [ -74.1441395, 40.8328046 ] } },
{ "type": "Feature", "properties": { "name": "Hillside Ave Mobil Mart", "lat": 40.7094523, "lon": -73.7974816, "brand": "Mobil", "operator": "", "source": "osm", "type": "GAS_STATION", "external": false }, "geometry": { "type": "Point", "coordinates": [ -73.7974816, 40.7094523 ] } },
{ "type": "Feature", "properties": { "name": "Speedway", "lat": 40.7540822, "lon": -74.0292882, "brand": "Speedway", "operator": "", "source": "osm", "type": "GAS_STATION", "external": false }, "geometry": { "type": "Point", "coordinates": [ -74.0292882, 40.7540822 ] } },
{ "type": "Feature", "properties": { "name": "Sunoco", "lat": 40.5575628, "lon": -74.2630856, "brand": "Sunoco", "operator": "", "source": "osm", "type": "GAS_STATION", "external": false }, "geometry": { "type": "Point", "coordinates": [ -74.2630856, 40.5575628 ] } },
{ "type": "Feature", "properties": { "name": "Mobil", "lat": 40.6103253, "lon": -73.9620736, "brand": "Mobil", "operator": "", "source": "osm", "type": "GAS_STATION", "external": false }, "geometry": { "type": "Point", "coordinates": [ -73.9620736, 40.6103253 ] } },
{ "type": "Feature", "properties": { "name": "BP", "lat": 40.609007, "lon": -73.9737376, "brand": "BP", "operator": "", "source": "osm", "type": "GAS_STATION", "external": false }, "geometry": { "type": "Point", "coordinates": [ -73.9737376, 40.609007 ] } },
{ "type": "Feature", "properties": { "name": "Unknown Gas Station", "lat": 40.6399407, "lon": -73.9830236, "brand": "", "operator": "", "source": "osm", "type": "GAS_STATION", "external": false }, "geometry": { "type": "Point", "coordinates": [ -73.9830236, 40.6399407 ] } },
{ "type": "Feature", "properties": { "name": "Sunoco", "lat": 40.6063721, "lon": -73.9874477, "brand": "Sunoco", "operator": "", "source": "osm", "type": "GAS_STATION", "external": false }, "geometry": { "type": "Point", "coordinates": [ -73.9874477, 40.6063721 ] } },
{ "type": "Feature", "properties": { "name": "Sunoco", "lat": 40.627362, "lon": -73.9660221, "brand": "Sunoco", "operator": "", "source": "osm", "type": "GAS_STATION", "external": false }, "geometry": { "type": "Point", "coordinates": [ -73.9660221, 40.627362 ] } },
{ "type": "Feature", "properties": { "name": "BP", "lat": 40.6220143, "lon": -73.9876905, "brand": "BP", "operator": "", "source": "osm", "type": "GAS_STATION", "external": false }, "geometry": { "type": "Point", "coordinates": [ -73.9876905, 40.6220143 ] } },
{ "type": "Feature", "properties": { "name": "Exxon", "lat": 40.6917742, "lon": -74.1847369, "brand": "Exxon", "operator": "", "source": "osm", "type": "GAS_STATION", "external": false }, "geometry": { "type": "Point", "coordinates": [ -74.1847369, 40.6917742 ] } },
{ "type": "Feature", "properties": { "name": "Mobil", "lat": 40.5922552, "lon": -73.9081503, "brand": "Mobil", "operator": "", "source": "osm", "type": "GAS_STATION", "external": false }, "geometry": { "type": "Point", "coordinates": [ -73.9081503, 40.5922552 ] } },
{ "type": "Feature", "properties": { "name": "Exxon", "lat": 40.6158265, "lon": -73.913846, "brand": "Exxon", "operator": "", "source": "osm", "type": "GAS_STATION", "external": false }, "geometry": { "type": "Point", "coordinates": [ -73.913846, 40.6158265 ] } },
{ "type": "Feature", "properties": { "name": "Sunoco", "lat": 40.6146803, "lon": -73.9277761, "brand": "Sunoco", "operator": "", "source": "osm", "type": "GAS_STATION", "external": false }, "geometry": { "type": "Point", "coordinates": [ -73.9277761, 40.6146803 ] } },
{ "type": "Feature", "properties": { "name": "US GAS", "lat": 40.913782, "lon": -74.2659596, "brand": "", "operator": "WAYNE GAS", "source": "osm", "type": "GAS_STATION", "external": false }, "geometry": { "type": "Point", "coordinates": [ -74.2659596, 40.913782 ] } },
{ "type": "Feature", "properties": { "name": "Mobil", "lat": 40.7819785, "lon": -73.7173501, "brand": "Mobil", "operator": "", "source": "osm", "type": "GAS_STATION", "external": false }, "geometry": { "type": "Point", "coordinates": [ -73.7173501, 40.7819785 ] } },
{ "type": "Feature", "properties": { "name": "Exxon", "lat": 40.7823089, "lon": -73.7168678, "brand": "Exxon", "operator": "", "source": "osm", "type": "GAS_STATION", "external": false }, "geometry": { "type": "Point", "coordinates": [ -73.7168678, 40.7823089 ] } },
{ "type": "Feature", "properties": { "name": "BP", "lat": 40.7815302, "lon": -73.7169887, "brand": "BP", "operator": "", "source": "osm", "type": "GAS_STATION", "external": false }, "geometry": { "type": "Point", "coordinates": [ -73.7169887, 40.7815302 ] } },
{ "type": "Feature", "properties": { "name": "Shell", "lat": 40.6503304, "lon": -73.9555043, "brand": "", "operator": "", "source": "osm", "type": "GAS_STATION", "external": false }, "geometry": { "type": "Point", "coordinates": [ -73.9555043, 40.6503304 ] } },
{ "type": "Feature", "properties": { "name": "Speedway", "lat": 40.6497328, "lon": -73.9555719, "brand": "Speedway", "operator": "", "source": "osm", "type": "GAS_STATION", "external": false }, "geometry": { "type": "Point", "coordinates": [ -73.9555719, 40.6497328 ] } },
{ "type": "Feature", "properties": { "name": "BP", "lat": 40.7539887, "lon": -74.0289622, "brand": "BP", "operator": "", "source": "osm", "type": "GAS_STATION", "external": false }, "geometry": { "type": "Point", "coordinates": [ -74.0289622, 40.7539887 ] } },
{ "type": "Feature", "properties": { "name": "Lukoil", "lat": 40.7453332, "lon": -74.1667628, "brand": "Lukoil", "operator": "", "source": "osm", "type": "GAS_STATION", "external": false }, "geometry": { "type": "Point", "coordinates": [ -74.1667628, 40.7453332 ] } },
{ "type": "Feature", "properties": { "name": "Gulf", "lat": 40.6809018, "lon": -74.0033459, "brand": "Gulf", "operator": "", "source": "osm", "type": "GAS_STATION", "external": false }, "geometry": { "type": "Point", "coordinates": [ -74.0033459, 40.6809018 ] } },
{ "type": "Feature", "properties": { "name": "BP", "lat": 40.678427, "lon": -73.9444882, "brand": "BP", "operator": "", "source": "osm", "type": "GAS_STATION", "external": false }, "geometry": { "type": "Point", "coordinates": [ -73.9444882, 40.678427 ] } },
{ "type": "Feature", "properties": { "name": "Allegiance", "lat": 40.6394996, "lon": -73.9543858, "brand": "", "operator": "", "source": "osm", "type": "GAS_STATION", "external": false }, "geometry": { "type": "Point", "coordinates": [ -73.9543858, 40.6394996 ] } },
{ "type": "Feature", "properties": { "name": "BP", "lat": 40.6017209, "lon": -73.9354919, "brand": "BP", "operator": "", "source": "osm", "type": "GAS_STATION", "external": false }, "geometry": { "type": "Point", "coordinates": [ -73.9354919, 40.6017209 ] } },
{ "type": "Feature", "properties": { "name": "Speedway", "lat": 40.7136263, "lon": -74.1934885, "brand": "Speedway", "operator": "", "source": "osm", "type": "GAS_STATION", "external": false }, "geometry": { "type": "Point", "coordinates": [ -74.1934885, 40.7136263 ] } },
{ "type": "Feature", "properties": { "name": "Citgo", "lat": 40.592496, "lon": -73.9400877, "brand": "Citgo", "operator": "", "source": "osm", "type": "GAS_STATION", "external": false }, "geometry": { "type": "Point", "coordinates": [ -73.9400877, 40.592496 ] } },
{ "type": "Feature", "properties": { "name": "BP", "lat": 40.6470591, "lon": -73.9806174, "brand": "BP", "operator": "", "source": "osm", "type": "GAS_STATION", "external": false }, "geometry": { "type": "Point", "coordinates": [ -73.9806174, 40.6470591 ] } },
{ "type": "Feature", "properties": { "name": "Shell", "lat": 40.6529384, "lon": -74.0027334, "brand": "Shell", "operator": "", "source": "osm", "type": "GAS_STATION", "external": false }, "geometry": { "type": "Point", "coordinates": [ -74.0027334, 40.6529384 ] } },
{ "type": "Feature", "properties": { "name": "Unknown Gas Station", "lat": 40.6447126, "lon": -73.9292908, "brand": "", "operator": "", "source": "osm", "type": "GAS_STATION", "external": false }, "geometry": { "type": "Point", "coordinates": [ -73.9292908, 40.6447126 ] } },
{ "type": "Feature", "properties": { "name": "Unknown Gas Station", "lat": 40.7786269, "lon": -73.8049784, "brand": "", "operator": "", "source": "osm", "type": "GAS_STATION", "external": false }, "geometry": { "type": "Point", "coordinates": [ -73.8049784, 40.7786269 ] } },
{ "type": "Feature", "properties": { "name": "Unknown Gas Station", "lat": 40.5762874, "lon": -73.9760955, "brand": "", "operator": "NYPD", "source": "osm", "type": "GAS_STATION", "external": false }, "geometry": { "type": "Point", "coordinates": [ -73.9760955, 40.5762874 ] } },
{ "type": "Feature", "properties": { "name": "Shell", "lat": 40.6790704, "lon": -73.9528134, "brand": "", "operator": "", "source": "osm", "type": "GAS_STATION", "external": false }, "geometry": { "type": "Point", "coordinates": [ -73.9528134, 40.6790704 ] } },
{ "type": "Feature", "properties": { "name": "Unknown Gas Station", "lat": 40.5968931, "lon": -73.9505138, "brand": "", "operator": "", "source": "osm", "type": "GAS_STATION", "external": false }, "geometry": { "type": "Point", "coordinates": [ -73.9505138, 40.5968931 ] } },
{ "type": "Feature", "properties": { "name": "Unknown Gas Station", "lat": 40.6960999, "lon": -73.9053573, "brand": "", "operator": "", "source": "osm", "type": "GAS_STATION", "external": false }, "geometry": { "type": "Point", "coordinates": [ -73.9053573, 40.6960999 ] } },
{ "type": "Feature", "properties": { "name": "Citgo", "lat": 40.5836058, "lon": -74.0950075, "brand": "Citgo", "operator": "", "source": "osm", "type": "GAS_STATION", "external": false }, "geometry": { "type": "Point", "coordinates": [ -74.0950075, 40.5836058 ] } },
{ "type": "Feature", "properties": { "name": "BP", "lat": 40.8525908, "lon": -73.9846033, "brand": "BP", "operator": "", "source": "osm", "type": "GAS_STATION", "external": false }, "geometry": { "type": "Point", "coordinates": [ -73.9846033, 40.8525908 ] } },
{ "type": "Feature", "properties": { "name": "Unknown Gas Station", "lat": 40.6823117, "lon": -73.8502782, "brand": "", "operator": "", "source": "osm", "type": "GAS_STATION", "external": false }, "geometry": { "type": "Point", "coordinates": [ -73.8502782, 40.6823117 ] } },
{ "type": "Feature", "properties": { "name": "Unknown Gas Station", "lat": 40.6848013, "lon": -73.8595812, "brand": "", "operator": "", "source": "osm", "type": "GAS_STATION", "external": false }, "geometry": { "type": "Point", "coordinates": [ -73.8595812, 40.6848013 ] } },
{ "type": "Feature", "properties": { "name": "Unknown Gas Station", "lat": 40.674736, "lon": -73.803528, "brand": "", "operator": "", "source": "osm", "type": "GAS_STATION", "external": false }, "geometry": { "type": "Point", "coordinates": [ -73.803528, 40.674736 ] } },
{ "type": "Feature", "properties": { "name": "Unknown Gas Station", "lat": 40.68011, "lon": -73.8392557, "brand": "", "operator": "", "source": "osm", "type": "GAS_STATION", "external": false }, "geometry": { "type": "Point", "coordinates": [ -73.8392557, 40.68011 ] } },
{ "type": "Feature", "properties": { "name": "Unknown Gas Station", "lat": 40.677296, "lon": -73.8249126, "brand": "", "operator": "", "source": "osm", "type": "GAS_STATION", "external": false }, "geometry": { "type": "Point", "coordinates": [ -73.8249126, 40.677296 ] } },
{ "type": "Feature", "properties": { "name": "Mobil", "lat": 40.667212, "lon": -73.834154, "brand": "Mobil", "operator": "", "source": "osm", "type": "GAS_STATION", "external": false }, "geometry": { "type": "Point", "coordinates": [ -73.834154, 40.667212 ] } },
{ "type": "Feature", "properties": { "name": "Speedway", "lat": 40.6672653, "lon": -73.8107383, "brand": "Speedway", "operator": "", "source": "osm", "type": "GAS_STATION", "external": false }, "geometry": { "type": "Point", "coordinates": [ -73.8107383, 40.6672653 ] } },
{ "type": "Feature", "properties": { "name": "Shell", "lat": 40.7763726, "lon": -73.728341, "brand": "Shell", "operator": "", "source": "osm", "type": "GAS_STATION", "external": false }, "geometry": { "type": "Point", "coordinates": [ -73.728341, 40.7763726 ] } },
{ "type": "Feature", "properties": { "name": "Unknown Gas Station", "lat": 40.8114092, "lon": -73.9280766, "brand": "", "operator": "", "source": "osm", "type": "GAS_STATION", "external": false }, "geometry": { "type": "Point", "coordinates": [ -73.9280766, 40.8114092 ] } },
{ "type": "Feature", "properties": { "name": "Sunoco", "lat": 40.7170082, "lon": -74.055355, "brand": "Sunoco", "operator": "", "source": "osm", "type": "GAS_STATION", "external": false }, "geometry": { "type": "Point", "coordinates": [ -74.055355, 40.7170082 ] } },
{ "type": "Feature", "properties": { "name": "Unknown Gas Station", "lat": 40.7653483, "lon": -74.044181, "brand": "", "operator": "", "source": "osm", "type": "GAS_STATION", "external": false }, "geometry": { "type": "Point", "coordinates": [ -74.044181, 40.7653483 ] } },
{ "type": "Feature", "properties": { "name": "Gulf", "lat": 40.7386783, "lon": -73.8491932, "brand": "Gulf", "operator": "", "source": "osm", "type": "GAS_STATION", "external": false }, "geometry": { "type": "Point", "coordinates": [ -73.8491932, 40.7386783 ] } },
{ "type": "Feature", "properties": { "name": "Lukoil", "lat": 40.6551619, "lon": -73.83837, "brand": "Lukoil", "operator": "", "source": "osm", "type": "GAS_STATION", "external": false }, "geometry": { "type": "Point", "coordinates": [ -73.83837, 40.6551619 ] } },
{ "type": "Feature", "properties": { "name": "BP", "lat": 40.7406502, "lon": -73.9000951, "brand": "BP", "operator": "", "source": "osm", "type": "GAS_STATION", "external": false }, "geometry": { "type": "Point", "coordinates": [ -73.9000951, 40.7406502 ] } },
{ "type": "Feature", "properties": { "name": "Unknown Gas Station", "lat": 40.6828285, "lon": -73.8523893, "brand": "", "operator": "", "source": "osm", "type": "GAS_STATION", "external": false }, "geometry": { "type": "Point", "coordinates": [ -73.8523893, 40.6828285 ] } },
{ "type": "Feature", "properties": { "name": "Unknown Gas Station", "lat": 40.5957966, "lon": -73.7709825, "brand": "", "operator": "", "source": "osm", "type": "GAS_STATION", "external": false }, "geometry": { "type": "Point", "coordinates": [ -73.7709825, 40.5957966 ] } },
{ "type": "Feature", "properties": { "name": "Exxon", "lat": 40.812407, "lon": -74.1943056, "brand": "Exxon", "operator": "", "source": "osm", "type": "GAS_STATION", "external": false }, "geometry": { "type": "Point", "coordinates": [ -74.1943056, 40.812407 ] } },
{ "type": "Feature", "properties": { "name": "Sunoco", "lat": 40.82281, "lon": -74.028905, "brand": "Sunoco", "operator": "", "source": "osm", "type": "GAS_STATION", "external": false }, "geometry": { "type": "Point", "coordinates": [ -74.028905, 40.82281 ] } },
{ "type": "Feature", "properties": { "name": "Unknown Gas Station", "lat": 40.8219782, "lon": -74.0296239, "brand": "", "operator": "", "source": "osm", "type": "GAS_STATION", "external": false }, "geometry": { "type": "Point", "coordinates": [ -74.0296239, 40.8219782 ] } },
{ "type": "Feature", "properties": { "name": "Delta", "lat": 40.8316443, "lon": -74.009903, "brand": "Delta", "operator": "", "source": "osm", "type": "GAS_STATION", "external": false }, "geometry": { "type": "Point", "coordinates": [ -74.009903, 40.8316443 ] } },
{ "type": "Feature", "properties": { "name": "BP", "lat": 40.6065301, "lon": -73.7543886, "brand": "BP", "operator": "", "source": "osm", "type": "GAS_STATION", "external": false }, "geometry": { "type": "Point", "coordinates": [ -73.7543886, 40.6065301 ] } },
{ "type": "Feature", "properties": { "name": "Unknown Gas Station", "lat": 40.5940887, "lon": -73.7894719, "brand": "", "operator": "", "source": "osm", "type": "GAS_STATION", "external": false }, "geometry": { "type": "Point", "coordinates": [ -73.7894719, 40.5940887 ] } },
{ "type": "Feature", "properties": { "name": "Sunoco", "lat": 40.6219337, "lon": -74.1687691, "brand": "Sunoco", "operator": "", "source": "osm", "type": "GAS_STATION", "external": false }, "geometry": { "type": "Point", "coordinates": [ -74.1687691, 40.6219337 ] } },
{ "type": "Feature", "properties": { "name": "BP", "lat": 40.593865, "lon": -74.0864505, "brand": "BP", "operator": "", "source": "osm", "type": "GAS_STATION", "external": false }, "geometry": { "type": "Point", "coordinates": [ -74.0864505, 40.593865 ] } },
{ "type": "Feature", "properties": { "name": "Exxon", "lat": 40.8024809, "lon": -74.2478786, "brand": "Exxon", "operator": "", "source": "osm", "type": "GAS_STATION", "external": false }, "geometry": { "type": "Point", "coordinates": [ -74.2478786, 40.8024809 ] } },
{ "type": "Feature", "properties": { "name": "Shell", "lat": 40.5530982, "lon": -74.1426663, "brand": "Shell", "operator": "", "source": "osm", "type": "GAS_STATION", "external": false }, "geometry": { "type": "Point", "coordinates": [ -74.1426663, 40.5530982 ] } },
{ "type": "Feature", "properties": { "name": "Unknown Gas Station", "lat": 40.8046329, "lon": -73.9217136, "brand": "", "operator": "", "source": "osm", "type": "GAS_STATION", "external": false }, "geometry": { "type": "Point", "coordinates": [ -73.9217136, 40.8046329 ] } },
{ "type": "Feature", "properties": { "name": "Unknown Gas Station", "lat": 40.8707523, "lon": -73.8779006, "brand": "", "operator": "", "source": "osm", "type": "GAS_STATION", "external": false }, "geometry": { "type": "Point", "coordinates": [ -73.8779006, 40.8707523 ] } },
{ "type": "Feature", "properties": { "name": "BP", "lat": 40.8704657, "lon": -73.8786357, "brand": "BP", "operator": "", "source": "osm", "type": "GAS_STATION", "external": false }, "geometry": { "type": "Point", "coordinates": [ -73.8786357, 40.8704657 ] } },
{ "type": "Feature", "properties": { "name": "Unknown Gas Station", "lat": 40.8439326, "lon": -73.9027669, "brand": "", "operator": "", "source": "osm", "type": "GAS_STATION", "external": false }, "geometry": { "type": "Point", "coordinates": [ -73.9027669, 40.8439326 ] } },
{ "type": "Feature", "properties": { "name": "BP", "lat": 40.8128943, "lon": -74.1944952, "brand": "BP", "operator": "Agolia & Sons", "source": "osm", "type": "GAS_STATION", "external": false }, "geometry": { "type": "Point", "coordinates": [ -74.1944952, 40.8128943 ] } },
{ "type": "Feature", "properties": { "name": "Unknown Gas Station", "lat": 40.8529795, "lon": -73.8979267, "brand": "", "operator": "", "source": "osm", "type": "GAS_STATION", "external": false }, "geometry": { "type": "Point", "coordinates": [ -73.8979267, 40.8529795 ] } },
{ "type": "Feature", "properties": { "name": "Unknown Gas Station", "lat": 40.6730484, "lon": -73.7895841, "brand": "", "operator": "", "source": "osm", "type": "GAS_STATION", "external": false }, "geometry": { "type": "Point", "coordinates": [ -73.7895841, 40.6730484 ] } },
{ "type": "Feature", "properties": { "name": "Unknown Gas Station", "lat": 40.6214984, "lon": -73.9172389, "brand": "", "operator": "", "source": "osm", "type": "GAS_STATION", "external": false }, "geometry": { "type": "Point", "coordinates": [ -73.9172389, 40.6214984 ] } },
{ "type": "Feature", "properties": { "name": "Unknown Gas Station", "lat": 40.8794248, "lon": -73.8374607, "brand": "", "operator": "", "source": "osm", "type": "GAS_STATION", "external": false }, "geometry": { "type": "Point", "coordinates": [ -73.8374607, 40.8794248 ] } },
{ "type": "Feature", "properties": { "name": "Unknown Gas Station", "lat": 40.864755, "lon": -73.8356357, "brand": "", "operator": "", "source": "osm", "type": "GAS_STATION", "external": false }, "geometry": { "type": "Point", "coordinates": [ -73.8356357, 40.864755 ] } },
{ "type": "Feature", "properties": { "name": "Unknown Gas Station", "lat": 40.8651008, "lon": -73.8493647, "brand": "", "operator": "", "source": "osm", "type": "GAS_STATION", "external": false }, "geometry": { "type": "Point", "coordinates": [ -73.8493647, 40.8651008 ] } },
{ "type": "Feature", "properties": { "name": "Unknown Gas Station", "lat": 40.8653002, "lon": -73.8590473, "brand": "", "operator": "", "source": "osm", "type": "GAS_STATION", "external": false }, "geometry": { "type": "Point", "coordinates": [ -73.8590473, 40.8653002 ] } },
{ "type": "Feature", "properties": { "name": "Emporium", "lat": 40.7464958, "lon": -73.8563749, "brand": "", "operator": "", "source": "osm", "type": "GAS_STATION", "external": false }, "geometry": { "type": "Point", "coordinates": [ -73.8563749, 40.7464958 ] } },
{ "type": "Feature", "properties": { "name": "Unknown Gas Station", "lat": 40.7523407, "lon": -73.8528179, "brand": "", "operator": "", "source": "osm", "type": "GAS_STATION", "external": false }, "geometry": { "type": "Point", "coordinates": [ -73.8528179, 40.7523407 ] } },
{ "type": "Feature", "properties": { "name": "Speedway", "lat": 40.6324194, "lon": -74.2383122, "brand": "Speedway", "operator": "", "source": "osm", "type": "GAS_STATION", "external": false }, "geometry": { "type": "Point", "coordinates": [ -74.2383122, 40.6324194 ] } },
{ "type": "Feature", "properties": { "name": "Speedway", "lat": 40.7895367, "lon": -74.0507815, "brand": "Speedway", "operator": "", "source": "osm", "type": "GAS_STATION", "external": false }, "geometry": { "type": "Point", "coordinates": [ -74.0507815, 40.7895367 ] } },
{ "type": "Feature", "properties": { "name": "Speedway", "lat": 40.6746252, "lon": -74.1989377, "brand": "Speedway", "operator": "", "source": "osm", "type": "GAS_STATION", "external": false }, "geometry": { "type": "Point", "coordinates": [ -74.1989377, 40.6746252 ] } },
{ "type": "Feature", "properties": { "name": "Speedway", "lat": 40.7455904, "lon": -74.1645777, "brand": "Speedway", "operator": "", "source": "osm", "type": "GAS_STATION", "external": false }, "geometry": { "type": "Point", "coordinates": [ -74.1645777, 40.7455904 ] } },
{ "type": "Feature", "properties": { "name": "Unknown Gas Station", "lat": 40.6885731, "lon": -73.8753221, "brand": "", "operator": "", "source": "osm", "type": "GAS_STATION", "external": false }, "geometry": { "type": "Point", "coordinates": [ -73.8753221, 40.6885731 ] } },
{ "type": "Feature", "properties": { "name": "Gulf", "lat": 40.9174844, "lon": -73.8398048, "brand": "Gulf", "operator": "", "source": "osm", "type": "GAS_STATION", "external": false }, "geometry": { "type": "Point", "coordinates": [ -73.8398048, 40.9174844 ] } },
{ "type": "Feature", "properties": { "name": "Conoco", "lat": 40.9171674, "lon": -73.8408716, "brand": "Conoco", "operator": "", "source": "osm", "type": "GAS_STATION", "external": false }, "geometry": { "type": "Point", "coordinates": [ -73.8408716, 40.9171674 ] } },
{ "type": "Feature", "properties": { "name": "Unknown Gas Station", "lat": 40.9082413, "lon": -73.8300645, "brand": "", "operator": "", "source": "osm", "type": "GAS_STATION", "external": false }, "geometry": { "type": "Point", "coordinates": [ -73.8300645, 40.9082413 ] } },
{ "type": "Feature", "properties": { "name": "Unknown Gas Station", "lat": 40.6079527, "lon": -73.9251464, "brand": "", "operator": "", "source": "osm", "type": "GAS_STATION", "external": false }, "geometry": { "type": "Point", "coordinates": [ -73.9251464, 40.6079527 ] } },
{ "type": "Feature", "properties": { "name": "Unknown Gas Station", "lat": 40.9043173, "lon": -73.8351363, "brand": "", "operator": "", "source": "osm", "type": "GAS_STATION", "external": false }, "geometry": { "type": "Point", "coordinates": [ -73.8351363, 40.9043173 ] } },
{ "type": "Feature", "properties": { "name": "Unknown Gas Station", "lat": 40.9116625, "lon": -73.8230065, "brand": "", "operator": "", "source": "osm", "type": "GAS_STATION", "external": false }, "geometry": { "type": "Point", "coordinates": [ -73.8230065, 40.9116625 ] } },
{ "type": "Feature", "properties": { "name": "Unknown Gas Station", "lat": 40.8779673, "lon": -73.8676037, "brand": "", "operator": "", "source": "osm", "type": "GAS_STATION", "external": false }, "geometry": { "type": "Point", "coordinates": [ -73.8676037, 40.8779673 ] } },
{ "type": "Feature", "properties": { "name": "Unknown Gas Station", "lat": 40.8774054, "lon": -73.867633, "brand": "", "operator": "", "source": "osm", "type": "GAS_STATION", "external": false }, "geometry": { "type": "Point", "coordinates": [ -73.867633, 40.8774054 ] } },
{ "type": "Feature", "properties": { "name": "American Gas", "lat": 40.7124514, "lon": -73.8975278, "brand": "", "operator": "", "source": "osm", "type": "GAS_STATION", "external": false }, "geometry": { "type": "Point", "coordinates": [ -73.8975278, 40.7124514 ] } },
{ "type": "Feature", "properties": { "name": "Sunoco", "lat": 40.7141093, "lon": -73.9296547, "brand": "Sunoco", "operator": "", "source": "osm", "type": "GAS_STATION", "external": false }, "geometry": { "type": "Point", "coordinates": [ -73.9296547, 40.7141093 ] } },
{ "type": "Feature", "properties": { "name": "Mobil", "lat": 40.7380612, "lon": -73.8483548, "brand": "Mobil", "operator": "", "source": "osm", "type": "GAS_STATION", "external": false }, "geometry": { "type": "Point", "coordinates": [ -73.8483548, 40.7380612 ] } },
{ "type": "Feature", "properties": { "name": "BP", "lat": 40.6825425, "lon": -73.8063542, "brand": "BP", "operator": "", "source": "osm", "type": "GAS_STATION", "external": false }, "geometry": { "type": "Point", "coordinates": [ -73.8063542, 40.6825425 ] } },
{ "type": "Feature", "properties": { "name": "Speedway", "lat": 40.6588979, "lon": -73.8402573, "brand": "Speedway", "operator": "", "source": "osm", "type": "GAS_STATION", "external": false }, "geometry": { "type": "Point", "coordinates": [ -73.8402573, 40.6588979 ] } },
{ "type": "Feature", "properties": { "name": "Mobil", "lat": 40.5786422, "lon": -73.9855251, "brand": "Mobil", "operator": "", "source": "osm", "type": "GAS_STATION", "external": false }, "geometry": { "type": "Point", "coordinates": [ -73.9855251, 40.5786422 ] } },
{ "type": "Feature", "properties": { "name": "Speedway", "lat": 40.5787283, "lon": -73.9849082, "brand": "Speedway", "operator": "", "source": "osm", "type": "GAS_STATION", "external": false }, "geometry": { "type": "Point", "coordinates": [ -73.9849082, 40.5787283 ] } },
{ "type": "Feature", "properties": { "name": "Speedway", "lat": 40.6115848, "lon": -73.9249866, "brand": "Speedway", "operator": "", "source": "osm", "type": "GAS_STATION", "external": false }, "geometry": { "type": "Point", "coordinates": [ -73.9249866, 40.6115848 ] } },
{ "type": "Feature", "properties": { "name": "Speedway", "lat": 40.8994281, "lon": -73.8574961, "brand": "Speedway", "operator": "", "source": "osm", "type": "GAS_STATION", "external": false }, "geometry": { "type": "Point", "coordinates": [ -73.8574961, 40.8994281 ] } },
{ "type": "Feature", "properties": { "name": "Mobil", "lat": 40.6008257, "lon": -73.9344067, "brand": "Mobil", "operator": "", "source": "osm", "type": "GAS_STATION", "external": false }, "geometry": { "type": "Point", "coordinates": [ -73.9344067, 40.6008257 ] } },
{ "type": "Feature", "properties": { "name": "Unknown Gas Station", "lat": 40.6309786, "lon": -73.9198967, "brand": "", "operator": "", "source": "osm", "type": "GAS_STATION", "external": false }, "geometry": { "type": "Point", "coordinates": [ -73.9198967, 40.6309786 ] } },
{ "type": "Feature", "properties": { "name": "Unknown Gas Station", "lat": 40.9094695, "lon": -73.8460896, "brand": "", "operator": "", "source": "osm", "type": "GAS_STATION", "external": false }, "geometry": { "type": "Point", "coordinates": [ -73.8460896, 40.9094695 ] } },
{ "type": "Feature", "properties": { "name": "Unknown Gas Station", "lat": 40.845062, "lon": -73.9021702, "brand": "", "operator": "", "source": "osm", "type": "GAS_STATION", "external": false }, "geometry": { "type": "Point", "coordinates": [ -73.9021702, 40.845062 ] } },
{ "type": "Feature", "properties": { "name": "Unknown Gas Station", "lat": 40.8358111, "lon": -73.8900531, "brand": "", "operator": "", "source": "osm", "type": "GAS_STATION", "external": false }, "geometry": { "type": "Point", "coordinates": [ -73.8900531, 40.8358111 ] } },
{ "type": "Feature", "properties": { "name": "Conoco", "lat": 40.6531152, "lon": -73.8862559, "brand": "Conoco", "operator": "", "source": "osm", "type": "GAS_STATION", "external": false }, "geometry": { "type": "Point", "coordinates": [ -73.8862559, 40.6531152 ] } },
{ "type": "Feature", "properties": { "name": "Unknown Gas Station", "lat": 40.8262059, "lon": -73.8618777, "brand": "", "operator": "", "source": "osm", "type": "GAS_STATION", "external": false }, "geometry": { "type": "Point", "coordinates": [ -73.8618777, 40.8262059 ] } },
{ "type": "Feature", "properties": { "name": "Valero", "lat": 40.7951857, "lon": -74.1992468, "brand": "Valero", "operator": "", "source": "osm", "type": "GAS_STATION", "external": false }, "geometry": { "type": "Point", "coordinates": [ -74.1992468, 40.7951857 ] } },
{ "type": "Feature", "properties": { "name": "Valero", "lat": 40.797884, "lon": -74.1917046, "brand": "Valero", "operator": "", "source": "osm", "type": "GAS_STATION", "external": false }, "geometry": { "type": "Point", "coordinates": [ -74.1917046, 40.797884 ] } },
{ "type": "Feature", "properties": { "name": "Citgo", "lat": 40.714074, "lon": -73.8590647, "brand": "Citgo", "operator": "", "source": "osm", "type": "GAS_STATION", "external": false }, "geometry": { "type": "Point", "coordinates": [ -73.8590647, 40.714074 ] } },
{ "type": "Feature", "properties": { "name": "BP", "lat": 40.7443214, "lon": -73.9322778, "brand": "BP", "operator": "", "source": "osm", "type": "GAS_STATION", "external": false }, "geometry": { "type": "Point", "coordinates": [ -73.9322778, 40.7443214 ] } },
{ "type": "Feature", "properties": { "name": "Lukoil", "lat": 40.8504725, "lon": -74.0257261, "brand": "Lukoil", "operator": "", "source": "osm", "type": "GAS_STATION", "external": false }, "geometry": { "type": "Point", "coordinates": [ -74.0257261, 40.8504725 ] } },
{ "type": "Feature", "properties": { "name": "Speedway", "lat": 40.7297133, "lon": -73.7442067, "brand": "Speedway", "operator": "", "source": "osm", "type": "GAS_STATION", "external": false }, "geometry": { "type": "Point", "coordinates": [ -73.7442067, 40.7297133 ] } },
{ "type": "Feature", "properties": { "name": "Exxon", "lat": 40.7262186, "lon": -73.7898035, "brand": "Exxon", "operator": "", "source": "osm", "type": "GAS_STATION", "external": false }, "geometry": { "type": "Point", "coordinates": [ -73.7898035, 40.7262186 ] } },
{ "type": "Feature", "properties": { "name": "Speedway", "lat": 40.7272258, "lon": -74.2238299, "brand": "Speedway", "operator": "", "source": "osm", "type": "GAS_STATION", "external": false }, "geometry": { "type": "Point", "coordinates": [ -74.2238299, 40.7272258 ] } },
{ "type": "Feature", "properties": { "name": "Exxon", "lat": 40.7288053, "lon": -74.1708064, "brand": "Exxon", "operator": "", "source": "osm", "type": "GAS_STATION", "external": false }, "geometry": { "type": "Point", "coordinates": [ -74.1708064, 40.7288053 ] } },
{ "type": "Feature", "properties": { "name": "Mobil", "lat": 40.7223501, "lon": -74.1803453, "brand": "Mobil", "operator": "", "source": "osm", "type": "GAS_STATION", "external": false }, "geometry": { "type": "Point", "coordinates": [ -74.1803453, 40.7223501 ] } },
{ "type": "Feature", "properties": { "name": "Exxon", "lat": 40.8442007, "lon": -74.012749, "brand": "Exxon", "operator": "", "source": "osm", "type": "GAS_STATION", "external": false }, "geometry": { "type": "Point", "coordinates": [ -74.012749, 40.8442007 ] } },
{ "type": "Feature", "properties": { "name": "Unknown Gas Station", "lat": 40.8513628, "lon": -73.8949318, "brand": "", "operator": "", "source": "osm", "type": "GAS_STATION", "external": false }, "geometry": { "type": "Point", "coordinates": [ -73.8949318, 40.8513628 ] } },
{ "type": "Feature", "properties": { "name": "Unknown Gas Station", "lat": 40.8481675, "lon": -73.8833853, "brand": "", "operator": "", "source": "osm", "type": "GAS_STATION", "external": false }, "geometry": { "type": "Point", "coordinates": [ -73.8833853, 40.8481675 ] } },
{ "type": "Feature", "properties": { "name": "Unknown Gas Station", "lat": 40.8345604, "lon": -73.8662411, "brand": "", "operator": "", "source": "osm", "type": "GAS_STATION", "external": false }, "geometry": { "type": "Point", "coordinates": [ -73.8662411, 40.8345604 ] } },
{ "type": "Feature", "properties": { "name": "7-Eleven", "lat": 40.8501376, "lon": -74.1138117, "brand": "7-Eleven", "operator": "", "source": "osm", "type": "GAS_STATION", "external": false }, "geometry": { "type": "Point", "coordinates": [ -74.1138117, 40.8501376 ] } },
{ "type": "Feature", "properties": { "name": "enrite", "lat": 40.8519588, "lon": -74.0841476, "brand": "", "operator": "", "source": "osm", "type": "GAS_STATION", "external": false }, "geometry": { "type": "Point", "coordinates": [ -74.0841476, 40.8519588 ] } },
{ "type": "Feature", "properties": { "name": "Unknown Gas Station", "lat": 40.7214262, "lon": -73.8660966, "brand": "", "operator": "", "source": "osm", "type": "GAS_STATION", "external": false }, "geometry": { "type": "Point", "coordinates": [ -73.8660966, 40.7214262 ] } },
{ "type": "Feature", "properties": { "name": "BP", "lat": 40.6977797, "lon": -73.7620005, "brand": "", "operator": "", "source": "osm", "type": "GAS_STATION", "external": false }, "geometry": { "type": "Point", "coordinates": [ -73.7620005, 40.6977797 ] } },
{ "type": "Feature", "properties": { "name": "Unknown Gas Station", "lat": 40.8719441, "lon": -73.8909848, "brand": "", "operator": "", "source": "osm", "type": "GAS_STATION", "external": false }, "geometry": { "type": "Point", "coordinates": [ -73.8909848, 40.8719441 ] } },
{ "type": "Feature", "properties": { "name": "Unknown Gas Station", "lat": 40.7569972, "lon": -73.8701767, "brand": "", "operator": "", "source": "osm", "type": "GAS_STATION", "external": false }, "geometry": { "type": "Point", "coordinates": [ -73.8701767, 40.7569972 ] } },
{ "type": "Feature", "properties": { "name": "Mobil", "lat": 40.7956896, "lon": -73.9737622, "brand": "Mobil", "operator": "315 W 96 Service Center", "source": "osm", "type": "GAS_STATION", "external": false }, "geometry": { "type": "Point", "coordinates": [ -73.9737622, 40.7956896 ] } },
{ "type": "Feature", "properties": { "name": "Shell", "lat": 40.6294282, "lon": -74.113669, "brand": "Shell", "operator": "", "source": "osm", "type": "GAS_STATION", "external": false }, "geometry": { "type": "Point", "coordinates": [ -74.113669, 40.6294282 ] } },
{ "type": "Feature", "properties": { "name": "Conoco", "lat": 40.8986471, "lon": -74.16341, "brand": "Conoco", "operator": "", "source": "osm", "type": "GAS_STATION", "external": false }, "geometry": { "type": "Point", "coordinates": [ -74.16341, 40.8986471 ] } },
{ "type": "Feature", "properties": { "name": "Mobil", "lat": 40.6587213, "lon": -73.8912977, "brand": "Mobil", "operator": "", "source": "osm", "type": "GAS_STATION", "external": false }, "geometry": { "type": "Point", "coordinates": [ -73.8912977, 40.6587213 ] } },
{ "type": "Feature", "properties": { "name": "BP", "lat": 40.6590561, "lon": -73.8907217, "brand": "BP", "operator": "", "source": "osm", "type": "GAS_STATION", "external": false }, "geometry": { "type": "Point", "coordinates": [ -73.8907217, 40.6590561 ] } },
{ "type": "Feature", "properties": { "name": "Shell", "lat": 40.6667696, "lon": -73.7579445, "brand": "Shell", "operator": "", "source": "osm", "type": "GAS_STATION", "external": false }, "geometry": { "type": "Point", "coordinates": [ -73.7579445, 40.6667696 ] } },
{ "type": "Feature", "properties": { "name": "BP", "lat": 40.7436993, "lon": -73.7178869, "brand": "BP", "operator": "", "source": "osm", "type": "GAS_STATION", "external": false }, "geometry": { "type": "Point", "coordinates": [ -73.7178869, 40.7436993 ] } },
{ "type": "Feature", "properties": { "name": "Lukoil", "lat": 40.809974, "lon": -74.2600716, "brand": "Lukoil", "operator": "", "source": "osm", "type": "GAS_STATION", "external": false }, "geometry": { "type": "Point", "coordinates": [ -74.2600716, 40.809974 ] } },
{ "type": "Feature", "properties": { "name": "Exxon", "lat": 40.7929886, "lon": -74.269233, "brand": "Exxon", "operator": "", "source": "osm", "type": "GAS_STATION", "external": false }, "geometry": { "type": "Point", "coordinates": [ -74.269233, 40.7929886 ] } },
{ "type": "Feature", "properties": { "name": "Unknown Gas Station", "lat": 40.8737113, "lon": -73.8894636, "brand": "", "operator": "", "source": "osm", "type": "GAS_STATION", "external": false }, "geometry": { "type": "Point", "coordinates": [ -73.8894636, 40.8737113 ] } },
{ "type": "Feature", "properties": { "name": "76", "lat": 40.8543184, "lon": -73.854806, "brand": "76", "operator": "", "source": "osm", "type": "GAS_STATION", "external": false }, "geometry": { "type": "Point", "coordinates": [ -73.854806, 40.8543184 ] } },
{ "type": "Feature", "properties": { "name": "Shell", "lat": 40.6159507, "lon": -74.1041376, "brand": "Shell", "operator": "Shell", "source": "osm", "type": "GAS_STATION", "external": false }, "geometry": { "type": "Point", "coordinates": [ -74.1041376, 40.6159507 ] } },
{ "type": "Feature", "properties": { "name": "Unknown Gas Station", "lat": 40.7188959, "lon": -73.9026735, "brand": "", "operator": "", "source": "osm", "type": "GAS_STATION", "external": false }, "geometry": { "type": "Point", "coordinates": [ -73.9026735, 40.7188959 ] } },
{ "type": "Feature", "properties": { "name": "BP", "lat": 40.6529058, "lon": -73.8867069, "brand": "BP", "operator": "", "source": "osm", "type": "GAS_STATION", "external": false }, "geometry": { "type": "Point", "coordinates": [ -73.8867069, 40.6529058 ] } },
{ "type": "Feature", "properties": { "name": "BP", "lat": 40.5877314, "lon": -73.9494753, "brand": "BP", "operator": "", "source": "osm", "type": "GAS_STATION", "external": false }, "geometry": { "type": "Point", "coordinates": [ -73.9494753, 40.5877314 ] } },
{ "type": "Feature", "properties": { "name": "Unknown Gas Station", "lat": 40.7183717, "lon": -73.9478039, "brand": "", "operator": "", "source": "osm", "type": "GAS_STATION", "external": false }, "geometry": { "type": "Point", "coordinates": [ -73.9478039, 40.7183717 ] } },
{ "type": "Feature", "properties": { "name": "Unknown Gas Station", "lat": 40.8691629, "lon": -73.9073419, "brand": "", "operator": "", "source": "osm", "type": "GAS_STATION", "external": false }, "geometry": { "type": "Point", "coordinates": [ -73.9073419, 40.8691629 ] } },
{ "type": "Feature", "properties": { "name": "Mobil", "lat": 40.9105634, "lon": -73.889313, "brand": "Mobil", "operator": "", "source": "osm", "type": "GAS_STATION", "external": false }, "geometry": { "type": "Point", "coordinates": [ -73.889313, 40.9105634 ] } },
{ "type": "Feature", "properties": { "name": "Fuel 4", "lat": 40.8542769, "lon": -73.9847641, "brand": "", "operator": "", "source": "osm", "type": "GAS_STATION", "external": false }, "geometry": { "type": "Point", "coordinates": [ -73.9847641, 40.8542769 ] } },
{ "type": "Feature", "properties": { "name": "BP", "lat": 40.8574794, "lon": -73.9818645, "brand": "", "operator": "", "source": "osm", "type": "GAS_STATION", "external": false }, "geometry": { "type": "Point", "coordinates": [ -73.9818645, 40.8574794 ] } },
{ "type": "Feature", "properties": { "name": "Gulf Express of Fort Lee", "lat": 40.8570036, "lon": -73.9823869, "brand": "", "operator": "", "source": "osm", "type": "GAS_STATION", "external": false }, "geometry": { "type": "Point", "coordinates": [ -73.9823869, 40.8570036 ] } },
{ "type": "Feature", "properties": { "name": "BP", "lat": 40.7526721, "lon": -73.7025081, "brand": "BP", "operator": "", "source": "osm", "type": "GAS_STATION", "external": false }, "geometry": { "type": "Point", "coordinates": [ -73.7025081, 40.7526721 ] } },
{ "type": "Feature", "properties": { "name": "Unknown Gas Station", "lat": 40.7055762, "lon": -73.9269075, "brand": "", "operator": "", "source": "osm", "type": "GAS_STATION", "external": false }, "geometry": { "type": "Point", "coordinates": [ -73.9269075, 40.7055762 ] } },
{ "type": "Feature", "properties": { "name": "Conoco", "lat": 40.7648274, "lon": -73.8127078, "brand": "Conoco", "operator": "", "source": "osm", "type": "GAS_STATION", "external": false }, "geometry": { "type": "Point", "coordinates": [ -73.8127078, 40.7648274 ] } },
{ "type": "Feature", "properties": { "name": "Unknown Gas Station", "lat": 40.6886385, "lon": -73.7202908, "brand": "", "operator": "", "source": "osm", "type": "GAS_STATION", "external": false }, "geometry": { "type": "Point", "coordinates": [ -73.7202908, 40.6886385 ] } },
{ "type": "Feature", "properties": { "name": "Unknown Gas Station", "lat": 40.6883563, "lon": -73.7192434, "brand": "", "operator": "", "source": "osm", "type": "GAS_STATION", "external": false }, "geometry": { "type": "Point", "coordinates": [ -73.7192434, 40.6883563 ] } },
{ "type": "Feature", "properties": { "name": "QuickChek", "lat": 40.6838617, "lon": -74.0998103, "brand": "QuickChek", "operator": "", "source": "osm", "type": "GAS_STATION", "external": false }, "geometry": { "type": "Point", "coordinates": [ -74.0998103, 40.6838617 ] } },
{ "type": "Feature", "properties": { "name": "Delta", "lat": 40.868426, "lon": -74.191269, "brand": "Delta", "operator": "", "source": "osm", "type": "GAS_STATION", "external": false }, "geometry": { "type": "Point", "coordinates": [ -74.191269, 40.868426 ] } },
{ "type": "Feature", "properties": { "name": "BP", "lat": 40.6614661, "lon": -73.9609668, "brand": "BP", "operator": "", "source": "osm", "type": "GAS_STATION", "external": false }, "geometry": { "type": "Point", "coordinates": [ -73.9609668, 40.6614661 ] } },
{ "type": "Feature", "properties": { "name": "BP", "lat": 40.644399, "lon": -74.2117037, "brand": "BP", "operator": "", "source": "osm", "type": "GAS_STATION", "external": false }, "geometry": { "type": "Point", "coordinates": [ -74.2117037, 40.644399 ] } },
{ "type": "Feature", "properties": { "name": "Mobil", "lat": 40.6103417, "lon": -74.147311, "brand": "Mobil", "operator": "", "source": "osm", "type": "GAS_STATION", "external": false }, "geometry": { "type": "Point", "coordinates": [ -74.147311, 40.6103417 ] } },
{ "type": "Feature", "properties": { "name": "Spirit", "lat": 40.7182159, "lon": -73.940643, "brand": "", "operator": "", "source": "osm", "type": "GAS_STATION", "external": false }, "geometry": { "type": "Point", "coordinates": [ -73.940643, 40.7182159 ] } },
{ "type": "Feature", "properties": { "name": "Shell", "lat": 40.821979, "lon": -73.9405293, "brand": "Shell", "operator": "", "source": "osm", "type": "GAS_STATION", "external": false }, "geometry": { "type": "Point", "coordinates": [ -73.9405293, 40.821979 ] } },
{ "type": "Feature", "properties": { "name": "Delta", "lat": 40.8318755, "lon": -74.2281077, "brand": "Delta", "operator": "", "source": "osm", "type": "GAS_STATION", "external": false }, "geometry": { "type": "Point", "coordinates": [ -74.2281077, 40.8318755 ] } },
{ "type": "Feature", "properties": { "name": "Sunoco", "lat": 40.6636801, "lon": -74.2504889, "brand": "Sunoco", "operator": "", "source": "osm", "type": "GAS_STATION", "external": false }, "geometry": { "type": "Point", "coordinates": [ -74.2504889, 40.6636801 ] } },
{ "type": "Feature", "properties": { "name": "Unknown Gas Station", "lat": 40.6270389, "lon": -73.9418491, "brand": "", "operator": "", "source": "osm", "type": "GAS_STATION", "external": false }, "geometry": { "type": "Point", "coordinates": [ -73.9418491, 40.6270389 ] } },
{ "type": "Feature", "properties": { "name": "Mobil", "lat": 40.703716, "lon": -74.1950291, "brand": "Mobil", "operator": "", "source": "osm", "type": "GAS_STATION", "external": false }, "geometry": { "type": "Point", "coordinates": [ -74.1950291, 40.703716 ] } },
{ "type": "Feature", "properties": { "name": "Unknown Gas Station", "lat": 40.6293317, "lon": -73.9442691, "brand": "", "operator": "", "source": "osm", "type": "GAS_STATION", "external": false }, "geometry": { "type": "Point", "coordinates": [ -73.9442691, 40.6293317 ] } },
{ "type": "Feature", "properties": { "name": "Mobil", "lat": 40.5497783, "lon": -74.2214646, "brand": "Mobil", "operator": "", "source": "osm", "type": "GAS_STATION", "external": false }, "geometry": { "type": "Point", "coordinates": [ -74.2214646, 40.5497783 ] } },
{ "type": "Feature", "properties": { "name": "Sunoco", "lat": 40.6247688, "lon": -74.1437444, "brand": "Sunoco", "operator": "", "source": "osm", "type": "GAS_STATION", "external": false }, "geometry": { "type": "Point", "coordinates": [ -74.1437444, 40.6247688 ] } },
{ "type": "Feature", "properties": { "name": "Allegiance", "lat": 40.6268041, "lon": -74.1612242, "brand": "", "operator": "", "source": "osm", "type": "GAS_STATION", "external": false }, "geometry": { "type": "Point", "coordinates": [ -74.1612242, 40.6268041 ] } },
{ "type": "Feature", "properties": { "name": "Costco Gasoline", "lat": 40.6726875, "lon": -74.1053434, "brand": "Costco Gasoline", "operator": "", "source": "osm", "type": "GAS_STATION", "external": false }, "geometry": { "type": "Point", "coordinates": [ -74.1053434, 40.6726875 ] } },
{ "type": "Feature", "properties": { "name": "BP", "lat": 40.9142666, "lon": -73.8898426, "brand": "BP", "operator": "", "source": "osm", "type": "GAS_STATION", "external": false }, "geometry": { "type": "Point", "coordinates": [ -73.8898426, 40.9142666 ] } },
{ "type": "Feature", "properties": { "name": "Mobil", "lat": 40.6764132, "lon": -73.8900522, "brand": "Mobil", "operator": "", "source": "osm", "type": "GAS_STATION", "external": false }, "geometry": { "type": "Point", "coordinates": [ -73.8900522, 40.6764132 ] } },
{ "type": "Feature", "properties": { "name": "Shell", "lat": 40.5363879, "lon": -74.1511836, "brand": "Shell", "operator": "", "source": "osm", "type": "GAS_STATION", "external": false }, "geometry": { "type": "Point", "coordinates": [ -74.1511836, 40.5363879 ] } },
{ "type": "Feature", "properties": { "name": "Speedway", "lat": 40.7632346, "lon": -74.227003, "brand": "Speedway", "operator": "", "source": "osm", "type": "GAS_STATION", "external": false }, "geometry": { "type": "Point", "coordinates": [ -74.227003, 40.7632346 ] } }
]
}
