node_id,name,infra_type,borough,lat,lon,external,flood_moderate_current_depth_m,flood_moderate_2050_depth_m,flood_extreme_2080_depth_m
power_tap140970,Tap140970,power,NJ (external),40.738306,-74.097503,True,0.0,0.0,0.0
power_tap135491,Tap135491,power,Queens,40.662881,-73.708602,False,0.0,0.0,0.0
power_tap135492,Tap135492,power,Queens,40.637483,-73.733018,False,0.0,0.0,0.0
power_tap135493,Tap135493,power,Queens,40.661025,-73.702269,False,0.0,0.0,0.0
power_unknown162554,Unknown162554,power,NJ (external),40.747978,-74.174971,True,0.0,0.0,0.0
power_bergen,Bergen,power,Manhattan,40.834072,-74.016493,False,0.0,0.0,0.0
power_unknown132952,Unknown132952,power,Brooklyn,40.840297,-74.024355,False,0.0,0.0,0.0
power_unknown132953,Unknown132953,power,Brooklyn,40.838403,-74.021738,False,0.0,0.0,0.0
power_maywood,Maywood,power,NJ (external),40.899206,-74.070607,True,0.0,0.0,0.0
power_leonia,Leonia,power,Manhattan,40.868014,-73.991611,False,0.0,0.0,0.0
power_kingsland,Kingsland,power,NJ (external),40.791922,-74.117055,True,0.0,0.0,0.0
power_hvdc_b2b_station_hudson,Hvdc B2B Station Hudson,power,Manhattan,40.832063,-74.012567,False,0.0,0.0,0.0
power_saddle_brook,Saddle Brook,power,NJ (external),40.889048,-74.101109,True,0.0,0.0,0.0
power_essex,Essex,power,NJ (external),40.737196,-74.122388,True,0.0,0.0,0.0
power_newark_switching_station,Newark Switching Station,power,NJ (external),40.733065,-74.17775,True,0.0,0.0,0.0
power_federal_square,Federal Square,power,NJ (external),40.726577,-74.174614,True,0.0,0.0,0.0
power_marion_drive,Marion Drive,power,NJ (external),40.791962,-74.258283,True,0.0,0.0,0.0
power_west_orange,West Orange,power,NJ (external),40.789943,-74.257149,True,0.0,0.0,0.0
power_cedar_grove,Cedar Grove,power,NJ (external),40.868371,-74.221466,True,0.0,0.0,0.0
power_cook_road,Cook Road,power,NJ (external),40.811783,-74.178341,True,0.0,0.0,0.0
power_belleville,Belleville,power,NJ (external),40.802789,-74.142094,True,0.0,0.0,0.0
power_unknown132357,Unknown132357,power,NJ (external),40.763397,-74.055175,True,0.0,0.0,0.0
power_unknown132362,Unknown132362,power,NJ (external),40.78878,-74.035912,True,0.0,0.0,0.0
power_marion,Marion,power,NJ (external),40.746443,-74.069915,True,0.0,0.0,0.0
power_unknown132951,Unknown132951,power,NJ (external),40.744494,-74.072592,True,0.0,0.0,0.0
power_bayonne_switching_station,Bayonne Switching Station,power,NJ (external),40.694218,-74.105523,True,0.0,0.0,0.0
power_turnpike,Turnpike,power,NJ (external),40.760708,-74.117067,True,0.0,0.0,0.0
power_unknown140971,Unknown140971,power,NJ (external),40.716165,-74.054412,True,0.0,0.0,0.0
power_kearny,Kearny,power,NJ (external),40.73798,-74.098575,True,0.0,0.0,0.0
power_njt_meadowlands_rail_substaion,Njt Meadowlands Rail Substaion,power,NJ (external),40.74555,-74.102682,True,0.0,0.0,0.0
power_penhorn,Penhorn,power,NJ (external),40.749297,-74.073311,True,0.0,0.0,0.0
power_homestead,Homestead,power,NJ (external),40.77889,-74.04219,True,0.0,0.0,0.0
power_north_bergen,North Bergen,power,Brooklyn,40.8042,-74.025613,False,0.0,0.0,0.0
power_sewaren,Sewaren,power,Staten Island,40.556873,-74.248006,True,0.0,0.0,0.0
power_unknown140874,Unknown140874,power,Staten Island,40.560894,-74.252052,True,0.0,0.0,0.0
power_minue_street,Minue Street,power,Staten Island,40.59098,-74.237943,True,0.0,0.0,0.0
power_athenia_switching_station,Athenia Switching Station,power,NJ (external),40.861289,-74.158288,True,0.0,0.0,0.0
power_clifton,Clifton,power,NJ (external),40.855766,-74.164758,True,0.0,0.0,0.0
power_jackson_road,Jackson Road,power,NJ (external),40.906777,-74.245076,True,0.0,0.0,0.0
power_unknown132603,Unknown132603,power,Staten Island,40.634122,-74.21208,True,0.0,0.0,0.0
power_linden,Linden,power,Staten Island,40.624046,-74.211294,True,0.0,0.0,0.0
power_unknown132611,Unknown132611,power,Staten Island,40.621479,-74.210546,True,0.0,0.0,0.0
power_unknown132612,Unknown132612,power,Staten Island,40.621069,-74.208014,True,0.0,0.0,0.0
power_unknown133139,Unknown133139,power,Staten Island,40.63039,-74.214481,True,0.0,0.0,0.0
power_bayway,Bayway,power,Staten Island,40.644595,-74.205949,True,0.0,0.0,0.0
power_unknown133141,Unknown133141,power,Staten Island,40.64166,-74.233969,True,0.0,0.0,0.0
power_doremus_place,Doremus Place,power,NJ (external),40.696805,-74.222864,True,0.0,0.0,0.0
power_stanley_terrace,Stanley Terrace,power,NJ (external),40.712438,-74.266297,True,0.0,0.0,0.0
power_north_avenue,North Avenue,power,NJ (external),40.669202,-74.174234,True,0.0,0.0,0.0
power_bruckner,Bruckner,power,Queens,40.79907,-73.911085,False,0.0,0.0,0.0
power_tremont,Tremont,power,Bronx,40.842683,-73.863338,False,0.0,0.0,0.0
power_brownsville,Brownsville,power,Queens,40.669663,-73.898689,False,0.0,0.0,0.0
power_bensonhurst,Bensonhurst,power,Brooklyn,40.62157,-73.975929,False,0.0,0.0,0.0
power_east_64th_street,East 64Th Street,power,Brooklyn,40.619744,-73.917577,False,0.0,0.0,0.0
power_avenue_n,Avenue N,power,Brooklyn,40.618498,-73.93036,False,0.0,0.0,0.0
power_mill_avenue,Mill Avenue,power,Brooklyn,40.614537,-73.91334,False,0.0,0.0,0.0
power_east_83rd_street,East 83Rd Street,power,Brooklyn,40.628868,-73.902381,False,0.0,0.0,0.0
power_livonia_avenue,Livonia Avenue,power,Queens,40.665731,-73.889098,False,0.0,0.0,0.0
power_gowanus,Gowanus,power,Brooklyn,40.661952,-74.00302,False,0.0,0.0,0.0
power_hudson_avenue,Hudson Avenue,power,Manhattan,40.703809,-73.981736,False,0.0,0.0,0.0
power_farragut,Farragut,power,Manhattan,40.705099,-73.984511,False,0.0,0.0,0.0
power_water_street,Water Street,power,Manhattan,40.70337,-73.981883,False,0.0,0.0,0.0
power_unknown129540,Unknown129540,power,Queens,40.619067,-73.730887,False,0.0,0.0,0.0
power_unknown129559,Unknown129559,power,Queens,40.753776,-73.702743,False,0.0,0.0,0.0
power_great_neck,Great Neck,power,Queens,40.78875,-73.720569,False,0.0,0.0,0.0
power_lake_success,Lake Success,power,Queens,40.753227,-73.701455,False,0.0,0.0,0.0
power_hewlett,Hewlett,power,Queens,40.637035,-73.706032,False,0.0,0.0,0.0
power_central_avenue,Central Avenue,power,Queens,40.677097,-73.709712,False,0.0,0.0,0.0
power_woodmere,Woodmere,power,Queens,40.636997,-73.73267,False,0.0,0.0,0.0
power_east_13th_street,East 13Th Street,power,Manhattan,40.727544,-73.974622,False,0.0,0.0,0.8
power_parkview,Parkview,power,Manhattan,40.807746,-73.936556,False,0.0,0.0,0.0
power_leonard_street,Leonard Street,power,Manhattan,40.718405,-74.006499,False,0.0,0.0,0.0
power_west_65th_street,West 65Th Street,power,Manhattan,40.775838,-73.988088,False,0.0,0.0,0.0
power_east_36th_street,East 36Th Street,power,Manhattan,40.744947,-73.971336,False,0.0,0.0,0.0
power_west_19th_street,West 19Th Street,power,Manhattan,40.741239,-73.997332,False,0.0,0.0,0.0
power_east_63rd_street,East 63Rd Street,power,Manhattan,40.762891,-73.960986,False,0.0,0.0,0.0
power_unknown141001,Unknown141001,power,Manhattan,40.768692,-73.989235,False,0.0,0.0,0.0
power_east_75th_street,East 75Th Street,power,Manhattan,40.768436,-73.950459,False,0.0,0.0,0.0
power_west_49th_street,West 49Th Street,power,Manhattan,40.766003,-73.995884,False,0.0,0.0,0.0
power_cherry_street,Cherry Street,power,Manhattan,40.71137,-73.990686,False,0.0,0.0,0.0
power_unknown124169,Unknown124169,power,Queens,40.781786,-73.898094,False,0.0,0.0,0.0
power_west_astoria,West Astoria,power,Queens,40.787693,-73.909313,False,0.0,0.0,0.0
power_east_astoria,East Astoria,power,Queens,40.783834,-73.903404,False,0.0,0.0,0.0
power_unknown129913,Unknown129913,power,Queens,40.66809,-73.750045,False,0.0,0.0,0.0
power_north_queens,North Queens,power,Queens,40.78203,-73.90642,False,0.0,0.0,0.0
power_fresh_meadows,Fresh Meadows,power,Queens,40.739315,-73.796581,False,0.0,0.0,0.0
power_bayside,Bayside,power,Queens,40.7597,-73.770801,False,0.0,0.0,0.0
power_chisholm,Chisholm,power,Queens,40.784207,-73.85091,False,0.0,0.0,0.6
power_causeway,Causeway,power,Queens,40.778873,-73.841842,False,0.0,0.0,0.0
power_whitestone,Whitestone,power,Queens,40.788769,-73.812098,False,0.0,0.0,0.0
power_auburndale,Auburndale,power,Queens,40.776529,-73.799323,False,0.0,0.0,0.0
power_beechhurst,Beechhurst,power,Queens,40.785513,-73.795327,False,0.0,0.0,0.0
power_clearview,Clearview,power,Queens,40.777061,-73.780577,False,0.0,0.0,0.0
power_flushing,Flushing,power,Queens,40.76432,-73.836105,False,0.0,0.0,0.0
power_douglaston,Douglaston,power,Queens,40.765242,-73.742297,False,0.0,0.0,0.0
power_oakland,Oakland,power,Queens,40.747901,-73.762057,False,0.0,0.0,0.0
power_alley_park,Alley Park,power,Queens,40.743723,-73.761485,False,0.0,0.0,0.0
power_north_hills,North Hills,power,Queens,40.748655,-73.737385,False,0.0,0.0,0.0
power_parkway,Parkway,power,Queens,40.740315,-73.727556,False,0.0,0.0,0.0
power_glen_oaks,Glen Oaks,power,Queens,40.743869,-73.717185,False,0.0,0.0,0.0
power_floral_park,Floral Park,power,Queens,40.737338,-73.706952,False,0.0,0.0,0.0
power_hillcrest,Hillcrest,power,Queens,40.724261,-73.804405,False,0.0,0.0,0.6
power_cunningham,Cunningham,power,Queens,40.727957,-73.784047,False,0.0,0.0,0.0
power_union,Union,power,Queens,40.733507,-73.758461,False,0.0,0.0,0.0
power_hollis,Hollis,power,Queens,40.713359,-73.754879,False,0.0,0.0,0.0
power_far_rockaway,Far Rockaway,power,Queens,40.610457,-73.760113,False,0.0,0.0,0.0
power_rockaway_beach,Rockaway Beach,power,Queens,40.582748,-73.833805,False,0.0,0.0,0.0
power_long_island_railroad,Long Island Railroad,power,Queens,40.689093,-73.844535,False,0.0,0.0,0.0
power_creedmoor,Creedmoor,power,Queens,40.734041,-73.725193,False,0.0,0.0,0.0
power_unknown135514,Unknown135514,power,Queens,40.710588,-73.765709,False,0.0,0.0,0.0
power_151st_avenue,151St Avenue,power,Queens,40.66686,-73.855055,False,0.0,0.0,0.0
power_160th_avenue,160Th Avenue,power,Queens,40.65659,-73.847598,False,0.0,0.0,0.2
power_woodhaven,Woodhaven,power,Queens,40.689826,-73.843957,False,0.0,0.0,0.2
power_howard_beach,Howard Beach,power,Queens,40.662861,-73.840014,False,0.0,0.0,0.0
power_centerville,Centerville,power,Queens,40.674595,-73.836425,False,0.0,0.0,0.0
power_unknown135522,Unknown135522,power,Queens,40.695,-73.825216,False,0.0,0.0,0.0
power_aqueduct,Aqueduct,power,Queens,40.670203,-73.820353,False,0.0,0.0,0.0
power_lefferts,Lefferts,power,Queens,40.676572,-73.819117,False,0.0,0.0,0.0
power_sutphin,Sutphin,power,Queens,40.689023,-73.79547,False,0.0,0.0,0.0
power_unknown135527,Unknown135527,power,Queens,40.675857,-73.790621,False,0.0,0.0,0.0
power_brinkerhoff,Brinkerhoff,power,Queens,40.694661,-73.788007,False,0.0,0.0,0.2
power_cedar_manor,Cedar Manor,power,Queens,40.68897,-73.785155,False,0.0,0.0,0.0
power_springfield,Springfield,power,Queens,40.679005,-73.760878,False,0.0,0.0,0.0
power_146th_avenue,146Th Avenue,power,Queens,40.659925,-73.754632,False,0.0,0.0,0.0
power_montefiore,Montefiore,power,Queens,40.68385,-73.750845,False,0.0,0.0,0.0
power_cambria,Cambria,power,Queens,40.696534,-73.746753,False,0.0,0.0,0.0
power_rosedale,Rosedale,power,Queens,40.667987,-73.736795,False,0.0,0.0,0.0
power_253rd_place,253Rd Place,power,Queens,40.656705,-73.735228,False,0.0,0.0,0.0
power_unknown135536,Unknown135536,power,Queens,40.698385,-73.817154,False,0.0,0.0,0.0
power_newtown,Newtown,power,Manhattan,40.742985,-73.931549,False,0.0,0.0,0.0
power_rainey,Rainey,power,Manhattan,40.763225,-73.943026,False,0.0,0.0,0.0
power_vernon,Vernon,power,Manhattan,40.758136,-73.94693,False,0.0,0.0,0.2
power_queensbridge,Queensbridge,power,Manhattan,40.756291,-73.938231,False,0.0,0.0,0.2
power_unknown129920,Unknown129920,power,Staten Island,40.617016,-74.196186,True,0.0,0.0,0.0
power_fresh_kills,Fresh Kills,power,Staten Island,40.589217,-74.197199,True,0.0,0.0,0.0
power_willowbrook,Willowbrook,power,Staten Island,40.61078,-74.145625,True,0.0,0.0,0.0
power_woodrow,Woodrow,power,Staten Island,40.554765,-74.215258,True,0.0,0.0,0.0
power_unknown140881,Unknown140881,power,Staten Island,40.625811,-74.152363,True,0.0,0.0,0.0
power_westerleigh,Westerleigh,power,Staten Island,40.627945,-74.131252,True,0.0,0.0,0.0
power_odin,Odin,power,Staten Island,40.57583,-74.120582,True,0.0,0.0,0.0
power_clove_lakes,Clove Lakes,power,Staten Island,40.613745,-74.117513,True,0.0,0.0,0.0
power_naughton,Naughton,power,Staten Island,40.584812,-74.094491,True,0.0,0.0,0.0
power_silver_lake,Silver Lake,power,Staten Island,40.632145,-74.086458,True,0.0,0.0,0.0
power_dongan_hills,Dongan Hills,power,Staten Island,40.588836,-74.08525,True,0.0,0.0,0.0
power_seaside,Seaside,power,Staten Island,40.582019,-74.082423,True,0.0,0.0,0.0
power_wadsworth,Wadsworth,power,Staten Island,40.605521,-74.066495,True,0.0,0.0,0.6
power_howland_hook,Howland Hook,power,Staten Island,40.641255,-74.182207,True,0.0,0.0,0.0
power_port_richmond,Port Richmond,power,Staten Island,40.638959,-74.130389,True,0.0,0.0,0.0
power_unknown140894,Unknown140894,power,Staten Island,40.644853,-74.109304,True,0.0,0.0,0.0
power_new_brighton_substation,New Brighton Substation,power,Staten Island,40.645133,-74.093119,True,0.0,0.0,0.0
power_cedar_street,Cedar Street,power,Bronx,40.915055,-73.780337,False,0.0,0.0,0.0
power_foundry_street,Foundry Street,power,NJ (external),40.729223,-74.132881,True,0.0,0.0,0.0
power_central_ave,Central Ave,power,NJ (external),40.751188,-74.19967,True,0.0,0.0,0.0
power_irvington,Irvington,power,NJ (external),40.726386,-74.227625,True,0.0,0.0,0.0
power_unknown132353,Unknown132353,power,NJ (external),40.74483,-74.110364,True,0.0,0.0,0.0
power_harrison,Harrison,power,NJ (external),40.745051,-74.154276,True,0.0,0.0,0.0
power_unknown132602,Unknown132602,power,NJ (external),40.72035,-74.130971,True,0.0,0.0,0.0
power_unknown132351,Unknown132351,power,NJ (external),40.744941,-74.118577,True,0.0,0.0,0.0
power_port_street,Port Street,power,NJ (external),40.70355,-74.146369,True,0.0,0.0,0.0
power_clay_street,Clay Street,power,NJ (external),40.750472,-74.166841,True,0.0,0.0,0.0
power_unknown132349,Unknown132349,power,NJ (external),40.743336,-74.121096,True,0.0,0.0,0.0
power_ironbound,Ironbound,power,NJ (external),40.72202,-74.161182,True,0.0,0.0,0.0
power_mott_haven,Mott Haven,power,Bronx,40.808018,-73.906221,False,0.0,0.0,0.0
power_unknown133197,Unknown133197,power,NJ (external),40.732741,-74.048201,True,0.0,0.0,0.0
power_waverly,Waverly,power,NJ (external),40.690274,-74.198432,True,0.0,0.0,0.0
power_plank_road,Plank Road,power,NJ (external),40.734006,-74.132601,True,0.0,0.0,0.0
power_norfolk_street,Norfolk Street,power,NJ (external),40.738133,-74.186556,True,0.0,0.0,0.0
power_miller_st,Miller St,power,NJ (external),40.719192,-74.182135,True,0.0,0.0,0.0
power_unknown132358,Unknown132358,power,NJ (external),40.77185,-74.04387,True,0.0,0.0,0.0
power_unknown124209,Unknown124209,power,Brooklyn,40.662757,-73.999551,False,0.0,0.0,0.0
power_unknown132401,Unknown132401,power,NJ (external),40.826913,-74.169402,True,0.0,0.0,0.0
power_unknown132408,Unknown132408,power,NJ (external),40.863113,-74.199387,True,0.0,0.0,0.0
power_unknown132361,Unknown132361,power,NJ (external),40.740942,-74.041982,True,0.0,0.0,0.0
power_unknown132981,Unknown132981,power,Staten Island,40.565908,-74.248915,True,0.0,0.0,0.0
power_unknown140876,Unknown140876,power,Staten Island,40.612276,-74.226909,True,0.0,0.0,0.0
power_unknown132599,Unknown132599,power,NJ (external),40.7377,-74.125485,True,0.0,0.0,0.0
power_unknown133201,Unknown133201,power,NJ (external),40.707839,-74.127785,True,0.0,0.0,0.0
power_15th_street,15Th Street,power,NJ (external),40.753383,-74.19989,True,0.0,0.0,0.0
power_unknown132359,Unknown132359,power,NJ (external),40.735845,-74.043354,True,0.0,0.0,0.0
power_unknown135542,Unknown135542,power,NJ (external),40.769537,-74.041512,True,0.0,0.0,0.0
power_unknown133153,Unknown133153,power,NJ (external),40.882854,-74.229271,True,0.0,0.0,0.0
power_unknown162553,Unknown162553,power,NJ (external),40.735967,-74.121098,True,0.0,0.0,0.0
power_nineteenth_avenue,Nineteenth Avenue,power,NJ (external),40.731037,-74.209693,True,0.0,0.0,0.0
power_unknown132974,Unknown132974,power,NJ (external),40.757203,-74.030171,True,0.0,0.0,0.0
power_unknown162556,Unknown162556,power,Manhattan,40.795907,-73.995605,False,0.0,0.0,0.0
power_tap161815,Tap161815,power,Staten Island,40.644205,-74.200276,True,0.0,0.0,0.0
power_tap162555,Tap162555,power,NJ (external),40.747029,-74.175179,True,0.0,0.0,0.0
power_hell_gate,Hell Gate,power,Queens,40.799117,-73.909952,False,0.0,0.0,0.0
power_parkchester,Parkchester,power,Bronx,40.842055,-73.86337,False,0.0,0.0,0.0
power_east_179th_street,East 179Th Street,power,Bronx,40.849449,-73.893314,False,0.0,0.0,0.0
power_plymouth,Plymouth,power,Manhattan,40.703987,-73.983429,False,0.0,0.0,0.0
power_greenwood,Greenwood,power,Brooklyn,40.659291,-73.993781,False,0.0,0.0,0.0
power_unknown135537,Unknown135537,power,Queens,40.638354,-73.703231,False,0.0,0.0,0.0
power_cedarhurst,Cedarhurst,power,Queens,40.620275,-73.729048,False,0.0,0.0,0.0
power_unknown135513,Unknown135513,power,Queens,40.720422,-73.722995,False,0.0,0.0,0.0
power_academy,Academy,power,Bronx,40.86002,-73.919142,False,0.0,0.0,0.0
power_corona,Corona,power,Queens,40.740211,-73.862196,False,0.0,0.0,0.0
power_unknown135505,Unknown135505,power,Queens,40.679037,-73.77092,False,0.0,0.0,0.0
power_jamaica,Jamaica,power,Queens,40.699185,-73.813908,False,0.0,0.0,0.0
power_unknown135518,Unknown135518,power,Queens,40.688859,-73.844463,False,0.0,0.0,0.0
power_arverne,Arverne,power,Queens,40.592511,-73.78324,False,0.0,0.0,0.8
power_rockaway,Rockaway,power,Queens,40.675328,-73.805438,False,0.0,0.0,0.0
power_fox_hill,Fox Hill,power,Staten Island,40.610444,-74.077587,True,0.0,0.0,0.0
telecom_cluster_00000,AT&T cluster,telecom,Staten Island,40.5402,-74.2327,False,0.0,0.0,0.0
telecom_cluster_00001,AT&T cluster,telecom,Staten Island,40.5402,-74.232,False,0.0,0.0,0.0
telecom_cluster_00002,AT&T cluster,telecom,Staten Island,40.5443,-74.2273,False,0.0,0.0,0.0
telecom_cluster_00003,AT&T cluster,telecom,Staten Island,40.5575,-74.2663,False,0.0,0.0,0.0
telecom_cluster_00004,AT&T cluster,telecom,Staten Island,40.5594,-74.263925,False,0.0,0.0,0.0
telecom_cluster_00005,AT&T cluster,telecom,Staten Island,40.5592,-74.1971,False,0.0,0.0,0.0
telecom_cluster_00006,AT&T cluster,telecom,Staten Island,40.5641,-74.2641,False,0.0,0.0,0.0
telecom_cluster_00007,AT&T cluster,telecom,Staten Island,40.5642,-74.258625,False,0.0,0.0,0.0
telecom_cluster_00008,AT&T cluster,telecom,Staten Island,40.566833,-74.255433,False,0.0,0.0,0.0
telecom_cluster_00009,AT&T cluster,telecom,Staten Island,40.56275,-74.22535,False,0.0,0.0,0.0
telecom_cluster_00010,AT&T cluster,telecom,Staten Island,40.569433,-74.253633,False,0.0,0.0,0.0
telecom_cluster_00011,AT&T cluster,telecom,Staten Island,40.57085,-74.25195,False,0.0,0.0,0.0
telecom_cluster_00012,AT&T cluster,telecom,Staten Island,40.5699,-74.2257,False,0.0,0.0,0.0
telecom_cluster_00013,AT&T cluster,telecom,Staten Island,40.5726,-74.2548,False,0.0,0.0,0.0
telecom_cluster_00014,AT&T cluster,telecom,Staten Island,40.57534,-74.24936,False,0.0,0.0,0.0
telecom_cluster_00015,AT&T cluster,telecom,Brooklyn,40.5758,-74.009,False,0.0,0.0,0.2
telecom_cluster_00016,AT&T cluster,telecom,Staten Island,40.5785,-74.2532,False,0.0,0.0,0.0
telecom_cluster_00017,AT&T cluster,telecom,Staten Island,40.57975,-74.25025,False,0.0,0.0,0.0
telecom_cluster_00018,AT&T cluster,telecom,Staten Island,40.579111,-74.244667,False,0.0,0.0,0.0
telecom_cluster_00019,AT&T cluster,telecom,Staten Island,40.5821,-74.22295,False,0.0,0.0,0.0
telecom_cluster_00020,AT&T cluster,telecom,Brooklyn,40.578173,-73.973073,False,0.0,0.0,0.0
telecom_cluster_00021,AT&T cluster,telecom,Brooklyn,40.579,-73.9724,False,0.0,0.0,0.8
telecom_cluster_00022,AT&T cluster,telecom,Staten Island,40.5842,-74.252,False,0.0,0.0,0.0
telecom_cluster_00023,AT&T cluster,telecom,Brooklyn,40.5855,-73.9722,False,0.0,0.0,0.2
telecom_cluster_00024,AT&T cluster,telecom,Brooklyn,40.5864,-73.9657,False,0.0,0.0,0.0
telecom_cluster_00025,AT&T cluster,telecom,Brooklyn,40.5872,-73.9541,False,0.0,0.0,0.0
telecom_cluster_00026,AT&T cluster,telecom,Brooklyn,40.5854,-73.945,False,0.0,0.0,0.0
telecom_cluster_00027,AT&T cluster,telecom,Brooklyn,40.5865,-73.9378,False,0.0,0.0,0.6
telecom_cluster_00028,AT&T cluster,telecom,Staten Island,40.591333,-74.244767,False,0.0,0.0,0.0
telecom_cluster_00029,AT&T cluster,telecom,Staten Island,40.5909,-74.23665,False,0.0,0.0,0.0
telecom_cluster_00030,AT&T cluster,telecom,Brooklyn,40.5891,-73.961,False,0.0,0.0,0.0
telecom_cluster_00031,AT&T cluster,telecom,Brooklyn,40.589467,-73.9537,False,0.0,0.0,0.0
telecom_cluster_00032,AT&T cluster,telecom,Brooklyn,40.5893,-73.95017,False,0.0,0.0,0.2
telecom_cluster_00033,AT&T cluster,telecom,Brooklyn,40.590325,-73.94425,False,0.0,0.0,0.0
telecom_cluster_00034,AT&T cluster,telecom,Brooklyn,40.5925,-73.942,False,0.0,0.0,0.0
telecom_cluster_00035,AT&T cluster,telecom,Staten Island,40.5975,-74.2678,False,0.0,0.0,0.0
telecom_cluster_00036,AT&T cluster,telecom,Staten Island,40.5954,-74.25385,False,0.0,0.0,0.0
telecom_cluster_00037,AT&T cluster,telecom,Staten Island,40.5968,-74.2525,False,0.0,0.0,0.0
telecom_cluster_00038,AT&T cluster,telecom,Staten Island,40.5941,-74.2426,False,0.0,0.0,0.0
telecom_cluster_00039,AT&T cluster,telecom,Staten Island,40.5939,-74.2396,False,0.0,0.0,0.0
telecom_cluster_00040,AT&T cluster,telecom,Staten Island,40.595183,-74.234333,False,0.0,0.0,0.0
telecom_cluster_00041,AT&T cluster,telecom,Staten Island,40.59455,-74.2301,False,0.0,0.0,0.0
telecom_cluster_00042,AT&T cluster,telecom,Brooklyn,40.5964,-74.0017,False,0.0,0.0,0.0
telecom_cluster_00043,AT&T cluster,telecom,Brooklyn,40.5942,-73.9549,False,0.0,0.0,0.0
telecom_cluster_00044,AT&T cluster,telecom,Brooklyn,40.5928,-73.9416,False,0.0,0.0,0.0
telecom_cluster_00045,AT&T cluster,telecom,Staten Island,40.60055,-74.23105,False,0.0,0.0,0.0
telecom_cluster_00046,AT&T cluster,telecom,Brooklyn,40.5995,-73.955967,False,0.0,0.0,0.0
telecom_cluster_00047,AT&T cluster,telecom,Staten Island,40.6031,-74.2541,False,0.0,0.0,0.0
telecom_cluster_00048,AT&T cluster,telecom,Staten Island,40.60535,-74.228,False,0.0,0.0,0.0
telecom_cluster_00049,AT&T cluster,telecom,Staten Island,40.607,-74.226833,False,0.0,0.0,0.0
telecom_cluster_00050,AT&T cluster,telecom,Staten Island,40.6052,-74.0687,False,0.0,0.0,0.0
telecom_cluster_00051,AT&T cluster,telecom,Brooklyn,40.6041,-73.956833,False,0.0,0.0,0.0
telecom_cluster_00052,AT&T cluster,telecom,Staten Island,40.6085,-74.2676,False,0.0,0.0,0.0
telecom_cluster_00053,AT&T cluster,telecom,Staten Island,40.608333,-74.226,False,0.0,0.0,0.0
telecom_cluster_00054,AT&T cluster,telecom,Staten Island,40.6085,-74.1344,False,0.0,0.0,0.0
telecom_cluster_00055,AT&T cluster,telecom,Staten Island,40.6099,-74.1325,False,0.0,0.0,0.0
telecom_cluster_00056,AT&T cluster,telecom,Brooklyn,40.6116,-73.9583,False,0.0,0.0,0.0
telecom_cluster_00057,AT&T cluster,telecom,Brooklyn,40.6076,-73.9575,False,0.0,0.0,0.0
telecom_cluster_00058,AT&T cluster,telecom,Staten Island,40.614,-74.2684,False,0.0,0.0,0.0
telecom_cluster_00059,AT&T cluster,telecom,Staten Island,40.6166,-74.2536,False,0.0,0.0,0.0
telecom_cluster_00060,AT&T cluster,telecom,Staten Island,40.6159,-74.2215,False,0.0,0.0,0.0
telecom_cluster_00061,AT&T cluster,telecom,Brooklyn,40.6137,-73.9587,False,0.0,0.0,0.0
telecom_cluster_00062,AT&T cluster,telecom,Staten Island,40.620325,-74.261475,False,0.0,0.0,0.0
telecom_cluster_00063,AT&T cluster,telecom,Staten Island,40.6175,-74.2541,False,0.0,0.0,0.0
telecom_cluster_00064,AT&T cluster,telecom,Staten Island,40.622,-74.2461,False,0.0,0.0,0.0
telecom_cluster_00065,AT&T cluster,telecom,Staten Island,40.6194,-74.21934,False,0.0,0.0,0.0
telecom_cluster_00066,AT&T cluster,telecom,Staten Island,40.6216,-74.1807,False,0.0,0.8,0.8
telecom_cluster_00067,AT&T cluster,telecom,Brooklyn,40.61985,-73.9598,False,0.0,0.0,0.0
telecom_cluster_00068,AT&T cluster,telecom,Staten Island,40.6261,-74.2554,False,0.0,0.0,0.0
telecom_cluster_00069,AT&T cluster,telecom,Staten Island,40.62665,-74.2413,False,0.0,0.0,0.0
telecom_cluster_00070,AT&T cluster,telecom,Staten Island,40.6237,-74.2208,False,0.0,0.0,0.0
telecom_cluster_00071,AT&T cluster,telecom,Staten Island,40.624825,-74.2158,False,0.0,0.0,0.0
telecom_cluster_00072,AT&T cluster,telecom,Staten Island,40.62555,-74.184,False,0.0,0.0,0.0
telecom_cluster_00073,AT&T cluster,telecom,Staten Island,40.6263,-74.1808,False,0.0,0.0,0.0
telecom_cluster_00074,AT&T cluster,telecom,Staten Island,40.6241,-74.1767,False,0.0,0.0,0.0
telecom_cluster_00075,AT&T cluster,telecom,Staten Island,40.626,-74.1452,False,0.0,0.0,0.0
telecom_cluster_00076,AT&T cluster,telecom,Brooklyn,40.6254,-73.9609,False,0.0,0.0,0.0
telecom_cluster_00077,AT&T cluster,telecom,Queens,40.6272,-73.7229,False,0.0,0.0,0.0
telecom_cluster_00078,AT&T cluster,telecom,Staten Island,40.62895,-74.25365,False,0.0,0.0,0.0
telecom_cluster_00079,AT&T cluster,telecom,Staten Island,40.6307,-74.25055,False,0.0,0.0,0.0
telecom_cluster_00080,AT&T cluster,telecom,Staten Island,40.629633,-74.213267,False,0.0,0.0,0.0
telecom_cluster_00081,AT&T cluster,telecom,Staten Island,40.6315,-74.2119,False,0.0,0.0,0.0
telecom_cluster_00082,AT&T cluster,telecom,Staten Island,40.628467,-74.184133,False,0.0,0.0,0.0
telecom_cluster_00083,AT&T cluster,telecom,Brooklyn,40.63,-73.9618,False,0.0,0.0,0.0
telecom_cluster_00084,AT&T cluster,telecom,Brooklyn,40.63195,-73.947,False,0.0,0.0,0.0
telecom_cluster_00085,AT&T cluster,telecom,Brooklyn,40.6301,-73.9046,False,0.0,0.0,0.0
telecom_cluster_00086,AT&T cluster,telecom,Queens,40.63185,-73.7759,False,0.0,0.0,0.0
telecom_cluster_00087,AT&T cluster,telecom,Queens,40.629275,-73.771475,False,0.0,0.0,0.0
telecom_cluster_00088,AT&T cluster,telecom,Queens,40.6279,-73.7393,False,0.0,0.0,0.0
telecom_cluster_00089,AT&T cluster,telecom,Staten Island,40.63578,-74.24516,False,0.0,0.0,0.0
telecom_cluster_00090,AT&T cluster,telecom,Staten Island,40.634838,-74.20985,False,0.0,0.0,0.0
telecom_cluster_00091,AT&T cluster,telecom,Staten Island,40.637,-74.1936,False,0.0,0.0,0.0
telecom_cluster_00092,AT&T cluster,telecom,Staten Island,40.63445,-74.1857,False,0.0,0.0,0.0
telecom_cluster_00093,AT&T cluster,telecom,Staten Island,40.6332,-74.1463,False,0.0,0.0,0.0
telecom_cluster_00094,AT&T cluster,telecom,Staten Island,40.6373,-74.0352,False,0.0,0.0,0.0
telecom_cluster_00095,AT&T cluster,telecom,Brooklyn,40.635425,-73.962708,False,0.0,0.0,0.0
telecom_cluster_00096,AT&T cluster,telecom,Brooklyn,40.6352,-73.961736,False,0.0,0.0,0.0
telecom_cluster_00097,AT&T cluster,telecom,Brooklyn,40.6372,-73.9571,False,0.0,0.0,0.0
telecom_cluster_00098,AT&T cluster,telecom,Brooklyn,40.634,-73.9492,False,0.0,0.0,0.0
telecom_cluster_00099,AT&T cluster,telecom,Queens,40.635825,-73.783125,False,0.0,0.0,0.0
telecom_cluster_00100,AT&T cluster,telecom,Queens,40.63566,-73.78108,False,0.0,0.0,0.0
telecom_cluster_00101,AT&T cluster,telecom,Queens,40.6371,-73.7766,False,0.0,0.0,0.0
telecom_cluster_00102,AT&T cluster,telecom,Queens,40.6357,-73.7153,False,0.0,0.0,0.0
telecom_cluster_00103,AT&T cluster,telecom,Staten Island,40.6379,-74.2429,False,0.0,0.0,0.0
telecom_cluster_00104,AT&T cluster,telecom,Staten Island,40.640175,-74.240475,False,0.0,0.0,0.0
telecom_cluster_00105,AT&T cluster,telecom,Staten Island,40.6385,-74.2078,False,0.0,0.0,0.0
telecom_cluster_00106,AT&T cluster,telecom,Staten Island,40.63876,-74.20598,False,0.0,0.0,0.0
telecom_cluster_00107,AT&T cluster,telecom,Staten Island,40.6381,-74.19405,False,0.0,0.0,0.0
telecom_cluster_00108,AT&T cluster,telecom,Staten Island,40.6403,-74.1922,False,0.0,0.0,0.0
telecom_cluster_00109,AT&T cluster,telecom,Staten Island,40.6383,-74.1811,False,0.0,0.0,0.0
telecom_cluster_00110,AT&T cluster,telecom,Staten Island,40.6393,-74.1348,False,0.0,0.0,0.0
telecom_cluster_00111,AT&T cluster,telecom,Staten Island,40.6397,-74.1226,False,0.0,0.0,0.0
telecom_cluster_00112,AT&T cluster,telecom,Staten Island,40.64035,-74.1211,False,0.0,0.0,0.0
telecom_cluster_00113,AT&T cluster,telecom,Brooklyn,40.6405,-73.963667,False,0.0,0.0,0.0
telecom_cluster_00114,AT&T cluster,telecom,Brooklyn,40.638667,-73.957933,False,0.0,0.0,0.0
telecom_cluster_00115,AT&T cluster,telecom,Brooklyn,40.63932,-73.955725,False,0.0,0.0,0.0
telecom_cluster_00116,AT&T cluster,telecom,Queens,40.6421,-73.8029,False,0.0,0.0,0.0
telecom_cluster_00117,AT&T cluster,telecom,Queens,40.6412,-73.7976,False,0.0,0.0,0.0
telecom_cluster_00118,AT&T cluster,telecom,Queens,40.639567,-73.7804,False,0.0,0.0,0.0
telecom_cluster_00119,AT&T cluster,telecom,Queens,40.641267,-73.776167,False,0.0,0.0,0.0
telecom_cluster_00120,AT&T cluster,telecom,Queens,40.64185,-73.744,False,0.0,0.0,0.8
telecom_cluster_00121,AT&T cluster,telecom,Queens,40.6422,-73.7081,False,0.0,0.0,0.0
telecom_cluster_00122,AT&T cluster,telecom,Staten Island,40.644333,-74.2361,False,0.0,0.0,0.0
telecom_cluster_00123,AT&T cluster,telecom,Staten Island,40.645,-74.2165,False,0.0,0.0,0.0
telecom_cluster_00124,AT&T cluster,telecom,Staten Island,40.6436,-74.21025,False,0.0,0.0,0.0
telecom_cluster_00125,AT&T cluster,telecom,Staten Island,40.645178,-74.2036,False,0.0,0.0,0.0
telecom_cluster_00126,AT&T cluster,telecom,Staten Island,40.646867,-74.201533,False,0.0,0.0,0.0
telecom_cluster_00127,AT&T cluster,telecom,Staten Island,40.64295,-74.197,False,0.0,0.0,0.0
telecom_cluster_00128,AT&T cluster,telecom,Staten Island,40.643,-74.1433,False,0.0,0.0,0.0
telecom_cluster_00129,AT&T cluster,telecom,Staten Island,40.6467,-74.0865,False,0.0,0.0,0.0
telecom_cluster_00130,AT&T cluster,telecom,Brooklyn,40.6462,-74.0112,False,0.0,0.0,0.0
telecom_cluster_00131,AT&T cluster,telecom,Brooklyn,40.6462,-73.9841,False,0.0,0.0,0.6
telecom_cluster_00132,AT&T cluster,telecom,Brooklyn,40.64502,-73.97924,False,0.0,0.0,0.0
telecom_cluster_00133,AT&T cluster,telecom,Brooklyn,40.6454,-73.9746,False,0.0,0.0,0.0
telecom_cluster_00134,AT&T cluster,telecom,Brooklyn,40.64515,-73.97175,False,0.0,0.0,0.0
telecom_cluster_00135,AT&T cluster,telecom,Brooklyn,40.6441,-73.96545,False,0.0,0.0,0.2
telecom_cluster_00136,AT&T cluster,telecom,Brooklyn,40.6453,-73.960633,False,0.0,0.0,0.0
telecom_cluster_00137,AT&T cluster,telecom,Queens,40.6467,-73.8129,False,0.0,0.0,0.0
telecom_cluster_00138,AT&T cluster,telecom,Queens,40.6463,-73.8083,False,0.0,0.0,0.0
telecom_cluster_00139,AT&T cluster,telecom,Queens,40.64415,-73.8039,False,0.0,0.0,0.0
telecom_cluster_00140,AT&T cluster,telecom,Queens,40.64655,-73.78975,False,0.0,0.0,0.0
telecom_cluster_00141,AT&T cluster,telecom,Queens,40.64388,-73.78022,False,0.0,0.0,0.0
telecom_cluster_00142,AT&T cluster,telecom,Queens,40.6474,-73.7745,False,0.0,0.0,0.0
telecom_cluster_00143,AT&T cluster,telecom,Staten Island,40.648867,-74.2314,False,0.0,0.0,0.0
telecom_cluster_00144,AT&T cluster,telecom,Staten Island,40.6483,-74.215267,False,0.0,0.0,0.0
telecom_cluster_00145,AT&T cluster,telecom,Staten Island,40.648767,-74.200633,False,0.0,0.0,0.0
telecom_cluster_00146,AT&T cluster,telecom,NJ (external),40.652,-74.1959,False,0.0,0.0,0.0
telecom_cluster_00147,AT&T cluster,telecom,Brooklyn,40.6476,-73.9831,False,0.0,0.0,0.0
telecom_cluster_00148,AT&T cluster,telecom,Brooklyn,40.648932,-73.979368,False,0.0,0.0,0.2
telecom_cluster_00149,AT&T cluster,telecom,Brooklyn,40.649844,-73.975778,False,0.0,0.0,0.0
telecom_cluster_00150,AT&T cluster,telecom,Brooklyn,40.648533,-73.97085,False,0.0,0.0,0.0
telecom_cluster_00151,AT&T cluster,telecom,Brooklyn,40.649675,-73.964175,False,0.0,0.0,0.2
telecom_cluster_00152,AT&T cluster,telecom,Brooklyn,40.649767,-73.961633,False,0.0,0.0,0.0
telecom_cluster_00153,AT&T cluster,telecom,Queens,40.64905,-73.81545,False,0.0,0.0,0.0
telecom_cluster_00154,AT&T cluster,telecom,Queens,40.6489,-73.7904,False,0.0,0.0,0.0
telecom_cluster_00155,AT&T cluster,telecom,Queens,40.6493,-73.779,False,0.0,0.0,0.0
telecom_cluster_00156,AT&T cluster,telecom,NJ (external),40.657,-74.2512,False,0.0,0.0,0.0
telecom_cluster_00157,AT&T cluster,telecom,NJ (external),40.65496,-74.2252,False,0.0,0.0,0.0
telecom_cluster_00158,AT&T cluster,telecom,NJ (external),40.6574,-74.2224,False,0.0,0.0,0.0
telecom_cluster_00159,AT&T cluster,telecom,NJ (external),40.653338,-74.193538,False,0.0,0.0,0.0
telecom_cluster_00160,AT&T cluster,telecom,NJ (external),40.655243,-74.190514,False,0.0,0.0,0.0
telecom_cluster_00161,AT&T cluster,telecom,NJ (external),40.6531,-74.183,False,0.0,0.0,0.0
telecom_cluster_00162,AT&T cluster,telecom,NJ (external),40.65605,-74.17975,False,0.0,0.0,0.0
telecom_cluster_00163,AT&T cluster,telecom,NJ (external),40.654,-74.1376,False,0.0,0.0,0.0
telecom_cluster_00164,AT&T cluster,telecom,Brooklyn,40.6566,-73.9856,False,0.0,0.0,0.0
telecom_cluster_00165,AT&T cluster,telecom,Brooklyn,40.655086,-73.979771,False,0.0,0.0,0.0
telecom_cluster_00166,AT&T cluster,telecom,Brooklyn,40.6529,-73.9761,False,0.0,0.0,0.0
telecom_cluster_00167,AT&T cluster,telecom,Brooklyn,40.654725,-73.964275,False,0.0,0.0,0.0
telecom_cluster_00168,AT&T cluster,telecom,Brooklyn,40.654967,-73.9617,False,0.0,0.0,0.0
telecom_cluster_00169,AT&T cluster,telecom,Queens,40.6564,-73.7636,False,0.0,0.0,0.0
telecom_cluster_00170,AT&T cluster,telecom,Queens,40.6545,-73.762,False,0.0,0.0,0.0
telecom_cluster_00171,AT&T cluster,telecom,Queens,40.6542,-73.7435,False,0.0,0.0,0.0
telecom_cluster_00172,AT&T cluster,telecom,NJ (external),40.6617,-74.26615,False,0.0,0.0,0.0
telecom_cluster_00173,AT&T cluster,telecom,NJ (external),40.6587,-74.2553,False,0.0,0.0,0.0
telecom_cluster_00174,AT&T cluster,telecom,NJ (external),40.660267,-74.2511,False,0.0,0.0,0.0
telecom_cluster_00175,AT&T cluster,telecom,NJ (external),40.659667,-74.220367,False,0.0,0.0,0.0
telecom_cluster_00176,AT&T cluster,telecom,NJ (external),40.6599,-74.2137,False,0.0,0.0,0.0
telecom_cluster_00177,AT&T cluster,telecom,NJ (external),40.658033,-74.2097,False,0.0,0.0,0.0
telecom_cluster_00178,AT&T cluster,telecom,NJ (external),40.6584,-74.18795,False,0.0,0.0,0.0
telecom_cluster_00179,AT&T cluster,telecom,NJ (external),40.660386,-74.185743,False,0.0,0.0,0.0
telecom_cluster_00180,AT&T cluster,telecom,NJ (external),40.6594,-74.1816,False,0.0,0.0,0.0
telecom_cluster_00181,AT&T cluster,telecom,NJ (external),40.6624,-74.1505,False,0.0,0.0,0.0
telecom_cluster_00182,AT&T cluster,telecom,NJ (external),40.6608,-74.126,False,0.0,0.0,0.0
telecom_cluster_00183,AT&T cluster,telecom,Brooklyn,40.660833,-73.989,False,0.0,0.0,0.0
telecom_cluster_00184,AT&T cluster,telecom,Brooklyn,40.6595,-73.9855,False,0.0,0.0,0.0
telecom_cluster_00185,AT&T cluster,telecom,Brooklyn,40.6594,-73.981329,False,0.0,0.0,0.0
telecom_cluster_00186,AT&T cluster,telecom,Brooklyn,40.6611,-73.9648,False,0.0,0.0,0.0
telecom_cluster_00187,AT&T cluster,telecom,Brooklyn,40.661164,-73.961973,False,0.0,0.0,0.0
telecom_cluster_00188,AT&T cluster,telecom,Brooklyn,40.65885,-73.95435,False,0.0,0.0,0.0
telecom_cluster_00189,AT&T cluster,telecom,Brooklyn,40.6596,-73.9501,False,0.0,0.0,0.0
telecom_cluster_00190,AT&T cluster,telecom,Queens,40.6618,-73.79325,False,0.0,0.0,0.0
telecom_cluster_00191,AT&T cluster,telecom,Queens,40.659433,-73.771233,False,0.0,0.0,0.0
telecom_cluster_00192,AT&T cluster,telecom,Queens,40.662,-73.7595,False,0.0,0.0,0.0
telecom_cluster_00193,AT&T cluster,telecom,Queens,40.66,-73.7558,False,0.0,0.0,0.0
telecom_cluster_00194,AT&T cluster,telecom,Queens,40.65925,-73.701,False,0.0,0.0,0.0
telecom_cluster_00195,AT&T cluster,telecom,NJ (external),40.6656,-74.2623,False,0.0,0.0,0.0
telecom_cluster_00196,AT&T cluster,telecom,NJ (external),40.66485,-74.2485,False,0.0,0.0,0.0
telecom_cluster_00197,AT&T cluster,telecom,NJ (external),40.6647,-74.216733,False,0.0,0.0,0.0
telecom_cluster_00198,AT&T cluster,telecom,NJ (external),40.665867,-74.188367,False,0.0,0.0,0.0
telecom_cluster_00199,AT&T cluster,telecom,NJ (external),40.663775,-74.18445,False,0.0,0.0,0.0
telecom_cluster_00200,AT&T cluster,telecom,NJ (external),40.6671,-74.1804,False,0.0,0.0,0.0
telecom_cluster_00201,AT&T cluster,telecom,NJ (external),40.665,-74.1639,False,0.0,0.0,0.0
telecom_cluster_00202,AT&T cluster,telecom,NJ (external),40.6672,-74.1609,False,0.0,0.0,0.0
telecom_cluster_00203,AT&T cluster,telecom,NJ (external),40.6674,-74.1473,False,0.0,0.0,0.0
telecom_cluster_00204,AT&T cluster,telecom,NJ (external),40.6674,-74.0842,False,0.0,0.0,0.0
telecom_cluster_00205,AT&T cluster,telecom,NJ (external),40.6671,-74.0818,False,0.0,0.0,0.0
telecom_cluster_00206,AT&T cluster,telecom,Brooklyn,40.66545,-73.99425,False,0.0,0.0,0.0
telecom_cluster_00207,AT&T cluster,telecom,Brooklyn,40.665525,-73.99075,False,0.0,0.0,0.0
telecom_cluster_00208,AT&T cluster,telecom,Brooklyn,40.665254,-73.985162,False,0.0,0.0,0.0
telecom_cluster_00209,AT&T cluster,telecom,Brooklyn,40.665817,-73.979517,False,0.0,0.0,0.0
telecom_cluster_00210,AT&T cluster,telecom,Brooklyn,40.6669,-73.9762,False,0.0,0.0,0.0
telecom_cluster_00211,AT&T cluster,telecom,Brooklyn,40.663,-73.9714,False,0.0,0.0,0.0
telecom_cluster_00212,AT&T cluster,telecom,Brooklyn,40.664,-73.9671,False,0.0,0.0,0.0
telecom_cluster_00213,AT&T cluster,telecom,Brooklyn,40.663167,-73.961233,False,0.0,0.0,0.0
telecom_cluster_00214,AT&T cluster,telecom,Brooklyn,40.6653,-73.957,False,0.0,0.0,0.0
telecom_cluster_00215,AT&T cluster,telecom,Queens,40.6661,-73.8015,False,0.0,0.0,0.0
telecom_cluster_00216,AT&T cluster,telecom,Queens,40.6664,-73.797,False,0.0,0.0,0.0
telecom_cluster_00217,AT&T cluster,telecom,Queens,40.66405,-73.78875,False,0.0,0.0,0.0
telecom_cluster_00218,AT&T cluster,telecom,Queens,40.666567,-73.783567,False,0.0,0.0,0.0
telecom_cluster_00219,AT&T cluster,telecom,Queens,40.6664,-73.773,False,0.0,0.0,0.0
telecom_cluster_00220,AT&T cluster,telecom,Queens,40.6667,-73.7683,False,0.0,0.0,0.0
telecom_cluster_00221,AT&T cluster,telecom,Queens,40.6667,-73.7639,False,0.0,0.0,0.0
telecom_cluster_00222,AT&T cluster,telecom,Queens,40.6654,-73.75135,False,0.0,0.0,0.0
telecom_cluster_00223,AT&T cluster,telecom,Queens,40.6634,-73.7251,False,0.0,0.0,0.0
telecom_cluster_00224,AT&T cluster,telecom,NJ (external),40.670433,-74.253967,False,0.0,0.0,0.0
telecom_cluster_00225,AT&T cluster,telecom,NJ (external),40.6681,-74.214867,False,0.0,0.0,0.0
telecom_cluster_00226,AT&T cluster,telecom,NJ (external),40.6715,-74.2007,False,0.0,0.0,0.0
telecom_cluster_00227,AT&T cluster,telecom,NJ (external),40.6683,-74.1875,False,0.0,0.0,0.0
telecom_cluster_00228,AT&T cluster,telecom,NJ (external),40.6711,-74.1853,False,0.0,0.0,0.0
telecom_cluster_00229,AT&T cluster,telecom,NJ (external),40.668525,-74.17925,False,0.0,0.0,0.0
telecom_cluster_00230,AT&T cluster,telecom,NJ (external),40.6714,-74.1763,False,0.0,0.0,0.0
telecom_cluster_00231,AT&T cluster,telecom,NJ (external),40.6715,-74.15695,False,0.0,0.0,0.0
telecom_cluster_00232,AT&T cluster,telecom,NJ (external),40.6689,-74.1182,False,0.0,0.0,0.0
telecom_cluster_00233,AT&T cluster,telecom,NJ (external),40.6724,-74.1063,False,0.0,0.0,0.0
telecom_cluster_00234,AT&T cluster,telecom,NJ (external),40.6707,-74.0973,False,0.0,0.0,0.0
telecom_cluster_00235,AT&T cluster,telecom,NJ (external),40.6687,-74.0904,False,0.0,0.0,0.0
telecom_cluster_00236,AT&T cluster,telecom,NJ (external),40.6677,-74.0863,False,0.0,0.0,0.0
telecom_cluster_00237,AT&T cluster,telecom,Brooklyn,40.6678,-74.0099,False,0.0,0.0,0.0
telecom_cluster_00238,AT&T cluster,telecom,Brooklyn,40.6709,-73.99935,False,0.0,0.0,0.8
telecom_cluster_00239,AT&T cluster,telecom,Brooklyn,40.670283,-73.995033,False,0.0,0.0,0.0
telecom_cluster_00240,AT&T cluster,telecom,Brooklyn,40.670014,-73.9895,False,0.0,0.0,0.0
telecom_cluster_00241,AT&T cluster,telecom,Brooklyn,40.6703,-73.985967,False,0.0,0.0,0.0
telecom_cluster_00242,AT&T cluster,telecom,Brooklyn,40.671075,-73.978325,False,0.0,0.0,0.0
telecom_cluster_00243,AT&T cluster,telecom,Brooklyn,40.669846,-73.973808,False,0.0,0.0,0.0
telecom_cluster_00244,AT&T cluster,telecom,Brooklyn,40.67235,-73.97,False,0.0,0.0,0.0
telecom_cluster_00245,AT&T cluster,telecom,Brooklyn,40.6707,-73.9651,False,0.0,0.0,0.0
telecom_cluster_00246,AT&T cluster,telecom,Brooklyn,40.67055,-73.9592,False,0.0,0.0,0.0
telecom_cluster_00247,AT&T cluster,telecom,Brooklyn,40.669367,-73.955267,False,0.0,0.0,0.0
telecom_cluster_00248,AT&T cluster,telecom,Brooklyn,40.66995,-73.95005,False,0.0,0.0,0.0
telecom_cluster_00249,AT&T cluster,telecom,Brooklyn,40.6696,-73.94445,False,0.0,0.0,0.0
telecom_cluster_00250,AT&T cluster,telecom,Brooklyn,40.6694,-73.9395,False,0.0,0.0,0.0
telecom_cluster_00251,AT&T cluster,telecom,Brooklyn,40.6691,-73.9342,False,0.0,0.0,0.0
telecom_cluster_00252,AT&T cluster,telecom,Brooklyn,40.6688,-73.9289,False,0.0,0.0,0.0
telecom_cluster_00253,AT&T cluster,telecom,Brooklyn,40.6687,-73.9266,False,0.0,0.0,0.0
telecom_cluster_00254,AT&T cluster,telecom,Brooklyn,40.6706,-73.91955,False,0.0,0.0,0.0
telecom_cluster_00255,AT&T cluster,telecom,Queens,40.67155,-73.78545,False,0.0,0.0,0.0
telecom_cluster_00256,AT&T cluster,telecom,Queens,40.6677,-73.7734,False,0.0,0.0,0.0
telecom_cluster_00257,AT&T cluster,telecom,Queens,40.6678,-73.7112,False,0.0,0.0,0.0
telecom_cluster_00258,AT&T cluster,telecom,NJ (external),40.676,-74.2659,False,0.0,0.0,0.0
telecom_cluster_00259,AT&T cluster,telecom,NJ (external),40.6733,-74.262,False,0.0,0.0,0.0
telecom_cluster_00260,AT&T cluster,telecom,NJ (external),40.676,-74.2565,False,0.0,0.0,0.0
telecom_cluster_00261,AT&T cluster,telecom,NJ (external),40.67594,-74.2093,False,0.0,0.0,0.0
telecom_cluster_00262,AT&T cluster,telecom,NJ (external),40.6767,-74.195,False,0.0,0.0,0.0
telecom_cluster_00263,AT&T cluster,telecom,NJ (external),40.6739,-74.18545,False,0.0,0.0,0.0
telecom_cluster_00264,AT&T cluster,telecom,NJ (external),40.6726,-74.1781,False,0.0,0.0,0.0
telecom_cluster_00265,AT&T cluster,telecom,NJ (external),40.6745,-74.174233,False,0.0,0.0,0.0
telecom_cluster_00266,AT&T cluster,telecom,NJ (external),40.6762,-74.172,False,0.0,0.0,0.0
telecom_cluster_00267,AT&T cluster,telecom,NJ (external),40.67305,-74.11765,False,0.0,0.0,0.0
telecom_cluster_00268,AT&T cluster,telecom,NJ (external),40.676067,-74.090933,False,0.0,0.0,0.0
telecom_cluster_00269,AT&T cluster,telecom,NJ (external),40.6758,-74.08525,False,0.0,0.0,0.0
telecom_cluster_00270,AT&T cluster,telecom,NJ (external),40.6727,-74.08095,False,0.0,0.0,0.0
telecom_cluster_00271,AT&T cluster,telecom,Brooklyn,40.6727,-74.0131,False,0.0,0.0,0.0
telecom_cluster_00272,AT&T cluster,telecom,Brooklyn,40.6734,-74.00445,False,0.0,0.0,0.0
telecom_cluster_00273,AT&T cluster,telecom,Brooklyn,40.67527,-73.99978,False,0.0,0.0,0.0
telecom_cluster_00274,AT&T cluster,telecom,Brooklyn,40.675244,-73.995756,False,0.0,0.0,0.0
telecom_cluster_00275,AT&T cluster,telecom,Brooklyn,40.6748,-73.9905,False,0.0,0.0,0.0
telecom_cluster_00276,AT&T cluster,telecom,Brooklyn,40.6743,-73.98575,False,0.0,0.0,0.0
telecom_cluster_00277,AT&T cluster,telecom,Brooklyn,40.67385,-73.97995,False,0.0,0.0,0.0
telecom_cluster_00278,AT&T cluster,telecom,Brooklyn,40.67456,-73.97468,False,0.0,0.0,0.0
telecom_cluster_00279,AT&T cluster,telecom,Brooklyn,40.674693,-73.9712,False,0.0,0.0,0.0
telecom_cluster_00280,AT&T cluster,telecom,Brooklyn,40.6731,-73.9582,False,0.0,0.0,0.0
telecom_cluster_00281,AT&T cluster,telecom,Brooklyn,40.6757,-73.9573,False,0.0,0.0,0.0
telecom_cluster_00282,AT&T cluster,telecom,Queens,40.677,-73.8438,False,0.0,0.0,0.0
telecom_cluster_00283,AT&T cluster,telecom,Queens,40.6741,-73.7626,False,0.0,0.0,0.2
telecom_cluster_00284,AT&T cluster,telecom,Queens,40.67385,-73.75905,False,0.0,0.0,0.0
telecom_cluster_00285,AT&T cluster,telecom,Queens,40.6753,-73.7103,False,0.0,0.0,0.0
telecom_cluster_00286,AT&T cluster,telecom,NJ (external),40.6775,-74.2083,False,0.0,0.0,0.0
telecom_cluster_00287,AT&T cluster,telecom,NJ (external),40.678,-74.1933,False,0.0,0.0,0.0
telecom_cluster_00288,AT&T cluster,telecom,NJ (external),40.679725,-74.19065,False,0.0,0.0,0.0
telecom_cluster_00289,AT&T cluster,telecom,NJ (external),40.6786,-74.0943,False,0.0,0.0,0.0
telecom_cluster_00290,AT&T cluster,telecom,NJ (external),40.68105,-74.08955,False,0.0,0.0,0.0
telecom_cluster_00291,AT&T cluster,telecom,Brooklyn,40.6803,-74.0205,False,0.0,0.0,0.0
telecom_cluster_00292,AT&T cluster,telecom,Brooklyn,40.679967,-74.014967,False,0.0,0.0,0.8
telecom_cluster_00293,AT&T cluster,telecom,Brooklyn,40.68025,-74.0095,False,0.0,0.0,0.8
telecom_cluster_00294,AT&T cluster,telecom,Brooklyn,40.68095,-74.00465,False,0.0,0.0,0.0
telecom_cluster_00295,AT&T cluster,telecom,Brooklyn,40.68194,-74.00104,False,0.0,0.0,0.0
telecom_cluster_00296,AT&T cluster,telecom,Brooklyn,40.67914,-73.995775,False,0.0,0.0,0.0
telecom_cluster_00297,AT&T cluster,telecom,Brooklyn,40.68095,-73.990225,False,0.0,0.0,0.0
telecom_cluster_00298,AT&T cluster,telecom,Brooklyn,40.679467,-73.984933,False,0.0,0.0,0.0
telecom_cluster_00299,AT&T cluster,telecom,Brooklyn,40.680486,-73.979686,False,0.0,0.0,0.0
telecom_cluster_00300,AT&T cluster,telecom,Brooklyn,40.680478,-73.974722,False,0.0,0.0,0.0
telecom_cluster_00301,AT&T cluster,telecom,Brooklyn,40.6799,-73.9605,False,0.0,0.0,0.0
telecom_cluster_00302,AT&T cluster,telecom,Brooklyn,40.678,-73.955,False,0.0,0.0,0.0
telecom_cluster_00303,AT&T cluster,telecom,Brooklyn,40.679727,-73.930473,False,0.0,0.0,0.0
telecom_cluster_00304,AT&T cluster,telecom,Queens,40.6806,-73.7682,False,0.0,0.0,0.0
telecom_cluster_00305,AT&T cluster,telecom,NJ (external),40.68405,-74.23935,False,0.0,0.0,0.0
telecom_cluster_00306,AT&T cluster,telecom,NJ (external),40.68315,-74.20405,False,0.0,0.0,0.0
telecom_cluster_00307,AT&T cluster,telecom,NJ (external),40.6852,-74.18946,False,0.0,0.0,0.0
telecom_cluster_00308,AT&T cluster,telecom,NJ (external),40.685257,-74.185929,False,0.0,0.0,0.0
telecom_cluster_00309,AT&T cluster,telecom,NJ (external),40.685075,-74.16595,False,0.0,0.0,0.0
telecom_cluster_00310,AT&T cluster,telecom,NJ (external),40.68535,-74.1403,False,0.0,0.0,0.0
telecom_cluster_00311,AT&T cluster,telecom,NJ (external),40.68515,-74.09905,False,0.0,0.0,0.0
telecom_cluster_00312,AT&T cluster,telecom,NJ (external),40.686833,-74.097367,False,0.0,0.0,0.0
telecom_cluster_00313,AT&T cluster,telecom,NJ (external),40.6857,-74.0415,False,0.0,0.0,0.0
telecom_cluster_00314,AT&T cluster,telecom,NJ (external),40.684533,-74.030667,False,0.0,0.0,0.0
telecom_cluster_00315,AT&T cluster,telecom,Brooklyn,40.6848,-74.0115,False,0.0,0.0,0.0
telecom_cluster_00316,AT&T cluster,telecom,Brooklyn,40.684245,-74.004155,False,0.0,0.0,0.0
telecom_cluster_00317,AT&T cluster,telecom,Brooklyn,40.684925,-74.00005,False,0.0,0.0,0.0
telecom_cluster_00318,AT&T cluster,telecom,Brooklyn,40.685433,-73.9945,False,0.0,0.0,0.0
telecom_cluster_00319,AT&T cluster,telecom,Brooklyn,40.68517,-73.98997,False,0.0,0.0,0.0
telecom_cluster_00320,AT&T cluster,telecom,Brooklyn,40.6857,-73.986367,False,0.0,0.0,0.0
telecom_cluster_00321,AT&T cluster,telecom,Brooklyn,40.684875,-73.979888,False,0.0,0.0,0.0
telecom_cluster_00322,AT&T cluster,telecom,Brooklyn,40.683762,-73.975125,False,0.0,0.0,0.0
telecom_cluster_00323,AT&T cluster,telecom,Brooklyn,40.6845,-73.97142,False,0.0,0.0,0.0
telecom_cluster_00324,AT&T cluster,telecom,Brooklyn,40.6842,-73.9655,False,0.0,0.0,0.0
telecom_cluster_00325,AT&T cluster,telecom,Brooklyn,40.68385,-73.93185,False,0.0,0.0,0.6
telecom_cluster_00326,AT&T cluster,telecom,Queens,40.6872,-73.7619,False,0.0,0.0,0.0
telecom_cluster_00327,AT&T cluster,telecom,NJ (external),40.690233,-74.2687,False,0.0,0.0,0.0
telecom_cluster_00328,AT&T cluster,telecom,NJ (external),40.6918,-74.266,False,0.0,0.0,0.0
telecom_cluster_00329,AT&T cluster,telecom,NJ (external),40.6891,-74.199975,False,0.0,0.0,0.0
telecom_cluster_00330,AT&T cluster,telecom,NJ (external),40.691167,-74.184667,False,0.0,0.0,0.0
telecom_cluster_00331,AT&T cluster,telecom,NJ (external),40.690725,-74.180025,False,0.0,0.0,0.0
telecom_cluster_00332,AT&T cluster,telecom,NJ (external),40.69,-74.177,False,0.0,0.0,0.0
telecom_cluster_00333,AT&T cluster,telecom,NJ (external),40.69025,-74.16295,False,0.0,0.0,0.0
telecom_cluster_00334,AT&T cluster,telecom,NJ (external),40.690975,-74.16145,False,0.0,0.0,0.0
telecom_cluster_00335,AT&T cluster,telecom,NJ (external),40.691,-74.15665,False,0.0,0.0,0.0
telecom_cluster_00336,AT&T cluster,telecom,NJ (external),40.6899,-74.1436,False,0.0,0.0,0.0
telecom_cluster_00337,AT&T cluster,telecom,NJ (external),40.6895,-74.1416,False,0.0,0.0,0.0
telecom_cluster_00338,AT&T cluster,telecom,NJ (external),40.68995,-74.1364,False,0.0,0.0,0.0
telecom_cluster_00339,AT&T cluster,telecom,NJ (external),40.69088,-74.10522,False,0.0,0.0,0.0
telecom_cluster_00340,AT&T cluster,telecom,NJ (external),40.689167,-74.100267,False,0.0,0.0,0.0
telecom_cluster_00341,AT&T cluster,telecom,NJ (external),40.6883,-74.0941,False,0.0,0.0,0.0
telecom_cluster_00342,AT&T cluster,telecom,NJ (external),40.6884,-74.0917,False,0.0,0.0,0.0
telecom_cluster_00343,AT&T cluster,telecom,NJ (external),40.6917,-74.0845,False,0.0,0.0,0.0
telecom_cluster_00344,AT&T cluster,telecom,Brooklyn,40.68975,-74.00925,False,0.0,0.0,0.0
telecom_cluster_00345,AT&T cluster,telecom,Brooklyn,40.6922,-74.0026,False,0.0,0.0,0.0
telecom_cluster_00346,AT&T cluster,telecom,Brooklyn,40.690325,-73.999975,False,0.0,0.0,0.0
telecom_cluster_00347,AT&T cluster,telecom,Brooklyn,40.68982,-73.99456,False,0.0,0.0,0.0
telecom_cluster_00348,AT&T cluster,telecom,Brooklyn,40.689177,-73.989791,False,0.0,0.0,0.0
telecom_cluster_00349,AT&T cluster,telecom,Brooklyn,40.6909,-73.98594,False,0.0,0.0,0.0
telecom_cluster_00350,AT&T cluster,telecom,Brooklyn,40.6886,-73.9795,False,0.0,0.0,0.0
telecom_cluster_00351,AT&T cluster,telecom,Brooklyn,40.6906,-73.97408,False,0.0,0.0,0.0
telecom_cluster_00352,AT&T cluster,telecom,Brooklyn,40.6892,-73.9721,False,0.0,0.0,0.0
telecom_cluster_00353,AT&T cluster,telecom,Brooklyn,40.6891,-73.966,False,0.0,0.0,0.0
telecom_cluster_00354,AT&T cluster,telecom,Brooklyn,40.689888,-73.923069,False,0.0,0.0,0.0
telecom_cluster_00355,AT&T cluster,telecom,Brooklyn,40.6896,-73.9222,False,0.0,0.0,0.6
telecom_cluster_00356,AT&T cluster,telecom,Queens,40.6875,-73.7627,False,0.0,0.0,0.0
telecom_cluster_00357,AT&T cluster,telecom,NJ (external),40.6961,-74.258775,False,0.0,0.0,0.0
telecom_cluster_00358,AT&T cluster,telecom,NJ (external),40.69725,-74.25665,False,0.0,0.0,0.0
telecom_cluster_00359,AT&T cluster,telecom,NJ (external),40.69575,-74.22035,False,0.0,0.0,0.0
telecom_cluster_00360,AT&T cluster,telecom,NJ (external),40.694325,-74.1855,False,0.0,0.0,0.0
telecom_cluster_00361,AT&T cluster,telecom,NJ (external),40.69604,-74.18084,False,0.0,0.0,0.0
telecom_cluster_00362,AT&T cluster,telecom,NJ (external),40.695018,-74.175312,False,0.0,0.0,0.0
telecom_cluster_00363,AT&T cluster,telecom,NJ (external),40.6932,-74.1725,False,0.0,0.0,0.0
telecom_cluster_00364,AT&T cluster,telecom,NJ (external),40.69495,-74.1589,False,0.0,0.0,0.0
telecom_cluster_00365,AT&T cluster,telecom,NJ (external),40.6949,-74.1566,False,0.0,0.0,0.0
telecom_cluster_00366,AT&T cluster,telecom,NJ (external),40.69715,-74.12465,False,0.0,0.0,0.0
telecom_cluster_00367,AT&T cluster,telecom,NJ (external),40.69586,-74.12016,False,0.0,0.0,0.0
telecom_cluster_00368,AT&T cluster,telecom,NJ (external),40.6939,-74.113867,False,0.0,0.0,0.0
telecom_cluster_00369,AT&T cluster,telecom,NJ (external),40.693,-74.1103,False,0.0,0.0,0.0
telecom_cluster_00370,AT&T cluster,telecom,NJ (external),40.69415,-74.0837,False,0.0,0.0,0.0
telecom_cluster_00371,AT&T cluster,telecom,NJ (external),40.6948,-74.0809,False,0.0,0.0,0.0
telecom_cluster_00372,AT&T cluster,telecom,NJ (external),40.6951,-74.05885,False,0.0,0.0,0.0
telecom_cluster_00373,AT&T cluster,telecom,NJ (external),40.69655,-74.05655,False,0.0,0.0,0.0
telecom_cluster_00374,AT&T cluster,telecom,NJ (external),40.6936,-74.0462,False,0.0,0.0,0.0
telecom_cluster_00375,AT&T cluster,telecom,NJ (external),40.6949,-74.0332,False,0.0,0.0,0.0
telecom_cluster_00376,AT&T cluster,telecom,NJ (external),40.6974,-74.0307,False,0.0,0.0,0.0
telecom_cluster_00377,AT&T cluster,telecom,Brooklyn,40.6953,-74.0214,False,0.0,0.0,0.0
telecom_cluster_00378,AT&T cluster,telecom,Brooklyn,40.695625,-74.009775,False,0.0,0.0,0.0
telecom_cluster_00379,AT&T cluster,telecom,Brooklyn,40.6969,-74.0073,False,0.0,0.0,0.0
telecom_cluster_00380,AT&T cluster,telecom,Brooklyn,40.69435,-74.00105,False,0.0,0.0,0.0
telecom_cluster_00381,AT&T cluster,telecom,Brooklyn,40.696109,-73.994091,False,0.0,0.0,0.0
telecom_cluster_00382,AT&T cluster,telecom,Brooklyn,40.694238,-73.990521,False,0.0,0.0,0.0
telecom_cluster_00383,AT&T cluster,telecom,Brooklyn,40.695846,-73.9844,False,0.0,0.0,0.2
telecom_cluster_00384,AT&T cluster,telecom,Brooklyn,40.6958,-73.98065,False,0.0,0.0,0.0
telecom_cluster_00385,AT&T cluster,telecom,Brooklyn,40.69602,-73.97502,False,0.0,0.0,0.0
telecom_cluster_00386,AT&T cluster,telecom,Brooklyn,40.695933,-73.970067,False,0.0,0.0,0.0
telecom_cluster_00387,AT&T cluster,telecom,Brooklyn,40.695262,-73.965712,False,0.0,0.0,0.0
telecom_cluster_00388,AT&T cluster,telecom,Brooklyn,40.6957,-73.933,False,0.0,0.0,0.2
telecom_cluster_00389,AT&T cluster,telecom,Brooklyn,40.696245,-73.918518,False,0.0,0.0,0.0
telecom_cluster_00390,AT&T cluster,telecom,Queens,40.6934,-73.8112,False,0.0,0.0,0.6
telecom_cluster_00391,AT&T cluster,telecom,NJ (external),40.6976,-74.254,False,0.0,0.0,0.0
telecom_cluster_00392,AT&T cluster,telecom,NJ (external),40.702,-74.2496,False,0.0,0.0,0.0
telecom_cluster_00393,AT&T cluster,telecom,NJ (external),40.6979,-74.246,False,0.0,0.0,0.0
telecom_cluster_00394,AT&T cluster,telecom,NJ (external),40.7019,-74.2382,False,0.0,0.0,0.0
telecom_cluster_00395,AT&T cluster,telecom,NJ (external),40.6989,-74.2372,False,0.0,0.0,0.0
telecom_cluster_00396,AT&T cluster,telecom,NJ (external),40.698,-74.2257,False,0.0,0.0,0.0
telecom_cluster_00397,AT&T cluster,telecom,NJ (external),40.7023,-74.207,False,0.0,0.0,0.0
telecom_cluster_00398,AT&T cluster,telecom,NJ (external),40.6983,-74.19435,False,0.0,0.0,0.0
telecom_cluster_00399,AT&T cluster,telecom,NJ (external),40.6994,-74.191633,False,0.0,0.0,0.0
telecom_cluster_00400,AT&T cluster,telecom,NJ (external),40.700733,-74.184833,False,0.0,0.0,0.0
telecom_cluster_00401,AT&T cluster,telecom,NJ (external),40.70015,-74.1701,False,0.0,0.0,0.0
telecom_cluster_00402,AT&T cluster,telecom,NJ (external),40.6997,-74.1586,False,0.0,0.0,0.0
telecom_cluster_00403,AT&T cluster,telecom,NJ (external),40.700083,-74.156367,False,0.0,0.0,0.0
telecom_cluster_00404,AT&T cluster,telecom,NJ (external),40.7025,-74.141,False,0.0,0.0,0.0
telecom_cluster_00405,AT&T cluster,telecom,NJ (external),40.700733,-74.1355,False,0.0,0.0,0.0
telecom_cluster_00406,AT&T cluster,telecom,NJ (external),40.69925,-74.13135,False,0.0,0.0,0.0
telecom_cluster_00407,AT&T cluster,telecom,NJ (external),40.6979,-74.1266,False,0.0,0.0,0.0
telecom_cluster_00408,AT&T cluster,telecom,NJ (external),40.6983,-74.0744,False,0.0,0.0,0.0
telecom_cluster_00409,AT&T cluster,telecom,NJ (external),40.6996,-74.071033,False,0.0,0.0,0.0
telecom_cluster_00410,AT&T cluster,telecom,NJ (external),40.702,-74.06705,False,0.0,0.0,0.0
telecom_cluster_00411,AT&T cluster,telecom,NJ (external),40.7021,-74.0497,False,0.0,0.0,0.0
telecom_cluster_00412,AT&T cluster,telecom,NJ (external),40.6992,-74.0456,False,0.0,0.0,0.0
telecom_cluster_00413,AT&T cluster,telecom,NJ (external),40.699225,-74.03975,False,0.0,0.0,0.0
telecom_cluster_00414,AT&T cluster,telecom,Brooklyn,40.6998,-74.0186,False,0.0,0.0,0.0
telecom_cluster_00415,AT&T cluster,telecom,Manhattan,40.70156,-74.0137,False,0.0,0.0,0.0
telecom_cluster_00416,AT&T cluster,telecom,Manhattan,40.70098,-74.01168,False,0.0,0.8,0.8
telecom_cluster_00417,AT&T cluster,telecom,Manhattan,40.7008,-74.0044,False,0.0,0.0,0.0
telecom_cluster_00418,AT&T cluster,telecom,Brooklyn,40.69805,-73.9995,False,0.0,0.0,0.0
telecom_cluster_00419,AT&T cluster,telecom,Manhattan,40.700567,-73.994517,False,0.0,0.0,0.0
telecom_cluster_00420,AT&T cluster,telecom,Manhattan,40.700571,-73.989171,False,0.0,0.0,0.0
telecom_cluster_00421,AT&T cluster,telecom,Manhattan,40.700258,-73.985842,False,0.0,0.0,0.0
telecom_cluster_00422,AT&T cluster,telecom,Brooklyn,40.699167,-73.979978,False,0.0,0.0,0.0
telecom_cluster_00423,AT&T cluster,telecom,Brooklyn,40.69795,-73.97495,False,0.0,0.0,0.0
telecom_cluster_00424,AT&T cluster,telecom,Brooklyn,40.69806,-73.96934,False,0.0,0.0,0.0
telecom_cluster_00425,AT&T cluster,telecom,Brooklyn,40.69835,-73.96475,False,0.0,0.0,0.0
telecom_cluster_00426,AT&T cluster,telecom,Manhattan,40.700871,-73.960957,False,0.0,0.0,0.0
telecom_cluster_00427,AT&T cluster,telecom,Manhattan,40.7009,-73.9546,False,0.6,0.6,0.6
telecom_cluster_00428,AT&T cluster,telecom,Manhattan,40.7014,-73.9355,False,0.0,0.0,0.0
telecom_cluster_00429,AT&T cluster,telecom,Brooklyn,40.699133,-73.914367,False,0.0,0.0,0.0
telecom_cluster_00430,AT&T cluster,telecom,NJ (external),40.7046,-74.248033,False,0.0,0.0,0.0
telecom_cluster_00431,AT&T cluster,telecom,NJ (external),40.705725,-74.246,False,0.0,0.0,0.0
telecom_cluster_00432,AT&T cluster,telecom,NJ (external),40.7054,-74.2419,False,0.0,0.0,0.0
telecom_cluster_00433,AT&T cluster,telecom,NJ (external),40.7064,-74.23555,False,0.0,0.0,0.0
telecom_cluster_00434,AT&T cluster,telecom,NJ (external),40.7073,-74.2321,False,0.0,0.0,0.0
telecom_cluster_00435,AT&T cluster,telecom,NJ (external),40.7064,-74.1997,False,0.0,0.0,0.0
telecom_cluster_00436,AT&T cluster,telecom,NJ (external),40.7061,-74.189433,False,0.0,0.0,0.0
telecom_cluster_00437,AT&T cluster,telecom,NJ (external),40.70432,-74.18486,False,0.0,0.0,0.0
telecom_cluster_00438,AT&T cluster,telecom,NJ (external),40.703,-74.1803,False,0.0,0.0,0.0
telecom_cluster_00439,AT&T cluster,telecom,NJ (external),40.70426,-74.1541,False,0.0,0.0,0.0
telecom_cluster_00440,AT&T cluster,telecom,NJ (external),40.704775,-74.150775,False,0.0,0.0,0.0
telecom_cluster_00441,AT&T cluster,telecom,NJ (external),40.7037,-74.144167,False,0.0,0.0,0.0
telecom_cluster_00442,AT&T cluster,telecom,NJ (external),40.7027,-74.1348,False,0.0,0.0,0.0
telecom_cluster_00443,AT&T cluster,telecom,NJ (external),40.706,-74.0713,False,0.0,0.0,0.0
telecom_cluster_00444,AT&T cluster,telecom,NJ (external),40.7041,-74.0651,False,0.0,0.0,0.0
telecom_cluster_00445,AT&T cluster,telecom,NJ (external),40.70534,-74.05906,False,0.0,0.0,0.0
telecom_cluster_00446,AT&T cluster,telecom,NJ (external),40.7054,-74.056,False,0.0,0.0,0.0
telecom_cluster_00447,AT&T cluster,telecom,Manhattan,40.70495,-74.0136,False,0.0,0.0,0.0
telecom_cluster_00448,AT&T cluster,telecom,Manhattan,40.705633,-74.0092,False,0.0,0.0,0.0
telecom_cluster_00449,AT&T cluster,telecom,Manhattan,40.7031,-74.0074,False,0.0,0.0,0.0
telecom_cluster_00450,AT&T cluster,telecom,Manhattan,40.703767,-73.999033,False,0.0,0.0,0.0
telecom_cluster_00451,AT&T cluster,telecom,Manhattan,40.704758,-73.99525,False,0.0,0.0,0.0
telecom_cluster_00452,AT&T cluster,telecom,Manhattan,40.70487,-73.98917,False,0.0,0.0,0.0
telecom_cluster_00453,AT&T cluster,telecom,Manhattan,40.705775,-73.985075,False,0.0,0.0,0.0
telecom_cluster_00454,AT&T cluster,telecom,Manhattan,40.7034,-73.9814,False,0.0,0.0,0.0
telecom_cluster_00455,AT&T cluster,telecom,Manhattan,40.7072,-73.9684,False,0.0,0.0,0.0
telecom_cluster_00456,AT&T cluster,telecom,Manhattan,40.7028,-73.966,False,0.0,0.0,0.0
telecom_cluster_00457,AT&T cluster,telecom,Manhattan,40.70565,-73.95936,False,0.0,0.0,0.0
telecom_cluster_00458,AT&T cluster,telecom,Manhattan,40.70565,-73.9537,False,0.0,0.0,0.0
telecom_cluster_00459,AT&T cluster,telecom,Manhattan,40.7048,-73.9505,False,0.0,0.0,0.0
telecom_cluster_00460,AT&T cluster,telecom,NJ (external),40.708,-74.2582,False,0.0,0.0,0.0
telecom_cluster_00461,AT&T cluster,telecom,NJ (external),40.709,-74.2481,False,0.0,0.0,0.0
telecom_cluster_00462,AT&T cluster,telecom,NJ (external),40.70998,-74.24452,False,0.0,0.0,0.0
telecom_cluster_00463,AT&T cluster,telecom,NJ (external),40.7113,-74.2423,False,0.0,0.0,0.0
telecom_cluster_00464,AT&T cluster,telecom,NJ (external),40.71,-74.22885,False,0.0,0.0,0.0
telecom_cluster_00465,AT&T cluster,telecom,NJ (external),40.708975,-74.191675,False,0.0,0.0,0.0
telecom_cluster_00466,AT&T cluster,telecom,NJ (external),40.710975,-74.185325,False,0.0,0.0,0.0
telecom_cluster_00467,AT&T cluster,telecom,NJ (external),40.70952,-74.17944,False,0.0,0.0,0.0
telecom_cluster_00468,AT&T cluster,telecom,NJ (external),40.71068,-74.17496,False,0.0,0.0,0.0
telecom_cluster_00469,AT&T cluster,telecom,NJ (external),40.7082,-74.1719,False,0.0,0.0,0.0
telecom_cluster_00470,AT&T cluster,telecom,NJ (external),40.710156,-74.164733,False,0.0,0.0,0.0
telecom_cluster_00471,AT&T cluster,telecom,NJ (external),40.71055,-74.1604,False,0.0,0.0,0.0
telecom_cluster_00472,AT&T cluster,telecom,NJ (external),40.709625,-74.14955,False,0.0,0.0,0.0
telecom_cluster_00473,AT&T cluster,telecom,NJ (external),40.710017,-74.145917,False,0.0,0.0,0.0
telecom_cluster_00474,AT&T cluster,telecom,NJ (external),40.70955,-74.14125,False,0.0,0.0,0.0
telecom_cluster_00475,AT&T cluster,telecom,NJ (external),40.712,-74.13065,False,0.0,0.0,0.0
telecom_cluster_00476,AT&T cluster,telecom,NJ (external),40.7112,-74.1219,False,0.0,0.0,0.0
telecom_cluster_00477,AT&T cluster,telecom,NJ (external),40.7107,-74.1173,False,0.0,0.0,0.0
telecom_cluster_00478,AT&T cluster,telecom,NJ (external),40.709767,-74.065633,False,0.0,0.0,0.0
telecom_cluster_00479,AT&T cluster,telecom,NJ (external),40.7106,-74.0608,False,0.0,0.0,0.0
telecom_cluster_00480,AT&T cluster,telecom,NJ (external),40.7075,-74.0573,False,0.0,0.0,0.0
telecom_cluster_00481,AT&T cluster,telecom,NJ (external),40.708275,-74.0447,False,0.0,0.0,0.0
telecom_cluster_00482,AT&T cluster,telecom,NJ (external),40.7121,-74.0403,False,0.0,0.0,0.0
telecom_cluster_00483,AT&T cluster,telecom,Brooklyn,40.708,-74.0225,False,0.0,0.0,0.0
telecom_cluster_00484,AT&T cluster,telecom,Manhattan,40.710593,-74.013364,False,0.0,0.0,0.0
telecom_cluster_00485,AT&T cluster,telecom,Manhattan,40.709467,-74.01024,False,0.0,0.0,0.0
telecom_cluster_00486,AT&T cluster,telecom,Manhattan,40.7117,-74.0031,False,0.0,0.0,0.0
telecom_cluster_00487,AT&T cluster,telecom,Manhattan,40.709967,-73.999667,False,0.0,0.0,0.0
telecom_cluster_00488,AT&T cluster,telecom,Manhattan,40.711017,-73.993817,False,0.0,0.0,0.0
telecom_cluster_00489,AT&T cluster,telecom,Manhattan,40.709167,-73.989883,False,0.0,0.0,0.0
telecom_cluster_00490,AT&T cluster,telecom,Manhattan,40.709443,-73.985314,False,0.0,0.0,0.0
telecom_cluster_00491,AT&T cluster,telecom,Manhattan,40.709767,-73.979833,False,0.0,0.0,0.0
telecom_cluster_00492,AT&T cluster,telecom,Manhattan,40.7117,-73.9748,False,0.0,0.0,0.0
telecom_cluster_00493,AT&T cluster,telecom,Manhattan,40.710575,-73.969575,False,0.0,0.0,0.0
telecom_cluster_00494,AT&T cluster,telecom,Manhattan,40.7117,-73.96565,False,0.0,0.0,0.0
telecom_cluster_00495,AT&T cluster,telecom,Manhattan,40.709767,-73.959967,False,0.0,0.0,0.0
telecom_cluster_00496,AT&T cluster,telecom,Manhattan,40.710425,-73.9557,False,0.6,0.6,0.6
telecom_cluster_00497,AT&T cluster,telecom,Queens,40.7101,-73.8489,False,0.0,0.0,0.0
telecom_cluster_00498,AT&T cluster,telecom,Queens,40.71085,-73.847,False,0.0,0.0,0.0
telecom_cluster_00499,AT&T cluster,telecom,Queens,40.7101,-73.8211,False,0.0,0.0,0.0
telecom_cluster_00500,AT&T cluster,telecom,NJ (external),40.7126,-74.2433,False,0.0,0.0,0.0
telecom_cluster_00501,AT&T cluster,telecom,NJ (external),40.715575,-74.24105,False,0.0,0.0,0.0
telecom_cluster_00502,AT&T cluster,telecom,NJ (external),40.7151,-74.23435,False,0.0,0.0,0.0
telecom_cluster_00503,AT&T cluster,telecom,NJ (external),40.71525,-74.2302,False,0.0,0.0,0.0
telecom_cluster_00504,AT&T cluster,telecom,NJ (external),40.71465,-74.22685,False,0.0,0.0,0.0
telecom_cluster_00505,AT&T cluster,telecom,NJ (external),40.715067,-74.219733,False,0.0,0.0,0.0
telecom_cluster_00506,AT&T cluster,telecom,NJ (external),40.71625,-74.2162,False,0.0,0.0,0.0
telecom_cluster_00507,AT&T cluster,telecom,NJ (external),40.7169,-74.2076,False,0.0,0.0,0.0
telecom_cluster_00508,AT&T cluster,telecom,NJ (external),40.7147,-74.20485,False,0.0,0.0,0.0
telecom_cluster_00509,AT&T cluster,telecom,NJ (external),40.7134,-74.1895,False,0.0,0.0,0.0
telecom_cluster_00510,AT&T cluster,telecom,NJ (external),40.715,-74.185125,False,0.0,0.0,0.0
telecom_cluster_00511,AT&T cluster,telecom,NJ (external),40.7167,-74.182,False,0.0,0.0,0.0
telecom_cluster_00512,AT&T cluster,telecom,NJ (external),40.71725,-74.16515,False,0.0,0.0,0.0
telecom_cluster_00513,AT&T cluster,telecom,NJ (external),40.7148,-74.1557,False,0.0,0.0,0.0
telecom_cluster_00514,AT&T cluster,telecom,NJ (external),40.7161,-74.1523,False,0.0,0.0,0.0
telecom_cluster_00515,AT&T cluster,telecom,NJ (external),40.7127,-74.1442,False,0.0,0.0,0.0
telecom_cluster_00516,AT&T cluster,telecom,NJ (external),40.713914,-74.140514,False,0.0,0.0,0.0
telecom_cluster_00517,AT&T cluster,telecom,NJ (external),40.713,-74.1309,False,0.0,0.0,0.0
telecom_cluster_00518,AT&T cluster,telecom,NJ (external),40.7168,-74.075,False,0.0,0.0,0.0
telecom_cluster_00519,AT&T cluster,telecom,NJ (external),40.7164,-74.070525,False,0.0,0.0,0.0
telecom_cluster_00520,AT&T cluster,telecom,NJ (external),40.7158,-74.06565,False,0.0,0.0,0.0
telecom_cluster_00521,AT&T cluster,telecom,NJ (external),40.715133,-74.058633,False,0.0,0.0,0.0
telecom_cluster_00522,AT&T cluster,telecom,NJ (external),40.7157,-74.056125,False,0.0,0.0,0.0
telecom_cluster_00523,AT&T cluster,telecom,NJ (external),40.71635,-74.0475,False,0.0,0.0,0.0
telecom_cluster_00524,AT&T cluster,telecom,NJ (external),40.716167,-74.044267,False,0.0,0.0,0.0
telecom_cluster_00525,AT&T cluster,telecom,NJ (external),40.715618,-74.040527,False,0.0,0.0,0.0
telecom_cluster_00526,AT&T cluster,telecom,NJ (external),40.714809,-74.035191,False,0.0,0.0,0.0
telecom_cluster_00527,AT&T cluster,telecom,Brooklyn,40.7132,-74.0207,False,0.0,0.0,0.0
telecom_cluster_00528,AT&T cluster,telecom,Manhattan,40.7139,-74.0145,False,0.0,0.0,0.0
telecom_cluster_00529,AT&T cluster,telecom,Manhattan,40.71585,-74.00805,False,0.0,0.0,0.0
telecom_cluster_00530,AT&T cluster,telecom,Manhattan,40.715043,-74.005657,False,0.0,0.0,0.0
telecom_cluster_00531,AT&T cluster,telecom,Manhattan,40.714567,-73.999433,False,0.0,0.0,0.0
telecom_cluster_00532,AT&T cluster,telecom,Manhattan,40.713327,-73.994032,False,0.0,0.0,0.0
telecom_cluster_00533,AT&T cluster,telecom,Manhattan,40.714767,-73.9907,False,0.0,0.0,0.0
telecom_cluster_00534,AT&T cluster,telecom,Manhattan,40.715525,-73.98355,False,0.0,0.0,0.0
telecom_cluster_00535,AT&T cluster,telecom,Manhattan,40.71554,-73.98004,False,0.0,0.0,0.0
telecom_cluster_00536,AT&T cluster,telecom,Manhattan,40.714875,-73.974275,False,0.0,0.0,0.0
telecom_cluster_00537,AT&T cluster,telecom,Manhattan,40.71485,-73.969375,False,0.0,0.0,0.0
telecom_cluster_00538,AT&T cluster,telecom,Manhattan,40.7158,-73.965575,False,0.0,0.0,0.0
telecom_cluster_00539,AT&T cluster,telecom,Manhattan,40.7134,-73.9613,False,0.0,0.0,0.0
telecom_cluster_00540,AT&T cluster,telecom,Manhattan,40.7138,-73.95405,False,0.0,0.0,0.2
telecom_cluster_00541,AT&T cluster,telecom,Manhattan,40.715156,-73.951,False,0.0,0.0,0.0
telecom_cluster_00542,AT&T cluster,telecom,Manhattan,40.7156,-73.9403,False,0.0,0.0,0.0
telecom_cluster_00543,AT&T cluster,telecom,Manhattan,40.7172,-73.9351,False,0.0,0.0,0.0
telecom_cluster_00544,AT&T cluster,telecom,Queens,40.7156,-73.9299,False,0.0,0.8,0.8
telecom_cluster_00545,AT&T cluster,telecom,Queens,40.71655,-73.843967,False,0.0,0.0,0.0
telecom_cluster_00546,AT&T cluster,telecom,Queens,40.7153,-73.8281,False,0.0,0.0,0.0
telecom_cluster_00547,AT&T cluster,telecom,Queens,40.71455,-73.82655,False,0.0,0.0,0.0
telecom_cluster_00548,AT&T cluster,telecom,Queens,40.71565,-73.81545,False,0.0,0.0,0.0
telecom_cluster_00549,AT&T cluster,telecom,NJ (external),40.7177,-74.2383,False,0.0,0.0,0.0
telecom_cluster_00550,AT&T cluster,telecom,NJ (external),40.719633,-74.234683,False,0.0,0.0,0.0
telecom_cluster_00551,AT&T cluster,telecom,NJ (external),40.721267,-74.2319,False,0.0,0.0,0.0
telecom_cluster_00552,AT&T cluster,telecom,NJ (external),40.7194,-74.180089,False,0.0,0.0,0.0
telecom_cluster_00553,AT&T cluster,telecom,NJ (external),40.7217,-74.1774,False,0.0,0.0,0.0
telecom_cluster_00554,AT&T cluster,telecom,NJ (external),40.7186,-74.1707,False,0.0,0.0,0.0
telecom_cluster_00555,AT&T cluster,telecom,NJ (external),40.7192,-74.1616,False,0.0,0.0,0.0
telecom_cluster_00556,AT&T cluster,telecom,NJ (external),40.7217,-74.1484,False,0.0,0.0,0.0
telecom_cluster_00557,AT&T cluster,telecom,NJ (external),40.721617,-74.134933,False,0.0,0.0,0.0
telecom_cluster_00558,AT&T cluster,telecom,NJ (external),40.7221,-74.121,False,0.0,0.0,0.0
telecom_cluster_00559,AT&T cluster,telecom,NJ (external),40.72175,-74.08345,False,0.0,0.0,0.0
telecom_cluster_00560,AT&T cluster,telecom,NJ (external),40.721,-74.078667,False,0.0,0.0,0.0
telecom_cluster_00561,AT&T cluster,telecom,NJ (external),40.719067,-74.075233,False,0.0,0.0,0.0
telecom_cluster_00562,AT&T cluster,telecom,NJ (external),40.7203,-74.0627,False,0.0,0.0,0.0
telecom_cluster_00563,AT&T cluster,telecom,NJ (external),40.72102,-74.05976,False,0.0,0.0,0.0
telecom_cluster_00564,AT&T cluster,telecom,NJ (external),40.71946,-74.05429,False,0.0,0.0,0.0
telecom_cluster_00565,AT&T cluster,telecom,NJ (external),40.719844,-74.050056,False,0.0,0.0,0.0
telecom_cluster_00566,AT&T cluster,telecom,NJ (external),40.71965,-74.044075,False,0.0,0.0,0.0
telecom_cluster_00567,AT&T cluster,telecom,NJ (external),40.719917,-74.0404,False,0.0,0.0,0.0
telecom_cluster_00568,AT&T cluster,telecom,NJ (external),40.7178,-74.0357,False,0.0,0.0,0.0
telecom_cluster_00569,AT&T cluster,telecom,Manhattan,40.7178,-74.0126,False,0.0,0.0,0.2
telecom_cluster_00570,AT&T cluster,telecom,Manhattan,40.72125,-74.010725,False,0.0,0.0,0.0
telecom_cluster_00571,AT&T cluster,telecom,Manhattan,40.720333,-74.005783,False,0.0,0.0,0.6
telecom_cluster_00572,AT&T cluster,telecom,Manhattan,40.7202,-73.9993,False,0.0,0.0,0.0
telecom_cluster_00573,AT&T cluster,telecom,Manhattan,40.7202,-73.99384,False,0.0,0.0,0.0
telecom_cluster_00574,AT&T cluster,telecom,Manhattan,40.720543,-73.990357,False,0.0,0.0,0.0
telecom_cluster_00575,AT&T cluster,telecom,Manhattan,40.71915,-73.9841,False,0.0,0.0,0.0
telecom_cluster_00576,AT&T cluster,telecom,Manhattan,40.719067,-73.976067,False,0.0,0.0,0.0
telecom_cluster_00577,AT&T cluster,telecom,Manhattan,40.7184,-73.9711,False,0.0,0.0,0.0
telecom_cluster_00578,AT&T cluster,telecom,Manhattan,40.7204,-73.96512,False,0.0,0.8,0.8
telecom_cluster_00579,AT&T cluster,telecom,Manhattan,40.7216,-73.960733,False,0.0,0.0,0.0
telecom_cluster_00580,AT&T cluster,telecom,Manhattan,40.72065,-73.9505,False,0.0,0.0,0.0
telecom_cluster_00581,AT&T cluster,telecom,Manhattan,40.720117,-73.945033,False,0.0,0.0,0.0
telecom_cluster_00582,AT&T cluster,telecom,Manhattan,40.7221,-73.9419,False,0.0,0.0,0.0
telecom_cluster_00583,AT&T cluster,telecom,Queens,40.721867,-73.847767,False,0.0,0.0,0.2
telecom_cluster_00584,AT&T cluster,telecom,Queens,40.720808,-73.845238,False,0.0,0.0,0.0
telecom_cluster_00585,AT&T cluster,telecom,Queens,40.718454,-73.838885,False,0.0,0.0,0.0
telecom_cluster_00586,AT&T cluster,telecom,Queens,40.7209,-73.8312,False,0.0,0.0,0.0
telecom_cluster_00587,AT&T cluster,telecom,Queens,40.7199,-73.7962,False,0.0,0.0,0.0
telecom_cluster_00588,AT&T cluster,telecom,Queens,40.72025,-73.78585,False,0.0,0.0,0.0
telecom_cluster_00589,AT&T cluster,telecom,Queens,40.7216,-73.7721,False,0.0,0.0,0.0
telecom_cluster_00590,AT&T cluster,telecom,NJ (external),40.724744,-74.228533,False,0.0,0.0,0.0
telecom_cluster_00591,AT&T cluster,telecom,NJ (external),40.7266,-74.226467,False,0.0,0.0,0.0
telecom_cluster_00592,AT&T cluster,telecom,NJ (external),40.725225,-74.17385,False,0.0,0.0,0.0
telecom_cluster_00593,AT&T cluster,telecom,NJ (external),40.7267,-74.1722,False,0.0,0.0,0.0
telecom_cluster_00594,AT&T cluster,telecom,NJ (external),40.723767,-74.144633,False,0.0,0.0,0.0
telecom_cluster_00595,AT&T cluster,telecom,NJ (external),40.726,-74.141,False,0.0,0.0,0.0
telecom_cluster_00596,AT&T cluster,telecom,NJ (external),40.724075,-74.1336,False,0.0,0.0,0.0
telecom_cluster_00597,AT&T cluster,telecom,NJ (external),40.7265,-74.13095,False,0.0,0.0,0.0
telecom_cluster_00598,AT&T cluster,telecom,NJ (external),40.7273,-74.126,False,0.0,0.0,0.0
telecom_cluster_00599,AT&T cluster,telecom,NJ (external),40.724967,-74.120367,False,0.0,0.0,0.0
telecom_cluster_00600,AT&T cluster,telecom,NJ (external),40.7274,-74.0998,False,0.0,0.0,0.0
telecom_cluster_00601,AT&T cluster,telecom,NJ (external),40.7261,-74.09565,False,0.0,0.0,0.0
telecom_cluster_00602,AT&T cluster,telecom,NJ (external),40.7243,-74.090067,False,0.0,0.0,0.0
telecom_cluster_00603,AT&T cluster,telecom,NJ (external),40.726,-74.083,False,0.0,0.0,0.0
telecom_cluster_00604,AT&T cluster,telecom,NJ (external),40.7249,-74.06555,False,0.0,0.0,0.0
telecom_cluster_00605,AT&T cluster,telecom,NJ (external),40.724725,-74.061275,False,0.0,0.0,0.0
telecom_cluster_00606,AT&T cluster,telecom,NJ (external),40.726033,-74.0511,False,0.0,0.0,0.0
telecom_cluster_00607,AT&T cluster,telecom,NJ (external),40.725843,-74.045271,False,0.0,0.0,0.0
telecom_cluster_00608,AT&T cluster,telecom,NJ (external),40.7258,-74.0423,False,0.0,0.0,0.0
telecom_cluster_00609,AT&T cluster,telecom,Manhattan,40.72355,-74.0097,False,0.0,0.0,0.0
telecom_cluster_00610,AT&T cluster,telecom,Manhattan,40.724378,-74.005511,False,0.0,0.0,0.0
telecom_cluster_00611,AT&T cluster,telecom,Manhattan,40.724496,-74.000108,False,0.0,0.0,0.0
telecom_cluster_00612,AT&T cluster,telecom,Manhattan,40.724879,-73.996543,False,0.0,0.0,0.0
telecom_cluster_00613,AT&T cluster,telecom,Manhattan,40.72385,-73.990025,False,0.0,0.0,0.0
telecom_cluster_00614,AT&T cluster,telecom,Manhattan,40.7247,-73.98705,False,0.0,0.0,0.0
telecom_cluster_00615,AT&T cluster,telecom,Manhattan,40.7235,-73.9788,False,0.0,0.0,0.0
telecom_cluster_00616,AT&T cluster,telecom,Manhattan,40.7243,-73.973233,False,0.0,0.0,0.6
telecom_cluster_00617,AT&T cluster,telecom,Manhattan,40.7256,-73.9718,False,0.0,0.0,0.0
telecom_cluster_00618,AT&T cluster,telecom,Manhattan,40.7226,-73.9589,False,0.0,0.0,0.0
telecom_cluster_00619,AT&T cluster,telecom,Manhattan,40.724967,-73.949067,False,0.0,0.0,0.0
telecom_cluster_00620,AT&T cluster,telecom,Manhattan,40.7227,-73.9385,False,0.0,0.0,0.0
telecom_cluster_00621,AT&T cluster,telecom,Manhattan,40.725,-73.93492,False,0.0,0.0,0.0
telecom_cluster_00622,AT&T cluster,telecom,Manhattan,40.7258,-73.9321,False,0.0,0.0,0.0
telecom_cluster_00623,AT&T cluster,telecom,Queens,40.7261,-73.90025,False,0.0,0.0,0.0
telecom_cluster_00624,AT&T cluster,telecom,Queens,40.7243,-73.8923,False,0.0,0.0,0.0
telecom_cluster_00625,AT&T cluster,telecom,Queens,40.7274,-73.8549,False,0.0,0.0,0.0
telecom_cluster_00626,AT&T cluster,telecom,Queens,40.7227,-73.848,False,0.2,0.2,0.6
telecom_cluster_00627,AT&T cluster,telecom,Queens,40.7252,-73.8421,False,0.2,0.2,0.6
telecom_cluster_00628,AT&T cluster,telecom,Queens,40.7261,-73.8373,False,0.0,0.0,0.0
telecom_cluster_00629,AT&T cluster,telecom,Queens,40.7259,-73.8287,False,0.0,0.0,0.0
telecom_cluster_00630,AT&T cluster,telecom,Queens,40.7233,-73.7801,False,0.0,0.0,0.0
telecom_cluster_00631,AT&T cluster,telecom,Queens,40.7249,-73.7662,False,0.0,0.0,0.0
telecom_cluster_00632,AT&T cluster,telecom,Queens,40.7258,-73.75035,False,0.0,0.0,0.0
telecom_cluster_00633,AT&T cluster,telecom,NJ (external),40.7277,-74.2255,False,0.0,0.0,0.0
telecom_cluster_00634,AT&T cluster,telecom,NJ (external),40.73205,-74.22205,False,0.0,0.0,0.0
telecom_cluster_00635,AT&T cluster,telecom,NJ (external),40.729778,-74.169144,False,0.0,0.0,0.0
telecom_cluster_00636,AT&T cluster,telecom,NJ (external),40.73225,-74.16675,False,0.0,0.0,0.0
telecom_cluster_00637,AT&T cluster,telecom,NJ (external),40.7324,-74.1561,False,0.0,0.0,0.0
telecom_cluster_00638,AT&T cluster,telecom,NJ (external),40.72956,-74.12922,False,0.0,0.0,0.0
telecom_cluster_00639,AT&T cluster,telecom,NJ (external),40.73168,-74.12528,False,0.0,0.0,0.0
telecom_cluster_00640,AT&T cluster,telecom,NJ (external),40.7324,-74.1176,False,0.0,0.0,0.0
telecom_cluster_00641,AT&T cluster,telecom,NJ (external),40.73011,-74.10991,False,0.0,0.0,0.0
telecom_cluster_00642,AT&T cluster,telecom,NJ (external),40.729033,-74.105833,False,0.0,0.0,0.0
telecom_cluster_00643,AT&T cluster,telecom,NJ (external),40.7282,-74.1018,False,0.0,0.0,0.0
telecom_cluster_00644,AT&T cluster,telecom,NJ (external),40.7295,-74.0829,False,0.0,0.0,0.0
telecom_cluster_00645,AT&T cluster,telecom,NJ (external),40.7317,-74.0824,False,0.0,0.0,0.0
telecom_cluster_00646,AT&T cluster,telecom,NJ (external),40.73036,-74.06604,False,0.0,0.0,0.0
telecom_cluster_00647,AT&T cluster,telecom,NJ (external),40.7305,-74.059833,False,0.0,0.0,0.0
telecom_cluster_00648,AT&T cluster,telecom,NJ (external),40.73005,-74.055675,False,0.0,0.0,0.0
telecom_cluster_00649,AT&T cluster,telecom,NJ (external),40.7281,-74.04514,False,0.0,0.0,0.0
telecom_cluster_00650,AT&T cluster,telecom,NJ (external),40.730667,-74.040067,False,0.0,0.0,0.0
telecom_cluster_00651,AT&T cluster,telecom,NJ (external),40.7298,-74.0375,False,0.0,0.0,0.0
telecom_cluster_00652,AT&T cluster,telecom,Manhattan,40.7301,-74.010467,False,0.0,0.2,0.6
telecom_cluster_00653,AT&T cluster,telecom,Manhattan,40.730612,-74.004212,False,0.0,0.0,0.0
telecom_cluster_00654,AT&T cluster,telecom,Manhattan,40.730335,-74.000276,False,0.0,0.0,0.0
telecom_cluster_00655,AT&T cluster,telecom,Manhattan,40.729575,-73.994675,False,0.0,0.0,0.0
telecom_cluster_00656,AT&T cluster,telecom,Manhattan,40.730015,-73.98957,False,0.0,0.0,0.0
telecom_cluster_00657,AT&T cluster,telecom,Manhattan,40.730375,-73.9855,False,0.0,0.0,0.0
telecom_cluster_00658,AT&T cluster,telecom,Manhattan,40.7285,-73.9786,False,0.0,0.0,0.0
telecom_cluster_00659,AT&T cluster,telecom,Manhattan,40.73025,-73.9751,False,0.0,0.0,0.8
telecom_cluster_00660,AT&T cluster,telecom,Manhattan,40.7298,-73.97045,False,0.0,0.0,0.0
telecom_cluster_00661,AT&T cluster,telecom,Manhattan,40.7277,-73.965,False,0.0,0.0,0.0
telecom_cluster_00662,AT&T cluster,telecom,Manhattan,40.7275,-73.9499,False,0.0,0.0,0.0
telecom_cluster_00663,AT&T cluster,telecom,Queens,40.730933,-73.925167,False,0.0,0.0,0.2
telecom_cluster_00664,AT&T cluster,telecom,Queens,40.731,-73.9219,False,0.0,0.0,0.0
telecom_cluster_00665,AT&T cluster,telecom,Queens,40.730533,-73.913833,False,0.0,0.0,0.0
telecom_cluster_00666,AT&T cluster,telecom,Queens,40.7277,-73.91045,False,0.0,0.0,0.0
telecom_cluster_00667,AT&T cluster,telecom,Queens,40.73015,-73.90495,False,0.0,0.0,0.0
telecom_cluster_00668,AT&T cluster,telecom,Queens,40.7309,-73.8878,False,0.0,0.0,0.6
telecom_cluster_00669,AT&T cluster,telecom,Queens,40.7277,-73.8862,False,0.0,0.0,0.0
telecom_cluster_00670,AT&T cluster,telecom,Queens,40.729633,-73.879667,False,0.0,0.0,0.0
telecom_cluster_00671,AT&T cluster,telecom,Queens,40.730533,-73.874433,False,0.0,0.0,0.0
telecom_cluster_00672,AT&T cluster,telecom,Queens,40.73192,-73.8701,False,0.0,0.0,0.0
telecom_cluster_00673,AT&T cluster,telecom,Queens,40.7312,-73.8635,False,0.0,0.0,0.0
telecom_cluster_00674,AT&T cluster,telecom,Queens,40.7298,-73.86125,False,0.0,0.0,0.0
telecom_cluster_00675,AT&T cluster,telecom,Queens,40.7287,-73.8407,False,0.0,0.0,0.0
telecom_cluster_00676,AT&T cluster,telecom,Queens,40.7288,-73.7579,False,0.0,0.0,0.0
telecom_cluster_00677,AT&T cluster,telecom,Queens,40.7313,-73.7503,False,0.0,0.0,0.0
telecom_cluster_00678,AT&T cluster,telecom,Queens,40.7299,-73.745267,False,0.0,0.0,0.0
telecom_cluster_00679,AT&T cluster,telecom,NJ (external),40.73501,-74.21963,False,0.0,0.0,0.0
telecom_cluster_00680,AT&T cluster,telecom,NJ (external),40.734125,-74.165058,False,0.0,0.0,0.0
telecom_cluster_00681,AT&T cluster,telecom,NJ (external),40.736075,-74.16155,False,0.0,0.0,0.0
telecom_cluster_00682,AT&T cluster,telecom,NJ (external),40.734414,-74.124379,False,0.0,0.0,0.0
telecom_cluster_00683,AT&T cluster,telecom,NJ (external),40.73455,-74.12095,False,0.0,0.0,0.0
telecom_cluster_00684,AT&T cluster,telecom,NJ (external),40.7339,-74.116,False,0.0,0.0,0.0
telecom_cluster_00685,AT&T cluster,telecom,NJ (external),40.7361,-74.1041,False,0.0,0.0,0.0
telecom_cluster_00686,AT&T cluster,telecom,NJ (external),40.7354,-74.1016,False,0.0,0.0,0.0
telecom_cluster_00687,AT&T cluster,telecom,NJ (external),40.7375,-74.0944,False,0.0,0.0,0.0
telecom_cluster_00688,AT&T cluster,telecom,NJ (external),40.7329,-74.0849,False,0.0,0.0,0.0
telecom_cluster_00689,AT&T cluster,telecom,NJ (external),40.736133,-74.079467,False,0.0,0.0,0.0
telecom_cluster_00690,AT&T cluster,telecom,NJ (external),40.734033,-74.0686,False,0.0,0.0,0.0
telecom_cluster_00691,AT&T cluster,telecom,NJ (external),40.73455,-74.0653,False,0.0,0.0,0.0
telecom_cluster_00692,AT&T cluster,telecom,NJ (external),40.7343,-74.059767,False,0.0,0.0,0.0
telecom_cluster_00693,AT&T cluster,telecom,NJ (external),40.7355,-74.044,False,0.0,0.0,0.0
telecom_cluster_00694,AT&T cluster,telecom,NJ (external),40.7351,-74.0421,False,0.0,0.0,0.0
telecom_cluster_00695,AT&T cluster,telecom,Manhattan,40.735217,-74.010033,False,0.2,0.2,0.2
telecom_cluster_00696,AT&T cluster,telecom,Manhattan,40.734632,-74.004105,False,0.0,0.0,0.0
telecom_cluster_00697,AT&T cluster,telecom,Manhattan,40.7352,-74.00045,False,0.0,0.0,0.0
telecom_cluster_00698,AT&T cluster,telecom,Manhattan,40.736133,-73.9932,False,0.0,0.0,0.0
telecom_cluster_00699,AT&T cluster,telecom,Manhattan,40.735167,-73.990153,False,0.0,0.0,0.0
telecom_cluster_00700,AT&T cluster,telecom,Manhattan,40.7345,-73.98665,False,0.0,0.0,0.0
telecom_cluster_00701,AT&T cluster,telecom,Manhattan,40.7366,-73.9792,False,0.0,0.0,0.0
telecom_cluster_00702,AT&T cluster,telecom,Manhattan,40.7344,-73.9723,False,0.0,0.0,0.0
telecom_cluster_00703,AT&T cluster,telecom,Manhattan,40.7356,-73.9551,False,0.0,0.0,0.0
telecom_cluster_00704,AT&T cluster,telecom,Manhattan,40.7333,-73.950467,False,0.0,0.0,0.0
telecom_cluster_00705,AT&T cluster,telecom,Manhattan,40.7343,-73.9461,False,0.0,0.0,0.0
telecom_cluster_00706,AT&T cluster,telecom,Queens,40.73335,-73.9248,False,0.0,0.0,0.0
telecom_cluster_00707,AT&T cluster,telecom,Queens,40.7372,-73.8795,False,0.0,0.0,0.6
telecom_cluster_00708,AT&T cluster,telecom,Queens,40.73515,-73.8729,False,0.0,0.0,0.0
telecom_cluster_00709,AT&T cluster,telecom,Queens,40.7333,-73.868,False,0.0,0.0,0.0
telecom_cluster_00710,AT&T cluster,telecom,Queens,40.733375,-73.864725,False,0.0,0.0,0.2
telecom_cluster_00711,AT&T cluster,telecom,Queens,40.734867,-73.860633,False,0.0,0.0,0.6
telecom_cluster_00712,AT&T cluster,telecom,Queens,40.7363,-73.85625,False,0.0,0.0,0.6
telecom_cluster_00713,AT&T cluster,telecom,Queens,40.73695,-73.8522,False,0.0,0.0,0.0
telecom_cluster_00714,AT&T cluster,telecom,Queens,40.7352,-73.843867,False,0.0,0.0,0.8
telecom_cluster_00715,AT&T cluster,telecom,Queens,40.7342,-73.8368,False,0.0,0.0,0.0
telecom_cluster_00716,AT&T cluster,telecom,Queens,40.7359,-73.7965,False,0.0,0.0,0.0
telecom_cluster_00717,AT&T cluster,telecom,Queens,40.7368,-73.7456,False,0.0,0.0,0.0
telecom_cluster_00718,AT&T cluster,telecom,Queens,40.7351,-73.7408,False,0.0,0.0,0.0
telecom_cluster_00719,AT&T cluster,telecom,Queens,40.7341,-73.7305,False,0.0,0.0,0.0
telecom_cluster_00720,AT&T cluster,telecom,NJ (external),40.7415,-74.215357,False,0.0,0.0,0.0
telecom_cluster_00721,AT&T cluster,telecom,NJ (external),40.7415,-74.174,False,0.0,0.0,0.0
telecom_cluster_00722,AT&T cluster,telecom,NJ (external),40.73965,-74.165425,False,0.0,0.0,0.0
telecom_cluster_00723,AT&T cluster,telecom,NJ (external),40.73785,-74.1584,False,0.0,0.0,0.0
telecom_cluster_00724,AT&T cluster,telecom,NJ (external),40.739267,-74.1558,False,0.0,0.0,0.0
telecom_cluster_00725,AT&T cluster,telecom,NJ (external),40.7413,-74.1503,False,0.0,0.0,0.0
telecom_cluster_00726,AT&T cluster,telecom,NJ (external),40.74185,-74.1454,False,0.0,0.0,0.0
telecom_cluster_00727,AT&T cluster,telecom,NJ (external),40.7422,-74.140975,False,0.0,0.0,0.0
telecom_cluster_00728,AT&T cluster,telecom,NJ (external),40.7397,-74.1304,False,0.0,0.0,0.0
telecom_cluster_00729,AT&T cluster,telecom,NJ (external),40.740512,-74.123262,False,0.0,0.0,0.0
telecom_cluster_00730,AT&T cluster,telecom,NJ (external),40.7418,-74.1135,False,0.0,0.0,0.0
telecom_cluster_00731,AT&T cluster,telecom,NJ (external),40.74075,-74.11185,False,0.0,0.0,0.0
telecom_cluster_00732,AT&T cluster,telecom,NJ (external),40.73835,-74.07975,False,0.0,0.0,0.0
telecom_cluster_00733,AT&T cluster,telecom,NJ (external),40.7389,-74.0743,False,0.0,0.0,0.0
telecom_cluster_00734,AT&T cluster,telecom,NJ (external),40.739567,-74.071067,False,0.0,0.0,0.0
telecom_cluster_00735,AT&T cluster,telecom,NJ (external),40.740667,-74.065967,False,0.0,0.0,0.0
telecom_cluster_00736,AT&T cluster,telecom,NJ (external),40.7385,-74.0427,False,0.0,0.0,0.0
telecom_cluster_00737,AT&T cluster,telecom,NJ (external),40.7423,-74.0416,False,0.0,0.0,0.0
telecom_cluster_00738,AT&T cluster,telecom,Manhattan,40.740714,-74.008964,False,0.0,0.0,0.0
telecom_cluster_00739,AT&T cluster,telecom,Manhattan,40.73966,-74.004975,False,0.0,0.0,0.0
telecom_cluster_00740,AT&T cluster,telecom,Manhattan,40.741354,-74.001077,False,0.0,0.0,0.0
telecom_cluster_00741,AT&T cluster,telecom,Manhattan,40.74105,-73.9941,False,0.0,0.0,0.0
telecom_cluster_00742,AT&T cluster,telecom,Manhattan,40.741053,-73.9895,False,0.0,0.0,0.0
telecom_cluster_00743,AT&T cluster,telecom,Manhattan,40.740653,-73.984728,False,0.0,0.0,0.0
telecom_cluster_00744,AT&T cluster,telecom,Manhattan,40.739967,-73.981133,False,0.0,0.0,0.0
telecom_cluster_00745,AT&T cluster,telecom,Manhattan,40.7397,-73.9732,False,0.0,0.0,0.0
telecom_cluster_00746,AT&T cluster,telecom,Queens,40.73985,-73.89455,False,0.0,0.0,0.0
telecom_cluster_00747,AT&T cluster,telecom,Queens,40.738667,-73.889933,False,0.0,0.0,0.0
telecom_cluster_00748,AT&T cluster,telecom,Queens,40.738767,-73.884033,False,0.0,0.0,0.0
telecom_cluster_00749,AT&T cluster,telecom,Queens,40.7413,-73.8813,False,0.0,0.0,0.0
telecom_cluster_00750,AT&T cluster,telecom,Queens,40.7422,-73.8768,False,0.0,0.0,0.0
telecom_cluster_00751,AT&T cluster,telecom,Queens,40.7379,-73.8498,False,0.0,0.0,0.0
telecom_cluster_00752,AT&T cluster,telecom,Queens,40.74035,-73.84475,False,0.0,0.0,0.0
telecom_cluster_00753,AT&T cluster,telecom,Queens,40.739,-73.8399,False,0.0,0.0,0.8
telecom_cluster_00754,AT&T cluster,telecom,Queens,40.7418,-73.8233,False,0.0,0.0,0.0
telecom_cluster_00755,AT&T cluster,telecom,Queens,40.7414,-73.81995,False,0.0,0.0,0.0
telecom_cluster_00756,AT&T cluster,telecom,Queens,40.73935,-73.8149,False,0.0,0.0,0.0
telecom_cluster_00757,AT&T cluster,telecom,Queens,40.7389,-73.810067,False,0.0,0.0,0.0
telecom_cluster_00758,AT&T cluster,telecom,Queens,40.73845,-73.8042,False,0.0,0.0,0.6
telecom_cluster_00759,AT&T cluster,telecom,Queens,40.739,-73.7959,False,0.0,0.0,0.0
telecom_cluster_00760,AT&T cluster,telecom,Queens,40.7402,-73.7893,False,0.0,0.0,0.0
telecom_cluster_00761,AT&T cluster,telecom,Queens,40.74115,-73.7817,False,0.0,0.0,0.0
telecom_cluster_00762,AT&T cluster,telecom,Queens,40.7376,-73.7664,False,0.0,0.0,0.0
telecom_cluster_00763,AT&T cluster,telecom,Queens,40.7399,-73.7308,False,0.0,0.0,0.0
telecom_cluster_00764,AT&T cluster,telecom,NJ (external),40.745064,-74.213673,False,0.0,0.0,0.0
telecom_cluster_00765,AT&T cluster,telecom,NJ (external),40.7472,-74.1713,False,0.0,0.0,0.0
telecom_cluster_00766,AT&T cluster,telecom,NJ (external),40.7449,-74.1671,False,0.0,0.0,0.0
telecom_cluster_00767,AT&T cluster,telecom,NJ (external),40.7457,-74.160367,False,0.0,0.0,0.0
telecom_cluster_00768,AT&T cluster,telecom,NJ (external),40.7426,-74.155,False,0.0,0.0,0.0
telecom_cluster_00769,AT&T cluster,telecom,NJ (external),40.7426,-74.1489,False,0.0,0.0,0.0
telecom_cluster_00770,AT&T cluster,telecom,NJ (external),40.7442,-74.1397,False,0.0,0.0,0.0
telecom_cluster_00771,AT&T cluster,telecom,NJ (external),40.7435,-74.1356,False,0.0,0.0,0.0
telecom_cluster_00772,AT&T cluster,telecom,NJ (external),40.744025,-74.12495,False,0.0,0.0,0.0
telecom_cluster_00773,AT&T cluster,telecom,NJ (external),40.743,-74.12225,False,0.0,0.0,0.0
telecom_cluster_00774,AT&T cluster,telecom,NJ (external),40.74585,-74.11615,False,0.0,0.0,0.0
telecom_cluster_00775,AT&T cluster,telecom,NJ (external),40.7466,-74.1124,False,0.0,0.0,0.0
telecom_cluster_00776,AT&T cluster,telecom,NJ (external),40.7455,-74.1035,False,0.0,0.0,0.0
telecom_cluster_00777,AT&T cluster,telecom,NJ (external),40.7458,-74.09915,False,0.0,0.0,0.0
telecom_cluster_00778,AT&T cluster,telecom,NJ (external),40.7461,-74.0705,False,0.0,0.0,0.0
telecom_cluster_00779,AT&T cluster,telecom,NJ (external),40.7456,-74.0622,False,0.0,0.0,0.0
telecom_cluster_00780,AT&T cluster,telecom,NJ (external),40.7432,-74.05505,False,0.0,0.0,0.0
telecom_cluster_00781,AT&T cluster,telecom,NJ (external),40.7426,-74.0432,False,0.0,0.0,0.0
telecom_cluster_00782,AT&T cluster,telecom,NJ (external),40.746,-74.0413,False,0.0,0.0,0.0
telecom_cluster_00783,AT&T cluster,telecom,Manhattan,40.7438,-74.00865,False,0.0,0.0,0.2
telecom_cluster_00784,AT&T cluster,telecom,Manhattan,40.745336,-74.0059,False,0.0,0.0,0.2
telecom_cluster_00785,AT&T cluster,telecom,Manhattan,40.744925,-73.998488,False,0.0,0.0,0.0
telecom_cluster_00786,AT&T cluster,telecom,Manhattan,40.744352,-73.99521,False,0.0,0.0,0.0
telecom_cluster_00787,AT&T cluster,telecom,Manhattan,40.744995,-73.990043,False,0.0,0.0,0.0
telecom_cluster_00788,AT&T cluster,telecom,Manhattan,40.744833,-73.9853,False,0.0,0.0,0.0
telecom_cluster_00789,AT&T cluster,telecom,Manhattan,40.745125,-73.981375,False,0.0,0.0,0.0
telecom_cluster_00790,AT&T cluster,telecom,Manhattan,40.7446,-73.9746,False,0.0,0.0,0.0
telecom_cluster_00791,AT&T cluster,telecom,Manhattan,40.744367,-73.971033,False,0.0,0.0,0.8
telecom_cluster_00792,AT&T cluster,telecom,Manhattan,40.74335,-73.945,False,0.0,0.0,0.0
telecom_cluster_00793,AT&T cluster,telecom,Manhattan,40.7457,-73.939,False,0.0,0.0,0.0
telecom_cluster_00794,AT&T cluster,telecom,Queens,40.7453,-73.9226,False,0.0,0.0,0.0
telecom_cluster_00795,AT&T cluster,telecom,Queens,40.7442,-73.9084,False,0.0,0.0,0.0
telecom_cluster_00796,AT&T cluster,telecom,Queens,40.7461,-73.903,False,0.0,0.0,0.0
telecom_cluster_00797,AT&T cluster,telecom,Queens,40.7456,-73.9024,False,0.0,0.0,0.0
telecom_cluster_00798,AT&T cluster,telecom,Queens,40.7427,-73.8966,False,0.0,0.0,0.0
telecom_cluster_00799,AT&T cluster,telecom,Queens,40.7454,-73.8477,False,0.0,0.0,0.0
telecom_cluster_00800,AT&T cluster,telecom,Queens,40.7451,-73.8473,False,0.0,0.0,0.0
telecom_cluster_00801,AT&T cluster,telecom,Queens,40.7435,-73.835075,False,0.0,0.0,0.0
telecom_cluster_00802,AT&T cluster,telecom,Queens,40.7435,-73.830433,False,0.0,0.0,0.0
telecom_cluster_00803,AT&T cluster,telecom,Queens,40.742975,-73.8247,False,0.0,0.0,0.0
telecom_cluster_00804,AT&T cluster,telecom,Queens,40.74305,-73.7786,False,0.0,0.0,0.6
telecom_cluster_00805,AT&T cluster,telecom,Queens,40.7436,-73.77485,False,0.0,0.0,0.6
telecom_cluster_00806,AT&T cluster,telecom,Queens,40.745625,-73.77005,False,0.0,0.0,0.0
telecom_cluster_00807,AT&T cluster,telecom,Queens,40.74675,-73.76475,False,0.0,0.0,0.0
telecom_cluster_00808,AT&T cluster,telecom,Queens,40.7473,-73.7623,False,0.0,0.0,0.6
telecom_cluster_00809,AT&T cluster,telecom,Queens,40.7469,-73.7289,False,0.0,0.0,0.0
telecom_cluster_00810,AT&T cluster,telecom,Queens,40.7439,-73.7099,False,0.0,0.0,0.0
telecom_cluster_00811,AT&T cluster,telecom,NJ (external),40.7481,-74.2127,False,0.0,0.0,0.0
telecom_cluster_00812,AT&T cluster,telecom,NJ (external),40.750038,-74.212088,False,0.0,0.0,0.0
telecom_cluster_00813,AT&T cluster,telecom,NJ (external),40.7522,-74.1889,False,0.0,0.0,0.0
telecom_cluster_00814,AT&T cluster,telecom,NJ (external),40.75095,-74.18405,False,0.0,0.0,0.0
telecom_cluster_00815,AT&T cluster,telecom,NJ (external),40.7493,-74.1777,False,0.0,0.0,0.0
telecom_cluster_00816,AT&T cluster,telecom,NJ (external),40.7483,-74.1737,False,0.0,0.0,0.0
telecom_cluster_00817,AT&T cluster,telecom,NJ (external),40.74955,-74.16895,False,0.0,0.0,0.0
telecom_cluster_00818,AT&T cluster,telecom,NJ (external),40.747933,-74.165567,False,0.0,0.0,0.0
telecom_cluster_00819,AT&T cluster,telecom,NJ (external),40.7494,-74.134,False,0.0,0.0,0.0
telecom_cluster_00820,AT&T cluster,telecom,NJ (external),40.7495,-74.12955,False,0.0,0.0,0.0
telecom_cluster_00821,AT&T cluster,telecom,NJ (external),40.749071,-74.119071,False,0.0,0.0,0.0
telecom_cluster_00822,AT&T cluster,telecom,NJ (external),40.749933,-74.1155,False,0.0,0.0,0.0
telecom_cluster_00823,AT&T cluster,telecom,NJ (external),40.748033,-74.111167,False,0.0,0.0,0.0
telecom_cluster_00824,AT&T cluster,telecom,NJ (external),40.75026,-74.10662,False,0.0,0.0,0.0
telecom_cluster_00825,AT&T cluster,telecom,NJ (external),40.7525,-74.1023,False,0.0,0.0,0.0
telecom_cluster_00826,AT&T cluster,telecom,NJ (external),40.7483,-74.0772,False,0.0,0.0,0.0
telecom_cluster_00827,AT&T cluster,telecom,NJ (external),40.749,-74.0603,False,0.0,0.0,0.0
telecom_cluster_00828,AT&T cluster,telecom,NJ (external),40.749567,-74.0555,False,0.0,0.0,0.0
telecom_cluster_00829,AT&T cluster,telecom,NJ (external),40.74994,-74.04036,False,0.0,0.0,0.0
telecom_cluster_00830,AT&T cluster,telecom,NJ (external),40.7518,-74.0326,False,0.0,0.0,0.0
telecom_cluster_00831,AT&T cluster,telecom,Brooklyn,40.7519,-74.0241,False,0.0,0.0,0.0
telecom_cluster_00832,AT&T cluster,telecom,Manhattan,40.749933,-74.007933,False,0.0,0.0,0.8
telecom_cluster_00833,AT&T cluster,telecom,Manhattan,40.74905,-74.004817,False,0.0,0.0,0.0
telecom_cluster_00834,AT&T cluster,telecom,Manhattan,40.750609,-74.000291,False,0.0,0.0,0.0
telecom_cluster_00835,AT&T cluster,telecom,Manhattan,40.750238,-73.994438,False,0.0,0.0,0.0
telecom_cluster_00836,AT&T cluster,telecom,Manhattan,40.750158,-73.989095,False,0.0,0.0,0.0
telecom_cluster_00837,AT&T cluster,telecom,Manhattan,40.749617,-73.984917,False,0.0,0.0,0.0
telecom_cluster_00838,AT&T cluster,telecom,Manhattan,40.7522,-73.9801,False,0.0,0.0,0.0
telecom_cluster_00839,AT&T cluster,telecom,Manhattan,40.751175,-73.976575,False,0.0,0.0,0.0
telecom_cluster_00840,AT&T cluster,telecom,Manhattan,40.7477,-73.9684,False,0.0,0.0,0.0
telecom_cluster_00841,AT&T cluster,telecom,Queens,40.7492,-73.9239,False,0.0,0.0,0.0
telecom_cluster_00842,AT&T cluster,telecom,Queens,40.7506,-73.9163,False,0.0,0.0,0.0
telecom_cluster_00843,AT&T cluster,telecom,Queens,40.7517,-73.91035,False,0.0,0.0,0.0
telecom_cluster_00844,AT&T cluster,telecom,Queens,40.75055,-73.90445,False,0.0,0.0,0.0
telecom_cluster_00845,AT&T cluster,telecom,Queens,40.7484,-73.8993,False,0.0,0.0,0.0
telecom_cluster_00846,AT&T cluster,telecom,Queens,40.7481,-73.8961,False,0.0,0.0,0.0
telecom_cluster_00847,AT&T cluster,telecom,Queens,40.7524,-73.8566,False,0.0,0.0,0.0
telecom_cluster_00848,AT&T cluster,telecom,Queens,40.74975,-73.85045,False,0.0,0.0,0.0
telecom_cluster_00849,AT&T cluster,telecom,Queens,40.7475,-73.8349,False,0.0,0.0,0.0
telecom_cluster_00850,AT&T cluster,telecom,Queens,40.7497,-73.825567,False,0.0,0.0,0.0
telecom_cluster_00851,AT&T cluster,telecom,Queens,40.7492,-73.7906,False,0.0,0.0,0.0
telecom_cluster_00852,AT&T cluster,telecom,Queens,40.7484,-73.7591,False,0.0,0.0,0.6
telecom_cluster_00853,AT&T cluster,telecom,Queens,40.749933,-73.7544,False,0.0,0.0,0.2
telecom_cluster_00854,AT&T cluster,telecom,Queens,40.7509,-73.7502,False,0.0,0.0,0.0
telecom_cluster_00855,AT&T cluster,telecom,Queens,40.7523,-73.7232,False,0.0,0.0,0.0
telecom_cluster_00856,AT&T cluster,telecom,NJ (external),40.755814,-74.209729,False,0.0,0.0,0.0
telecom_cluster_00857,AT&T cluster,telecom,NJ (external),40.7565,-74.20545,False,0.0,0.0,0.0
telecom_cluster_00858,AT&T cluster,telecom,NJ (external),40.7562,-74.2004,False,0.0,0.0,0.0
telecom_cluster_00859,AT&T cluster,telecom,NJ (external),40.75355,-74.19455,False,0.0,0.0,0.0
telecom_cluster_00860,AT&T cluster,telecom,NJ (external),40.7529,-74.1924,False,0.0,0.0,0.0
telecom_cluster_00861,AT&T cluster,telecom,NJ (external),40.755975,-74.11605,False,0.0,0.0,0.0
telecom_cluster_00862,AT&T cluster,telecom,NJ (external),40.7549,-74.10965,False,0.0,0.0,0.0
telecom_cluster_00863,AT&T cluster,telecom,NJ (external),40.75555,-74.105,False,0.0,0.0,0.0
telecom_cluster_00864,AT&T cluster,telecom,NJ (external),40.7565,-74.1002,False,0.0,0.0,0.0
telecom_cluster_00865,AT&T cluster,telecom,NJ (external),40.754729,-74.094686,False,0.0,0.0,0.0
telecom_cluster_00866,AT&T cluster,telecom,NJ (external),40.7568,-74.08975,False,0.0,0.0,0.0
telecom_cluster_00867,AT&T cluster,telecom,NJ (external),40.7551,-74.0793,False,0.0,0.0,0.0
telecom_cluster_00868,AT&T cluster,telecom,NJ (external),40.754,-74.0558,False,0.0,0.0,0.0
telecom_cluster_00869,AT&T cluster,telecom,NJ (external),40.75345,-74.04345,False,0.0,0.0,0.0
telecom_cluster_00870,AT&T cluster,telecom,NJ (external),40.7571,-74.042,False,0.0,0.0,0.0
telecom_cluster_00871,AT&T cluster,telecom,Manhattan,40.75495,-74.004612,False,0.0,0.0,0.0
telecom_cluster_00872,AT&T cluster,telecom,Manhattan,40.754485,-74.000315,False,0.0,0.0,0.0
telecom_cluster_00873,AT&T cluster,telecom,Manhattan,40.755695,-73.99427,False,0.0,0.0,0.0
telecom_cluster_00874,AT&T cluster,telecom,Manhattan,40.755006,-73.989422,False,0.0,0.0,0.0
telecom_cluster_00875,AT&T cluster,telecom,Manhattan,40.754788,-73.985769,False,0.0,0.0,0.0
telecom_cluster_00876,AT&T cluster,telecom,Manhattan,40.754389,-73.980433,False,0.0,0.0,0.0
telecom_cluster_00877,AT&T cluster,telecom,Manhattan,40.75376,-73.97472,False,0.0,0.0,0.0
telecom_cluster_00878,AT&T cluster,telecom,Manhattan,40.755533,-73.9705,False,0.0,0.0,0.0
telecom_cluster_00879,AT&T cluster,telecom,Manhattan,40.7527,-73.964,False,0.0,0.0,0.0
telecom_cluster_00880,AT&T cluster,telecom,Manhattan,40.7539,-73.9616,False,0.0,0.0,0.0
telecom_cluster_00881,AT&T cluster,telecom,Manhattan,40.7572,-73.9574,False,0.0,0.0,0.0
telecom_cluster_00882,AT&T cluster,telecom,Queens,40.7558,-73.9287,False,0.0,0.0,0.0
telecom_cluster_00883,AT&T cluster,telecom,Queens,40.7548,-73.905667,False,0.0,0.0,0.0
telecom_cluster_00884,AT&T cluster,telecom,Queens,40.7553,-73.8992,False,0.0,0.0,0.0
telecom_cluster_00885,AT&T cluster,telecom,Queens,40.7559,-73.8561,False,0.0,0.0,0.0
telecom_cluster_00886,AT&T cluster,telecom,Queens,40.7531,-73.8522,False,0.0,0.0,0.2
telecom_cluster_00887,AT&T cluster,telecom,Queens,40.7567,-73.8385,False,0.0,0.0,0.0
telecom_cluster_00888,AT&T cluster,telecom,Queens,40.75412,-73.83432,False,0.0,0.0,0.0
telecom_cluster_00889,AT&T cluster,telecom,Queens,40.7543,-73.8292,False,0.0,0.0,0.0
telecom_cluster_00890,AT&T cluster,telecom,Queens,40.7538,-73.82665,False,0.0,0.0,0.0
telecom_cluster_00891,AT&T cluster,telecom,Queens,40.75335,-73.74525,False,0.0,0.0,0.0
telecom_cluster_00892,AT&T cluster,telecom,Queens,40.756,-73.7409,False,0.0,0.0,0.2
telecom_cluster_00893,AT&T cluster,telecom,Queens,40.7533,-73.718,False,0.0,0.0,0.0
telecom_cluster_00894,AT&T cluster,telecom,Queens,40.7564,-73.705,False,0.0,0.0,0.0
telecom_cluster_00895,AT&T cluster,telecom,NJ (external),40.7607,-74.2132,False,0.0,0.0,0.0
telecom_cluster_00896,AT&T cluster,telecom,NJ (external),40.75932,-74.20916,False,0.0,0.0,0.0
telecom_cluster_00897,AT&T cluster,telecom,NJ (external),40.76204,-74.20682,False,0.0,0.0,0.0
telecom_cluster_00898,AT&T cluster,telecom,NJ (external),40.7596,-74.16505,False,0.0,0.0,0.0
telecom_cluster_00899,AT&T cluster,telecom,NJ (external),40.7603,-74.115386,False,0.0,0.0,0.0
telecom_cluster_00900,AT&T cluster,telecom,NJ (external),40.758767,-74.084217,False,0.0,0.0,0.0
telecom_cluster_00901,AT&T cluster,telecom,NJ (external),40.759786,-74.080229,False,0.0,0.0,0.0
telecom_cluster_00902,AT&T cluster,telecom,NJ (external),40.76158,-74.07606,False,0.0,0.0,0.0
telecom_cluster_00903,AT&T cluster,telecom,NJ (external),40.76105,-74.05405,False,0.0,0.0,0.0
telecom_cluster_00904,AT&T cluster,telecom,NJ (external),40.7603,-74.050033,False,0.0,0.0,0.0
telecom_cluster_00905,AT&T cluster,telecom,NJ (external),40.7592,-74.0461,False,0.0,0.0,0.0
telecom_cluster_00906,AT&T cluster,telecom,Brooklyn,40.7616,-74.0267,False,0.0,0.0,0.0
telecom_cluster_00907,AT&T cluster,telecom,Manhattan,40.76195,-74.0107,False,0.0,0.0,0.0
telecom_cluster_00908,AT&T cluster,telecom,Manhattan,40.759775,-74.00515,False,0.0,0.0,0.0
telecom_cluster_00909,AT&T cluster,telecom,Manhattan,40.759525,-73.99955,False,0.0,0.0,0.0
telecom_cluster_00910,AT&T cluster,telecom,Manhattan,40.758465,-73.995118,False,0.0,0.0,0.0
telecom_cluster_00911,AT&T cluster,telecom,Manhattan,40.758973,-73.99038,False,0.0,0.0,0.0
telecom_cluster_00912,AT&T cluster,telecom,Manhattan,40.759523,-73.985477,False,0.0,0.0,0.0
telecom_cluster_00913,AT&T cluster,telecom,Manhattan,40.758,-73.97765,False,0.0,0.0,0.0
telecom_cluster_00914,AT&T cluster,telecom,Manhattan,40.760545,-73.975609,False,0.0,0.0,0.0
telecom_cluster_00915,AT&T cluster,telecom,Manhattan,40.760933,-73.969433,False,0.0,0.0,0.2
telecom_cluster_00916,AT&T cluster,telecom,Manhattan,40.761,-73.967,False,0.0,0.0,0.0
telecom_cluster_00917,AT&T cluster,telecom,Manhattan,40.760911,-73.960133,False,0.0,0.0,0.0
telecom_cluster_00918,AT&T cluster,telecom,Manhattan,40.759267,-73.9565,False,0.0,0.0,0.0
telecom_cluster_00919,AT&T cluster,telecom,Queens,40.76085,-73.9047,False,0.0,0.0,0.0
telecom_cluster_00920,AT&T cluster,telecom,Queens,40.7605,-73.9002,False,0.0,0.0,0.0
telecom_cluster_00921,AT&T cluster,telecom,Queens,40.7598,-73.8549,False,0.0,0.0,0.6
telecom_cluster_00922,AT&T cluster,telecom,Queens,40.7603,-73.8523,False,0.0,0.0,0.0
telecom_cluster_00923,AT&T cluster,telecom,Queens,40.7596,-73.83945,False,0.0,0.0,0.0
telecom_cluster_00924,AT&T cluster,telecom,Queens,40.758633,-73.8343,False,0.0,0.0,0.0
telecom_cluster_00925,AT&T cluster,telecom,Queens,40.759,-73.73555,False,0.0,0.0,0.0
telecom_cluster_00926,AT&T cluster,telecom,Queens,40.7612,-73.73075,False,0.0,0.0,0.2
telecom_cluster_00927,AT&T cluster,telecom,NJ (external),40.767,-74.2257,False,0.0,0.0,0.0
telecom_cluster_00928,AT&T cluster,telecom,NJ (external),40.76565,-74.22155,False,0.0,0.0,0.0
telecom_cluster_00929,AT&T cluster,telecom,NJ (external),40.7626,-74.2156,False,0.0,0.0,0.0
telecom_cluster_00930,AT&T cluster,telecom,NJ (external),40.76492,-74.20532,False,0.0,0.0,0.0
telecom_cluster_00931,AT&T cluster,telecom,NJ (external),40.7626,-74.163,False,0.0,0.0,0.0
telecom_cluster_00932,AT&T cluster,telecom,NJ (external),40.7649,-74.1612,False,0.0,0.0,0.0
telecom_cluster_00933,AT&T cluster,telecom,NJ (external),40.764133,-74.111283,False,0.0,0.0,0.0
telecom_cluster_00934,AT&T cluster,telecom,NJ (external),40.7659,-74.1066,False,0.0,0.0,0.0
telecom_cluster_00935,AT&T cluster,telecom,NJ (external),40.763425,-74.07415,False,0.0,0.0,0.0
telecom_cluster_00936,AT&T cluster,telecom,NJ (external),40.764407,-74.070757,False,0.0,0.0,0.0
telecom_cluster_00937,AT&T cluster,telecom,NJ (external),40.76616,-74.06542,False,0.0,0.0,0.0
telecom_cluster_00938,AT&T cluster,telecom,NJ (external),40.76555,-74.0604,False,0.0,0.0,0.0
telecom_cluster_00939,AT&T cluster,telecom,NJ (external),40.765167,-74.049667,False,0.0,0.0,0.0
telecom_cluster_00940,AT&T cluster,telecom,NJ (external),40.7668,-74.04605,False,0.0,0.0,0.0
telecom_cluster_00941,AT&T cluster,telecom,Brooklyn,40.765286,-74.023571,False,0.0,0.0,0.0
telecom_cluster_00942,AT&T cluster,telecom,Brooklyn,40.7663,-74.02128,False,0.0,0.0,0.0
telecom_cluster_00943,AT&T cluster,telecom,Manhattan,40.76365,-73.99885,False,0.0,0.0,0.2
telecom_cluster_00944,AT&T cluster,telecom,Manhattan,40.76675,-73.997,False,0.0,0.0,0.0
telecom_cluster_00945,AT&T cluster,telecom,Manhattan,40.7646,-73.983543,False,0.0,0.0,0.0
telecom_cluster_00946,AT&T cluster,telecom,Manhattan,40.766312,-73.98115,False,0.0,0.0,0.0
telecom_cluster_00947,AT&T cluster,telecom,Manhattan,40.764783,-73.974158,False,0.0,0.0,0.0
telecom_cluster_00948,AT&T cluster,telecom,Manhattan,40.76605,-73.970467,False,0.0,0.0,0.0
telecom_cluster_00949,AT&T cluster,telecom,Manhattan,40.765669,-73.964806,False,0.0,0.0,0.0
telecom_cluster_00950,AT&T cluster,telecom,Manhattan,40.76695,-73.9599,False,0.0,0.0,0.0
telecom_cluster_00951,AT&T cluster,telecom,Manhattan,40.76385,-73.954,False,0.0,0.0,0.0
telecom_cluster_00952,AT&T cluster,telecom,Manhattan,40.7674,-73.9511,False,0.2,0.2,0.2
telecom_cluster_00953,AT&T cluster,telecom,Queens,40.7673,-73.912,False,0.0,0.0,0.0
telecom_cluster_00954,AT&T cluster,telecom,Queens,40.7653,-73.9062,False,0.0,0.0,0.0
telecom_cluster_00955,AT&T cluster,telecom,Queens,40.765625,-73.900525,False,0.0,0.0,0.0
telecom_cluster_00956,AT&T cluster,telecom,Queens,40.7666,-73.8954,False,0.0,0.0,0.0
telecom_cluster_00957,AT&T cluster,telecom,Queens,40.766275,-73.88905,False,0.0,0.0,0.0
telecom_cluster_00958,AT&T cluster,telecom,Queens,40.764267,-73.861033,False,0.0,0.0,0.0
telecom_cluster_00959,AT&T cluster,telecom,Queens,40.7658,-73.836,False,0.0,0.0,0.0
telecom_cluster_00960,AT&T cluster,telecom,Queens,40.76445,-73.798,False,0.0,0.0,0.0
telecom_cluster_00961,AT&T cluster,telecom,Queens,40.76295,-73.7277,False,0.0,0.0,0.0
telecom_cluster_00962,AT&T cluster,telecom,Queens,40.763833,-73.725467,False,0.0,0.0,0.0
telecom_cluster_00963,AT&T cluster,telecom,Queens,40.7654,-73.719167,False,0.0,0.0,0.0
telecom_cluster_00964,AT&T cluster,telecom,Queens,40.7666,-73.7162,False,0.0,0.0,0.0
telecom_cluster_00965,AT&T cluster,telecom,NJ (external),40.7711,-74.23595,False,0.0,0.0,0.0
telecom_cluster_00966,AT&T cluster,telecom,NJ (external),40.77015,-74.22835,False,0.0,0.0,0.0
telecom_cluster_00967,AT&T cluster,telecom,NJ (external),40.76775,-74.22655,False,0.0,0.0,0.0
telecom_cluster_00968,AT&T cluster,telecom,NJ (external),40.769325,-74.204462,False,0.0,0.0,0.0
telecom_cluster_00969,AT&T cluster,telecom,NJ (external),40.7696,-74.1583,False,0.0,0.0,0.0
telecom_cluster_00970,AT&T cluster,telecom,NJ (external),40.7719,-74.15635,False,0.0,0.0,0.0
telecom_cluster_00971,AT&T cluster,telecom,NJ (external),40.7681,-74.1086,False,0.0,0.0,0.0
telecom_cluster_00972,AT&T cluster,telecom,NJ (external),40.7718,-74.1051,False,0.0,0.0,0.0
telecom_cluster_00973,AT&T cluster,telecom,NJ (external),40.7682,-74.0945,False,0.0,0.0,0.0
telecom_cluster_00974,AT&T cluster,telecom,NJ (external),40.7705,-74.0901,False,0.0,0.0,0.0
telecom_cluster_00975,AT&T cluster,telecom,NJ (external),40.769162,-74.065038,False,0.0,0.0,0.0
telecom_cluster_00976,AT&T cluster,telecom,NJ (external),40.769517,-74.06045,False,0.0,0.0,0.0
telecom_cluster_00977,AT&T cluster,telecom,NJ (external),40.76935,-74.05605,False,0.0,0.0,0.0
telecom_cluster_00978,AT&T cluster,telecom,NJ (external),40.7697,-74.049233,False,0.0,0.0,0.0
telecom_cluster_00979,AT&T cluster,telecom,NJ (external),40.77054,-74.04504,False,0.0,0.0,0.0
telecom_cluster_00980,AT&T cluster,telecom,NJ (external),40.771264,-74.04155,False,0.0,0.0,0.0
telecom_cluster_00981,AT&T cluster,telecom,Brooklyn,40.771475,-74.029925,False,0.0,0.0,0.0
telecom_cluster_00982,AT&T cluster,telecom,Brooklyn,40.76948,-74.02524,False,0.0,0.0,0.0
telecom_cluster_00983,AT&T cluster,telecom,Brooklyn,40.7682,-74.0223,False,0.0,0.0,0.0
telecom_cluster_00984,AT&T cluster,telecom,Manhattan,40.7704,-73.99435,False,0.0,0.0,0.0
telecom_cluster_00985,AT&T cluster,telecom,Manhattan,40.76984,-73.99054,False,0.0,0.0,0.0
telecom_cluster_00986,AT&T cluster,telecom,Manhattan,40.7677,-73.9828,False,0.0,0.0,0.0
telecom_cluster_00987,AT&T cluster,telecom,Manhattan,40.768371,-73.981529,False,0.0,0.0,0.0
telecom_cluster_00988,AT&T cluster,telecom,Manhattan,40.769855,-73.974091,False,0.0,0.0,0.0
telecom_cluster_00989,AT&T cluster,telecom,Manhattan,40.7703,-73.97008,False,0.0,0.0,0.0
telecom_cluster_00990,AT&T cluster,telecom,Manhattan,40.76985,-73.964912,False,0.0,0.0,0.0
telecom_cluster_00991,AT&T cluster,telecom,Manhattan,40.768067,-73.962133,False,0.0,0.0,0.0
telecom_cluster_00992,AT&T cluster,telecom,Manhattan,40.77105,-73.95052,False,0.0,0.0,0.0
telecom_cluster_00993,AT&T cluster,telecom,Queens,40.7719,-73.9186,False,0.6,0.6,0.6
telecom_cluster_00994,AT&T cluster,telecom,Queens,40.7707,-73.91625,False,0.0,0.0,0.0
telecom_cluster_00995,AT&T cluster,telecom,Queens,40.76924,-73.91062,False,0.0,0.0,0.6
telecom_cluster_00996,AT&T cluster,telecom,Queens,40.7683,-73.9049,False,0.0,0.0,0.0
telecom_cluster_00997,AT&T cluster,telecom,Queens,40.7692,-73.882,False,0.0,0.0,0.2
telecom_cluster_00998,AT&T cluster,telecom,Queens,40.7711,-73.875,False,0.0,0.0,0.0
telecom_cluster_00999,AT&T cluster,telecom,Queens,40.7706,-73.8704,False,0.0,0.0,0.0
telecom_cluster_01000,AT&T cluster,telecom,Queens,40.7682,-73.8652,False,0.0,0.0,0.2
telecom_cluster_01001,AT&T cluster,telecom,Queens,40.7693,-73.7094,False,0.0,0.0,0.0
telecom_cluster_01002,AT&T cluster,telecom,Queens,40.769033,-73.705467,False,0.0,0.0,0.0
telecom_cluster_01003,AT&T cluster,telecom,Queens,40.768567,-73.701533,False,0.0,0.0,0.0
telecom_cluster_01004,AT&T cluster,telecom,NJ (external),40.7751,-74.2408,False,0.0,0.0,0.0
telecom_cluster_01005,AT&T cluster,telecom,NJ (external),40.7738,-74.2345,False,0.0,0.0,0.0
telecom_cluster_01006,AT&T cluster,telecom,NJ (external),40.774775,-74.203275,False,0.0,0.0,0.0
telecom_cluster_01007,AT&T cluster,telecom,NJ (external),40.776567,-74.202067,False,0.0,0.0,0.0
telecom_cluster_01008,AT&T cluster,telecom,NJ (external),40.7735,-74.1551,False,0.0,0.0,0.0
telecom_cluster_01009,AT&T cluster,telecom,NJ (external),40.7761,-74.152,False,0.0,0.0,0.0
telecom_cluster_01010,AT&T cluster,telecom,NJ (external),40.7736,-74.10345,False,0.0,0.0,0.0
telecom_cluster_01011,AT&T cluster,telecom,NJ (external),40.7767,-74.10085,False,0.0,0.0,0.0
telecom_cluster_01012,AT&T cluster,telecom,NJ (external),40.7752,-74.0957,False,0.0,0.0,0.0
telecom_cluster_01013,AT&T cluster,telecom,NJ (external),40.77545,-74.0643,False,0.0,0.0,0.0
telecom_cluster_01014,AT&T cluster,telecom,NJ (external),40.774567,-74.06055,False,0.0,0.0,0.0
telecom_cluster_01015,AT&T cluster,telecom,NJ (external),40.7742,-74.05475,False,0.0,0.0,0.0
telecom_cluster_01016,AT&T cluster,telecom,NJ (external),40.7726,-74.048,False,0.0,0.0,0.0
telecom_cluster_01017,AT&T cluster,telecom,NJ (external),40.776425,-74.0456,False,0.0,0.0,0.0
telecom_cluster_01018,AT&T cluster,telecom,NJ (external),40.7763,-74.04102,False,0.0,0.0,0.0
telecom_cluster_01019,AT&T cluster,telecom,NJ (external),40.773725,-74.0351,False,0.0,0.0,0.0
telecom_cluster_01020,AT&T cluster,telecom,Manhattan,40.7741,-73.9925,False,0.0,0.0,0.0
telecom_cluster_01021,AT&T cluster,telecom,Manhattan,40.77525,-73.9892,False,0.0,0.0,0.0
telecom_cluster_01022,AT&T cluster,telecom,Manhattan,40.77472,-73.98058,False,0.0,0.0,0.0
telecom_cluster_01023,AT&T cluster,telecom,Manhattan,40.7739,-73.9731,False,0.0,0.0,0.0
telecom_cluster_01024,AT&T cluster,telecom,Manhattan,40.77461,-73.97056,False,0.0,0.0,0.0
telecom_cluster_01025,AT&T cluster,telecom,Manhattan,40.774559,-73.964835,False,0.0,0.0,0.0
telecom_cluster_01026,AT&T cluster,telecom,Manhattan,40.775375,-73.960875,False,0.0,0.0,0.0
telecom_cluster_01027,AT&T cluster,telecom,Manhattan,40.7739,-73.9509,False,0.0,0.0,0.0
telecom_cluster_01028,AT&T cluster,telecom,Manhattan,40.7749,-73.94505,False,0.0,0.0,0.0
telecom_cluster_01029,AT&T cluster,telecom,Queens,40.7748,-73.9207,False,0.0,0.0,0.0
telecom_cluster_01030,AT&T cluster,telecom,Queens,40.7746,-73.9142,False,0.0,0.0,0.0
telecom_cluster_01031,AT&T cluster,telecom,Queens,40.7765,-73.8343,False,0.0,0.0,0.0
telecom_cluster_01032,AT&T cluster,telecom,NJ (external),40.7817,-74.244225,False,0.0,0.0,0.0
telecom_cluster_01033,AT&T cluster,telecom,NJ (external),40.781925,-74.2009,False,0.0,0.0,0.0
telecom_cluster_01034,AT&T cluster,telecom,NJ (external),40.7822,-74.1542,False,0.0,0.0,0.0
telecom_cluster_01035,AT&T cluster,telecom,NJ (external),40.78135,-74.14935,False,0.0,0.0,0.0
telecom_cluster_01036,AT&T cluster,telecom,NJ (external),40.7788,-74.099,False,0.0,0.0,0.0
telecom_cluster_01037,AT&T cluster,telecom,NJ (external),40.7792,-74.09735,False,0.0,0.0,0.0
telecom_cluster_01038,AT&T cluster,telecom,NJ (external),40.7813,-74.0694,False,0.0,0.0,0.0
telecom_cluster_01039,AT&T cluster,telecom,NJ (external),40.7803,-74.0673,False,0.0,0.0,0.0
telecom_cluster_01040,AT&T cluster,telecom,NJ (external),40.7777,-74.0582,False,0.0,0.0,0.0
telecom_cluster_01041,AT&T cluster,telecom,NJ (external),40.7797,-74.055,False,0.0,0.0,0.0
telecom_cluster_01042,AT&T cluster,telecom,NJ (external),40.7789,-74.049625,False,0.0,0.0,0.0
telecom_cluster_01043,AT&T cluster,telecom,NJ (external),40.780125,-74.04415,False,0.0,0.0,0.0
telecom_cluster_01044,AT&T cluster,telecom,NJ (external),40.780367,-74.041233,False,0.0,0.0,0.0
telecom_cluster_01045,AT&T cluster,telecom,NJ (external),40.7822,-74.035,False,0.0,0.0,0.0
telecom_cluster_01046,AT&T cluster,telecom,Manhattan,40.7784,-73.9894,False,0.0,0.0,0.0
telecom_cluster_01047,AT&T cluster,telecom,Manhattan,40.780567,-73.985433,False,0.0,0.0,0.0
telecom_cluster_01048,AT&T cluster,telecom,Manhattan,40.7818,-73.981,False,0.0,0.0,0.0
telecom_cluster_01049,AT&T cluster,telecom,Manhattan,40.780333,-73.969733,False,0.0,0.0,0.0
telecom_cluster_01050,AT&T cluster,telecom,Manhattan,40.779643,-73.964271,False,0.0,0.0,0.0
telecom_cluster_01051,AT&T cluster,telecom,Manhattan,40.78215,-73.9594,False,0.0,0.0,0.0
telecom_cluster_01052,AT&T cluster,telecom,Manhattan,40.78118,-73.9545,False,0.0,0.0,0.0
telecom_cluster_01053,AT&T cluster,telecom,Manhattan,40.77925,-73.949767,False,0.0,0.0,0.0
telecom_cluster_01054,AT&T cluster,telecom,Manhattan,40.779791,-73.945909,False,0.0,0.0,0.0
telecom_cluster_01055,AT&T cluster,telecom,Manhattan,40.7811,-73.9421,False,0.0,0.0,0.0
telecom_cluster_01056,AT&T cluster,telecom,Manhattan,40.7785,-73.9348,False,0.0,0.0,0.0
telecom_cluster_01057,AT&T cluster,telecom,Queens,40.7805,-73.9283,False,0.0,0.0,0.0
telecom_cluster_01058,AT&T cluster,telecom,Queens,40.7819,-73.9272,False,0.0,0.0,0.0
telecom_cluster_01059,AT&T cluster,telecom,Queens,40.7791,-73.9127,False,0.0,0.0,0.0
telecom_cluster_01060,AT&T cluster,telecom,NJ (external),40.7861,-74.248,False,0.0,0.0,0.0
telecom_cluster_01061,AT&T cluster,telecom,NJ (external),40.7828,-74.2452,False,0.0,0.0,0.0
telecom_cluster_01062,AT&T cluster,telecom,NJ (external),40.78488,-74.19972,False,0.0,0.0,0.0
telecom_cluster_01063,AT&T cluster,telecom,NJ (external),40.7872,-74.1704,False,0.0,0.0,0.0
telecom_cluster_01064,AT&T cluster,telecom,NJ (external),40.7862,-74.1655,False,0.0,0.0,0.0
telecom_cluster_01065,AT&T cluster,telecom,NJ (external),40.78425,-74.16025,False,0.0,0.0,0.0
telecom_cluster_01066,AT&T cluster,telecom,NJ (external),40.784967,-74.093133,False,0.0,0.0,0.0
telecom_cluster_01067,AT&T cluster,telecom,NJ (external),40.7857,-74.092167,False,0.0,0.0,0.0
telecom_cluster_01068,AT&T cluster,telecom,NJ (external),40.7831,-74.0732,False,0.0,0.0,0.0
telecom_cluster_01069,AT&T cluster,telecom,NJ (external),40.7874,-74.0575,False,0.0,0.0,0.0
telecom_cluster_01070,AT&T cluster,telecom,NJ (external),40.78565,-74.05445,False,0.0,0.0,0.0
telecom_cluster_01071,AT&T cluster,telecom,NJ (external),40.784633,-74.0481,False,0.0,0.0,0.0
telecom_cluster_01072,AT&T cluster,telecom,NJ (external),40.78385,-74.0465,False,0.0,0.0,0.0
telecom_cluster_01073,AT&T cluster,telecom,NJ (external),40.78622,-74.03146,False,0.0,0.0,0.0
telecom_cluster_01074,AT&T cluster,telecom,Manhattan,40.7854,-73.9841,False,0.0,0.0,0.0
telecom_cluster_01075,AT&T cluster,telecom,Manhattan,40.7857,-73.97906,False,0.0,0.0,0.0
telecom_cluster_01076,AT&T cluster,telecom,Manhattan,40.787133,-73.974067,False,0.0,0.0,0.0
telecom_cluster_01077,AT&T cluster,telecom,Manhattan,40.78575,-73.970067,False,0.0,0.0,0.0
telecom_cluster_01078,AT&T cluster,telecom,Manhattan,40.7841,-73.96555,False,0.0,0.0,0.0
telecom_cluster_01079,AT&T cluster,telecom,Manhattan,40.783025,-73.959625,False,0.0,0.0,0.0
telecom_cluster_01080,AT&T cluster,telecom,Manhattan,40.7829,-73.9573,False,0.0,0.0,0.0
telecom_cluster_01081,AT&T cluster,telecom,Manhattan,40.783,-73.9476,False,0.0,0.0,0.0
telecom_cluster_01082,AT&T cluster,telecom,Manhattan,40.7831,-73.9434,False,0.0,0.0,0.0
telecom_cluster_01083,AT&T cluster,telecom,Manhattan,40.784033,-73.9415,False,0.0,0.0,0.0
telecom_cluster_01084,AT&T cluster,telecom,NJ (external),40.7912,-74.2534,False,0.0,0.0,0.0
telecom_cluster_01085,AT&T cluster,telecom,NJ (external),40.790171,-74.248914,False,0.0,0.0,0.0
telecom_cluster_01086,AT&T cluster,telecom,NJ (external),40.78968,-74.1954,False,0.0,0.0,0.0
telecom_cluster_01087,AT&T cluster,telecom,NJ (external),40.7885,-74.17385,False,0.0,0.0,0.0
telecom_cluster_01088,AT&T cluster,telecom,NJ (external),40.79,-74.1458,False,0.0,0.0,0.0
telecom_cluster_01089,AT&T cluster,telecom,NJ (external),40.7892,-74.0888,False,0.0,0.0,0.0
telecom_cluster_01090,AT&T cluster,telecom,NJ (external),40.7919,-74.0856,False,0.0,0.0,0.0
telecom_cluster_01091,AT&T cluster,telecom,NJ (external),40.7878,-74.0747,False,0.0,0.0,0.0
telecom_cluster_01092,AT&T cluster,telecom,NJ (external),40.7897,-74.051,False,0.0,0.0,0.0
telecom_cluster_01093,AT&T cluster,telecom,Manhattan,40.790217,-73.979583,False,0.0,0.0,0.0
telecom_cluster_01094,AT&T cluster,telecom,Manhattan,40.788633,-73.975644,False,0.0,0.0,0.0
telecom_cluster_01095,AT&T cluster,telecom,Manhattan,40.7887,-73.967,False,0.0,0.0,0.0
telecom_cluster_01096,AT&T cluster,telecom,Manhattan,40.78885,-73.9378,False,0.0,0.0,0.8
telecom_cluster_01097,AT&T cluster,telecom,Manhattan,40.7896,-73.93615,False,0.0,0.0,0.0
telecom_cluster_01098,AT&T cluster,telecom,Manhattan,40.7906,-73.9325,False,0.0,0.0,0.0
telecom_cluster_01099,AT&T cluster,telecom,Queens,40.7904,-73.9243,False,0.0,0.0,0.0
telecom_cluster_01100,AT&T cluster,telecom,Queens,40.7896,-73.7828,False,0.0,0.0,0.0
telecom_cluster_01101,AT&T cluster,telecom,NJ (external),40.7944,-74.253233,False,0.0,0.0,0.0
telecom_cluster_01102,AT&T cluster,telecom,NJ (external),40.795012,-74.249825,False,0.0,0.0,0.0
telecom_cluster_01103,AT&T cluster,telecom,NJ (external),40.7926,-74.1927,False,0.0,0.0,0.0
telecom_cluster_01104,AT&T cluster,telecom,NJ (external),40.795256,-74.191711,False,0.0,0.0,0.0
telecom_cluster_01105,AT&T cluster,telecom,NJ (external),40.7948,-74.1428,False,0.0,0.0,0.0
telecom_cluster_01106,AT&T cluster,telecom,NJ (external),40.7959,-74.1414,False,0.0,0.0,0.0
telecom_cluster_01107,AT&T cluster,telecom,NJ (external),40.79335,-74.084,False,0.0,0.0,0.0
telecom_cluster_01108,AT&T cluster,telecom,NJ (external),40.79665,-74.07935,False,0.0,0.0,0.0
telecom_cluster_01109,AT&T cluster,telecom,NJ (external),40.794133,-74.058033,False,0.0,0.0,0.0
telecom_cluster_01110,AT&T cluster,telecom,NJ (external),40.7928,-74.0534,False,0.0,0.0,0.0
telecom_cluster_01111,AT&T cluster,telecom,NJ (external),40.7942,-74.0434,False,0.0,0.0,0.0
telecom_cluster_01112,AT&T cluster,telecom,NJ (external),40.7966,-74.04154,False,0.0,0.0,0.0
telecom_cluster_01113,AT&T cluster,telecom,Brooklyn,40.7935,-74.028267,False,0.0,0.0,0.0
telecom_cluster_01114,AT&T cluster,telecom,Brooklyn,40.7948,-74.0269,False,0.0,0.0,0.0
telecom_cluster_01115,AT&T cluster,telecom,Manhattan,40.794883,-73.974925,False,0.0,0.0,0.0
telecom_cluster_01116,AT&T cluster,telecom,Manhattan,40.79515,-73.9717,False,0.0,0.0,0.0
telecom_cluster_01117,AT&T cluster,telecom,Manhattan,40.7956,-73.9618,False,0.0,0.0,0.0
telecom_cluster_01118,AT&T cluster,telecom,Manhattan,40.7929,-73.93055,False,0.0,0.0,0.0
telecom_cluster_01119,AT&T cluster,telecom,Queens,40.7928,-73.92625,False,0.0,0.0,0.0
telecom_cluster_01120,AT&T cluster,telecom,Queens,40.7946,-73.9203,False,0.0,0.0,0.0
telecom_cluster_01121,AT&T cluster,telecom,Queens,40.7954,-73.8264,False,0.0,0.0,0.0
telecom_cluster_01122,AT&T cluster,telecom,Queens,40.7935,-73.7914,False,0.0,0.0,0.0
telecom_cluster_01123,AT&T cluster,telecom,NJ (external),40.7983,-74.2664,False,0.0,0.0,0.0
telecom_cluster_01124,AT&T cluster,telecom,NJ (external),40.7977,-74.2601,False,0.0,0.0,0.0
telecom_cluster_01125,AT&T cluster,telecom,NJ (external),40.79765,-74.25295,False,0.0,0.0,0.0
telecom_cluster_01126,AT&T cluster,telecom,NJ (external),40.7977,-74.1941,False,0.0,0.0,0.0
telecom_cluster_01127,AT&T cluster,telecom,NJ (external),40.79924,-74.18906,False,0.0,0.0,0.0
telecom_cluster_01128,AT&T cluster,telecom,NJ (external),40.8018,-74.186433,False,0.0,0.0,0.0
telecom_cluster_01129,AT&T cluster,telecom,NJ (external),40.8006,-74.13955,False,0.0,0.0,0.0
telecom_cluster_01130,AT&T cluster,telecom,NJ (external),40.8011,-74.08025,False,0.0,0.0,0.0
telecom_cluster_01131,AT&T cluster,telecom,NJ (external),40.800625,-74.075075,False,0.0,0.0,0.0
telecom_cluster_01132,AT&T cluster,telecom,NJ (external),40.79865,-74.06405,False,0.0,0.0,0.0
telecom_cluster_01133,AT&T cluster,telecom,NJ (external),40.79855,-74.03915,False,0.0,0.0,0.0
telecom_cluster_01134,AT&T cluster,telecom,NJ (external),40.8007,-74.037,False,0.0,0.0,0.0
telecom_cluster_01135,AT&T cluster,telecom,Brooklyn,40.7999,-74.0212,False,0.0,0.0,0.0
telecom_cluster_01136,AT&T cluster,telecom,Manhattan,40.8022,-73.9731,False,0.0,0.0,0.0
telecom_cluster_01137,AT&T cluster,telecom,Manhattan,40.8024,-73.9605,False,0.0,0.0,0.0
telecom_cluster_01138,AT&T cluster,telecom,Manhattan,40.7986,-73.9409,False,0.0,0.0,0.0
telecom_cluster_01139,AT&T cluster,telecom,Manhattan,40.8012,-73.9335,False,0.0,0.0,0.0
telecom_cluster_01140,AT&T cluster,telecom,Queens,40.7993,-73.928967,False,0.0,0.0,0.0
telecom_cluster_01141,AT&T cluster,telecom,Queens,40.7989,-73.9147,False,0.0,0.0,0.0
telecom_cluster_01142,AT&T cluster,telecom,Bronx,40.801,-73.9121,False,0.0,0.0,0.0
telecom_cluster_01143,AT&T cluster,telecom,Bronx,40.8009,-73.8276,False,0.0,0.0,0.0
telecom_cluster_01144,AT&T cluster,telecom,Bronx,40.8004,-73.7935,False,0.0,0.0,0.0
telecom_cluster_01145,AT&T cluster,telecom,NJ (external),40.80438,-74.18458,False,0.0,0.0,0.0
telecom_cluster_01146,AT&T cluster,telecom,NJ (external),40.8053,-74.140167,False,0.0,0.0,0.0
telecom_cluster_01147,AT&T cluster,telecom,NJ (external),40.8075,-74.1009,False,0.0,0.0,0.0
telecom_cluster_01148,AT&T cluster,telecom,NJ (external),40.8072,-74.0964,False,0.0,0.0,0.0
telecom_cluster_01149,AT&T cluster,telecom,NJ (external),40.80656,-74.07938,False,0.0,0.0,0.0
telecom_cluster_01150,AT&T cluster,telecom,NJ (external),40.805186,-74.074814,False,0.0,0.0,0.0
telecom_cluster_01151,AT&T cluster,telecom,NJ (external),40.8035,-74.0702,False,0.0,0.0,0.0
telecom_cluster_01152,AT&T cluster,telecom,NJ (external),40.8036,-74.0604,False,0.0,0.0,0.0
telecom_cluster_01153,AT&T cluster,telecom,NJ (external),40.805514,-74.034186,False,0.0,0.0,0.0
telecom_cluster_01154,AT&T cluster,telecom,Brooklyn,40.8043,-74.0267,False,0.0,0.0,0.0
telecom_cluster_01155,AT&T cluster,telecom,Manhattan,40.8066,-74.01665,False,0.0,0.0,0.0
telecom_cluster_01156,AT&T cluster,telecom,Manhattan,40.8056,-73.9704,False,0.0,0.0,0.0
telecom_cluster_01157,AT&T cluster,telecom,Manhattan,40.80385,-73.96345,False,0.0,0.0,0.0
telecom_cluster_01158,AT&T cluster,telecom,Manhattan,40.80595,-73.9614,False,0.0,0.0,0.0
telecom_cluster_01159,AT&T cluster,telecom,Manhattan,40.805867,-73.933367,False,0.0,0.0,0.0
telecom_cluster_01160,AT&T cluster,telecom,Bronx,40.8034,-73.9277,False,0.0,0.0,0.0
telecom_cluster_01161,AT&T cluster,telecom,Bronx,40.8029,-73.9102,False,0.0,0.0,0.0
telecom_cluster_01162,AT&T cluster,telecom,Bronx,40.8037,-73.7936,False,0.0,0.0,0.0
telecom_cluster_01163,AT&T cluster,telecom,NJ (external),40.80872,-74.1818,False,0.0,0.0,0.0
telecom_cluster_01164,AT&T cluster,telecom,NJ (external),40.8088,-74.1396,False,0.0,0.0,0.0
telecom_cluster_01165,AT&T cluster,telecom,NJ (external),40.8107,-74.1196,False,0.0,0.0,0.0
telecom_cluster_01166,AT&T cluster,telecom,NJ (external),40.808325,-74.10665,False,0.0,0.0,0.0
telecom_cluster_01167,AT&T cluster,telecom,NJ (external),40.809525,-74.101225,False,0.0,0.0,0.0
telecom_cluster_01168,AT&T cluster,telecom,NJ (external),40.8111,-74.0966,False,0.0,0.0,0.0
telecom_cluster_01169,AT&T cluster,telecom,NJ (external),40.8087,-74.0897,False,0.0,0.0,0.0
telecom_cluster_01170,AT&T cluster,telecom,NJ (external),40.81065,-74.08485,False,0.0,0.0,0.0
telecom_cluster_01171,AT&T cluster,telecom,NJ (external),40.8096,-74.0798,False,0.0,0.0,0.0
telecom_cluster_01172,AT&T cluster,telecom,NJ (external),40.8082,-74.075,False,0.0,0.0,0.0
telecom_cluster_01173,AT&T cluster,telecom,NJ (external),40.809733,-74.071944,False,0.0,0.0,0.0
telecom_cluster_01174,AT&T cluster,telecom,NJ (external),40.8077,-74.0582,False,0.0,0.0,0.0
telecom_cluster_01175,AT&T cluster,telecom,NJ (external),40.8108,-74.056,False,0.0,0.0,0.0
telecom_cluster_01176,AT&T cluster,telecom,NJ (external),40.8095,-74.0389,False,0.0,0.0,0.0
telecom_cluster_01177,AT&T cluster,telecom,NJ (external),40.8079,-74.0329,False,0.0,0.0,0.0
telecom_cluster_01178,AT&T cluster,telecom,Brooklyn,40.811375,-74.029375,False,0.0,0.0,0.0
telecom_cluster_01179,AT&T cluster,telecom,Manhattan,40.80885,-74.0166,False,0.0,0.0,0.0
telecom_cluster_01180,AT&T cluster,telecom,Manhattan,40.8088,-73.9684,False,0.0,0.0,0.0
telecom_cluster_01181,AT&T cluster,telecom,Manhattan,40.809533,-73.958967,False,0.0,0.0,0.0
telecom_cluster_01182,AT&T cluster,telecom,Manhattan,40.8124,-73.9571,False,0.0,0.0,0.0
telecom_cluster_01183,AT&T cluster,telecom,Manhattan,40.811133,-73.9347,False,0.2,0.2,0.8
telecom_cluster_01184,AT&T cluster,telecom,Manhattan,40.810033,-73.931,False,0.0,0.0,0.0
telecom_cluster_01185,AT&T cluster,telecom,Bronx,40.8083,-73.90555,False,0.0,0.0,0.0
telecom_cluster_01186,AT&T cluster,telecom,Bronx,40.81,-73.8055,False,0.0,0.0,0.0
telecom_cluster_01187,AT&T cluster,telecom,NJ (external),40.815343,-74.179514,False,0.0,0.0,0.0
telecom_cluster_01188,AT&T cluster,telecom,NJ (external),40.813667,-74.1389,False,0.0,0.0,0.0
telecom_cluster_01189,AT&T cluster,telecom,NJ (external),40.8167,-74.1177,False,0.0,0.0,0.0
telecom_cluster_01190,AT&T cluster,telecom,NJ (external),40.8139,-74.10875,False,0.0,0.0,0.0
telecom_cluster_01191,AT&T cluster,telecom,NJ (external),40.8131,-74.106,False,0.0,0.0,0.0
telecom_cluster_01192,AT&T cluster,telecom,NJ (external),40.8133,-74.069743,False,0.0,0.0,0.0
telecom_cluster_01193,AT&T cluster,telecom,NJ (external),40.81564,-74.0664,False,0.0,0.0,0.0
telecom_cluster_01194,AT&T cluster,telecom,NJ (external),40.8151,-74.049667,False,0.0,0.0,0.0
telecom_cluster_01195,AT&T cluster,telecom,NJ (external),40.8166,-74.0414,False,0.0,0.0,0.0
telecom_cluster_01196,AT&T cluster,telecom,Brooklyn,40.814988,-74.029262,False,0.0,0.0,0.0
telecom_cluster_01197,AT&T cluster,telecom,Manhattan,40.815,-74.0199,False,0.0,0.0,0.0
telecom_cluster_01198,AT&T cluster,telecom,Manhattan,40.8133,-74.0124,False,0.0,0.0,0.0
telecom_cluster_01199,AT&T cluster,telecom,Manhattan,40.8155,-73.9634,False,0.0,0.0,0.0
telecom_cluster_01200,AT&T cluster,telecom,Manhattan,40.8165,-73.9599,False,0.0,0.0,0.0
telecom_cluster_01201,AT&T cluster,telecom,Manhattan,40.8127,-73.9557,False,0.0,0.0,0.6
telecom_cluster_01202,AT&T cluster,telecom,Manhattan,40.81475,-73.93395,False,0.0,0.8,0.8
telecom_cluster_01203,AT&T cluster,telecom,Bronx,40.8137,-73.8974,False,0.0,0.0,0.0
telecom_cluster_01204,AT&T cluster,telecom,Bronx,40.8145,-73.822,False,0.0,0.0,0.0
telecom_cluster_01205,AT&T cluster,telecom,Bronx,40.8158,-73.8014,False,0.0,0.0,0.0
telecom_cluster_01206,AT&T cluster,telecom,NJ (external),40.8198,-74.1782,False,0.0,0.0,0.0
telecom_cluster_01207,AT&T cluster,telecom,NJ (external),40.8217,-74.177,False,0.0,0.0,0.0
telecom_cluster_01208,AT&T cluster,telecom,NJ (external),40.8198,-74.1512,False,0.0,0.0,0.0
telecom_cluster_01209,AT&T cluster,telecom,NJ (external),40.8179,-74.1348,False,0.0,0.0,0.0
telecom_cluster_01210,AT&T cluster,telecom,NJ (external),40.8211,-74.130233,False,0.0,0.0,0.0
telecom_cluster_01211,AT&T cluster,telecom,NJ (external),40.8224,-74.1269,False,0.0,0.0,0.0
telecom_cluster_01212,AT&T cluster,telecom,NJ (external),40.819825,-74.100475,False,0.0,0.0,0.0
telecom_cluster_01213,AT&T cluster,telecom,NJ (external),40.81948,-74.06834,False,0.0,0.0,0.0
telecom_cluster_01214,AT&T cluster,telecom,NJ (external),40.8178,-74.0671,False,0.0,0.0,0.0
telecom_cluster_01215,AT&T cluster,telecom,NJ (external),40.8194,-74.040875,False,0.0,0.0,0.0
telecom_cluster_01216,AT&T cluster,telecom,Brooklyn,40.8208,-74.028133,False,0.0,0.0,0.0
telecom_cluster_01217,AT&T cluster,telecom,Brooklyn,40.8203,-74.0271,False,0.0,0.0,0.0
telecom_cluster_01218,AT&T cluster,telecom,Manhattan,40.819833,-73.960067,False,0.2,0.2,0.8
telecom_cluster_01219,AT&T cluster,telecom,Manhattan,40.81955,-73.9335,False,0.0,0.0,0.0
telecom_cluster_01220,AT&T cluster,telecom,Manhattan,40.81985,-73.9315,False,0.0,0.0,0.0
telecom_cluster_01221,AT&T cluster,telecom,Bronx,40.8211,-73.8907,False,0.0,0.0,0.0
telecom_cluster_01222,AT&T cluster,telecom,Bronx,40.8224,-73.8195,False,0.0,0.0,0.6
telecom_cluster_01223,AT&T cluster,telecom,Bronx,40.82,-73.8128,False,0.0,0.0,0.0
telecom_cluster_01224,AT&T cluster,telecom,Bronx,40.8193,-73.8096,False,0.0,0.0,0.6
telecom_cluster_01225,AT&T cluster,telecom,NJ (external),40.82568,-74.17604,False,0.0,0.0,0.0
telecom_cluster_01226,AT&T cluster,telecom,NJ (external),40.8251,-74.128,False,0.0,0.0,0.0
telecom_cluster_01227,AT&T cluster,telecom,NJ (external),40.8264,-74.123,False,0.0,0.0,0.0
telecom_cluster_01228,AT&T cluster,telecom,NJ (external),40.826833,-74.095733,False,0.0,0.0,0.0
telecom_cluster_01229,AT&T cluster,telecom,NJ (external),40.8274,-74.0785,False,0.0,0.0,0.0
telecom_cluster_01230,AT&T cluster,telecom,NJ (external),40.8239,-74.073567,False,0.0,0.0,0.0
telecom_cluster_01231,AT&T cluster,telecom,NJ (external),40.824167,-74.033633,False,0.0,0.0,0.0
telecom_cluster_01232,AT&T cluster,telecom,NJ (external),40.82385,-74.032,False,0.0,0.0,0.0
telecom_cluster_01233,AT&T cluster,telecom,Brooklyn,40.827,-74.026067,False,0.0,0.0,0.0
telecom_cluster_01234,AT&T cluster,telecom,Manhattan,40.824667,-73.955867,False,0.0,0.0,0.0
telecom_cluster_01235,AT&T cluster,telecom,Manhattan,40.8236,-73.9388,False,0.0,0.0,0.0
telecom_cluster_01236,AT&T cluster,telecom,Manhattan,40.8245,-73.933775,False,0.0,0.0,0.0
telecom_cluster_01237,AT&T cluster,telecom,Manhattan,40.8254,-73.9315,False,0.0,0.0,0.8
telecom_cluster_01238,AT&T cluster,telecom,Bronx,40.823,-73.8835,False,0.0,0.0,0.0
telecom_cluster_01239,AT&T cluster,telecom,Bronx,40.8247,-73.8778,False,0.0,0.0,0.0
telecom_cluster_01240,AT&T cluster,telecom,Bronx,40.8227,-73.8344,False,0.0,0.0,0.0
telecom_cluster_01241,AT&T cluster,telecom,Bronx,40.82585,-73.82835,False,0.0,0.0,0.0
telecom_cluster_01242,AT&T cluster,telecom,Bronx,40.825,-73.825733,False,0.0,0.0,0.0
telecom_cluster_01243,AT&T cluster,telecom,Bronx,40.8233,-73.8213,False,0.0,0.0,0.0
telecom_cluster_01244,AT&T cluster,telecom,NJ (external),40.8304,-74.2421,False,0.0,0.0,0.0
telecom_cluster_01245,AT&T cluster,telecom,NJ (external),40.8323,-74.1785,False,0.0,0.0,0.0
telecom_cluster_01246,AT&T cluster,telecom,NJ (external),40.829525,-74.17645,False,0.0,0.0,0.0
telecom_cluster_01247,AT&T cluster,telecom,NJ (external),40.8287,-74.1521,False,0.0,0.0,0.0
telecom_cluster_01248,AT&T cluster,telecom,NJ (external),40.829967,-74.138967,False,0.0,0.0,0.0
telecom_cluster_01249,AT&T cluster,telecom,NJ (external),40.8275,-74.1333,False,0.0,0.0,0.0
telecom_cluster_01250,AT&T cluster,telecom,NJ (external),40.8296,-74.12125,False,0.0,0.0,0.0
telecom_cluster_01251,AT&T cluster,telecom,NJ (external),40.82865,-74.0929,False,0.0,0.0,0.0
telecom_cluster_01252,AT&T cluster,telecom,NJ (external),40.83085,-74.084575,False,0.0,0.0,0.0
telecom_cluster_01253,AT&T cluster,telecom,NJ (external),40.8282,-74.0803,False,0.0,0.0,0.0
telecom_cluster_01254,AT&T cluster,telecom,Brooklyn,40.830117,-74.024617,False,0.0,0.0,0.0
telecom_cluster_01255,AT&T cluster,telecom,Brooklyn,40.8322,-74.0224,False,0.0,0.0,0.0
telecom_cluster_01256,AT&T cluster,telecom,Manhattan,40.8289,-73.9577,False,0.0,0.0,0.0
telecom_cluster_01257,AT&T cluster,telecom,Manhattan,40.8289,-73.9536,False,0.0,0.0,0.0
telecom_cluster_01258,AT&T cluster,telecom,Manhattan,40.82985,-73.9335,False,0.0,0.0,0.0
telecom_cluster_01259,AT&T cluster,telecom,Manhattan,40.8312,-73.9314,False,0.0,0.0,0.0
telecom_cluster_01260,AT&T cluster,telecom,Bronx,40.83045,-73.8833,False,0.0,0.0,0.0
telecom_cluster_01261,AT&T cluster,telecom,Bronx,40.8315,-73.855,False,0.0,0.0,0.6
telecom_cluster_01262,AT&T cluster,telecom,Bronx,40.8304,-73.85105,False,0.0,0.0,0.0
telecom_cluster_01263,AT&T cluster,telecom,Bronx,40.8291,-73.8455,False,0.0,0.0,0.0
telecom_cluster_01264,AT&T cluster,telecom,Bronx,40.8279,-73.8395,False,0.0,0.0,0.0
telecom_cluster_01265,AT&T cluster,telecom,Bronx,40.8308,-73.8335,False,0.0,0.0,0.2
telecom_cluster_01266,AT&T cluster,telecom,NJ (external),40.834925,-74.179025,False,0.0,0.0,0.0
telecom_cluster_01267,AT&T cluster,telecom,NJ (external),40.8354,-74.1708,False,0.0,0.0,0.0
telecom_cluster_01268,AT&T cluster,telecom,NJ (external),40.8352,-74.1498,False,0.0,0.0,0.0
telecom_cluster_01269,AT&T cluster,telecom,NJ (external),40.8333,-74.1457,False,0.0,0.0,0.0
telecom_cluster_01270,AT&T cluster,telecom,NJ (external),40.8325,-74.1393,False,0.0,0.0,0.0
telecom_cluster_01271,AT&T cluster,telecom,NJ (external),40.83575,-74.12345,False,0.0,0.0,0.0
telecom_cluster_01272,AT&T cluster,telecom,NJ (external),40.834433,-74.118933,False,0.0,0.0,0.0
telecom_cluster_01273,AT&T cluster,telecom,NJ (external),40.8338,-74.0976,False,0.0,0.0,0.0
telecom_cluster_01274,AT&T cluster,telecom,NJ (external),40.8364,-74.0938,False,0.0,0.0,0.0
telecom_cluster_01275,AT&T cluster,telecom,NJ (external),40.83404,-74.09056,False,0.0,0.0,0.0
telecom_cluster_01276,AT&T cluster,telecom,NJ (external),40.8349,-74.0857,False,0.0,0.0,0.0
telecom_cluster_01277,AT&T cluster,telecom,Brooklyn,40.83645,-74.02055,False,0.0,0.0,0.0
telecom_cluster_01278,AT&T cluster,telecom,Manhattan,40.83575,-74.0167,False,0.0,0.0,0.0
telecom_cluster_01279,AT&T cluster,telecom,Manhattan,40.8342,-73.9672,False,0.0,0.0,0.0
telecom_cluster_01280,AT&T cluster,telecom,Manhattan,40.8358,-73.95,False,0.0,0.0,0.0
telecom_cluster_01281,AT&T cluster,telecom,Manhattan,40.8353,-73.9331,False,0.0,0.0,0.0
telecom_cluster_01282,AT&T cluster,telecom,Bronx,40.8346,-73.922,False,0.0,0.0,0.0
telecom_cluster_01283,AT&T cluster,telecom,Bronx,40.83608,-73.88024,False,0.0,0.0,0.0
telecom_cluster_01284,AT&T cluster,telecom,Bronx,40.8357,-73.8699,False,0.0,0.0,0.0
telecom_cluster_01285,AT&T cluster,telecom,Bronx,40.8343,-73.8643,False,0.6,0.6,0.6
telecom_cluster_01286,AT&T cluster,telecom,Bronx,40.8333,-73.85885,False,0.0,0.0,0.0
telecom_cluster_01287,AT&T cluster,telecom,Bronx,40.8356,-73.844,False,0.0,0.0,0.0
telecom_cluster_01288,AT&T cluster,telecom,NJ (external),40.8379,-74.1795,False,0.0,0.0,0.0
telecom_cluster_01289,AT&T cluster,telecom,NJ (external),40.8413,-74.1627,False,0.0,0.0,0.0
telecom_cluster_01290,AT&T cluster,telecom,NJ (external),40.839533,-74.160417,False,0.0,0.0,0.0
telecom_cluster_01291,AT&T cluster,telecom,NJ (external),40.840767,-74.124633,False,0.0,0.0,0.0
telecom_cluster_01292,AT&T cluster,telecom,NJ (external),40.84105,-74.11905,False,0.0,0.0,0.0
telecom_cluster_01293,AT&T cluster,telecom,NJ (external),40.83995,-74.1156,False,0.0,0.0,0.0
telecom_cluster_01294,AT&T cluster,telecom,NJ (external),40.8423,-74.1084,False,0.0,0.0,0.0
telecom_cluster_01295,AT&T cluster,telecom,NJ (external),40.839167,-74.099683,False,0.0,0.0,0.0
telecom_cluster_01296,AT&T cluster,telecom,NJ (external),40.8409,-74.094567,False,0.0,0.0,0.0
telecom_cluster_01297,AT&T cluster,telecom,NJ (external),40.840167,-74.091033,False,0.0,0.0,0.0
telecom_cluster_01298,AT&T cluster,telecom,NJ (external),40.8388,-74.084267,False,0.0,0.0,0.0
telecom_cluster_01299,AT&T cluster,telecom,NJ (external),40.8424,-74.0815,False,0.0,0.0,0.0
telecom_cluster_01300,AT&T cluster,telecom,NJ (external),40.838,-74.0696,False,0.0,0.0,0.0
telecom_cluster_01301,AT&T cluster,telecom,Manhattan,40.840622,-74.019244,False,0.0,0.0,0.0
telecom_cluster_01302,AT&T cluster,telecom,Manhattan,40.838,-74.0162,False,0.0,0.0,0.0
telecom_cluster_01303,AT&T cluster,telecom,Manhattan,40.83895,-73.9328,False,0.0,0.0,0.0
telecom_cluster_01304,AT&T cluster,telecom,Bronx,40.839433,-73.929333,False,0.0,0.0,0.0
telecom_cluster_01305,AT&T cluster,telecom,Bronx,40.8409,-73.9017,False,0.0,0.0,0.0
telecom_cluster_01306,AT&T cluster,telecom,Bronx,40.841875,-73.888575,False,0.0,0.0,0.0
telecom_cluster_01307,AT&T cluster,telecom,Bronx,40.839975,-73.885075,False,0.0,0.0,0.6
telecom_cluster_01308,AT&T cluster,telecom,Bronx,40.838733,-73.880433,False,0.0,0.0,0.0
telecom_cluster_01309,AT&T cluster,telecom,Bronx,40.839075,-73.871675,False,0.0,0.0,0.0
telecom_cluster_01310,AT&T cluster,telecom,Bronx,40.8411,-73.8662,False,0.0,0.0,0.0
telecom_cluster_01311,AT&T cluster,telecom,NJ (external),40.8438,-74.179567,False,0.0,0.0,0.0
telecom_cluster_01312,AT&T cluster,telecom,NJ (external),40.8455,-74.1765,False,0.0,0.0,0.0
telecom_cluster_01313,AT&T cluster,telecom,NJ (external),40.8463,-74.1633,False,0.0,0.0,0.0
telecom_cluster_01314,AT&T cluster,telecom,NJ (external),40.8443,-74.1275,False,0.0,0.0,0.0
telecom_cluster_01315,AT&T cluster,telecom,NJ (external),40.8463,-74.1221,False,0.0,0.0,0.0
telecom_cluster_01316,AT&T cluster,telecom,NJ (external),40.8428,-74.1128,False,0.0,0.0,0.0
telecom_cluster_01317,AT&T cluster,telecom,NJ (external),40.84315,-74.1083,False,0.0,0.0,0.0
telecom_cluster_01318,AT&T cluster,telecom,NJ (external),40.845975,-74.09875,False,0.0,0.0,0.0
telecom_cluster_01319,AT&T cluster,telecom,NJ (external),40.845933,-74.089033,False,0.0,0.0,0.0
telecom_cluster_01320,AT&T cluster,telecom,NJ (external),40.8453,-74.0786,False,0.0,0.0,0.0
telecom_cluster_01321,AT&T cluster,telecom,NJ (external),40.8473,-74.0769,False,0.0,0.0,0.0
telecom_cluster_01322,AT&T cluster,telecom,NJ (external),40.8438,-74.0377,False,0.0,0.0,0.0
telecom_cluster_01323,AT&T cluster,telecom,Manhattan,40.84424,-74.01466,False,0.0,0.0,0.0
telecom_cluster_01324,AT&T cluster,telecom,Manhattan,40.845667,-73.9503,False,0.0,0.0,0.0
telecom_cluster_01325,AT&T cluster,telecom,Manhattan,40.8446,-73.9446,False,0.0,0.0,0.0
telecom_cluster_01326,AT&T cluster,telecom,Manhattan,40.8474,-73.9344,False,0.0,0.0,0.0
telecom_cluster_01327,AT&T cluster,telecom,Bronx,40.845014,-73.929529,False,0.0,0.0,0.0
telecom_cluster_01328,AT&T cluster,telecom,Bronx,40.845775,-73.92455,False,0.0,0.0,0.0
telecom_cluster_01329,AT&T cluster,telecom,Bronx,40.845125,-73.9214,False,0.0,0.0,0.0
telecom_cluster_01330,AT&T cluster,telecom,Bronx,40.84455,-73.9145,False,0.0,0.0,0.0
telecom_cluster_01331,AT&T cluster,telecom,Bronx,40.845,-73.9098,False,0.0,0.0,0.6
telecom_cluster_01332,AT&T cluster,telecom,Bronx,40.8443,-73.905675,False,0.0,0.0,0.0
telecom_cluster_01333,AT&T cluster,telecom,Bronx,40.8438,-73.8992,False,0.0,0.0,0.0
telecom_cluster_01334,AT&T cluster,telecom,Bronx,40.843733,-73.895633,False,0.0,0.0,0.6
telecom_cluster_01335,AT&T cluster,telecom,Bronx,40.8437,-73.8753,False,0.0,0.0,0.0
telecom_cluster_01336,AT&T cluster,telecom,Bronx,40.8443,-73.8509,False,0.0,0.0,0.0
telecom_cluster_01337,AT&T cluster,telecom,Bronx,40.8448,-73.8456,False,0.0,0.0,0.0
telecom_cluster_01338,AT&T cluster,telecom,Bronx,40.8472,-73.8288,False,0.0,0.0,0.0
telecom_cluster_01339,AT&T cluster,telecom,Bronx,40.8465,-73.82565,False,0.0,0.0,0.0
telecom_cluster_01340,AT&T cluster,telecom,NJ (external),40.8478,-74.223,False,0.0,0.0,0.0
telecom_cluster_01341,AT&T cluster,telecom,NJ (external),40.8517,-74.2198,False,0.0,0.0,0.0
telecom_cluster_01342,AT&T cluster,telecom,NJ (external),40.85,-74.1893,False,0.0,0.0,0.0
telecom_cluster_01343,AT&T cluster,telecom,NJ (external),40.849,-74.1779,False,0.0,0.0,0.0
telecom_cluster_01344,AT&T cluster,telecom,NJ (external),40.849667,-74.177133,False,0.0,0.0,0.0
telecom_cluster_01345,AT&T cluster,telecom,NJ (external),40.85105,-74.120725,False,0.0,0.0,0.0
telecom_cluster_01346,AT&T cluster,telecom,NJ (external),40.8484,-74.0979,False,0.0,0.0,0.0
telecom_cluster_01347,AT&T cluster,telecom,NJ (external),40.8491,-74.096,False,0.0,0.0,0.0
telecom_cluster_01348,AT&T cluster,telecom,NJ (external),40.84975,-74.0858,False,0.0,0.0,0.0
telecom_cluster_01349,AT&T cluster,telecom,NJ (external),40.8503,-74.0745,False,0.0,0.0,0.0
telecom_cluster_01350,AT&T cluster,telecom,Brooklyn,40.851733,-74.029567,False,0.0,0.0,0.0
telecom_cluster_01351,AT&T cluster,telecom,Brooklyn,40.8499,-74.0249,False,0.0,0.0,0.0
telecom_cluster_01352,AT&T cluster,telecom,Brooklyn,40.85,-74.0208,False,0.0,0.0,0.0
telecom_cluster_01353,AT&T cluster,telecom,Manhattan,40.850557,-74.016371,False,0.0,0.0,0.0
telecom_cluster_01354,AT&T cluster,telecom,Manhattan,40.85045,-73.958625,False,0.0,0.0,0.0
telecom_cluster_01355,AT&T cluster,telecom,Manhattan,40.85124,-73.95366,False,0.0,0.0,0.0
telecom_cluster_01356,AT&T cluster,telecom,Manhattan,40.850583,-73.9492,False,0.0,0.0,0.0
telecom_cluster_01357,AT&T cluster,telecom,Manhattan,40.849757,-73.945071,False,0.0,0.0,0.0
telecom_cluster_01358,AT&T cluster,telecom,Manhattan,40.849,-73.940275,False,0.0,0.0,0.0
telecom_cluster_01359,AT&T cluster,telecom,Manhattan,40.848167,-73.935033,False,0.0,0.0,0.0
telecom_cluster_01360,AT&T cluster,telecom,Manhattan,40.8484,-73.9317,False,0.0,0.0,0.0
telecom_cluster_01361,AT&T cluster,telecom,Bronx,40.8504,-73.924625,False,0.0,0.0,0.0
telecom_cluster_01362,AT&T cluster,telecom,Bronx,40.848,-73.8453,False,0.0,0.0,0.0
telecom_cluster_01363,AT&T cluster,telecom,Bronx,40.8525,-73.8273,False,0.0,0.0,0.0
telecom_cluster_01364,AT&T cluster,telecom,NJ (external),40.8561,-74.2124,False,0.0,0.0,0.0
telecom_cluster_01365,AT&T cluster,telecom,NJ (external),40.8541,-74.1859,False,0.0,0.0,0.0
telecom_cluster_01366,AT&T cluster,telecom,NJ (external),40.8533,-74.1196,False,0.0,0.0,0.0
telecom_cluster_01367,AT&T cluster,telecom,NJ (external),40.8542,-74.0938,False,0.0,0.0,0.0
telecom_cluster_01368,AT&T cluster,telecom,NJ (external),40.8546,-74.08315,False,0.0,0.0,0.0
telecom_cluster_01369,AT&T cluster,telecom,NJ (external),40.8559,-74.0822,False,0.0,0.0,0.0
telecom_cluster_01370,AT&T cluster,telecom,NJ (external),40.8561,-74.0702,False,0.0,0.0,0.0
telecom_cluster_01371,AT&T cluster,telecom,NJ (external),40.85585,-74.04685,False,0.0,0.0,0.0
telecom_cluster_01372,AT&T cluster,telecom,NJ (external),40.854,-74.035767,False,0.0,0.0,0.0
telecom_cluster_01373,AT&T cluster,telecom,NJ (external),40.8548,-74.0302,False,0.0,0.0,0.0
telecom_cluster_01374,AT&T cluster,telecom,Manhattan,40.8533,-74.0179,False,0.0,0.0,0.0
telecom_cluster_01375,AT&T cluster,telecom,Manhattan,40.8568,-74.0134,False,0.0,0.0,0.0
telecom_cluster_01376,AT&T cluster,telecom,Manhattan,40.8569,-73.9737,False,0.0,0.0,0.0
telecom_cluster_01377,AT&T cluster,telecom,Manhattan,40.85528,-73.96933,False,0.0,0.0,0.0
telecom_cluster_01378,AT&T cluster,telecom,Manhattan,40.8542,-73.96565,False,0.0,0.0,0.0
telecom_cluster_01379,AT&T cluster,telecom,Manhattan,40.8532,-73.95955,False,0.0,0.0,0.0
telecom_cluster_01380,AT&T cluster,telecom,Manhattan,40.85305,-73.9568,False,0.0,0.0,0.0
telecom_cluster_01381,AT&T cluster,telecom,Manhattan,40.8528,-73.9516,False,0.0,0.0,0.0
telecom_cluster_01382,AT&T cluster,telecom,Manhattan,40.8574,-73.9449,False,0.0,0.0,0.0
telecom_cluster_01383,AT&T cluster,telecom,Manhattan,40.8562,-73.9329,False,0.0,0.0,0.2
telecom_cluster_01384,AT&T cluster,telecom,Manhattan,40.8555,-73.9324,False,0.0,0.0,0.0
telecom_cluster_01385,AT&T cluster,telecom,Bronx,40.8548,-73.91885,False,0.0,0.0,0.0
telecom_cluster_01386,AT&T cluster,telecom,Bronx,40.8539,-73.8265,False,0.0,0.0,0.0
telecom_cluster_01387,AT&T cluster,telecom,NJ (external),40.8583,-74.205,False,0.0,0.0,0.0
telecom_cluster_01388,AT&T cluster,telecom,NJ (external),40.8576,-74.2004,False,0.0,0.0,0.0
telecom_cluster_01389,AT&T cluster,telecom,NJ (external),40.8595,-74.1799,False,0.0,0.0,0.0
telecom_cluster_01390,AT&T cluster,telecom,NJ (external),40.85995,-74.12055,False,0.0,0.0,0.0
telecom_cluster_01391,AT&T cluster,telecom,NJ (external),40.859,-74.0903,False,0.0,0.0,0.0
telecom_cluster_01392,AT&T cluster,telecom,NJ (external),40.860967,-74.079183,False,0.0,0.0,0.0
telecom_cluster_01393,AT&T cluster,telecom,NJ (external),40.8585,-74.0684,False,0.0,0.0,0.0
telecom_cluster_01394,AT&T cluster,telecom,NJ (external),40.8601,-74.0606,False,0.0,0.0,0.0
telecom_cluster_01395,AT&T cluster,telecom,NJ (external),40.859,-74.0554,False,0.0,0.0,0.0
telecom_cluster_01396,AT&T cluster,telecom,NJ (external),40.8577,-74.0518,False,0.0,0.0,0.0
telecom_cluster_01397,AT&T cluster,telecom,NJ (external),40.86,-74.036767,False,0.0,0.0,0.0
telecom_cluster_01398,AT&T cluster,telecom,NJ (external),40.8598,-74.030233,False,0.0,0.0,0.0
telecom_cluster_01399,AT&T cluster,telecom,Manhattan,40.8585,-74.013033,False,0.0,0.0,0.0
telecom_cluster_01400,AT&T cluster,telecom,Manhattan,40.860367,-74.0116,False,0.0,0.0,0.0
telecom_cluster_01401,AT&T cluster,telecom,Manhattan,40.85959,-73.97477,False,0.0,0.0,0.0
telecom_cluster_01402,AT&T cluster,telecom,Manhattan,40.85905,-73.9466,False,0.0,0.0,0.0
telecom_cluster_01403,AT&T cluster,telecom,Bronx,40.858433,-73.929467,False,0.0,0.0,0.0
telecom_cluster_01404,AT&T cluster,telecom,Bronx,40.8603,-73.924067,False,0.0,0.0,0.0
telecom_cluster_01405,AT&T cluster,telecom,Bronx,40.86135,-73.92115,False,0.0,0.0,0.0
telecom_cluster_01406,AT&T cluster,telecom,Bronx,40.8593,-73.8415,False,0.0,0.0,0.0
telecom_cluster_01407,AT&T cluster,telecom,Bronx,40.8586,-73.8268,False,0.0,0.0,0.0
telecom_cluster_01408,AT&T cluster,telecom,NJ (external),40.8653,-74.1927,False,0.0,0.0,0.0
telecom_cluster_01409,AT&T cluster,telecom,NJ (external),40.8669,-74.1836,False,0.0,0.0,0.0
telecom_cluster_01410,AT&T cluster,telecom,NJ (external),40.865,-74.1814,False,0.0,0.0,0.0
telecom_cluster_01411,AT&T cluster,telecom,NJ (external),40.8627,-74.1744,False,0.0,0.0,0.0
telecom_cluster_01412,AT&T cluster,telecom,NJ (external),40.865233,-74.1698,False,0.0,0.0,0.0
telecom_cluster_01413,AT&T cluster,telecom,NJ (external),40.863033,-74.121033,False,0.0,0.0,0.0
telecom_cluster_01414,AT&T cluster,telecom,NJ (external),40.8653,-74.1153,False,0.0,0.0,0.0
telecom_cluster_01415,AT&T cluster,telecom,NJ (external),40.86625,-74.1101,False,0.0,0.0,0.0
telecom_cluster_01416,AT&T cluster,telecom,NJ (external),40.8668,-74.1031,False,0.0,0.0,0.0
telecom_cluster_01417,AT&T cluster,telecom,NJ (external),40.865625,-74.1002,False,0.0,0.0,0.0
telecom_cluster_01418,AT&T cluster,telecom,NJ (external),40.8655,-74.09585,False,0.0,0.0,0.0
telecom_cluster_01419,AT&T cluster,telecom,NJ (external),40.864,-74.0897,False,0.0,0.0,0.0
telecom_cluster_01420,AT&T cluster,telecom,NJ (external),40.8647,-74.0754,False,0.0,0.0,0.0
telecom_cluster_01421,AT&T cluster,telecom,NJ (external),40.864967,-74.059933,False,0.0,0.0,0.0
telecom_cluster_01422,AT&T cluster,telecom,NJ (external),40.86716,-74.04528,False,0.0,0.0,0.0
telecom_cluster_01423,AT&T cluster,telecom,NJ (external),40.866438,-74.039738,False,0.0,0.0,0.0
telecom_cluster_01424,AT&T cluster,telecom,NJ (external),40.86658,-74.03492,False,0.0,0.0,0.0
telecom_cluster_01425,AT&T cluster,telecom,Brooklyn,40.86662,-74.02948,False,0.0,0.0,0.0
telecom_cluster_01426,AT&T cluster,telecom,Brooklyn,40.86628,-74.02402,False,0.0,0.0,0.0
telecom_cluster_01427,AT&T cluster,telecom,Brooklyn,40.8658,-74.02095,False,0.0,0.0,0.0
telecom_cluster_01428,AT&T cluster,telecom,Manhattan,40.86385,-74.01475,False,0.0,0.0,0.0
telecom_cluster_01429,AT&T cluster,telecom,Manhattan,40.864733,-74.011433,False,0.0,0.0,0.0
telecom_cluster_01430,AT&T cluster,telecom,Manhattan,40.8665,-74.0065,False,0.0,0.0,0.0
telecom_cluster_01431,AT&T cluster,telecom,Manhattan,40.8633,-73.9745,False,0.0,0.0,0.0
telecom_cluster_01432,AT&T cluster,telecom,Manhattan,40.8671,-73.9543,False,0.0,0.0,0.0
telecom_cluster_01433,AT&T cluster,telecom,Manhattan,40.8653,-73.9434,False,0.0,0.0,0.0
telecom_cluster_01434,AT&T cluster,telecom,Manhattan,40.8657,-73.9403,False,0.0,0.0,0.0
telecom_cluster_01435,AT&T cluster,telecom,Bronx,40.865,-73.9282,False,0.0,0.0,0.0
telecom_cluster_01436,AT&T cluster,telecom,Bronx,40.86505,-73.925,False,0.0,0.0,0.0
telecom_cluster_01437,AT&T cluster,telecom,Bronx,40.8657,-73.9187,False,0.0,0.0,0.0
telecom_cluster_01438,AT&T cluster,telecom,Bronx,40.8671,-73.9143,False,0.0,0.0,0.0
telecom_cluster_01439,AT&T cluster,telecom,Bronx,40.8647,-73.9102,False,0.0,0.0,0.0
telecom_cluster_01440,AT&T cluster,telecom,Bronx,40.8647,-73.9016,False,0.0,0.0,0.0
telecom_cluster_01441,AT&T cluster,telecom,Bronx,40.8651,-73.8164,False,0.0,0.0,0.0
telecom_cluster_01442,AT&T cluster,telecom,NJ (external),40.86995,-74.18835,False,0.0,0.0,0.0
telecom_cluster_01443,AT&T cluster,telecom,NJ (external),40.8676,-74.1841,False,0.0,0.0,0.0
telecom_cluster_01444,AT&T cluster,telecom,NJ (external),40.8703,-74.182,False,0.0,0.0,0.0
telecom_cluster_01445,AT&T cluster,telecom,NJ (external),40.8707,-74.1684,False,0.0,0.0,0.0
telecom_cluster_01446,AT&T cluster,telecom,NJ (external),40.871,-74.1634,False,0.0,0.0,0.0
telecom_cluster_01447,AT&T cluster,telecom,NJ (external),40.8718,-74.1534,False,0.0,0.0,0.0
telecom_cluster_01448,AT&T cluster,telecom,NJ (external),40.868833,-74.119633,False,0.0,0.0,0.0
telecom_cluster_01449,AT&T cluster,telecom,NJ (external),40.8705,-74.1172,False,0.0,0.0,0.0
telecom_cluster_01450,AT&T cluster,telecom,NJ (external),40.868,-74.0982,False,0.0,0.0,0.0
telecom_cluster_01451,AT&T cluster,telecom,NJ (external),40.87115,-74.0692,False,0.0,0.0,0.0
telecom_cluster_01452,AT&T cluster,telecom,NJ (external),40.870433,-74.063533,False,0.0,0.0,0.0
telecom_cluster_01453,AT&T cluster,telecom,NJ (external),40.8688,-74.0591,False,0.0,0.0,0.0
telecom_cluster_01454,AT&T cluster,telecom,NJ (external),40.867975,-74.0514,False,0.0,0.0,0.0
telecom_cluster_01455,AT&T cluster,telecom,NJ (external),40.871233,-74.040233,False,0.0,0.0,0.0
telecom_cluster_01456,AT&T cluster,telecom,Brooklyn,40.8724,-74.0294,False,0.0,0.0,0.0
telecom_cluster_01457,AT&T cluster,telecom,Manhattan,40.86935,-74.00525,False,0.0,0.0,0.0
telecom_cluster_01458,AT&T cluster,telecom,Manhattan,40.87148,-73.99976,False,0.0,0.0,0.0
telecom_cluster_01459,AT&T cluster,telecom,Manhattan,40.86855,-73.98065,False,0.0,0.0,0.0
telecom_cluster_01460,AT&T cluster,telecom,Manhattan,40.8706,-73.9564,False,0.0,0.0,0.0
telecom_cluster_01461,AT&T cluster,telecom,Manhattan,40.8716,-73.9525,False,0.0,0.0,0.0
telecom_cluster_01462,AT&T cluster,telecom,Manhattan,40.868,-73.9404,False,0.0,0.0,0.0
telecom_cluster_01463,AT&T cluster,telecom,Manhattan,40.86855,-73.93115,False,0.0,0.0,0.0
telecom_cluster_01464,AT&T cluster,telecom,Bronx,40.8681,-73.9253,False,0.0,0.0,0.0
telecom_cluster_01465,AT&T cluster,telecom,Bronx,40.8695,-73.9207,False,0.0,0.0,0.0
telecom_cluster_01466,AT&T cluster,telecom,Bronx,40.8679,-73.9174,False,0.0,0.0,0.0
telecom_cluster_01467,AT&T cluster,telecom,NJ (external),40.8728,-74.1761,False,0.0,0.0,0.0
telecom_cluster_01468,AT&T cluster,telecom,NJ (external),40.8746,-74.166167,False,0.0,0.0,0.0
telecom_cluster_01469,AT&T cluster,telecom,NJ (external),40.8774,-74.159,False,0.0,0.0,0.0
telecom_cluster_01470,AT&T cluster,telecom,NJ (external),40.8764,-74.1529,False,0.0,0.0,0.0
telecom_cluster_01471,AT&T cluster,telecom,NJ (external),40.877,-74.15215,False,0.0,0.0,0.0
telecom_cluster_01472,AT&T cluster,telecom,NJ (external),40.87555,-74.12,False,0.0,0.0,0.0
telecom_cluster_01473,AT&T cluster,telecom,NJ (external),40.8747,-74.1171,False,0.0,0.0,0.0
telecom_cluster_01474,AT&T cluster,telecom,NJ (external),40.8759,-74.086333,False,0.0,0.0,0.0
telecom_cluster_01475,AT&T cluster,telecom,NJ (external),40.8747,-74.064067,False,0.0,0.0,0.0
telecom_cluster_01476,AT&T cluster,telecom,NJ (external),40.8762,-74.0625,False,0.0,0.0,0.0
telecom_cluster_01477,AT&T cluster,telecom,NJ (external),40.876,-74.0432,False,0.0,0.0,0.0
telecom_cluster_01478,AT&T cluster,telecom,NJ (external),40.87385,-74.04235,False,0.0,0.0,0.0
telecom_cluster_01479,AT&T cluster,telecom,Brooklyn,40.874,-74.0292,False,0.0,0.0,0.0
telecom_cluster_01480,AT&T cluster,telecom,Manhattan,40.8741,-74.0132,False,0.0,0.0,0.0
telecom_cluster_01481,AT&T cluster,telecom,Manhattan,40.8729,-73.9968,False,0.0,0.0,0.0
telecom_cluster_01482,AT&T cluster,telecom,Manhattan,40.874767,-73.988767,False,0.0,0.0,0.0
telecom_cluster_01483,AT&T cluster,telecom,Manhattan,40.8761,-73.9843,False,0.0,0.0,0.0
telecom_cluster_01484,AT&T cluster,telecom,Manhattan,40.8736,-73.98055,False,0.0,0.0,0.0
telecom_cluster_01485,AT&T cluster,telecom,Manhattan,40.87465,-73.97385,False,0.0,0.0,0.0
telecom_cluster_01486,AT&T cluster,telecom,Manhattan,40.8754,-73.9505,False,0.0,0.0,0.0
telecom_cluster_01487,AT&T cluster,telecom,Manhattan,40.8737,-73.942,False,0.0,0.0,0.0
telecom_cluster_01488,AT&T cluster,telecom,Manhattan,40.8736,-73.9374,False,0.0,0.0,0.0
telecom_cluster_01489,AT&T cluster,telecom,Bronx,40.87615,-73.90375,False,0.0,0.0,0.0
telecom_cluster_01490,AT&T cluster,telecom,Bronx,40.8747,-73.90155,False,0.0,0.0,0.0
telecom_cluster_01491,AT&T cluster,telecom,Bronx,40.8729,-73.8336,False,0.0,0.0,0.0
telecom_cluster_01492,AT&T cluster,telecom,Bronx,40.8754,-73.8095,False,0.0,0.0,0.0
telecom_cluster_01493,AT&T cluster,telecom,NJ (external),40.8818,-74.209,False,0.0,0.0,0.0
telecom_cluster_01494,AT&T cluster,telecom,NJ (external),40.8791,-74.2055,False,0.0,0.0,0.0
telecom_cluster_01495,AT&T cluster,telecom,NJ (external),40.88155,-74.1638,False,0.0,0.0,0.0
telecom_cluster_01496,AT&T cluster,telecom,NJ (external),40.8795,-74.1307,False,0.0,0.0,0.0
telecom_cluster_01497,AT&T cluster,telecom,NJ (external),40.88,-74.1242,False,0.0,0.0,0.0
telecom_cluster_01498,AT&T cluster,telecom,NJ (external),40.8782,-74.1214,False,0.0,0.0,0.0
telecom_cluster_01499,AT&T cluster,telecom,NJ (external),40.8814,-74.0823,False,0.0,0.0,0.0
telecom_cluster_01500,AT&T cluster,telecom,NJ (external),40.88012,-74.0643,False,0.0,0.0,0.0
telecom_cluster_01501,AT&T cluster,telecom,NJ (external),40.882,-74.0618,False,0.0,0.0,0.0
telecom_cluster_01502,AT&T cluster,telecom,NJ (external),40.8791,-74.046,False,0.0,0.0,0.0
telecom_cluster_01503,AT&T cluster,telecom,Brooklyn,40.879225,-74.0296,False,0.0,0.0,0.0
telecom_cluster_01504,AT&T cluster,telecom,Brooklyn,40.8807,-73.98405,False,0.0,0.0,0.0
telecom_cluster_01505,AT&T cluster,telecom,Manhattan,40.8778,-73.979,False,0.0,0.0,0.0
telecom_cluster_01506,AT&T cluster,telecom,Manhattan,40.8792,-73.9376,False,0.0,0.0,0.0
telecom_cluster_01507,AT&T cluster,telecom,Brooklyn,40.8819,-73.9362,False,0.0,0.0,0.0
telecom_cluster_01508,AT&T cluster,telecom,Bronx,40.8793,-73.8309,False,0.0,0.0,0.0
telecom_cluster_01509,AT&T cluster,telecom,Bronx,40.8822,-73.8274,False,0.0,0.0,0.0
telecom_cluster_01510,AT&T cluster,telecom,NJ (external),40.885667,-74.214467,False,0.0,0.0,0.0
telecom_cluster_01511,AT&T cluster,telecom,NJ (external),40.88355,-74.21185,False,0.0,0.0,0.0
telecom_cluster_01512,AT&T cluster,telecom,NJ (external),40.8843,-74.15985,False,0.0,0.0,0.0
telecom_cluster_01513,AT&T cluster,telecom,NJ (external),40.885975,-74.154475,False,0.0,0.0,0.0
telecom_cluster_01514,AT&T cluster,telecom,NJ (external),40.886317,-74.150583,False,0.0,0.0,0.0
telecom_cluster_01515,AT&T cluster,telecom,NJ (external),40.885333,-74.129433,False,0.0,0.0,0.0
telecom_cluster_01516,AT&T cluster,telecom,NJ (external),40.8829,-74.0787,False,0.0,0.0,0.0
telecom_cluster_01517,AT&T cluster,telecom,NJ (external),40.8831,-74.0771,False,0.0,0.0,0.0
telecom_cluster_01518,AT&T cluster,telecom,NJ (external),40.88555,-74.06795,False,0.0,0.0,0.0
telecom_cluster_01519,AT&T cluster,telecom,NJ (external),40.885517,-74.065117,False,0.0,0.0,0.0
telecom_cluster_01520,AT&T cluster,telecom,NJ (external),40.88365,-74.0609,False,0.0,0.0,0.0
telecom_cluster_01521,AT&T cluster,telecom,NJ (external),40.8858,-74.0571,False,0.0,0.0,0.0
telecom_cluster_01522,AT&T cluster,telecom,NJ (external),40.884767,-74.044233,False,0.0,0.0,0.0
telecom_cluster_01523,AT&T cluster,telecom,Brooklyn,40.8852,-74.021833,False,0.0,0.0,0.0
telecom_cluster_01524,AT&T cluster,telecom,Brooklyn,40.88475,-73.99045,False,0.0,0.0,0.0
telecom_cluster_01525,AT&T cluster,telecom,Brooklyn,40.8864,-73.9387,False,0.0,0.0,0.0
telecom_cluster_01526,AT&T cluster,telecom,Bronx,40.8854,-73.8979,False,0.0,0.0,0.6
telecom_cluster_01527,AT&T cluster,telecom,Bronx,40.8859,-73.8929,False,0.0,0.0,0.0
telecom_cluster_01528,AT&T cluster,telecom,Bronx,40.8861,-73.8828,False,0.0,0.0,0.0
telecom_cluster_01529,AT&T cluster,telecom,Bronx,40.885,-73.8286,False,0.0,0.0,0.0
telecom_cluster_01530,AT&T cluster,telecom,Bronx,40.887,-73.8173,False,0.0,0.0,0.0
telecom_cluster_01531,AT&T cluster,telecom,NJ (external),40.8902,-74.22,False,0.0,0.0,0.0
telecom_cluster_01532,AT&T cluster,telecom,NJ (external),40.88985,-74.2166,False,0.0,0.0,0.0
telecom_cluster_01533,AT&T cluster,telecom,NJ (external),40.887733,-74.145967,False,0.0,0.0,0.0
telecom_cluster_01534,AT&T cluster,telecom,NJ (external),40.888575,-74.141125,False,0.0,0.0,0.0
telecom_cluster_01535,AT&T cluster,telecom,NJ (external),40.8897,-74.13292,False,0.0,0.0,0.0
telecom_cluster_01536,AT&T cluster,telecom,NJ (external),40.889571,-74.130371,False,0.0,0.0,0.0
telecom_cluster_01537,AT&T cluster,telecom,NJ (external),40.8907,-74.12435,False,0.0,0.0,0.0
telecom_cluster_01538,AT&T cluster,telecom,NJ (external),40.8911,-74.07375,False,0.0,0.0,0.0
telecom_cluster_01539,AT&T cluster,telecom,NJ (external),40.890567,-74.0713,False,0.0,0.0,0.0
telecom_cluster_01540,AT&T cluster,telecom,NJ (external),40.8882,-74.0632,False,0.0,0.0,0.0
telecom_cluster_01541,AT&T cluster,telecom,NJ (external),40.8889,-74.0623,False,0.0,0.0,0.0
telecom_cluster_01542,AT&T cluster,telecom,NJ (external),40.8895,-74.0555,False,0.0,0.0,0.0
telecom_cluster_01543,AT&T cluster,telecom,NJ (external),40.892,-74.0502,False,0.0,0.0,0.0
telecom_cluster_01544,AT&T cluster,telecom,NJ (external),40.8905,-74.039678,False,0.0,0.0,0.0
telecom_cluster_01545,AT&T cluster,telecom,Brooklyn,40.89065,-74.01985,False,0.0,0.0,0.0
telecom_cluster_01546,AT&T cluster,telecom,Brooklyn,40.8906,-74.0164,False,0.0,0.0,0.0
telecom_cluster_01547,AT&T cluster,telecom,Brooklyn,40.89205,-74.0108,False,0.0,0.0,0.0
telecom_cluster_01548,AT&T cluster,telecom,Brooklyn,40.8906,-74.0041,False,0.0,0.0,0.0
telecom_cluster_01549,AT&T cluster,telecom,Brooklyn,40.8888,-73.9981,False,0.0,0.0,0.0
telecom_cluster_01550,AT&T cluster,telecom,Brooklyn,40.8877,-73.9955,False,0.0,0.0,0.0
telecom_cluster_01551,AT&T cluster,telecom,Brooklyn,40.8889,-73.9395,False,0.0,0.0,0.0
telecom_cluster_01552,AT&T cluster,telecom,Bronx,40.8881,-73.8946,False,0.0,0.0,0.0
telecom_cluster_01553,AT&T cluster,telecom,Bronx,40.8907,-73.8828,False,0.0,0.0,0.0
telecom_cluster_01554,AT&T cluster,telecom,Bronx,40.8902,-73.8004,False,0.0,0.0,0.0
telecom_cluster_01555,AT&T cluster,telecom,NJ (external),40.8926,-74.2683,False,0.0,0.0,0.0
telecom_cluster_01556,AT&T cluster,telecom,NJ (external),40.8956,-74.254867,False,0.0,0.0,0.0
telecom_cluster_01557,AT&T cluster,telecom,NJ (external),40.89535,-74.24255,False,0.0,0.0,0.0
telecom_cluster_01558,AT&T cluster,telecom,NJ (external),40.8948,-74.2355,False,0.0,0.0,0.0
telecom_cluster_01559,AT&T cluster,telecom,NJ (external),40.894,-74.231,False,0.0,0.0,0.0
telecom_cluster_01560,AT&T cluster,telecom,NJ (external),40.8944,-74.210033,False,0.0,0.0,0.0
telecom_cluster_01561,AT&T cluster,telecom,NJ (external),40.8936,-74.2012,False,0.0,0.0,0.0
telecom_cluster_01562,AT&T cluster,telecom,NJ (external),40.89555,-74.1332,False,0.0,0.0,0.0
telecom_cluster_01563,AT&T cluster,telecom,NJ (external),40.8945,-74.131275,False,0.0,0.0,0.0
telecom_cluster_01564,AT&T cluster,telecom,NJ (external),40.893333,-74.123933,False,0.0,0.0,0.0
telecom_cluster_01565,AT&T cluster,telecom,NJ (external),40.89525,-74.118633,False,0.0,0.0,0.0
telecom_cluster_01566,AT&T cluster,telecom,NJ (external),40.8958,-74.0906,False,0.0,0.0,0.0
telecom_cluster_01567,AT&T cluster,telecom,NJ (external),40.89576,-74.07982,False,0.0,0.0,0.0
telecom_cluster_01568,AT&T cluster,telecom,NJ (external),40.893729,-74.073614,False,0.0,0.0,0.0
telecom_cluster_01569,AT&T cluster,telecom,NJ (external),40.893925,-74.0712,False,0.0,0.0,0.0
telecom_cluster_01570,AT&T cluster,telecom,NJ (external),40.8933,-74.0534,False,0.0,0.0,0.0
telecom_cluster_01571,AT&T cluster,telecom,NJ (external),40.8931,-74.05182,False,0.0,0.0,0.0
telecom_cluster_01572,AT&T cluster,telecom,NJ (external),40.89565,-74.03915,False,0.0,0.0,0.0
telecom_cluster_01573,AT&T cluster,telecom,Brooklyn,40.89635,-74.02005,False,0.0,0.0,0.0
telecom_cluster_01574,AT&T cluster,telecom,Brooklyn,40.89465,-74.01605,False,0.0,0.0,0.0
telecom_cluster_01575,AT&T cluster,telecom,Brooklyn,40.8931,-74.0111,False,0.0,0.0,0.0
telecom_cluster_01576,AT&T cluster,telecom,Bronx,40.8933,-73.889,False,0.0,0.0,0.0
telecom_cluster_01577,AT&T cluster,telecom,Bronx,40.8952,-73.7978,False,0.0,0.0,0.0
telecom_cluster_01578,AT&T cluster,telecom,Bronx,40.8965,-73.7966,False,0.0,0.0,0.0
telecom_cluster_01579,AT&T cluster,telecom,Bronx,40.8969,-73.7896,False,0.0,0.0,0.0
telecom_cluster_01580,AT&T cluster,telecom,NJ (external),40.8982,-74.2312,False,0.0,0.0,0.0
telecom_cluster_01581,AT&T cluster,telecom,NJ (external),40.9002,-74.2187,False,0.0,0.0,0.0
telecom_cluster_01582,AT&T cluster,telecom,NJ (external),40.902,-74.1502,False,0.0,0.0,0.0
telecom_cluster_01583,AT&T cluster,telecom,NJ (external),40.9002,-74.1343,False,0.0,0.0,0.0
telecom_cluster_01584,AT&T cluster,telecom,NJ (external),40.90155,-74.13125,False,0.0,0.0,0.0
telecom_cluster_01585,AT&T cluster,telecom,NJ (external),40.9011,-74.1256,False,0.0,0.0,0.0
telecom_cluster_01586,AT&T cluster,telecom,NJ (external),40.9006,-74.1184,False,0.0,0.0,0.0
telecom_cluster_01587,AT&T cluster,telecom,NJ (external),40.90055,-74.1147,False,0.0,0.0,0.0
telecom_cluster_01588,AT&T cluster,telecom,NJ (external),40.9024,-74.1103,False,0.0,0.0,0.0
telecom_cluster_01589,AT&T cluster,telecom,NJ (external),40.901175,-74.083975,False,0.0,0.0,0.0
telecom_cluster_01590,AT&T cluster,telecom,NJ (external),40.89965,-74.08175,False,0.0,0.0,0.0
telecom_cluster_01591,AT&T cluster,telecom,NJ (external),40.8983,-74.07305,False,0.0,0.0,0.0
telecom_cluster_01592,AT&T cluster,telecom,NJ (external),40.90225,-74.07245,False,0.0,0.0,0.0
telecom_cluster_01593,AT&T cluster,telecom,NJ (external),40.9021,-74.0417,False,0.0,0.0,0.0
telecom_cluster_01594,AT&T cluster,telecom,NJ (external),40.8998,-74.0364,False,0.0,0.0,0.0
telecom_cluster_01595,AT&T cluster,telecom,Brooklyn,40.9018,-74.0286,False,0.0,0.0,0.0
telecom_cluster_01596,AT&T cluster,telecom,Brooklyn,40.8991,-74.0258,False,0.0,0.0,0.0
telecom_cluster_01597,AT&T cluster,telecom,Brooklyn,40.89985,-74.01005,False,0.0,0.0,0.0
telecom_cluster_01598,AT&T cluster,telecom,Brooklyn,40.9022,-73.9364,False,0.0,0.0,0.0
telecom_cluster_01599,AT&T cluster,telecom,Bronx,40.8984,-73.8771,False,0.0,0.0,0.0
telecom_cluster_01600,AT&T cluster,telecom,Bronx,40.9006,-73.7952,False,0.0,0.0,0.0
telecom_cluster_01601,AT&T cluster,telecom,NJ (external),40.9035,-74.1932,False,0.0,0.0,0.0
telecom_cluster_01602,AT&T cluster,telecom,NJ (external),40.9073,-74.1775,False,0.0,0.0,0.0
telecom_cluster_01603,AT&T cluster,telecom,NJ (external),40.9054,-74.1629,False,0.0,0.0,0.0
telecom_cluster_01604,AT&T cluster,telecom,NJ (external),40.9069,-74.16,False,0.0,0.0,0.0
telecom_cluster_01605,AT&T cluster,telecom,NJ (external),40.9045,-74.1554,False,0.0,0.0,0.0
telecom_cluster_01606,AT&T cluster,telecom,NJ (external),40.90375,-74.1382,False,0.0,0.0,0.0
telecom_cluster_01607,AT&T cluster,telecom,NJ (external),40.906333,-74.130433,False,0.0,0.0,0.0
telecom_cluster_01608,AT&T cluster,telecom,NJ (external),40.90275,-74.11925,False,0.0,0.0,0.0
telecom_cluster_01609,AT&T cluster,telecom,NJ (external),40.9028,-74.11625,False,0.0,0.0,0.0
telecom_cluster_01610,AT&T cluster,telecom,NJ (external),40.9035,-74.108933,False,0.0,0.0,0.0
telecom_cluster_01611,AT&T cluster,telecom,NJ (external),40.9056,-74.105188,False,0.0,0.0,0.0
telecom_cluster_01612,AT&T cluster,telecom,NJ (external),40.9038,-74.09545,False,0.0,0.0,0.0
telecom_cluster_01613,AT&T cluster,telecom,NJ (external),40.90422,-74.0916,False,0.0,0.0,0.0
telecom_cluster_01614,AT&T cluster,telecom,NJ (external),40.9026,-74.0833,False,0.0,0.0,0.0
telecom_cluster_01615,AT&T cluster,telecom,NJ (external),40.90385,-74.072033,False,0.0,0.0,0.0
telecom_cluster_01616,AT&T cluster,telecom,NJ (external),40.90596,-74.03354,False,0.0,0.0,0.0
telecom_cluster_01617,AT&T cluster,telecom,NJ (external),40.9034,-74.0308,False,0.0,0.0,0.0
telecom_cluster_01618,AT&T cluster,telecom,Brooklyn,40.9038,-74.0077,False,0.0,0.0,0.0
telecom_cluster_01619,AT&T cluster,telecom,Brooklyn,40.90655,-73.93385,False,0.0,0.0,0.0
telecom_cluster_01620,AT&T cluster,telecom,Bronx,40.9032,-73.9003,False,0.0,0.0,0.0
telecom_cluster_01621,AT&T cluster,telecom,Bronx,40.90545,-73.791,False,0.0,0.0,0.0
telecom_cluster_01622,AT&T cluster,telecom,NJ (external),40.9082,-74.2075,False,0.0,0.0,0.0
telecom_cluster_01623,AT&T cluster,telecom,NJ (external),40.9115,-74.1797,False,0.0,0.0,0.0
telecom_cluster_01624,AT&T cluster,telecom,NJ (external),40.9117,-74.1677,False,0.0,0.0,0.0
telecom_cluster_01625,AT&T cluster,telecom,NJ (external),40.9106,-74.1674,False,0.0,0.0,0.0
telecom_cluster_01626,AT&T cluster,telecom,NJ (external),40.909,-74.1582,False,0.0,0.0,0.0
telecom_cluster_01627,AT&T cluster,telecom,NJ (external),40.91084,-74.13134,False,0.0,0.0,0.0
telecom_cluster_01628,AT&T cluster,telecom,NJ (external),40.90825,-74.09815,False,0.0,0.0,0.0
telecom_cluster_01629,AT&T cluster,telecom,NJ (external),40.9099,-74.0939,False,0.0,0.0,0.0
telecom_cluster_01630,AT&T cluster,telecom,NJ (external),40.91215,-74.09115,False,0.0,0.0,0.0
telecom_cluster_01631,AT&T cluster,telecom,NJ (external),40.9117,-74.0738,False,0.0,0.0,0.0
telecom_cluster_01632,AT&T cluster,telecom,NJ (external),40.909329,-74.071071,False,0.0,0.0,0.0
telecom_cluster_01633,AT&T cluster,telecom,NJ (external),40.90965,-74.03855,False,0.0,0.0,0.0
telecom_cluster_01634,AT&T cluster,telecom,NJ (external),40.9102,-74.035467,False,0.0,0.0,0.0
telecom_cluster_01635,AT&T cluster,telecom,Brooklyn,40.9091,-73.9932,False,0.0,0.0,0.0
telecom_cluster_01636,AT&T cluster,telecom,Bronx,40.9096,-73.8764,False,0.0,0.0,0.0
telecom_cluster_01637,AT&T cluster,telecom,Bronx,40.9076,-73.7884,False,0.0,0.0,0.0
telecom_cluster_01638,AT&T cluster,telecom,Bronx,40.9095,-73.7854,False,0.0,0.0,0.0
telecom_cluster_01639,AT&T cluster,telecom,NJ (external),40.9149,-74.2422,False,0.0,0.0,0.0
telecom_cluster_01640,AT&T cluster,telecom,NJ (external),40.9131,-74.1673,False,0.0,0.0,0.0
telecom_cluster_01641,AT&T cluster,telecom,NJ (external),40.91335,-74.13165,False,0.0,0.0,0.0
telecom_cluster_01642,AT&T cluster,telecom,NJ (external),40.9164,-74.1064,False,0.0,0.0,0.0
telecom_cluster_01643,AT&T cluster,telecom,NJ (external),40.9148,-74.0899,False,0.0,0.0,0.0
telecom_cluster_01644,AT&T cluster,telecom,NJ (external),40.9132,-74.0871,False,0.0,0.0,0.0
telecom_cluster_01645,AT&T cluster,telecom,NJ (external),40.9154,-74.073267,False,0.0,0.0,0.0
telecom_cluster_01646,AT&T cluster,telecom,NJ (external),40.915129,-74.071571,False,0.0,0.0,0.0
telecom_cluster_01647,AT&T cluster,telecom,NJ (external),40.9174,-74.0593,False,0.0,0.0,0.0
telecom_cluster_01648,AT&T cluster,telecom,NJ (external),40.9162,-74.0549,False,0.0,0.0,0.0
telecom_cluster_01649,AT&T cluster,telecom,NJ (external),40.9148,-74.0498,False,0.0,0.0,0.0
telecom_cluster_01650,AT&T cluster,telecom,NJ (external),40.91275,-74.0404,False,0.0,0.0,0.0
telecom_cluster_01651,AT&T cluster,telecom,NJ (external),40.9172,-74.0347,False,0.0,0.0,0.0
telecom_cluster_01652,AT&T cluster,telecom,Brooklyn,40.9126,-74.0083,False,0.0,0.0,0.0
telecom_cluster_01653,AT&T cluster,telecom,Bronx,40.9141,-73.782167,False,0.0,0.0,0.0
telecom_cluster_01654,AT&T cluster,telecom,NJ (external),40.9195,-74.129,False,0.0,0.0,0.0
telecom_cluster_01655,AT&T cluster,telecom,NJ (external),40.9193,-74.0881,False,0.0,0.0,0.0
telecom_cluster_01656,AT&T cluster,telecom,NJ (external),40.9191,-74.086233,False,0.0,0.0,0.0
telecom_cluster_01657,AT&T cluster,telecom,NJ (external),40.9197,-74.074267,False,0.0,0.0,0.0
telecom_cluster_01658,AT&T cluster,telecom,NJ (external),40.91875,-74.06435,False,0.0,0.0,0.0
telecom_cluster_01659,AT&T cluster,telecom,NJ (external),40.918,-74.0614,False,0.0,0.0,0.0
telecom_cluster_01660,AT&T cluster,telecom,NJ (external),40.9189,-74.0342,False,0.0,0.0,0.0
telecom_cluster_01661,AT&T cluster,telecom,Bronx,40.9189,-73.8688,False,0.0,0.0,0.0
telecom_cluster_01662,AT&T cluster,telecom,Bronx,40.9193,-73.77775,False,0.0,0.0,0.0
telecom_cluster_01663,T-Mobile cluster,telecom,Staten Island,40.5359,-74.2411,False,0.0,0.0,0.0
telecom_cluster_01664,T-Mobile cluster,telecom,Staten Island,40.545,-74.2184,False,0.0,0.0,0.0
telecom_cluster_01665,T-Mobile cluster,telecom,Staten Island,40.5479,-74.2108,False,0.0,0.0,0.0
telecom_cluster_01666,T-Mobile cluster,telecom,Staten Island,40.5563,-74.2682,False,0.0,0.0,0.0
telecom_cluster_01667,T-Mobile cluster,telecom,Staten Island,40.5571,-74.266233,False,0.0,0.0,0.0
telecom_cluster_01668,T-Mobile cluster,telecom,Staten Island,40.5558,-74.2136,False,0.0,0.0,0.8
telecom_cluster_01669,T-Mobile cluster,telecom,Staten Island,40.5557,-74.1429,False,0.0,0.0,0.0
telecom_cluster_01670,T-Mobile cluster,telecom,Staten Island,40.55883,-74.2648,False,0.0,0.0,0.0
telecom_cluster_01671,T-Mobile cluster,telecom,Staten Island,40.5588,-74.1972,False,0.0,0.0,0.0
telecom_cluster_01672,T-Mobile cluster,telecom,Staten Island,40.5645,-74.25946,False,0.0,0.0,0.0
telecom_cluster_01673,T-Mobile cluster,telecom,Staten Island,40.5662,-74.256733,False,0.0,0.0,0.0
telecom_cluster_01674,T-Mobile cluster,telecom,Staten Island,40.5628,-74.2207,False,0.0,0.0,0.0
telecom_cluster_01675,T-Mobile cluster,telecom,Staten Island,40.568675,-74.25415,False,0.0,0.0,0.0
telecom_cluster_01676,T-Mobile cluster,telecom,Staten Island,40.5717,-74.2518,False,0.0,0.0,0.0
telecom_cluster_01677,T-Mobile cluster,telecom,Staten Island,40.5723,-74.242,False,0.0,0.0,0.0
telecom_cluster_01678,T-Mobile cluster,telecom,Staten Island,40.574333,-74.249333,False,0.0,0.0,0.0
telecom_cluster_01679,T-Mobile cluster,telecom,Staten Island,40.575,-74.2256,False,0.0,0.0,0.0
telecom_cluster_01680,T-Mobile cluster,telecom,Brooklyn,40.57495,-73.9143,False,0.0,0.0,0.0
telecom_cluster_01681,T-Mobile cluster,telecom,Staten Island,40.5809,-74.2603,False,0.0,0.0,0.0
telecom_cluster_01682,T-Mobile cluster,telecom,Staten Island,40.57775,-74.24795,False,0.0,0.0,0.0
telecom_cluster_01683,T-Mobile cluster,telecom,Staten Island,40.579575,-74.244925,False,0.0,0.0,0.0
telecom_cluster_01684,T-Mobile cluster,telecom,Brooklyn,40.579333,-73.974133,False,0.0,0.0,0.0
telecom_cluster_01685,T-Mobile cluster,telecom,Staten Island,40.5866,-74.2655,False,0.0,0.0,0.0
telecom_cluster_01686,T-Mobile cluster,telecom,Staten Island,40.583,-74.26,False,0.0,0.0,0.0
telecom_cluster_01687,T-Mobile cluster,telecom,Staten Island,40.5836,-74.2534,False,0.0,0.0,0.0
telecom_cluster_01688,T-Mobile cluster,telecom,Staten Island,40.5849,-74.2334,False,0.0,0.0,0.0
telecom_cluster_01689,T-Mobile cluster,telecom,Staten Island,40.5829,-74.2177,False,0.0,0.0,0.0
telecom_cluster_01690,T-Mobile cluster,telecom,Brooklyn,40.586,-73.99,False,0.0,0.0,0.0
telecom_cluster_01691,T-Mobile cluster,telecom,Brooklyn,40.58385,-73.9849,False,0.0,0.0,0.0
telecom_cluster_01692,T-Mobile cluster,telecom,Brooklyn,40.5832,-73.9815,False,0.0,0.0,0.0
telecom_cluster_01693,T-Mobile cluster,telecom,Brooklyn,40.58295,-73.97515,False,0.0,0.0,0.0
telecom_cluster_01694,T-Mobile cluster,telecom,Brooklyn,40.5839,-73.9685,False,0.0,0.0,0.0
telecom_cluster_01695,T-Mobile cluster,telecom,Brooklyn,40.5842,-73.96485,False,0.0,0.0,0.0
telecom_cluster_01696,T-Mobile cluster,telecom,Brooklyn,40.5847,-73.9609,False,0.0,0.0,0.2
telecom_cluster_01697,T-Mobile cluster,telecom,Brooklyn,40.585967,-73.955033,False,0.0,0.2,0.6
telecom_cluster_01698,T-Mobile cluster,telecom,Brooklyn,40.58555,-73.9509,False,0.0,0.6,0.8
telecom_cluster_01699,T-Mobile cluster,telecom,Brooklyn,40.585333,-73.945033,False,0.0,0.0,0.0
telecom_cluster_01700,T-Mobile cluster,telecom,Brooklyn,40.5856,-73.9403,False,0.0,0.0,0.0
telecom_cluster_01701,T-Mobile cluster,telecom,Brooklyn,40.5861,-73.9357,False,0.0,0.0,0.0
telecom_cluster_01702,T-Mobile cluster,telecom,Brooklyn,40.5862,-73.9278,False,0.0,0.0,0.0
telecom_cluster_01703,T-Mobile cluster,telecom,Brooklyn,40.5845,-73.9248,False,0.0,0.0,0.8
telecom_cluster_01704,T-Mobile cluster,telecom,Brooklyn,40.58405,-73.91905,False,0.0,0.0,0.0
telecom_cluster_01705,T-Mobile cluster,telecom,Brooklyn,40.5852,-73.9157,False,0.0,0.0,0.0
telecom_cluster_01706,T-Mobile cluster,telecom,Staten Island,40.588,-74.2659,False,0.0,0.0,0.0
telecom_cluster_01707,T-Mobile cluster,telecom,Staten Island,40.5897,-74.239129,False,0.0,0.0,0.0
telecom_cluster_01708,T-Mobile cluster,telecom,Staten Island,40.5907,-74.2372,False,0.0,0.0,0.0
telecom_cluster_01709,T-Mobile cluster,telecom,Staten Island,40.5897,-74.23,False,0.0,0.0,0.0
telecom_cluster_01710,T-Mobile cluster,telecom,Staten Island,40.589,-74.2264,False,0.0,0.0,0.0
telecom_cluster_01711,T-Mobile cluster,telecom,Staten Island,40.5916,-74.10815,False,0.0,0.0,0.0
telecom_cluster_01712,T-Mobile cluster,telecom,Staten Island,40.5887,-74.1045,False,0.0,0.0,0.0
telecom_cluster_01713,T-Mobile cluster,telecom,Staten Island,40.5921,-74.101,False,0.0,0.0,0.0
telecom_cluster_01714,T-Mobile cluster,telecom,Brooklyn,40.5883,-74.0039,False,0.0,0.0,0.0
telecom_cluster_01715,T-Mobile cluster,telecom,Brooklyn,40.58835,-73.9545,False,0.0,0.0,0.0
telecom_cluster_01716,T-Mobile cluster,telecom,Brooklyn,40.588383,-73.949067,False,0.0,0.0,0.0
telecom_cluster_01717,T-Mobile cluster,telecom,Brooklyn,40.589933,-73.945733,False,0.0,0.0,0.6
telecom_cluster_01718,T-Mobile cluster,telecom,Brooklyn,40.590933,-73.941167,False,0.0,0.0,0.0
telecom_cluster_01719,T-Mobile cluster,telecom,Brooklyn,40.592,-73.93595,False,0.0,0.0,0.0
telecom_cluster_01720,T-Mobile cluster,telecom,Brooklyn,40.5908,-73.909,False,0.0,0.0,0.0
telecom_cluster_01721,T-Mobile cluster,telecom,Brooklyn,40.5916,-73.9043,False,0.0,0.0,0.0
telecom_cluster_01722,T-Mobile cluster,telecom,Staten Island,40.5941,-74.2514,False,0.0,0.0,0.0
telecom_cluster_01723,T-Mobile cluster,telecom,Staten Island,40.5938,-74.24115,False,0.0,0.0,0.0
telecom_cluster_01724,T-Mobile cluster,telecom,Staten Island,40.5939,-74.2352,False,0.0,0.0,0.0
telecom_cluster_01725,T-Mobile cluster,telecom,Staten Island,40.59385,-74.2311,False,0.0,0.0,0.0
telecom_cluster_01726,T-Mobile cluster,telecom,Staten Island,40.59515,-74.11055,False,0.0,0.0,0.0
telecom_cluster_01727,T-Mobile cluster,telecom,Staten Island,40.59305,-74.1001,False,0.0,0.0,0.0
telecom_cluster_01728,T-Mobile cluster,telecom,Staten Island,40.596067,-74.0947,False,0.0,0.0,0.0
telecom_cluster_01729,T-Mobile cluster,telecom,Staten Island,40.5961,-74.089,False,0.0,0.0,0.0
telecom_cluster_01730,T-Mobile cluster,telecom,Staten Island,40.5963,-74.0865,False,0.0,0.0,0.0
telecom_cluster_01731,T-Mobile cluster,telecom,Brooklyn,40.5968,-74.0027,False,0.6,0.6,0.6
telecom_cluster_01732,T-Mobile cluster,telecom,Brooklyn,40.5955,-73.9995,False,0.0,0.0,0.0
telecom_cluster_01733,T-Mobile cluster,telecom,Brooklyn,40.5948,-73.9549,False,0.0,0.0,0.0
telecom_cluster_01734,T-Mobile cluster,telecom,Brooklyn,40.5927,-73.9419,False,0.0,0.0,0.0
telecom_cluster_01735,T-Mobile cluster,telecom,Staten Island,40.6016,-74.2327,False,0.0,0.0,0.0
telecom_cluster_01736,T-Mobile cluster,telecom,Staten Island,40.60185,-74.2303,False,0.0,0.0,0.0
telecom_cluster_01737,T-Mobile cluster,telecom,Staten Island,40.60205,-74.164,False,0.0,0.0,0.0
telecom_cluster_01738,T-Mobile cluster,telecom,Staten Island,40.6024,-74.1137,False,0.0,0.0,0.0
telecom_cluster_01739,T-Mobile cluster,telecom,Staten Island,40.598667,-74.111967,False,0.0,0.0,0.0
telecom_cluster_01740,T-Mobile cluster,telecom,Staten Island,40.59895,-74.0914,False,0.0,0.0,0.0
telecom_cluster_01741,T-Mobile cluster,telecom,Staten Island,40.5997,-74.08465,False,0.0,0.0,0.0
telecom_cluster_01742,T-Mobile cluster,telecom,Staten Island,40.60045,-74.08035,False,0.0,0.0,0.0
telecom_cluster_01743,T-Mobile cluster,telecom,Staten Island,40.601633,-74.076933,False,0.0,0.0,0.0
telecom_cluster_01744,T-Mobile cluster,telecom,Staten Island,40.6023,-74.064,False,0.0,0.0,0.0
telecom_cluster_01745,T-Mobile cluster,telecom,Staten Island,40.6022,-74.0587,False,0.0,0.0,0.0
telecom_cluster_01746,T-Mobile cluster,telecom,Brooklyn,40.5993,-74.0076,False,0.2,0.2,0.2
telecom_cluster_01747,T-Mobile cluster,telecom,Brooklyn,40.600817,-73.940467,False,0.0,0.0,0.0
telecom_cluster_01748,T-Mobile cluster,telecom,Brooklyn,40.5998,-73.9365,False,0.0,0.0,0.0
telecom_cluster_01749,T-Mobile cluster,telecom,Brooklyn,40.6005,-73.9257,False,0.0,0.8,0.8
telecom_cluster_01750,T-Mobile cluster,telecom,Brooklyn,40.6007,-73.9029,False,0.0,0.8,0.8
telecom_cluster_01751,T-Mobile cluster,telecom,Brooklyn,40.6023,-73.9016,False,0.0,0.0,0.0
telecom_cluster_01752,T-Mobile cluster,telecom,Staten Island,40.605,-74.2639,False,0.0,0.0,0.0
telecom_cluster_01753,T-Mobile cluster,telecom,Staten Island,40.604675,-74.228425,False,0.0,0.0,0.0
telecom_cluster_01754,T-Mobile cluster,telecom,Staten Island,40.60416,-74.17146,False,0.0,0.0,0.0
telecom_cluster_01755,T-Mobile cluster,telecom,Staten Island,40.604,-74.1656,False,0.0,0.0,0.0
telecom_cluster_01756,T-Mobile cluster,telecom,Staten Island,40.6064,-74.1616,False,0.0,0.0,0.0
telecom_cluster_01757,T-Mobile cluster,telecom,Staten Island,40.6057,-74.1156,False,0.0,0.0,0.0
telecom_cluster_01758,T-Mobile cluster,telecom,Staten Island,40.604,-74.1088,False,0.0,0.0,0.0
telecom_cluster_01759,T-Mobile cluster,telecom,Staten Island,40.6036,-74.1036,False,0.0,0.0,0.0
telecom_cluster_01760,T-Mobile cluster,telecom,Staten Island,40.60665,-74.0831,False,0.0,0.0,0.0
telecom_cluster_01761,T-Mobile cluster,telecom,Staten Island,40.606275,-74.079275,False,0.0,0.0,0.0
telecom_cluster_01762,T-Mobile cluster,telecom,Staten Island,40.60605,-74.07525,False,0.0,0.0,0.0
telecom_cluster_01763,T-Mobile cluster,telecom,Staten Island,40.604,-74.069275,False,0.0,0.0,0.0
telecom_cluster_01764,T-Mobile cluster,telecom,Staten Island,40.603133,-74.066033,False,0.0,0.0,0.0
telecom_cluster_01765,T-Mobile cluster,telecom,Staten Island,40.603486,-74.054743,False,0.0,0.0,0.0
telecom_cluster_01766,T-Mobile cluster,telecom,Staten Island,40.604733,-74.050533,False,0.0,0.0,0.0
telecom_cluster_01767,T-Mobile cluster,telecom,Staten Island,40.60626,-74.04592,False,0.0,0.0,0.0
telecom_cluster_01768,T-Mobile cluster,telecom,Staten Island,40.6041,-74.0421,False,0.0,0.0,0.0
telecom_cluster_01769,T-Mobile cluster,telecom,Staten Island,40.607,-74.0328,False,0.0,0.0,0.0
telecom_cluster_01770,T-Mobile cluster,telecom,Staten Island,40.6051,-74.0312,False,0.0,0.0,0.0
telecom_cluster_01771,T-Mobile cluster,telecom,Brooklyn,40.6036,-74.027,False,0.0,0.0,0.0
telecom_cluster_01772,T-Mobile cluster,telecom,Brooklyn,40.60605,-73.94295,False,0.0,0.0,0.0
telecom_cluster_01773,T-Mobile cluster,telecom,Brooklyn,40.60365,-73.94245,False,0.0,0.0,0.0
telecom_cluster_01774,T-Mobile cluster,telecom,Brooklyn,40.60265,-73.93375,False,0.0,0.0,0.2
telecom_cluster_01775,T-Mobile cluster,telecom,Brooklyn,40.6064,-73.9298,False,0.0,0.0,0.0
telecom_cluster_01776,T-Mobile cluster,telecom,Staten Island,40.6098,-74.2603,False,0.0,0.0,0.0
telecom_cluster_01777,T-Mobile cluster,telecom,Staten Island,40.6082,-74.1567,False,0.0,0.0,0.6
telecom_cluster_01778,T-Mobile cluster,telecom,Staten Island,40.6096,-74.149867,False,0.2,0.2,0.2
telecom_cluster_01779,T-Mobile cluster,telecom,Staten Island,40.60825,-74.14555,False,0.0,0.0,0.2
telecom_cluster_01780,T-Mobile cluster,telecom,Staten Island,40.60785,-74.14025,False,0.0,0.0,0.2
telecom_cluster_01781,T-Mobile cluster,telecom,Staten Island,40.608,-74.1339,False,0.0,0.0,0.2
telecom_cluster_01782,T-Mobile cluster,telecom,Staten Island,40.608475,-74.129475,False,0.0,0.0,0.2
telecom_cluster_01783,T-Mobile cluster,telecom,Staten Island,40.609,-74.125,False,0.0,0.0,0.0
telecom_cluster_01784,T-Mobile cluster,telecom,Staten Island,40.6103,-74.1187,False,0.0,0.0,0.0
telecom_cluster_01785,T-Mobile cluster,telecom,Staten Island,40.610433,-74.11595,False,0.0,0.0,0.0
telecom_cluster_01786,T-Mobile cluster,telecom,Staten Island,40.6106,-74.1101,False,0.0,0.0,0.2
telecom_cluster_01787,T-Mobile cluster,telecom,Staten Island,40.61015,-74.1042,False,0.0,0.0,0.0
telecom_cluster_01788,T-Mobile cluster,telecom,Staten Island,40.6104,-74.100467,False,0.0,0.0,0.0
telecom_cluster_01789,T-Mobile cluster,telecom,Staten Island,40.610233,-74.094733,False,0.0,0.0,0.0
telecom_cluster_01790,T-Mobile cluster,telecom,Staten Island,40.608783,-74.08985,False,0.0,0.0,0.0
telecom_cluster_01791,T-Mobile cluster,telecom,Staten Island,40.6077,-74.087,False,0.0,0.0,0.0
telecom_cluster_01792,T-Mobile cluster,telecom,Staten Island,40.609433,-74.074867,False,0.0,0.0,0.0
telecom_cluster_01793,T-Mobile cluster,telecom,Staten Island,40.611633,-74.071,False,0.0,0.0,0.0
telecom_cluster_01794,T-Mobile cluster,telecom,Staten Island,40.608,-74.0507,False,0.0,0.0,0.0
telecom_cluster_01795,T-Mobile cluster,telecom,Staten Island,40.61125,-74.04565,False,0.0,0.0,0.0
telecom_cluster_01796,T-Mobile cluster,telecom,Staten Island,40.6083,-74.039,False,0.0,0.0,0.0
telecom_cluster_01797,T-Mobile cluster,telecom,Staten Island,40.609967,-74.037,False,0.0,0.0,0.0
telecom_cluster_01798,T-Mobile cluster,telecom,Staten Island,40.610167,-74.031733,False,0.0,0.0,0.0
telecom_cluster_01799,T-Mobile cluster,telecom,Brooklyn,40.6095,-74.0269,False,0.0,0.0,0.0
telecom_cluster_01800,T-Mobile cluster,telecom,Brooklyn,40.610625,-73.958125,False,0.0,0.0,0.0
telecom_cluster_01801,T-Mobile cluster,telecom,Brooklyn,40.60965,-73.9436,False,0.0,0.0,0.2
telecom_cluster_01802,T-Mobile cluster,telecom,Brooklyn,40.60995,-73.9324,False,0.0,0.0,0.0
telecom_cluster_01803,T-Mobile cluster,telecom,Queens,40.6096,-73.8979,False,0.0,0.0,0.0
telecom_cluster_01804,T-Mobile cluster,telecom,Staten Island,40.613967,-74.268367,False,0.0,0.0,0.0
telecom_cluster_01805,T-Mobile cluster,telecom,Staten Island,40.61638,-74.26532,False,0.0,0.0,0.0
telecom_cluster_01806,T-Mobile cluster,telecom,Staten Island,40.6169,-74.2563,False,0.0,0.0,0.0
telecom_cluster_01807,T-Mobile cluster,telecom,Staten Island,40.6171,-74.2209,False,0.0,0.0,0.0
telecom_cluster_01808,T-Mobile cluster,telecom,Staten Island,40.6147,-74.1572,False,0.0,0.0,0.0
telecom_cluster_01809,T-Mobile cluster,telecom,Staten Island,40.61455,-74.1489,False,0.0,0.0,0.0
telecom_cluster_01810,T-Mobile cluster,telecom,Staten Island,40.6129,-74.0686,False,0.0,0.0,0.0
telecom_cluster_01811,T-Mobile cluster,telecom,Staten Island,40.615442,-74.064825,False,0.0,0.0,0.0
telecom_cluster_01812,T-Mobile cluster,telecom,Brooklyn,40.614975,-74.028975,False,0.0,0.0,0.0
telecom_cluster_01813,T-Mobile cluster,telecom,Brooklyn,40.6151,-74.02608,False,0.0,0.0,0.0
telecom_cluster_01814,T-Mobile cluster,telecom,Brooklyn,40.6154,-73.959,False,0.0,0.0,0.0
telecom_cluster_01815,T-Mobile cluster,telecom,Brooklyn,40.61526,-73.94434,False,0.0,0.0,0.0
telecom_cluster_01816,T-Mobile cluster,telecom,Brooklyn,40.6143,-73.9334,False,0.0,0.0,0.0
telecom_cluster_01817,T-Mobile cluster,telecom,Brooklyn,40.6165,-73.9306,False,0.0,0.0,0.0
telecom_cluster_01818,T-Mobile cluster,telecom,Staten Island,40.6181,-74.26378,False,0.0,0.0,0.0
telecom_cluster_01819,T-Mobile cluster,telecom,Staten Island,40.621483,-74.26025,False,0.0,0.0,0.0
telecom_cluster_01820,T-Mobile cluster,telecom,Staten Island,40.6189,-74.2548,False,0.0,0.0,0.0
telecom_cluster_01821,T-Mobile cluster,telecom,Staten Island,40.61965,-74.245,False,0.0,0.0,0.0
telecom_cluster_01822,T-Mobile cluster,telecom,Staten Island,40.61856,-74.21998,False,0.0,0.0,0.0
telecom_cluster_01823,T-Mobile cluster,telecom,Staten Island,40.6218,-74.1721,False,0.0,0.0,0.0
telecom_cluster_01824,T-Mobile cluster,telecom,Staten Island,40.61945,-74.16505,False,0.0,0.0,0.6
telecom_cluster_01825,T-Mobile cluster,telecom,Staten Island,40.6185,-74.093,False,0.0,0.0,0.0
telecom_cluster_01826,T-Mobile cluster,telecom,Staten Island,40.6205,-74.06995,False,0.0,0.0,0.0
telecom_cluster_01827,T-Mobile cluster,telecom,Staten Island,40.61785,-74.0671,False,0.0,0.0,0.8
telecom_cluster_01828,T-Mobile cluster,telecom,Staten Island,40.619825,-74.030625,False,0.0,0.0,0.0
telecom_cluster_01829,T-Mobile cluster,telecom,Brooklyn,40.61972,-74.0233,False,0.0,0.0,0.0
telecom_cluster_01830,T-Mobile cluster,telecom,Brooklyn,40.6212,-74.02182,False,0.0,0.0,0.0
telecom_cluster_01831,T-Mobile cluster,telecom,Brooklyn,40.61805,-73.95955,False,0.0,0.0,0.0
telecom_cluster_01832,T-Mobile cluster,telecom,Brooklyn,40.6177,-73.9432,False,0.0,0.0,0.0
telecom_cluster_01833,T-Mobile cluster,telecom,Brooklyn,40.621167,-73.939283,False,0.0,0.0,0.0
telecom_cluster_01834,T-Mobile cluster,telecom,Brooklyn,40.6224,-73.93455,False,0.0,0.0,0.0
telecom_cluster_01835,T-Mobile cluster,telecom,Brooklyn,40.621,-73.93,False,0.0,0.0,0.0
telecom_cluster_01836,T-Mobile cluster,telecom,Queens,40.620333,-73.895633,False,0.0,0.0,0.0
telecom_cluster_01837,T-Mobile cluster,telecom,Staten Island,40.623367,-74.258317,False,0.0,0.0,0.0
telecom_cluster_01838,T-Mobile cluster,telecom,Staten Island,40.625571,-74.255814,False,0.0,0.0,0.0
telecom_cluster_01839,T-Mobile cluster,telecom,Staten Island,40.6248,-74.2454,False,0.0,0.0,0.0
telecom_cluster_01840,T-Mobile cluster,telecom,Staten Island,40.6238,-74.2392,False,0.0,0.0,0.0
telecom_cluster_01841,T-Mobile cluster,telecom,Staten Island,40.62515,-74.21765,False,0.0,0.0,0.0
telecom_cluster_01842,T-Mobile cluster,telecom,Staten Island,40.62315,-74.21715,False,0.0,0.0,0.0
telecom_cluster_01843,T-Mobile cluster,telecom,Staten Island,40.6254,-74.17905,False,0.0,0.0,0.0
telecom_cluster_01844,T-Mobile cluster,telecom,Staten Island,40.6271,-74.0887,False,0.0,0.0,0.0
telecom_cluster_01845,T-Mobile cluster,telecom,Staten Island,40.6274,-74.0427,False,0.0,0.0,0.0
telecom_cluster_01846,T-Mobile cluster,telecom,Staten Island,40.6262,-74.0332,False,0.0,0.0,0.0
telecom_cluster_01847,T-Mobile cluster,telecom,Staten Island,40.6232,-74.0312,False,0.0,0.0,0.2
telecom_cluster_01848,T-Mobile cluster,telecom,Brooklyn,40.62608,-74.02438,False,0.0,0.0,0.0
telecom_cluster_01849,T-Mobile cluster,telecom,Brooklyn,40.625,-74.020383,False,0.0,0.0,0.0
telecom_cluster_01850,T-Mobile cluster,telecom,Brooklyn,40.6274,-74.016,False,0.0,0.0,0.0
telecom_cluster_01851,T-Mobile cluster,telecom,Brooklyn,40.6261,-73.976467,False,0.0,0.0,0.0
telecom_cluster_01852,T-Mobile cluster,telecom,Brooklyn,40.6265,-73.969125,False,0.0,0.0,0.0
telecom_cluster_01853,T-Mobile cluster,telecom,Brooklyn,40.627,-73.9665,False,0.0,0.0,0.0
telecom_cluster_01854,T-Mobile cluster,telecom,Brooklyn,40.6229,-73.9604,False,0.0,0.0,0.6
telecom_cluster_01855,T-Mobile cluster,telecom,Brooklyn,40.6267,-73.9567,False,0.0,0.0,0.0
telecom_cluster_01856,T-Mobile cluster,telecom,Brooklyn,40.6231,-73.9375,False,0.2,0.2,0.6
telecom_cluster_01857,T-Mobile cluster,telecom,Brooklyn,40.625533,-73.933633,False,0.0,0.0,0.2
telecom_cluster_01858,T-Mobile cluster,telecom,Brooklyn,40.6251,-73.9294,False,0.0,0.0,0.2
telecom_cluster_01859,T-Mobile cluster,telecom,Brooklyn,40.62705,-73.92645,False,0.0,0.0,0.6
telecom_cluster_01860,T-Mobile cluster,telecom,Queens,40.623,-73.8941,False,0.0,0.8,0.8
telecom_cluster_01861,T-Mobile cluster,telecom,Queens,40.6269,-73.8913,False,0.0,0.0,0.0
telecom_cluster_01862,T-Mobile cluster,telecom,Queens,40.6265,-73.7841,False,0.0,0.0,0.0
telecom_cluster_01863,T-Mobile cluster,telecom,Queens,40.624,-73.7695,False,0.0,0.0,0.0
telecom_cluster_01864,T-Mobile cluster,telecom,Staten Island,40.627967,-74.2534,False,0.0,0.0,0.0
telecom_cluster_01865,T-Mobile cluster,telecom,Staten Island,40.630557,-74.2506,False,0.0,0.0,0.0
telecom_cluster_01866,T-Mobile cluster,telecom,Staten Island,40.629375,-74.213275,False,0.0,0.0,0.0
telecom_cluster_01867,T-Mobile cluster,telecom,Staten Island,40.631833,-74.211467,False,0.0,0.0,0.0
telecom_cluster_01868,T-Mobile cluster,telecom,Staten Island,40.630767,-74.1907,False,0.0,0.8,0.8
telecom_cluster_01869,T-Mobile cluster,telecom,Staten Island,40.6309,-74.1871,False,0.0,0.0,0.0
telecom_cluster_01870,T-Mobile cluster,telecom,Staten Island,40.6292,-74.0879,False,0.0,0.0,0.0
telecom_cluster_01871,T-Mobile cluster,telecom,Staten Island,40.6318,-74.0872,False,0.0,0.0,0.0
telecom_cluster_01872,T-Mobile cluster,telecom,Staten Island,40.630233,-74.075033,False,0.0,0.0,0.0
telecom_cluster_01873,T-Mobile cluster,telecom,Staten Island,40.6304,-74.063,False,0.0,0.0,0.0
telecom_cluster_01874,T-Mobile cluster,telecom,Staten Island,40.629,-74.0515,False,0.0,0.0,0.0
telecom_cluster_01875,T-Mobile cluster,telecom,Brooklyn,40.627633,-74.029133,False,0.0,0.0,0.0
telecom_cluster_01876,T-Mobile cluster,telecom,Brooklyn,40.63045,-74.02535,False,0.0,0.0,0.0
telecom_cluster_01877,T-Mobile cluster,telecom,Brooklyn,40.628457,-74.019014,False,0.0,0.0,0.0
telecom_cluster_01878,T-Mobile cluster,telecom,Brooklyn,40.63015,-74.016975,False,0.0,0.0,0.2
telecom_cluster_01879,T-Mobile cluster,telecom,Brooklyn,40.6309,-73.97595,False,0.0,0.0,0.0
telecom_cluster_01880,T-Mobile cluster,telecom,Brooklyn,40.630467,-73.9663,False,0.0,0.0,0.0
telecom_cluster_01881,T-Mobile cluster,telecom,Brooklyn,40.62845,-73.96145,False,0.0,0.0,0.0
telecom_cluster_01882,T-Mobile cluster,telecom,Brooklyn,40.62835,-73.93265,False,0.0,0.0,0.0
telecom_cluster_01883,T-Mobile cluster,telecom,Brooklyn,40.6311,-73.9315,False,0.0,0.0,0.0
telecom_cluster_01884,T-Mobile cluster,telecom,Brooklyn,40.62865,-73.92395,False,0.0,0.0,0.6
telecom_cluster_01885,T-Mobile cluster,telecom,Brooklyn,40.63041,-73.9201,False,0.0,0.0,0.0
telecom_cluster_01886,T-Mobile cluster,telecom,Queens,40.630967,-73.8881,False,0.0,0.0,0.0
telecom_cluster_01887,T-Mobile cluster,telecom,Queens,40.6316,-73.885067,False,0.0,0.0,0.0
telecom_cluster_01888,T-Mobile cluster,telecom,Queens,40.6279,-73.7829,False,0.0,0.0,0.0
telecom_cluster_01889,T-Mobile cluster,telecom,Queens,40.6292,-73.772067,False,0.0,0.0,0.0
telecom_cluster_01890,T-Mobile cluster,telecom,Queens,40.6286,-73.7654,False,0.0,0.0,0.0
telecom_cluster_01891,T-Mobile cluster,telecom,Queens,40.6284,-73.7258,False,0.0,0.0,0.0
telecom_cluster_01892,T-Mobile cluster,telecom,Staten Island,40.633175,-74.247975,False,0.0,0.0,0.0
telecom_cluster_01893,T-Mobile cluster,telecom,Staten Island,40.635238,-74.245675,False,0.0,0.0,0.0
telecom_cluster_01894,T-Mobile cluster,telecom,Staten Island,40.6363,-74.2407,False,0.0,0.0,0.0
telecom_cluster_01895,T-Mobile cluster,telecom,Staten Island,40.634714,-74.210086,False,0.0,0.0,0.0
telecom_cluster_01896,T-Mobile cluster,telecom,Staten Island,40.6329,-74.2024,False,0.0,0.0,0.0
telecom_cluster_01897,T-Mobile cluster,telecom,Staten Island,40.63435,-74.195,False,0.0,0.8,0.8
telecom_cluster_01898,T-Mobile cluster,telecom,Staten Island,40.6332,-74.1897,False,0.0,0.0,0.0
telecom_cluster_01899,T-Mobile cluster,telecom,Staten Island,40.6352,-74.176,False,0.0,0.0,0.0
telecom_cluster_01900,T-Mobile cluster,telecom,Staten Island,40.6348,-74.170533,False,0.0,0.0,0.0
telecom_cluster_01901,T-Mobile cluster,telecom,Staten Island,40.6352,-74.0841,False,0.0,0.0,0.0
telecom_cluster_01902,T-Mobile cluster,telecom,Staten Island,40.6372,-74.0809,False,0.0,0.0,0.0
telecom_cluster_01903,T-Mobile cluster,telecom,Staten Island,40.63466,-74.0751,False,0.0,0.0,0.0
telecom_cluster_01904,T-Mobile cluster,telecom,Staten Island,40.6341,-74.0553,False,0.0,0.0,0.0
telecom_cluster_01905,T-Mobile cluster,telecom,Brooklyn,40.635733,-74.023067,False,0.0,0.0,0.0
telecom_cluster_01906,T-Mobile cluster,telecom,Brooklyn,40.6359,-74.018057,False,0.0,0.0,0.0
telecom_cluster_01907,T-Mobile cluster,telecom,Brooklyn,40.634217,-74.0165,False,0.0,0.0,0.0
telecom_cluster_01908,T-Mobile cluster,telecom,Brooklyn,40.6336,-74.0046,False,0.0,0.0,0.0
telecom_cluster_01909,T-Mobile cluster,telecom,Brooklyn,40.635091,-73.977991,False,0.0,0.0,0.0
telecom_cluster_01910,T-Mobile cluster,telecom,Brooklyn,40.635583,-73.97525,False,0.0,0.0,0.0
telecom_cluster_01911,T-Mobile cluster,telecom,Brooklyn,40.635717,-73.968983,False,0.0,0.0,0.0
telecom_cluster_01912,T-Mobile cluster,telecom,Brooklyn,40.635412,-73.963488,False,0.0,0.0,0.2
telecom_cluster_01913,T-Mobile cluster,telecom,Brooklyn,40.63435,-73.962,False,0.0,0.0,0.0
telecom_cluster_01914,T-Mobile cluster,telecom,Brooklyn,40.632933,-73.929067,False,0.0,0.0,0.0
telecom_cluster_01915,T-Mobile cluster,telecom,Brooklyn,40.63555,-73.9247,False,0.0,0.0,0.2
telecom_cluster_01916,T-Mobile cluster,telecom,Brooklyn,40.6326,-73.9224,False,0.0,0.0,0.0
telecom_cluster_01917,T-Mobile cluster,telecom,Queens,40.633483,-73.88925,False,0.0,0.0,0.2
telecom_cluster_01918,T-Mobile cluster,telecom,Queens,40.63552,-73.8841,False,0.0,0.0,0.0
telecom_cluster_01919,T-Mobile cluster,telecom,Queens,40.634333,-73.881633,False,0.0,0.0,0.0
telecom_cluster_01920,T-Mobile cluster,telecom,Queens,40.63522,-73.7785,False,0.0,0.0,0.0
telecom_cluster_01921,T-Mobile cluster,telecom,Queens,40.63592,-73.77576,False,0.0,0.0,0.0
telecom_cluster_01922,T-Mobile cluster,telecom,Queens,40.6357,-73.7155,False,0.0,0.0,0.0
telecom_cluster_01923,T-Mobile cluster,telecom,Staten Island,40.6375,-74.2431,False,0.0,0.0,0.0
telecom_cluster_01924,T-Mobile cluster,telecom,Staten Island,40.639518,-74.241227,False,0.0,0.0,0.0
telecom_cluster_01925,T-Mobile cluster,telecom,Staten Island,40.6407,-74.2368,False,0.0,0.0,0.0
telecom_cluster_01926,T-Mobile cluster,telecom,Staten Island,40.641,-74.2098,False,0.0,0.0,0.0
telecom_cluster_01927,T-Mobile cluster,telecom,Staten Island,40.640636,-74.206245,False,0.0,0.0,0.0
telecom_cluster_01928,T-Mobile cluster,telecom,Staten Island,40.63895,-74.19945,False,0.0,0.0,0.0
telecom_cluster_01929,T-Mobile cluster,telecom,Staten Island,40.6385,-74.1836,False,0.0,0.0,0.0
telecom_cluster_01930,T-Mobile cluster,telecom,Staten Island,40.6383,-74.182,False,0.0,0.0,0.0
telecom_cluster_01931,T-Mobile cluster,telecom,Staten Island,40.642,-74.1405,False,0.0,0.0,0.0
telecom_cluster_01932,T-Mobile cluster,telecom,Staten Island,40.63945,-74.12145,False,0.0,0.0,0.0
telecom_cluster_01933,T-Mobile cluster,telecom,Staten Island,40.63945,-74.0946,False,0.0,0.0,0.0
telecom_cluster_01934,T-Mobile cluster,telecom,Staten Island,40.639833,-74.075333,False,0.0,0.0,0.0
telecom_cluster_01935,T-Mobile cluster,telecom,Brooklyn,40.642,-74.0243,False,0.0,0.0,0.0
telecom_cluster_01936,T-Mobile cluster,telecom,Brooklyn,40.639653,-74.020926,False,0.0,0.0,0.0
telecom_cluster_01937,T-Mobile cluster,telecom,Brooklyn,40.6424,-74.0165,False,0.0,0.0,0.0
telecom_cluster_01938,T-Mobile cluster,telecom,Brooklyn,40.64185,-73.988325,False,0.0,0.0,0.2
telecom_cluster_01939,T-Mobile cluster,telecom,Brooklyn,40.640933,-73.984767,False,0.0,0.0,0.0
telecom_cluster_01940,T-Mobile cluster,telecom,Brooklyn,40.64065,-73.97963,False,0.0,0.0,0.0
telecom_cluster_01941,T-Mobile cluster,telecom,Brooklyn,40.639933,-73.9696,False,0.0,0.0,0.0
telecom_cluster_01942,T-Mobile cluster,telecom,Brooklyn,40.6401,-73.964433,False,0.0,0.0,0.0
telecom_cluster_01943,T-Mobile cluster,telecom,Brooklyn,40.640025,-73.92445,False,0.0,0.0,0.0
telecom_cluster_01944,T-Mobile cluster,telecom,Brooklyn,40.64068,-73.92028,False,0.0,0.0,0.0
telecom_cluster_01945,T-Mobile cluster,telecom,Brooklyn,40.6415,-73.9172,False,0.0,0.0,0.0
telecom_cluster_01946,T-Mobile cluster,telecom,Queens,40.6375,-73.8862,False,0.0,0.0,0.0
telecom_cluster_01947,T-Mobile cluster,telecom,Queens,40.639033,-73.878967,False,0.0,0.0,0.0
telecom_cluster_01948,T-Mobile cluster,telecom,Queens,40.6408,-73.795667,False,0.0,0.0,0.0
telecom_cluster_01949,T-Mobile cluster,telecom,Queens,40.6379,-73.7909,False,0.0,0.0,0.0
telecom_cluster_01950,T-Mobile cluster,telecom,Queens,40.6403,-73.7839,False,0.0,0.0,0.0
telecom_cluster_01951,T-Mobile cluster,telecom,Queens,40.640178,-73.7788,False,0.0,0.0,0.0
telecom_cluster_01952,T-Mobile cluster,telecom,Queens,40.641067,-73.7751,False,0.0,0.0,0.0
telecom_cluster_01953,T-Mobile cluster,telecom,Queens,40.6383,-73.7687,False,0.0,0.0,0.0
telecom_cluster_01954,T-Mobile cluster,telecom,Queens,40.6388,-73.7545,False,0.0,0.0,0.0
telecom_cluster_01955,T-Mobile cluster,telecom,Staten Island,40.6427,-74.2379,False,0.0,0.0,0.0
telecom_cluster_01956,T-Mobile cluster,telecom,Staten Island,40.6449,-74.235475,False,0.0,0.0,0.0
telecom_cluster_01957,T-Mobile cluster,telecom,Staten Island,40.6432,-74.2309,False,0.0,0.0,0.0
telecom_cluster_01958,T-Mobile cluster,telecom,Staten Island,40.6427,-74.2093,False,0.0,0.0,0.0
telecom_cluster_01959,T-Mobile cluster,telecom,Staten Island,40.645186,-74.204136,False,0.0,0.0,0.0
telecom_cluster_01960,T-Mobile cluster,telecom,Staten Island,40.646,-74.1963,False,0.0,0.0,0.0
telecom_cluster_01961,T-Mobile cluster,telecom,Staten Island,40.6438,-74.1328,False,0.0,0.0,0.0
telecom_cluster_01962,T-Mobile cluster,telecom,Staten Island,40.6451,-74.0836,False,0.0,0.0,0.0
telecom_cluster_01963,T-Mobile cluster,telecom,Staten Island,40.6441,-74.071233,False,0.0,0.0,0.0
telecom_cluster_01964,T-Mobile cluster,telecom,Staten Island,40.6447,-74.0492,False,0.0,0.0,0.0
telecom_cluster_01965,T-Mobile cluster,telecom,Staten Island,40.6439,-74.0427,False,0.0,0.0,0.0
telecom_cluster_01966,T-Mobile cluster,telecom,Staten Island,40.6426,-74.0345,False,0.0,0.0,0.0
telecom_cluster_01967,T-Mobile cluster,telecom,Brooklyn,40.6447,-74.0296,False,0.0,0.0,0.0
telecom_cluster_01968,T-Mobile cluster,telecom,Brooklyn,40.64344,-74.01926,False,0.0,0.0,0.0
telecom_cluster_01969,T-Mobile cluster,telecom,Brooklyn,40.645462,-74.015277,False,0.0,0.0,0.0
telecom_cluster_01970,T-Mobile cluster,telecom,Brooklyn,40.6468,-74.012,False,0.0,0.0,0.0
telecom_cluster_01971,T-Mobile cluster,telecom,Brooklyn,40.645267,-73.994,False,0.0,0.0,0.0
telecom_cluster_01972,T-Mobile cluster,telecom,Brooklyn,40.64335,-73.9904,False,0.0,0.0,0.0
telecom_cluster_01973,T-Mobile cluster,telecom,Brooklyn,40.645357,-73.979586,False,0.0,0.0,0.0
telecom_cluster_01974,T-Mobile cluster,telecom,Brooklyn,40.6452,-73.975269,False,0.0,0.0,0.0
telecom_cluster_01975,T-Mobile cluster,telecom,Brooklyn,40.644718,-73.970655,False,0.0,0.0,0.0
telecom_cluster_01976,T-Mobile cluster,telecom,Brooklyn,40.64445,-73.96475,False,0.0,0.0,0.0
telecom_cluster_01977,T-Mobile cluster,telecom,Brooklyn,40.646333,-73.959067,False,0.0,0.0,0.0
telecom_cluster_01978,T-Mobile cluster,telecom,Brooklyn,40.6467,-73.954843,False,0.0,0.0,0.0
telecom_cluster_01979,T-Mobile cluster,telecom,Brooklyn,40.645461,-73.948306,False,0.0,0.0,0.0
telecom_cluster_01980,T-Mobile cluster,telecom,Brooklyn,40.644431,-73.947138,False,0.0,0.0,0.0
telecom_cluster_01981,T-Mobile cluster,telecom,Brooklyn,40.64545,-73.92475,False,0.0,0.0,0.0
telecom_cluster_01982,T-Mobile cluster,telecom,Brooklyn,40.644,-73.9199,False,0.0,0.0,0.0
telecom_cluster_01983,T-Mobile cluster,telecom,Queens,40.6452,-73.899567,False,0.0,0.0,0.0
telecom_cluster_01984,T-Mobile cluster,telecom,Queens,40.64525,-73.8937,False,0.0,0.0,0.0
telecom_cluster_01985,T-Mobile cluster,telecom,Queens,40.644733,-73.8781,False,0.0,0.0,0.0
telecom_cluster_01986,T-Mobile cluster,telecom,Queens,40.645,-73.87498,False,0.0,0.0,0.0
telecom_cluster_01987,T-Mobile cluster,telecom,Queens,40.6446,-73.8721,False,0.0,0.0,0.0
telecom_cluster_01988,T-Mobile cluster,telecom,Queens,40.6437,-73.8012,False,0.0,0.0,0.0
telecom_cluster_01989,T-Mobile cluster,telecom,Queens,40.644925,-73.7944,False,0.0,0.0,0.0
telecom_cluster_01990,T-Mobile cluster,telecom,Queens,40.64558,-73.7898,False,0.0,0.0,0.0
telecom_cluster_01991,T-Mobile cluster,telecom,Queens,40.644908,-73.784315,False,0.0,0.0,0.0
telecom_cluster_01992,T-Mobile cluster,telecom,Queens,40.644378,-73.780456,False,0.0,0.0,0.0
telecom_cluster_01993,T-Mobile cluster,telecom,Queens,40.6446,-73.7766,False,0.0,0.0,0.0
telecom_cluster_01994,T-Mobile cluster,telecom,Queens,40.6462,-73.7718,False,0.0,0.0,0.0
telecom_cluster_01995,T-Mobile cluster,telecom,Queens,40.6445,-73.7609,False,0.0,0.0,0.0
telecom_cluster_01996,T-Mobile cluster,telecom,Queens,40.6439,-73.7565,False,0.0,0.0,0.0
telecom_cluster_01997,T-Mobile cluster,telecom,Staten Island,40.6477,-74.2326,False,0.0,0.0,0.0
telecom_cluster_01998,T-Mobile cluster,telecom,NJ (external),40.65026,-74.22992,False,0.0,0.0,0.0
telecom_cluster_01999,T-Mobile cluster,telecom,NJ (external),40.650175,-74.19885,False,0.0,0.0,0.0
telecom_cluster_02000,T-Mobile cluster,telecom,NJ (external),40.65135,-74.196925,False,0.0,0.0,0.0
telecom_cluster_02001,T-Mobile cluster,telecom,Staten Island,40.6478,-74.1383,False,0.0,0.0,0.0
telecom_cluster_02002,T-Mobile cluster,telecom,Staten Island,40.6492,-74.1316,False,0.0,0.0,0.0
telecom_cluster_02003,T-Mobile cluster,telecom,NJ (external),40.652,-74.1251,False,0.0,0.0,0.0
telecom_cluster_02004,T-Mobile cluster,telecom,Brooklyn,40.6501,-74.0181,False,0.0,0.0,0.0
telecom_cluster_02005,T-Mobile cluster,telecom,Brooklyn,40.649467,-74.0127,False,0.0,0.0,0.0
telecom_cluster_02006,T-Mobile cluster,telecom,Brooklyn,40.649942,-74.010167,False,0.0,0.0,0.0
telecom_cluster_02007,T-Mobile cluster,telecom,Brooklyn,40.651171,-74.005629,False,0.0,0.0,0.0
telecom_cluster_02008,T-Mobile cluster,telecom,Brooklyn,40.649,-74.000133,False,0.0,0.0,0.0
telecom_cluster_02009,T-Mobile cluster,telecom,Brooklyn,40.649628,-73.979666,False,0.0,0.0,0.0
telecom_cluster_02010,T-Mobile cluster,telecom,Brooklyn,40.649864,-73.9754,False,0.0,0.0,0.6
telecom_cluster_02011,T-Mobile cluster,telecom,Brooklyn,40.649905,-73.97074,False,0.0,0.0,0.0
telecom_cluster_02012,T-Mobile cluster,telecom,Brooklyn,40.649857,-73.964962,False,0.0,0.0,0.0
telecom_cluster_02013,T-Mobile cluster,telecom,Brooklyn,40.650255,-73.961055,False,0.0,0.0,0.0
telecom_cluster_02014,T-Mobile cluster,telecom,Brooklyn,40.65238,-73.95516,False,0.0,0.0,0.0
telecom_cluster_02015,T-Mobile cluster,telecom,Brooklyn,40.64987,-73.948857,False,0.0,0.0,0.0
telecom_cluster_02016,T-Mobile cluster,telecom,Brooklyn,40.650441,-73.945794,False,0.0,0.0,0.0
telecom_cluster_02017,T-Mobile cluster,telecom,Brooklyn,40.6495,-73.9402,False,0.0,0.0,0.6
telecom_cluster_02018,T-Mobile cluster,telecom,Brooklyn,40.650333,-73.935733,False,0.0,0.0,0.0
telecom_cluster_02019,T-Mobile cluster,telecom,Brooklyn,40.650067,-73.931267,False,0.0,0.0,0.0
telecom_cluster_02020,T-Mobile cluster,telecom,Brooklyn,40.650489,-73.924578,False,0.2,0.2,0.6
telecom_cluster_02021,T-Mobile cluster,telecom,Brooklyn,40.648167,-73.9191,False,0.0,0.0,0.0
telecom_cluster_02022,T-Mobile cluster,telecom,Brooklyn,40.6502,-73.915433,False,0.0,0.0,0.0
telecom_cluster_02023,T-Mobile cluster,telecom,Brooklyn,40.64815,-73.9009,False,0.0,0.0,0.0
telecom_cluster_02024,T-Mobile cluster,telecom,Queens,40.6491,-73.8972,False,0.0,0.0,0.0
telecom_cluster_02025,T-Mobile cluster,telecom,Queens,40.6506,-73.8906,False,0.0,0.0,0.0
telecom_cluster_02026,T-Mobile cluster,telecom,Queens,40.6524,-73.8858,False,0.0,0.0,0.0
telecom_cluster_02027,T-Mobile cluster,telecom,Queens,40.65165,-73.876,False,0.0,0.0,0.0
telecom_cluster_02028,T-Mobile cluster,telecom,Queens,40.648433,-73.8713,False,0.0,0.0,0.0
telecom_cluster_02029,T-Mobile cluster,telecom,Queens,40.6491,-73.8145,False,0.0,0.0,0.0
telecom_cluster_02030,T-Mobile cluster,telecom,Queens,40.6496,-73.8074,False,0.0,0.0,0.0
telecom_cluster_02031,T-Mobile cluster,telecom,Queens,40.6476,-73.8021,False,0.0,0.0,0.0
telecom_cluster_02032,T-Mobile cluster,telecom,Queens,40.650667,-73.7886,False,0.0,0.0,0.0
telecom_cluster_02033,T-Mobile cluster,telecom,Queens,40.6492,-73.78445,False,0.0,0.0,0.0
telecom_cluster_02034,T-Mobile cluster,telecom,Queens,40.6508,-73.7786,False,0.0,0.0,0.0
telecom_cluster_02035,T-Mobile cluster,telecom,Queens,40.6478,-73.7727,False,0.0,0.0,0.0
telecom_cluster_02036,T-Mobile cluster,telecom,Queens,40.65035,-73.7586,False,0.0,0.0,0.0
telecom_cluster_02037,T-Mobile cluster,telecom,NJ (external),40.6526,-74.2275,False,0.0,0.0,0.0
telecom_cluster_02038,T-Mobile cluster,telecom,NJ (external),40.654867,-74.225078,False,0.0,0.0,0.0
telecom_cluster_02039,T-Mobile cluster,telecom,NJ (external),40.6574,-74.2225,False,0.0,0.0,0.0
telecom_cluster_02040,T-Mobile cluster,telecom,NJ (external),40.6536,-74.2105,False,0.0,0.0,0.0
telecom_cluster_02041,T-Mobile cluster,telecom,NJ (external),40.653333,-74.193467,False,0.0,0.0,0.0
telecom_cluster_02042,T-Mobile cluster,telecom,NJ (external),40.65574,-74.18989,False,0.0,0.0,0.0
telecom_cluster_02043,T-Mobile cluster,telecom,NJ (external),40.6543,-74.1823,False,0.0,0.0,0.0
telecom_cluster_02044,T-Mobile cluster,telecom,NJ (external),40.6533,-74.1356,False,0.0,0.0,0.0
telecom_cluster_02045,T-Mobile cluster,telecom,NJ (external),40.6562,-74.1313,False,0.0,0.0,0.0
telecom_cluster_02046,T-Mobile cluster,telecom,NJ (external),40.6539,-74.0507,False,0.0,0.0,0.0
telecom_cluster_02047,T-Mobile cluster,telecom,Brooklyn,40.65385,-74.01355,False,0.0,0.0,0.0
telecom_cluster_02048,T-Mobile cluster,telecom,Brooklyn,40.653771,-74.008429,False,0.0,0.0,0.0
telecom_cluster_02049,T-Mobile cluster,telecom,Brooklyn,40.655933,-74.005017,False,0.0,0.0,0.0
telecom_cluster_02050,T-Mobile cluster,telecom,Brooklyn,40.65465,-74.001325,False,0.0,0.0,0.0
telecom_cluster_02051,T-Mobile cluster,telecom,Brooklyn,40.6558,-73.98305,False,0.0,0.0,0.0
telecom_cluster_02052,T-Mobile cluster,telecom,Brooklyn,40.654782,-73.979709,False,0.0,0.0,0.0
telecom_cluster_02053,T-Mobile cluster,telecom,Brooklyn,40.654889,-73.974594,False,0.0,0.0,0.0
telecom_cluster_02054,T-Mobile cluster,telecom,Brooklyn,40.6525,-73.9683,False,0.0,0.0,0.0
telecom_cluster_02055,T-Mobile cluster,telecom,Brooklyn,40.653662,-73.965069,False,0.0,0.0,0.0
telecom_cluster_02056,T-Mobile cluster,telecom,Brooklyn,40.654538,-73.960794,False,0.0,0.0,0.0
telecom_cluster_02057,T-Mobile cluster,telecom,Brooklyn,40.655157,-73.954857,False,0.0,0.0,0.0
telecom_cluster_02058,T-Mobile cluster,telecom,Brooklyn,40.655647,-73.950207,False,0.0,0.0,0.0
telecom_cluster_02059,T-Mobile cluster,telecom,Brooklyn,40.65395,-73.94638,False,0.0,0.0,0.0
telecom_cluster_02060,T-Mobile cluster,telecom,Brooklyn,40.653267,-73.939133,False,0.0,0.0,0.0
telecom_cluster_02061,T-Mobile cluster,telecom,Brooklyn,40.6535,-73.93575,False,0.0,0.0,0.0
telecom_cluster_02062,T-Mobile cluster,telecom,Brooklyn,40.6537,-73.9324,False,0.0,0.0,0.0
telecom_cluster_02063,T-Mobile cluster,telecom,Brooklyn,40.65374,-73.92344,False,0.0,0.0,0.0
telecom_cluster_02064,T-Mobile cluster,telecom,Brooklyn,40.65571,-73.92093,False,0.0,0.0,0.0
telecom_cluster_02065,T-Mobile cluster,telecom,Brooklyn,40.655833,-73.914783,False,0.0,0.0,0.0
telecom_cluster_02066,T-Mobile cluster,telecom,Brooklyn,40.6545,-73.9094,False,0.0,0.0,0.2
telecom_cluster_02067,T-Mobile cluster,telecom,Brooklyn,40.65485,-73.9046,False,0.0,0.0,0.0
telecom_cluster_02068,T-Mobile cluster,telecom,Brooklyn,40.6573,-73.90045,False,0.0,0.0,0.2
telecom_cluster_02069,T-Mobile cluster,telecom,Queens,40.6553,-73.88005,False,0.0,0.0,0.0
telecom_cluster_02070,T-Mobile cluster,telecom,Queens,40.6528,-73.8772,False,0.0,0.0,0.0
telecom_cluster_02071,T-Mobile cluster,telecom,Queens,40.655175,-73.868475,False,0.0,0.0,0.0
telecom_cluster_02072,T-Mobile cluster,telecom,Queens,40.653033,-73.866,False,0.0,0.0,0.0
telecom_cluster_02073,T-Mobile cluster,telecom,Queens,40.65515,-73.8602,False,0.0,0.0,0.0
telecom_cluster_02074,T-Mobile cluster,telecom,Queens,40.655433,-73.806967,False,0.0,0.0,0.0
telecom_cluster_02075,T-Mobile cluster,telecom,Queens,40.656,-73.7916,False,0.0,0.0,0.0
telecom_cluster_02076,T-Mobile cluster,telecom,Queens,40.6572,-73.7042,False,0.0,0.0,0.0
telecom_cluster_02077,T-Mobile cluster,telecom,Queens,40.6551,-73.702,False,0.0,0.0,0.0
telecom_cluster_02078,T-Mobile cluster,telecom,NJ (external),40.660618,-74.219394,False,0.0,0.0,0.0
telecom_cluster_02079,T-Mobile cluster,telecom,NJ (external),40.6582,-74.2168,False,0.0,0.0,0.0
telecom_cluster_02080,T-Mobile cluster,telecom,NJ (external),40.6604,-74.2086,False,0.0,0.0,0.0
telecom_cluster_02081,T-Mobile cluster,telecom,NJ (external),40.660183,-74.185967,False,0.0,0.0,0.0
telecom_cluster_02082,T-Mobile cluster,telecom,NJ (external),40.6585,-74.1303,False,0.0,0.0,0.0
telecom_cluster_02083,T-Mobile cluster,telecom,NJ (external),40.6598,-74.0898,False,0.0,0.0,0.0
telecom_cluster_02084,T-Mobile cluster,telecom,NJ (external),40.6618,-74.0453,False,0.0,0.0,0.0
telecom_cluster_02085,T-Mobile cluster,telecom,NJ (external),40.6622,-74.0355,False,0.0,0.0,0.0
telecom_cluster_02086,T-Mobile cluster,telecom,Brooklyn,40.6592,-74.023,False,0.0,0.0,0.0
telecom_cluster_02087,T-Mobile cluster,telecom,Brooklyn,40.6583,-74.0111,False,0.0,0.0,0.0
telecom_cluster_02088,T-Mobile cluster,telecom,Brooklyn,40.66045,-74.0042,False,0.0,0.0,0.0
telecom_cluster_02089,T-Mobile cluster,telecom,Brooklyn,40.660277,-74.000877,False,0.0,0.0,0.0
telecom_cluster_02090,T-Mobile cluster,telecom,Brooklyn,40.660983,-73.988683,False,0.0,0.0,0.0
telecom_cluster_02091,T-Mobile cluster,telecom,Brooklyn,40.660239,-73.984678,False,0.0,0.0,0.0
telecom_cluster_02092,T-Mobile cluster,telecom,Brooklyn,40.660296,-73.980213,False,0.0,0.0,0.0
telecom_cluster_02093,T-Mobile cluster,telecom,Brooklyn,40.658467,-73.976467,False,0.0,0.0,0.0
telecom_cluster_02094,T-Mobile cluster,telecom,Brooklyn,40.6605,-73.963183,False,0.0,0.0,0.0
telecom_cluster_02095,T-Mobile cluster,telecom,Brooklyn,40.660544,-73.960878,False,0.0,0.0,0.0
telecom_cluster_02096,T-Mobile cluster,telecom,Brooklyn,40.65936,-73.954805,False,0.0,0.0,0.0
telecom_cluster_02097,T-Mobile cluster,telecom,Brooklyn,40.659752,-73.950306,False,0.0,0.0,0.0
telecom_cluster_02098,T-Mobile cluster,telecom,Brooklyn,40.659616,-73.945211,False,0.0,0.0,0.0
telecom_cluster_02099,T-Mobile cluster,telecom,Brooklyn,40.65953,-73.93978,False,0.2,0.2,0.6
telecom_cluster_02100,T-Mobile cluster,telecom,Brooklyn,40.66162,-73.93642,False,0.0,0.0,0.0
telecom_cluster_02101,T-Mobile cluster,telecom,Brooklyn,40.6614,-73.9274,False,0.0,0.0,0.0
telecom_cluster_02102,T-Mobile cluster,telecom,Brooklyn,40.6602,-73.919855,False,0.6,0.6,0.6
telecom_cluster_02103,T-Mobile cluster,telecom,Brooklyn,40.6584,-73.9172,False,0.0,0.0,0.0
telecom_cluster_02104,T-Mobile cluster,telecom,Queens,40.659786,-73.8993,False,0.0,0.0,0.0
telecom_cluster_02105,T-Mobile cluster,telecom,Queens,40.658133,-73.856133,False,0.0,0.0,0.0
telecom_cluster_02106,T-Mobile cluster,telecom,Queens,40.6622,-73.8502,False,0.0,0.0,0.0
telecom_cluster_02107,T-Mobile cluster,telecom,Queens,40.6616,-73.8418,False,0.0,0.0,0.0
telecom_cluster_02108,T-Mobile cluster,telecom,Queens,40.6593,-73.80522,False,0.0,0.0,0.0
telecom_cluster_02109,T-Mobile cluster,telecom,Queens,40.6588,-73.7962,False,0.0,0.0,0.0
telecom_cluster_02110,T-Mobile cluster,telecom,Queens,40.6593,-73.7923,False,0.0,0.0,0.0
telecom_cluster_02111,T-Mobile cluster,telecom,Queens,40.6603,-73.7804,False,0.0,0.0,0.0
telecom_cluster_02112,T-Mobile cluster,telecom,Queens,40.6605,-73.7567,False,0.2,0.2,0.2
telecom_cluster_02113,T-Mobile cluster,telecom,Queens,40.65955,-73.7046,False,0.0,0.0,0.0
telecom_cluster_02114,T-Mobile cluster,telecom,Queens,40.659967,-73.7017,False,0.0,0.0,0.0
telecom_cluster_02115,T-Mobile cluster,telecom,NJ (external),40.6633,-74.2175,False,0.0,0.0,0.0
telecom_cluster_02116,T-Mobile cluster,telecom,NJ (external),40.6655,-74.216441,False,0.0,0.0,0.0
telecom_cluster_02117,T-Mobile cluster,telecom,NJ (external),40.6652,-74.20465,False,0.0,0.0,0.0
telecom_cluster_02118,T-Mobile cluster,telecom,NJ (external),40.6669,-74.1984,False,0.0,0.0,0.0
telecom_cluster_02119,T-Mobile cluster,telecom,NJ (external),40.6629,-74.1956,False,0.0,0.0,0.0
telecom_cluster_02120,T-Mobile cluster,telecom,NJ (external),40.66385,-74.184075,False,0.0,0.0,0.0
telecom_cluster_02121,T-Mobile cluster,telecom,NJ (external),40.666033,-74.18135,False,0.0,0.0,0.0
telecom_cluster_02122,T-Mobile cluster,telecom,NJ (external),40.66615,-74.17385,False,0.0,0.0,0.0
telecom_cluster_02123,T-Mobile cluster,telecom,NJ (external),40.6655,-74.1393,False,0.0,0.0,0.0
telecom_cluster_02124,T-Mobile cluster,telecom,NJ (external),40.6655,-74.1347,False,0.0,0.0,0.0
telecom_cluster_02125,T-Mobile cluster,telecom,NJ (external),40.6674,-74.122,False,0.0,0.0,0.0
telecom_cluster_02126,T-Mobile cluster,telecom,NJ (external),40.664933,-74.076767,False,0.0,0.0,0.0
telecom_cluster_02127,T-Mobile cluster,telecom,Brooklyn,40.6643,-74.01,False,0.0,0.0,0.0
telecom_cluster_02128,T-Mobile cluster,telecom,Brooklyn,40.664867,-73.999067,False,0.0,0.0,0.0
telecom_cluster_02129,T-Mobile cluster,telecom,Brooklyn,40.666036,-73.995379,False,0.0,0.0,0.0
telecom_cluster_02130,T-Mobile cluster,telecom,Brooklyn,40.66496,-73.98975,False,0.0,0.0,0.0
telecom_cluster_02131,T-Mobile cluster,telecom,Brooklyn,40.664913,-73.984987,False,0.0,0.0,0.0
telecom_cluster_02132,T-Mobile cluster,telecom,Brooklyn,40.665252,-73.97984,False,0.0,0.0,0.0
telecom_cluster_02133,T-Mobile cluster,telecom,Brooklyn,40.665275,-73.97615,False,0.0,0.0,0.0
telecom_cluster_02134,T-Mobile cluster,telecom,Brooklyn,40.664562,-73.963631,False,0.0,0.0,0.0
telecom_cluster_02135,T-Mobile cluster,telecom,Brooklyn,40.663367,-73.960033,False,0.0,0.0,0.0
telecom_cluster_02136,T-Mobile cluster,telecom,Brooklyn,40.663991,-73.954609,False,0.0,0.0,0.0
telecom_cluster_02137,T-Mobile cluster,telecom,Brooklyn,40.66365,-73.949225,False,0.0,0.0,0.0
telecom_cluster_02138,T-Mobile cluster,telecom,Brooklyn,40.6632,-73.944711,False,0.0,0.0,0.0
telecom_cluster_02139,T-Mobile cluster,telecom,Brooklyn,40.6631,-73.940567,False,0.0,0.0,0.0
telecom_cluster_02140,T-Mobile cluster,telecom,Brooklyn,40.663267,-73.93425,False,0.0,0.0,0.0
telecom_cluster_02141,T-Mobile cluster,telecom,Brooklyn,40.664183,-73.930317,False,0.0,0.0,0.0
telecom_cluster_02142,T-Mobile cluster,telecom,Brooklyn,40.666643,-73.925086,False,0.0,0.0,0.0
telecom_cluster_02143,T-Mobile cluster,telecom,Brooklyn,40.665567,-73.91965,False,0.0,0.0,0.0
telecom_cluster_02144,T-Mobile cluster,telecom,Brooklyn,40.66545,-73.91605,False,0.0,0.0,0.0
telecom_cluster_02145,T-Mobile cluster,telecom,Queens,40.664575,-73.895,False,0.0,0.0,0.6
telecom_cluster_02146,T-Mobile cluster,telecom,Queens,40.6671,-73.8842,False,0.0,0.0,0.6
telecom_cluster_02147,T-Mobile cluster,telecom,Queens,40.6656,-73.8433,False,0.0,0.0,0.0
telecom_cluster_02148,T-Mobile cluster,telecom,Queens,40.667,-73.8387,False,0.0,0.0,0.0
telecom_cluster_02149,T-Mobile cluster,telecom,Queens,40.666175,-73.83465,False,0.2,0.2,0.6
telecom_cluster_02150,T-Mobile cluster,telecom,Queens,40.66545,-73.82975,False,0.0,0.0,0.0
telecom_cluster_02151,T-Mobile cluster,telecom,Queens,40.6652,-73.8267,False,0.0,0.0,0.0
telecom_cluster_02152,T-Mobile cluster,telecom,Queens,40.665233,-73.819533,False,0.0,0.0,0.0
telecom_cluster_02153,T-Mobile cluster,telecom,Queens,40.6638,-73.8154,False,0.0,0.0,0.2
telecom_cluster_02154,T-Mobile cluster,telecom,Queens,40.666325,-73.8096,False,0.0,0.0,0.0
telecom_cluster_02155,T-Mobile cluster,telecom,Queens,40.665933,-73.8053,False,0.0,0.0,0.0
telecom_cluster_02156,T-Mobile cluster,telecom,Queens,40.66605,-73.799725,False,0.0,0.0,0.0
telecom_cluster_02157,T-Mobile cluster,telecom,Queens,40.666,-73.7948,False,0.0,0.0,0.0
telecom_cluster_02158,T-Mobile cluster,telecom,Queens,40.665125,-73.78955,False,0.0,0.0,0.0
telecom_cluster_02159,T-Mobile cluster,telecom,Queens,40.666775,-73.784575,False,0.0,0.0,0.0
telecom_cluster_02160,T-Mobile cluster,telecom,Queens,40.6674,-73.7752,False,0.0,0.0,0.0
telecom_cluster_02161,T-Mobile cluster,telecom,Queens,40.66695,-73.7689,False,0.0,0.0,0.0
telecom_cluster_02162,T-Mobile cluster,telecom,Queens,40.6667,-73.764525,False,0.0,0.0,0.0
telecom_cluster_02163,T-Mobile cluster,telecom,Queens,40.666067,-73.758267,False,0.0,0.0,0.0
telecom_cluster_02164,T-Mobile cluster,telecom,Queens,40.66585,-73.7562,False,0.0,0.0,0.0
telecom_cluster_02165,T-Mobile cluster,telecom,Queens,40.6658,-73.751575,False,0.0,0.0,0.0
telecom_cluster_02166,T-Mobile cluster,telecom,Queens,40.66575,-73.74495,False,0.0,0.0,0.0
telecom_cluster_02167,T-Mobile cluster,telecom,Queens,40.6663,-73.7415,False,0.0,0.0,0.0
telecom_cluster_02168,T-Mobile cluster,telecom,NJ (external),40.669517,-74.213994,False,0.0,0.0,0.0
telecom_cluster_02169,T-Mobile cluster,telecom,NJ (external),40.6722,-74.212,False,0.0,0.0,0.0
telecom_cluster_02170,T-Mobile cluster,telecom,NJ (external),40.671,-74.20445,False,0.0,0.0,0.0
telecom_cluster_02171,T-Mobile cluster,telecom,NJ (external),40.670067,-74.1783,False,0.0,0.0,0.0
telecom_cluster_02172,T-Mobile cluster,telecom,NJ (external),40.671,-74.17675,False,0.0,0.0,0.0
telecom_cluster_02173,T-Mobile cluster,telecom,NJ (external),40.6722,-74.1594,False,0.0,0.0,0.0
telecom_cluster_02174,T-Mobile cluster,telecom,NJ (external),40.6688,-74.1555,False,0.0,0.0,0.0
telecom_cluster_02175,T-Mobile cluster,telecom,NJ (external),40.6699,-74.098,False,0.0,0.0,0.0
telecom_cluster_02176,T-Mobile cluster,telecom,Brooklyn,40.6708,-74.0251,False,0.0,0.0,0.0
telecom_cluster_02177,T-Mobile cluster,telecom,Brooklyn,40.6682,-74.0217,False,0.0,0.0,0.0
telecom_cluster_02178,T-Mobile cluster,telecom,Brooklyn,40.6718,-74.01145,False,0.0,0.0,0.0
telecom_cluster_02179,T-Mobile cluster,telecom,Brooklyn,40.671575,-73.999575,False,0.0,0.2,0.8
telecom_cluster_02180,T-Mobile cluster,telecom,Brooklyn,40.670553,-73.995163,False,0.0,0.0,0.0
telecom_cluster_02181,T-Mobile cluster,telecom,Brooklyn,40.6702,-73.990004,False,0.0,0.0,0.0
telecom_cluster_02182,T-Mobile cluster,telecom,Brooklyn,40.669292,-73.986092,False,0.0,0.0,0.0
telecom_cluster_02183,T-Mobile cluster,telecom,Brooklyn,40.6698,-73.979573,False,0.0,0.0,0.0
telecom_cluster_02184,T-Mobile cluster,telecom,Brooklyn,40.670255,-73.975355,False,0.0,0.0,0.0
telecom_cluster_02185,T-Mobile cluster,telecom,Brooklyn,40.671706,-73.970135,False,0.0,0.0,0.0
telecom_cluster_02186,T-Mobile cluster,telecom,Brooklyn,40.67032,-73.96427,False,0.0,0.0,0.0
telecom_cluster_02187,T-Mobile cluster,telecom,Brooklyn,40.67132,-73.96074,False,0.0,0.0,0.0
telecom_cluster_02188,T-Mobile cluster,telecom,Brooklyn,40.670218,-73.955055,False,0.0,0.0,0.0
telecom_cluster_02189,T-Mobile cluster,telecom,Brooklyn,40.66962,-73.94911,False,0.0,0.0,0.0
telecom_cluster_02190,T-Mobile cluster,telecom,Brooklyn,40.669438,-73.94475,False,0.0,0.0,0.2
telecom_cluster_02191,T-Mobile cluster,telecom,Brooklyn,40.669409,-73.940418,False,0.0,0.0,0.0
telecom_cluster_02192,T-Mobile cluster,telecom,Brooklyn,40.669146,-73.935808,False,0.0,0.0,0.0
telecom_cluster_02193,T-Mobile cluster,telecom,Brooklyn,40.6688,-73.930636,False,0.0,0.0,0.0
telecom_cluster_02194,T-Mobile cluster,telecom,Brooklyn,40.668425,-73.92467,False,0.0,0.0,0.0
telecom_cluster_02195,T-Mobile cluster,telecom,Brooklyn,40.669484,-73.919558,False,0.0,0.0,0.0
telecom_cluster_02196,T-Mobile cluster,telecom,Brooklyn,40.670761,-73.915494,False,0.0,0.0,0.0
telecom_cluster_02197,T-Mobile cluster,telecom,Brooklyn,40.67195,-73.911725,False,0.0,0.0,0.0
telecom_cluster_02198,T-Mobile cluster,telecom,Queens,40.66988,-73.89536,False,0.0,0.0,0.0
telecom_cluster_02199,T-Mobile cluster,telecom,Queens,40.671125,-73.842975,False,0.0,0.0,0.0
telecom_cluster_02200,T-Mobile cluster,telecom,Queens,40.6676,-73.8423,False,0.0,0.0,0.0
telecom_cluster_02201,T-Mobile cluster,telecom,Queens,40.668475,-73.738325,False,0.6,0.6,0.6
telecom_cluster_02202,T-Mobile cluster,telecom,Queens,40.6708,-73.7366,False,0.0,0.0,0.0
telecom_cluster_02203,T-Mobile cluster,telecom,Queens,40.6699,-73.7254,False,0.0,0.0,0.0
telecom_cluster_02204,T-Mobile cluster,telecom,Queens,40.6679,-73.7085,False,0.0,0.0,0.0
telecom_cluster_02205,T-Mobile cluster,telecom,NJ (external),40.6772,-74.2654,False,0.0,0.0,0.0
telecom_cluster_02206,T-Mobile cluster,telecom,NJ (external),40.673,-74.257,False,0.0,0.0,0.0
telecom_cluster_02207,T-Mobile cluster,telecom,NJ (external),40.674643,-74.210279,False,0.0,0.0,0.0
telecom_cluster_02208,T-Mobile cluster,telecom,NJ (external),40.6738,-74.20165,False,0.0,0.0,0.0
telecom_cluster_02209,T-Mobile cluster,telecom,NJ (external),40.67418,-74.18852,False,0.0,0.0,0.0
telecom_cluster_02210,T-Mobile cluster,telecom,NJ (external),40.676,-74.183,False,0.0,0.0,0.0
telecom_cluster_02211,T-Mobile cluster,telecom,NJ (external),40.673986,-74.174357,False,0.0,0.0,0.0
telecom_cluster_02212,T-Mobile cluster,telecom,NJ (external),40.6753,-74.1694,False,0.0,0.0,0.0
telecom_cluster_02213,T-Mobile cluster,telecom,NJ (external),40.6727,-74.1447,False,0.0,0.0,0.0
telecom_cluster_02214,T-Mobile cluster,telecom,NJ (external),40.6758,-74.0994,False,0.0,0.0,0.0
telecom_cluster_02215,T-Mobile cluster,telecom,NJ (external),40.6774,-74.0442,False,0.0,0.0,0.0
telecom_cluster_02216,T-Mobile cluster,telecom,NJ (external),40.675375,-74.039075,False,0.0,0.0,0.0
telecom_cluster_02217,T-Mobile cluster,telecom,NJ (external),40.67522,-74.03552,False,0.0,0.0,0.0
telecom_cluster_02218,T-Mobile cluster,telecom,NJ (external),40.6755,-74.03055,False,0.0,0.0,0.0
telecom_cluster_02219,T-Mobile cluster,telecom,Brooklyn,40.6764,-74.02555,False,0.0,0.0,0.0
telecom_cluster_02220,T-Mobile cluster,telecom,Brooklyn,40.67612,-74.01864,False,0.0,0.0,0.0
telecom_cluster_02221,T-Mobile cluster,telecom,Brooklyn,40.67592,-74.0152,False,0.0,0.0,0.0
telecom_cluster_02222,T-Mobile cluster,telecom,Brooklyn,40.673933,-74.011256,False,0.0,0.0,0.0
telecom_cluster_02223,T-Mobile cluster,telecom,Brooklyn,40.674529,-74.004714,False,0.0,0.0,0.0
telecom_cluster_02224,T-Mobile cluster,telecom,Brooklyn,40.6746,-74.000217,False,0.0,0.0,0.0
telecom_cluster_02225,T-Mobile cluster,telecom,Brooklyn,40.674528,-73.995072,False,0.0,0.0,0.8
telecom_cluster_02226,T-Mobile cluster,telecom,Brooklyn,40.674941,-73.989909,False,0.0,0.0,0.8
telecom_cluster_02227,T-Mobile cluster,telecom,Brooklyn,40.675321,-73.984926,False,0.2,0.2,0.6
telecom_cluster_02228,T-Mobile cluster,telecom,Brooklyn,40.67515,-73.980175,False,0.0,0.0,0.0
telecom_cluster_02229,T-Mobile cluster,telecom,Brooklyn,40.674455,-73.975335,False,0.0,0.0,0.0
telecom_cluster_02230,T-Mobile cluster,telecom,Brooklyn,40.674986,-73.970262,False,0.0,0.0,0.0
telecom_cluster_02231,T-Mobile cluster,telecom,Brooklyn,40.676391,-73.965245,False,0.0,0.0,0.0
telecom_cluster_02232,T-Mobile cluster,telecom,Brooklyn,40.6746,-73.9623,False,0.0,0.0,0.0
telecom_cluster_02233,T-Mobile cluster,telecom,Brooklyn,40.674325,-73.95355,False,0.0,0.0,0.0
telecom_cluster_02234,T-Mobile cluster,telecom,Brooklyn,40.67444,-73.95091,False,0.0,0.0,0.2
telecom_cluster_02235,T-Mobile cluster,telecom,Brooklyn,40.6766,-73.945,False,0.0,0.0,0.2
telecom_cluster_02236,T-Mobile cluster,telecom,Brooklyn,40.67725,-73.94095,False,0.0,0.0,0.0
telecom_cluster_02237,T-Mobile cluster,telecom,Brooklyn,40.67705,-73.92895,False,0.0,0.0,0.0
telecom_cluster_02238,T-Mobile cluster,telecom,Brooklyn,40.6771,-73.9257,False,0.0,0.0,0.0
telecom_cluster_02239,T-Mobile cluster,telecom,Brooklyn,40.676433,-73.920483,False,0.0,0.0,0.0
telecom_cluster_02240,T-Mobile cluster,telecom,Brooklyn,40.674633,-73.913067,False,0.0,0.0,0.0
telecom_cluster_02241,T-Mobile cluster,telecom,Brooklyn,40.674883,-73.910011,False,0.0,0.0,0.0
telecom_cluster_02242,T-Mobile cluster,telecom,Brooklyn,40.675107,-73.9052,False,0.0,0.0,0.0
telecom_cluster_02243,T-Mobile cluster,telecom,Brooklyn,40.676186,-73.900457,False,0.0,0.0,0.0
telecom_cluster_02244,T-Mobile cluster,telecom,Queens,40.67518,-73.89668,False,0.0,0.0,0.0
telecom_cluster_02245,T-Mobile cluster,telecom,Queens,40.6761,-73.8437,False,0.0,0.0,0.0
telecom_cluster_02246,T-Mobile cluster,telecom,Queens,40.673967,-73.8017,False,0.0,0.0,0.6
telecom_cluster_02247,T-Mobile cluster,telecom,Queens,40.674833,-73.756267,False,0.0,0.0,0.0
telecom_cluster_02248,T-Mobile cluster,telecom,Queens,40.6745,-73.734,False,0.0,0.0,0.2
telecom_cluster_02249,T-Mobile cluster,telecom,Queens,40.6763,-73.7322,False,0.0,0.0,0.0
telecom_cluster_02250,T-Mobile cluster,telecom,Queens,40.6739,-73.7221,False,0.0,0.0,0.0
telecom_cluster_02251,T-Mobile cluster,telecom,NJ (external),40.6808,-74.2459,False,0.0,0.0,0.0
telecom_cluster_02252,T-Mobile cluster,telecom,NJ (external),40.680231,-74.206192,False,0.0,0.0,0.0
telecom_cluster_02253,T-Mobile cluster,telecom,NJ (external),40.681217,-74.190383,False,0.0,0.0,0.0
telecom_cluster_02254,T-Mobile cluster,telecom,NJ (external),40.6811,-74.1867,False,0.0,0.0,0.0
telecom_cluster_02255,T-Mobile cluster,telecom,NJ (external),40.6821,-74.1789,False,0.0,0.0,0.0
telecom_cluster_02256,T-Mobile cluster,telecom,NJ (external),40.680533,-74.170167,False,0.0,0.0,0.0
telecom_cluster_02257,T-Mobile cluster,telecom,NJ (external),40.6789,-74.1633,False,0.0,0.0,0.0
telecom_cluster_02258,T-Mobile cluster,telecom,NJ (external),40.6808,-74.0979,False,0.0,0.0,0.0
telecom_cluster_02259,T-Mobile cluster,telecom,NJ (external),40.67915,-74.09475,False,0.0,0.0,0.0
telecom_cluster_02260,T-Mobile cluster,telecom,NJ (external),40.6784,-74.0869,False,0.0,0.0,0.0
telecom_cluster_02261,T-Mobile cluster,telecom,NJ (external),40.6798,-74.0467,False,0.0,0.0,0.0
telecom_cluster_02262,T-Mobile cluster,telecom,NJ (external),40.67942,-74.03986,False,0.0,0.0,0.0
telecom_cluster_02263,T-Mobile cluster,telecom,NJ (external),40.67912,-74.03532,False,0.0,0.0,0.0
telecom_cluster_02264,T-Mobile cluster,telecom,NJ (external),40.68059,-74.03035,False,0.0,0.0,0.0
telecom_cluster_02265,T-Mobile cluster,telecom,Brooklyn,40.681243,-74.024929,False,0.0,0.0,0.0
telecom_cluster_02266,T-Mobile cluster,telecom,Brooklyn,40.6791,-74.020167,False,0.0,0.0,0.0
telecom_cluster_02267,T-Mobile cluster,telecom,Brooklyn,40.680633,-74.014033,False,0.0,0.0,0.0
telecom_cluster_02268,T-Mobile cluster,telecom,Brooklyn,40.679867,-74.011367,False,0.0,0.0,0.0
telecom_cluster_02269,T-Mobile cluster,telecom,Brooklyn,40.680982,-74.003809,False,0.0,0.0,0.0
telecom_cluster_02270,T-Mobile cluster,telecom,Brooklyn,40.68015,-74.000509,False,0.0,0.0,0.0
telecom_cluster_02271,T-Mobile cluster,telecom,Brooklyn,40.679216,-73.995667,False,0.0,0.0,0.0
telecom_cluster_02272,T-Mobile cluster,telecom,Brooklyn,40.680209,-73.989945,False,0.0,0.0,0.0
telecom_cluster_02273,T-Mobile cluster,telecom,Brooklyn,40.6788,-73.984364,False,0.0,0.0,0.6
telecom_cluster_02274,T-Mobile cluster,telecom,Brooklyn,40.681075,-73.979925,False,0.0,0.0,0.2
telecom_cluster_02275,T-Mobile cluster,telecom,Brooklyn,40.680362,-73.975133,False,0.0,0.0,0.0
telecom_cluster_02276,T-Mobile cluster,telecom,Brooklyn,40.678961,-73.969648,False,0.0,0.0,0.0
telecom_cluster_02277,T-Mobile cluster,telecom,Brooklyn,40.68053,-73.96432,False,0.0,0.0,0.0
telecom_cluster_02278,T-Mobile cluster,telecom,Brooklyn,40.68035,-73.960167,False,0.0,0.0,0.0
telecom_cluster_02279,T-Mobile cluster,telecom,Brooklyn,40.680383,-73.95555,False,0.2,0.2,0.2
telecom_cluster_02280,T-Mobile cluster,telecom,Brooklyn,40.679536,-73.949728,False,0.0,0.0,0.0
telecom_cluster_02281,T-Mobile cluster,telecom,Brooklyn,40.679825,-73.9453,False,0.0,0.0,0.0
telecom_cluster_02282,T-Mobile cluster,telecom,Brooklyn,40.679,-73.940075,False,0.0,0.0,0.0
telecom_cluster_02283,T-Mobile cluster,telecom,Brooklyn,40.68038,-73.93518,False,0.0,0.0,0.0
telecom_cluster_02284,T-Mobile cluster,telecom,Brooklyn,40.67812,-73.9181,False,0.0,0.0,0.0
telecom_cluster_02285,T-Mobile cluster,telecom,Brooklyn,40.6781,-73.9167,False,0.0,0.0,0.0
telecom_cluster_02286,T-Mobile cluster,telecom,Brooklyn,40.677975,-73.9079,False,0.0,0.0,0.0
telecom_cluster_02287,T-Mobile cluster,telecom,Brooklyn,40.679333,-73.9049,False,0.0,0.0,0.0
telecom_cluster_02288,T-Mobile cluster,telecom,Queens,40.679209,-73.899364,False,0.0,0.0,0.0
telecom_cluster_02289,T-Mobile cluster,telecom,Queens,40.68133,-73.8966,False,0.0,0.0,0.0
telecom_cluster_02290,T-Mobile cluster,telecom,Queens,40.68055,-73.844717,False,0.0,0.0,0.0
telecom_cluster_02291,T-Mobile cluster,telecom,Queens,40.679333,-73.804033,False,0.0,0.0,0.0
telecom_cluster_02292,T-Mobile cluster,telecom,Queens,40.67895,-73.7587,False,0.0,0.0,0.0
telecom_cluster_02293,T-Mobile cluster,telecom,Queens,40.6782,-73.7543,False,0.0,0.0,0.0
telecom_cluster_02294,T-Mobile cluster,telecom,Queens,40.6801,-73.72908,False,0.0,0.0,0.0
telecom_cluster_02295,T-Mobile cluster,telecom,Queens,40.68175,-73.70485,False,0.0,0.0,0.0
telecom_cluster_02296,T-Mobile cluster,telecom,Queens,40.681,-73.70065,False,0.0,0.0,0.0
telecom_cluster_02297,T-Mobile cluster,telecom,NJ (external),40.68358,-74.20364,False,0.0,0.0,0.0
telecom_cluster_02298,T-Mobile cluster,telecom,NJ (external),40.68625,-74.2018,False,0.0,0.0,0.0
telecom_cluster_02299,T-Mobile cluster,telecom,NJ (external),40.685071,-74.189779,False,0.0,0.0,0.0
telecom_cluster_02300,T-Mobile cluster,telecom,NJ (external),40.6855,-74.1854,False,0.0,0.0,0.0
telecom_cluster_02301,T-Mobile cluster,telecom,NJ (external),40.6843,-74.177,False,0.0,0.0,0.0
telecom_cluster_02302,T-Mobile cluster,telecom,NJ (external),40.6863,-74.1652,False,0.0,0.0,0.0
telecom_cluster_02303,T-Mobile cluster,telecom,NJ (external),40.684067,-74.140367,False,0.0,0.0,0.0
telecom_cluster_02304,T-Mobile cluster,telecom,NJ (external),40.6834,-74.1099,False,0.0,0.0,0.0
telecom_cluster_02305,T-Mobile cluster,telecom,NJ (external),40.686567,-74.1,False,0.0,0.0,0.0
telecom_cluster_02306,T-Mobile cluster,telecom,NJ (external),40.68675,-74.0937,False,0.0,0.0,0.0
telecom_cluster_02307,T-Mobile cluster,telecom,NJ (external),40.6869,-74.0906,False,0.0,0.0,0.0
telecom_cluster_02308,T-Mobile cluster,telecom,NJ (external),40.6861,-74.0729,False,0.0,0.0,0.0
telecom_cluster_02309,T-Mobile cluster,telecom,NJ (external),40.68655,-74.04645,False,0.0,0.0,0.0
telecom_cluster_02310,T-Mobile cluster,telecom,NJ (external),40.68454,-74.0395,False,0.0,0.0,0.0
telecom_cluster_02311,T-Mobile cluster,telecom,NJ (external),40.68514,-74.03506,False,0.0,0.0,0.0
telecom_cluster_02312,T-Mobile cluster,telecom,NJ (external),40.68475,-74.030217,False,0.0,0.0,0.0
telecom_cluster_02313,T-Mobile cluster,telecom,Brooklyn,40.6849,-74.026,False,0.0,0.0,0.0
telecom_cluster_02314,T-Mobile cluster,telecom,Brooklyn,40.685583,-74.019583,False,0.0,0.0,0.0
telecom_cluster_02315,T-Mobile cluster,telecom,Brooklyn,40.68376,-74.01468,False,0.0,0.0,0.0
telecom_cluster_02316,T-Mobile cluster,telecom,Brooklyn,40.6847,-74.010454,False,0.0,0.0,0.0
telecom_cluster_02317,T-Mobile cluster,telecom,Brooklyn,40.684084,-74.003889,False,0.0,0.0,0.0
telecom_cluster_02318,T-Mobile cluster,telecom,Brooklyn,40.684465,-74.000465,False,0.0,0.0,0.0
telecom_cluster_02319,T-Mobile cluster,telecom,Brooklyn,40.684497,-73.994629,False,0.0,0.0,0.0
telecom_cluster_02320,T-Mobile cluster,telecom,Brooklyn,40.685458,-73.990539,False,0.0,0.0,0.0
telecom_cluster_02321,T-Mobile cluster,telecom,Brooklyn,40.686033,-73.985517,False,0.0,0.0,0.0
telecom_cluster_02322,T-Mobile cluster,telecom,Brooklyn,40.685114,-73.978922,False,0.0,0.0,0.0
telecom_cluster_02323,T-Mobile cluster,telecom,Brooklyn,40.683779,-73.976226,False,0.0,0.0,0.0
telecom_cluster_02324,T-Mobile cluster,telecom,Brooklyn,40.685275,-73.970062,False,0.0,0.0,0.0
telecom_cluster_02325,T-Mobile cluster,telecom,Brooklyn,40.685125,-73.964825,False,0.0,0.0,0.0
telecom_cluster_02326,T-Mobile cluster,telecom,Brooklyn,40.683743,-73.959371,False,0.0,0.0,0.0
telecom_cluster_02327,T-Mobile cluster,telecom,Brooklyn,40.68557,-73.95498,False,0.0,0.0,0.0
telecom_cluster_02328,T-Mobile cluster,telecom,Brooklyn,40.686033,-73.950311,False,0.0,0.0,0.0
telecom_cluster_02329,T-Mobile cluster,telecom,Brooklyn,40.684788,-73.944794,False,0.0,0.0,0.0
telecom_cluster_02330,T-Mobile cluster,telecom,Brooklyn,40.684655,-73.939682,False,0.0,0.0,0.0
telecom_cluster_02331,T-Mobile cluster,telecom,Brooklyn,40.6845,-73.9352,False,0.0,0.0,0.0
telecom_cluster_02332,T-Mobile cluster,telecom,Brooklyn,40.684125,-73.930275,False,0.0,0.0,0.0
telecom_cluster_02333,T-Mobile cluster,telecom,Brooklyn,40.684729,-73.924786,False,0.0,0.0,0.2
telecom_cluster_02334,T-Mobile cluster,telecom,Brooklyn,40.685167,-73.921033,False,0.0,0.0,0.6
telecom_cluster_02335,T-Mobile cluster,telecom,Brooklyn,40.6861,-73.91575,False,0.0,0.0,0.0
telecom_cluster_02336,T-Mobile cluster,telecom,Queens,40.6842,-73.899533,False,0.0,0.0,0.0
telecom_cluster_02337,T-Mobile cluster,telecom,Queens,40.68514,-73.89392,False,0.0,0.0,0.0
telecom_cluster_02338,T-Mobile cluster,telecom,Queens,40.6874,-73.8921,False,0.0,0.0,0.0
telecom_cluster_02339,T-Mobile cluster,telecom,Queens,40.6859,-73.867,False,0.0,0.0,0.6
telecom_cluster_02340,T-Mobile cluster,telecom,Queens,40.687,-73.8478,False,0.0,0.0,0.0
telecom_cluster_02341,T-Mobile cluster,telecom,Queens,40.684675,-73.8463,False,0.0,0.0,0.0
telecom_cluster_02342,T-Mobile cluster,telecom,Queens,40.6856,-73.80795,False,0.0,0.0,0.0
telecom_cluster_02343,T-Mobile cluster,telecom,Queens,40.683,-73.8057,False,0.0,0.2,0.6
telecom_cluster_02344,T-Mobile cluster,telecom,Queens,40.6855,-73.7252,False,0.0,0.0,0.0
telecom_cluster_02345,T-Mobile cluster,telecom,Queens,40.6862,-73.7216,False,0.0,0.0,0.0
telecom_cluster_02346,T-Mobile cluster,telecom,Queens,40.685667,-73.712867,False,0.0,0.0,0.0
telecom_cluster_02347,T-Mobile cluster,telecom,NJ (external),40.690657,-74.2685,False,0.0,0.0,0.0
telecom_cluster_02348,T-Mobile cluster,telecom,NJ (external),40.691683,-74.2665,False,0.0,0.0,0.0
telecom_cluster_02349,T-Mobile cluster,telecom,NJ (external),40.6897,-74.2377,False,0.0,0.0,0.0
telecom_cluster_02350,T-Mobile cluster,telecom,NJ (external),40.6893,-74.2372,False,0.0,0.0,0.0
telecom_cluster_02351,T-Mobile cluster,telecom,NJ (external),40.69185,-74.22825,False,0.0,0.0,0.0
telecom_cluster_02352,T-Mobile cluster,telecom,NJ (external),40.69014,-74.199187,False,0.0,0.0,0.0
telecom_cluster_02353,T-Mobile cluster,telecom,NJ (external),40.6924,-74.1961,False,0.0,0.0,0.0
telecom_cluster_02354,T-Mobile cluster,telecom,NJ (external),40.689288,-74.190675,False,0.0,0.0,0.0
telecom_cluster_02355,T-Mobile cluster,telecom,NJ (external),40.690975,-74.185075,False,0.0,0.0,0.0
telecom_cluster_02356,T-Mobile cluster,telecom,NJ (external),40.68905,-74.1812,False,0.0,0.0,0.0
telecom_cluster_02357,T-Mobile cluster,telecom,NJ (external),40.690162,-74.175362,False,0.0,0.0,0.0
telecom_cluster_02358,T-Mobile cluster,telecom,NJ (external),40.6891,-74.169933,False,0.0,0.0,0.0
telecom_cluster_02359,T-Mobile cluster,telecom,NJ (external),40.68906,-74.16384,False,0.0,0.0,0.0
telecom_cluster_02360,T-Mobile cluster,telecom,NJ (external),40.691533,-74.160967,False,0.0,0.0,0.0
telecom_cluster_02361,T-Mobile cluster,telecom,NJ (external),40.6907,-74.1459,False,0.0,0.0,0.0
telecom_cluster_02362,T-Mobile cluster,telecom,NJ (external),40.692,-74.1096,False,0.0,0.0,0.0
telecom_cluster_02363,T-Mobile cluster,telecom,NJ (external),40.6917,-74.1062,False,0.0,0.0,0.0
telecom_cluster_02364,T-Mobile cluster,telecom,NJ (external),40.690067,-74.1002,False,0.0,0.0,0.0
telecom_cluster_02365,T-Mobile cluster,telecom,NJ (external),40.6909,-74.085167,False,0.0,0.0,0.0
telecom_cluster_02366,T-Mobile cluster,telecom,NJ (external),40.689057,-74.0481,False,0.0,0.0,0.0
telecom_cluster_02367,T-Mobile cluster,telecom,NJ (external),40.688762,-74.0443,False,0.0,0.0,0.0
telecom_cluster_02368,T-Mobile cluster,telecom,NJ (external),40.68998,-74.0405,False,0.0,0.0,0.0
telecom_cluster_02369,T-Mobile cluster,telecom,NJ (external),40.689018,-74.0354,False,0.0,0.0,0.0
telecom_cluster_02370,T-Mobile cluster,telecom,NJ (external),40.690155,-74.030027,False,0.0,0.0,0.0
telecom_cluster_02371,T-Mobile cluster,telecom,Brooklyn,40.689283,-74.025867,False,0.0,0.0,0.0
telecom_cluster_02372,T-Mobile cluster,telecom,Brooklyn,40.6883,-74.01848,False,0.0,0.0,0.0
telecom_cluster_02373,T-Mobile cluster,telecom,Brooklyn,40.689367,-74.016522,False,0.0,0.0,0.0
telecom_cluster_02374,T-Mobile cluster,telecom,Brooklyn,40.6893,-74.0094,False,0.0,0.0,0.0
telecom_cluster_02375,T-Mobile cluster,telecom,Brooklyn,40.68995,-74.00505,False,0.0,0.0,0.0
telecom_cluster_02376,T-Mobile cluster,telecom,Brooklyn,40.689937,-73.999711,False,0.0,0.0,0.0
telecom_cluster_02377,T-Mobile cluster,telecom,Brooklyn,40.68967,-73.993747,False,0.0,0.0,0.0
telecom_cluster_02378,T-Mobile cluster,telecom,Brooklyn,40.690109,-73.989643,False,0.0,0.0,0.0
telecom_cluster_02379,T-Mobile cluster,telecom,Brooklyn,40.689733,-73.985148,False,0.0,0.0,0.0
telecom_cluster_02380,T-Mobile cluster,telecom,Brooklyn,40.68905,-73.980515,False,0.0,0.0,0.0
telecom_cluster_02381,T-Mobile cluster,telecom,Brooklyn,40.68937,-73.97448,False,0.0,0.0,0.0
telecom_cluster_02382,T-Mobile cluster,telecom,Brooklyn,40.688989,-73.970444,False,0.0,0.0,0.0
telecom_cluster_02383,T-Mobile cluster,telecom,Brooklyn,40.6893,-73.965722,False,0.0,0.0,0.0
telecom_cluster_02384,T-Mobile cluster,telecom,Brooklyn,40.689312,-73.95985,False,0.0,0.0,0.0
telecom_cluster_02385,T-Mobile cluster,telecom,Brooklyn,40.68976,-73.95534,False,0.0,0.0,0.0
telecom_cluster_02386,T-Mobile cluster,telecom,Brooklyn,40.690536,-73.950264,False,0.0,0.0,0.0
telecom_cluster_02387,T-Mobile cluster,telecom,Brooklyn,40.690867,-73.944753,False,0.0,0.0,0.0
telecom_cluster_02388,T-Mobile cluster,telecom,Brooklyn,40.689709,-73.941136,False,0.0,0.0,0.0
telecom_cluster_02389,T-Mobile cluster,telecom,Brooklyn,40.690908,-73.935138,False,0.0,0.0,0.0
telecom_cluster_02390,T-Mobile cluster,telecom,Brooklyn,40.692367,-73.930133,False,0.0,0.0,0.6
telecom_cluster_02391,T-Mobile cluster,telecom,Brooklyn,40.69135,-73.919667,False,0.0,0.0,0.0
telecom_cluster_02392,T-Mobile cluster,telecom,Brooklyn,40.69098,-73.91356,False,0.0,0.0,0.6
telecom_cluster_02393,T-Mobile cluster,telecom,Brooklyn,40.689767,-73.911867,False,0.0,0.0,0.6
telecom_cluster_02394,T-Mobile cluster,telecom,Queens,40.688,-73.8926,False,0.0,0.0,0.0
telecom_cluster_02395,T-Mobile cluster,telecom,Queens,40.6888,-73.8908,False,0.0,0.0,0.0
telecom_cluster_02396,T-Mobile cluster,telecom,Queens,40.691457,-73.8842,False,0.0,0.0,0.0
telecom_cluster_02397,T-Mobile cluster,telecom,Queens,40.69235,-73.881,False,0.0,0.0,0.0
telecom_cluster_02398,T-Mobile cluster,telecom,Queens,40.6903,-73.850267,False,0.0,0.0,0.6
telecom_cluster_02399,T-Mobile cluster,telecom,Queens,40.6901,-73.8095,False,0.0,0.0,0.0
telecom_cluster_02400,T-Mobile cluster,telecom,NJ (external),40.692975,-74.264275,False,0.0,0.0,0.0
telecom_cluster_02401,T-Mobile cluster,telecom,NJ (external),40.69562,-74.25973,False,0.0,0.0,0.0
telecom_cluster_02402,T-Mobile cluster,telecom,NJ (external),40.6975,-74.2226,False,0.0,0.0,0.0
telecom_cluster_02403,T-Mobile cluster,telecom,NJ (external),40.695375,-74.195767,False,0.0,0.0,0.0
telecom_cluster_02404,T-Mobile cluster,telecom,NJ (external),40.695175,-74.188525,False,0.0,0.0,0.0
telecom_cluster_02405,T-Mobile cluster,telecom,NJ (external),40.69415,-74.185512,False,0.0,0.0,0.0
telecom_cluster_02406,T-Mobile cluster,telecom,NJ (external),40.694633,-74.180456,False,0.0,0.0,0.0
telecom_cluster_02407,T-Mobile cluster,telecom,NJ (external),40.694891,-74.175973,False,0.0,0.0,0.0
telecom_cluster_02408,T-Mobile cluster,telecom,NJ (external),40.6952,-74.17095,False,0.0,0.0,0.0
telecom_cluster_02409,T-Mobile cluster,telecom,NJ (external),40.694367,-74.165433,False,0.0,0.0,0.0
telecom_cluster_02410,T-Mobile cluster,telecom,NJ (external),40.69545,-74.1591,False,0.0,0.0,0.0
telecom_cluster_02411,T-Mobile cluster,telecom,NJ (external),40.6931,-74.148,False,0.0,0.0,0.0
telecom_cluster_02412,T-Mobile cluster,telecom,NJ (external),40.6971,-74.1375,False,0.0,0.0,0.0
telecom_cluster_02413,T-Mobile cluster,telecom,NJ (external),40.6949,-74.1277,False,0.0,0.0,0.0
telecom_cluster_02414,T-Mobile cluster,telecom,NJ (external),40.6959,-74.12,False,0.0,0.0,0.0
telecom_cluster_02415,T-Mobile cluster,telecom,NJ (external),40.6939,-74.1141,False,0.0,0.0,0.0
telecom_cluster_02416,T-Mobile cluster,telecom,NJ (external),40.69285,-74.1103,False,0.0,0.0,0.0
telecom_cluster_02417,T-Mobile cluster,telecom,NJ (external),40.6974,-74.1012,False,0.0,0.0,0.0
telecom_cluster_02418,T-Mobile cluster,telecom,NJ (external),40.6949,-74.0808,False,0.0,0.0,0.0
telecom_cluster_02419,T-Mobile cluster,telecom,NJ (external),40.693,-74.0588,False,0.0,0.0,0.0
telecom_cluster_02420,T-Mobile cluster,telecom,NJ (external),40.696,-74.0446,False,0.0,0.0,0.0
telecom_cluster_02421,T-Mobile cluster,telecom,NJ (external),40.6956,-74.040633,False,0.0,0.0,0.0
telecom_cluster_02422,T-Mobile cluster,telecom,NJ (external),40.69426,-74.03402,False,0.0,0.0,0.0
telecom_cluster_02423,T-Mobile cluster,telecom,Brooklyn,40.695515,-74.029931,False,0.0,0.0,0.0
telecom_cluster_02424,T-Mobile cluster,telecom,Brooklyn,40.69479,-74.02499,False,0.0,0.0,0.0
telecom_cluster_02425,T-Mobile cluster,telecom,Brooklyn,40.694725,-74.0208,False,0.0,0.0,0.0
telecom_cluster_02426,T-Mobile cluster,telecom,Brooklyn,40.695367,-74.014667,False,0.0,0.0,0.0
telecom_cluster_02427,T-Mobile cluster,telecom,Brooklyn,40.695014,-74.009971,False,0.0,0.0,0.0
telecom_cluster_02428,T-Mobile cluster,telecom,Brooklyn,40.69445,-74.0058,False,0.0,0.0,0.0
telecom_cluster_02429,T-Mobile cluster,telecom,Brooklyn,40.695038,-73.998869,False,0.0,0.0,0.0
telecom_cluster_02430,T-Mobile cluster,telecom,Brooklyn,40.695522,-73.994978,False,0.0,0.0,0.0
telecom_cluster_02431,T-Mobile cluster,telecom,Brooklyn,40.694274,-73.990399,False,0.0,0.0,0.0
telecom_cluster_02432,T-Mobile cluster,telecom,Brooklyn,40.694757,-73.984894,False,0.0,0.0,0.0
telecom_cluster_02433,T-Mobile cluster,telecom,Brooklyn,40.696407,-73.979757,False,0.0,0.0,0.2
telecom_cluster_02434,T-Mobile cluster,telecom,Brooklyn,40.6957,-73.974362,False,0.0,0.0,0.0
telecom_cluster_02435,T-Mobile cluster,telecom,Brooklyn,40.69583,-73.96994,False,0.0,0.0,0.0
telecom_cluster_02436,T-Mobile cluster,telecom,Brooklyn,40.696617,-73.965383,False,0.0,0.0,0.0
telecom_cluster_02437,T-Mobile cluster,telecom,Brooklyn,40.69397,-73.95101,False,0.0,0.0,0.0
telecom_cluster_02438,T-Mobile cluster,telecom,Brooklyn,40.693033,-73.945067,False,0.0,0.0,0.0
telecom_cluster_02439,T-Mobile cluster,telecom,Brooklyn,40.694371,-73.939971,False,0.0,0.0,0.0
telecom_cluster_02440,T-Mobile cluster,telecom,Brooklyn,40.694443,-73.934671,False,0.0,0.0,0.0
telecom_cluster_02441,T-Mobile cluster,telecom,Brooklyn,40.693877,-73.9295,False,0.0,0.0,0.0
telecom_cluster_02442,T-Mobile cluster,telecom,Brooklyn,40.6934,-73.92434,False,0.0,0.0,0.0
telecom_cluster_02443,T-Mobile cluster,telecom,Brooklyn,40.695114,-73.920857,False,0.0,0.0,0.0
telecom_cluster_02444,T-Mobile cluster,telecom,Brooklyn,40.695036,-73.915243,False,0.0,0.0,0.0
telecom_cluster_02445,T-Mobile cluster,telecom,Queens,40.6931,-73.8794,False,0.0,0.0,0.0
telecom_cluster_02446,T-Mobile cluster,telecom,Queens,40.6956,-73.87512,False,0.0,0.0,0.0
telecom_cluster_02447,T-Mobile cluster,telecom,Queens,40.69515,-73.85285,False,0.0,0.0,0.0
telecom_cluster_02448,T-Mobile cluster,telecom,Queens,40.6937,-73.8308,False,0.0,0.0,0.0
telecom_cluster_02449,T-Mobile cluster,telecom,Queens,40.6964,-73.8211,False,0.0,0.0,0.0
telecom_cluster_02450,T-Mobile cluster,telecom,Queens,40.6955,-73.81495,False,0.0,0.0,0.0
telecom_cluster_02451,T-Mobile cluster,telecom,Queens,40.6938,-73.8116,False,0.0,0.0,0.6
telecom_cluster_02452,T-Mobile cluster,telecom,NJ (external),40.698729,-74.2536,False,0.0,0.0,0.0
telecom_cluster_02453,T-Mobile cluster,telecom,NJ (external),40.700367,-74.249033,False,0.0,0.0,0.0
telecom_cluster_02454,T-Mobile cluster,telecom,NJ (external),40.6981,-74.2452,False,0.0,0.0,0.0
telecom_cluster_02455,T-Mobile cluster,telecom,NJ (external),40.7022,-74.2395,False,0.0,0.0,0.0
telecom_cluster_02456,T-Mobile cluster,telecom,NJ (external),40.6992,-74.2359,False,0.0,0.0,0.0
telecom_cluster_02457,T-Mobile cluster,telecom,NJ (external),40.699,-74.2287,False,0.0,0.0,0.0
telecom_cluster_02458,T-Mobile cluster,telecom,NJ (external),40.700367,-74.210733,False,0.0,0.0,0.0
telecom_cluster_02459,T-Mobile cluster,telecom,NJ (external),40.70015,-74.193938,False,0.0,0.0,0.0
telecom_cluster_02460,T-Mobile cluster,telecom,NJ (external),40.701629,-74.190643,False,0.0,0.0,0.0
telecom_cluster_02461,T-Mobile cluster,telecom,NJ (external),40.699027,-74.185327,False,0.0,0.0,0.0
telecom_cluster_02462,T-Mobile cluster,telecom,NJ (external),40.6979,-74.172,False,0.0,0.0,0.0
telecom_cluster_02463,T-Mobile cluster,telecom,NJ (external),40.7006,-74.1654,False,0.0,0.0,0.0
telecom_cluster_02464,T-Mobile cluster,telecom,NJ (external),40.6989,-74.1607,False,0.0,0.0,0.0
telecom_cluster_02465,T-Mobile cluster,telecom,NJ (external),40.70035,-74.155625,False,0.0,0.0,0.0
telecom_cluster_02466,T-Mobile cluster,telecom,NJ (external),40.7015,-74.13955,False,0.0,0.0,0.0
telecom_cluster_02467,T-Mobile cluster,telecom,NJ (external),40.7007,-74.1358,False,0.0,0.0,0.0
telecom_cluster_02468,T-Mobile cluster,telecom,NJ (external),40.6991,-74.1306,False,0.0,0.0,0.0
telecom_cluster_02469,T-Mobile cluster,telecom,NJ (external),40.6976,-74.1259,False,0.0,0.0,0.0
telecom_cluster_02470,T-Mobile cluster,telecom,NJ (external),40.6977,-74.0768,False,0.0,0.0,0.0
telecom_cluster_02471,T-Mobile cluster,telecom,NJ (external),40.69995,-74.0708,False,0.0,0.0,0.0
telecom_cluster_02472,T-Mobile cluster,telecom,NJ (external),40.7021,-74.0675,False,0.0,0.0,0.0
telecom_cluster_02473,T-Mobile cluster,telecom,NJ (external),40.698825,-74.039444,False,0.0,0.0,0.0
telecom_cluster_02474,T-Mobile cluster,telecom,NJ (external),40.70055,-74.0356,False,0.0,0.0,0.0
telecom_cluster_02475,T-Mobile cluster,telecom,Brooklyn,40.697867,-74.028933,False,0.0,0.0,0.0
telecom_cluster_02476,T-Mobile cluster,telecom,Brooklyn,40.698567,-74.025067,False,0.0,0.0,0.0
telecom_cluster_02477,T-Mobile cluster,telecom,Brooklyn,40.699925,-74.019888,False,0.0,0.0,0.0
telecom_cluster_02478,T-Mobile cluster,telecom,Manhattan,40.701385,-74.014248,False,0.0,0.0,0.0
telecom_cluster_02479,T-Mobile cluster,telecom,Manhattan,40.7009,-74.0118,False,0.0,0.8,0.8
telecom_cluster_02480,T-Mobile cluster,telecom,Manhattan,40.7017,-74.0045,False,0.0,0.0,0.0
telecom_cluster_02481,T-Mobile cluster,telecom,Brooklyn,40.699858,-73.9996,False,0.0,0.0,0.0
telecom_cluster_02482,T-Mobile cluster,telecom,Manhattan,40.700346,-73.995236,False,0.0,0.0,0.0
telecom_cluster_02483,T-Mobile cluster,telecom,Manhattan,40.700603,-73.989889,False,0.0,0.0,0.0
telecom_cluster_02484,T-Mobile cluster,telecom,Manhattan,40.700161,-73.985414,False,0.0,0.0,0.0
telecom_cluster_02485,T-Mobile cluster,telecom,Brooklyn,40.69911,-73.980805,False,0.0,0.0,0.0
telecom_cluster_02486,T-Mobile cluster,telecom,Brooklyn,40.699,-73.9738,False,0.0,0.0,0.0
telecom_cluster_02487,T-Mobile cluster,telecom,Brooklyn,40.698867,-73.969967,False,0.0,0.0,0.0
telecom_cluster_02488,T-Mobile cluster,telecom,Brooklyn,40.699033,-73.963167,False,0.0,0.0,0.0
telecom_cluster_02489,T-Mobile cluster,telecom,Manhattan,40.70122,-73.96118,False,0.0,0.0,0.0
telecom_cluster_02490,T-Mobile cluster,telecom,Brooklyn,40.6985,-73.939,False,0.0,0.0,0.0
telecom_cluster_02491,T-Mobile cluster,telecom,Manhattan,40.700175,-73.934375,False,0.0,0.0,0.0
telecom_cluster_02492,T-Mobile cluster,telecom,Manhattan,40.7015,-73.93,False,0.0,0.0,0.0
telecom_cluster_02493,T-Mobile cluster,telecom,Brooklyn,40.6979,-73.9188,False,0.0,0.0,0.0
telecom_cluster_02494,T-Mobile cluster,telecom,Brooklyn,40.699785,-73.915292,False,0.0,0.0,0.0
telecom_cluster_02495,T-Mobile cluster,telecom,Queens,40.70102,-73.91078,False,0.0,0.0,0.2
telecom_cluster_02496,T-Mobile cluster,telecom,Queens,40.701,-73.9021,False,0.0,0.0,0.6
telecom_cluster_02497,T-Mobile cluster,telecom,Queens,40.699283,-73.869317,False,0.0,0.0,0.0
telecom_cluster_02498,T-Mobile cluster,telecom,Queens,40.701712,-73.86525,False,0.0,0.0,0.0
telecom_cluster_02499,T-Mobile cluster,telecom,Queens,40.699633,-73.853833,False,0.0,0.0,0.0
telecom_cluster_02500,T-Mobile cluster,telecom,Queens,40.6987,-73.81925,False,0.0,0.0,0.0
telecom_cluster_02501,T-Mobile cluster,telecom,Queens,40.699975,-73.815,False,0.0,0.0,0.0
telecom_cluster_02502,T-Mobile cluster,telecom,Queens,40.699446,-73.808531,False,0.0,0.0,0.0
telecom_cluster_02503,T-Mobile cluster,telecom,Queens,40.700189,-73.805433,False,0.0,0.0,0.0
telecom_cluster_02504,T-Mobile cluster,telecom,Queens,40.702075,-73.800425,False,0.0,0.0,0.0
telecom_cluster_02505,T-Mobile cluster,telecom,NJ (external),40.7069,-74.2622,False,0.0,0.0,0.0
telecom_cluster_02506,T-Mobile cluster,telecom,NJ (external),40.703867,-74.247667,False,0.0,0.0,0.0
telecom_cluster_02507,T-Mobile cluster,telecom,NJ (external),40.70558,-74.2461,False,0.0,0.0,0.0
telecom_cluster_02508,T-Mobile cluster,telecom,NJ (external),40.7057,-74.2365,False,0.0,0.0,0.0
telecom_cluster_02509,T-Mobile cluster,telecom,NJ (external),40.7072,-74.1949,False,0.0,0.0,0.0
telecom_cluster_02510,T-Mobile cluster,telecom,NJ (external),40.704336,-74.189936,False,0.0,0.0,0.0
telecom_cluster_02511,T-Mobile cluster,telecom,NJ (external),40.704325,-74.184875,False,0.0,0.0,0.0
telecom_cluster_02512,T-Mobile cluster,telecom,NJ (external),40.706289,-74.180767,False,0.0,0.0,0.0
telecom_cluster_02513,T-Mobile cluster,telecom,NJ (external),40.70375,-74.15835,False,0.0,0.0,0.0
telecom_cluster_02514,T-Mobile cluster,telecom,NJ (external),40.70536,-74.154,False,0.0,0.0,0.0
telecom_cluster_02515,T-Mobile cluster,telecom,NJ (external),40.70425,-74.14505,False,0.0,0.0,0.0
telecom_cluster_02516,T-Mobile cluster,telecom,NJ (external),40.704,-74.0748,False,0.0,0.0,0.0
telecom_cluster_02517,T-Mobile cluster,telecom,NJ (external),40.7037,-74.0683,False,0.0,0.0,0.0
telecom_cluster_02518,T-Mobile cluster,telecom,NJ (external),40.70425,-74.06485,False,0.0,0.0,0.0
telecom_cluster_02519,T-Mobile cluster,telecom,NJ (external),40.7073,-74.0602,False,0.0,0.0,0.0
telecom_cluster_02520,T-Mobile cluster,telecom,NJ (external),40.7052,-74.0529,False,0.0,0.0,0.0
telecom_cluster_02521,T-Mobile cluster,telecom,Brooklyn,40.7042,-74.0255,False,0.0,0.0,0.0
telecom_cluster_02522,T-Mobile cluster,telecom,Manhattan,40.704167,-74.0194,False,0.0,0.0,0.0
telecom_cluster_02523,T-Mobile cluster,telecom,Manhattan,40.70525,-74.014627,False,0.0,0.0,0.0
telecom_cluster_02524,T-Mobile cluster,telecom,Manhattan,40.706113,-74.010393,False,0.0,0.0,0.0
telecom_cluster_02525,T-Mobile cluster,telecom,Manhattan,40.70447,-74.006215,False,0.0,0.0,0.8
telecom_cluster_02526,T-Mobile cluster,telecom,Manhattan,40.70583,-73.999685,False,0.0,0.0,0.0
telecom_cluster_02527,T-Mobile cluster,telecom,Manhattan,40.7051,-73.993932,False,0.0,0.0,0.0
telecom_cluster_02528,T-Mobile cluster,telecom,Manhattan,40.70512,-73.990163,False,0.0,0.0,0.0
telecom_cluster_02529,T-Mobile cluster,telecom,Manhattan,40.705018,-73.985588,False,0.0,0.0,0.0
telecom_cluster_02530,T-Mobile cluster,telecom,Manhattan,40.705978,-73.979722,False,0.0,0.0,0.0
telecom_cluster_02531,T-Mobile cluster,telecom,Manhattan,40.70395,-73.97565,False,0.0,0.0,0.0
telecom_cluster_02532,T-Mobile cluster,telecom,Manhattan,40.7045,-73.9677,False,0.0,0.0,0.0
telecom_cluster_02533,T-Mobile cluster,telecom,Manhattan,40.7037,-73.9646,False,0.0,0.0,0.0
telecom_cluster_02534,T-Mobile cluster,telecom,Manhattan,40.705225,-73.958988,False,0.0,0.0,0.0
telecom_cluster_02535,T-Mobile cluster,telecom,Manhattan,40.70685,-73.95405,False,0.0,0.0,0.0
telecom_cluster_02536,T-Mobile cluster,telecom,Manhattan,40.7064,-73.9439,False,0.0,0.0,0.0
telecom_cluster_02537,T-Mobile cluster,telecom,Manhattan,40.704925,-73.938675,False,0.0,0.0,0.0
telecom_cluster_02538,T-Mobile cluster,telecom,Manhattan,40.7045,-73.934867,False,0.0,0.0,0.0
telecom_cluster_02539,T-Mobile cluster,telecom,Manhattan,40.7059,-73.932,False,0.0,0.0,0.0
telecom_cluster_02540,T-Mobile cluster,telecom,Queens,40.7027,-73.9126,False,0.0,0.0,0.0
telecom_cluster_02541,T-Mobile cluster,telecom,Queens,40.704262,-73.9092,False,0.0,0.0,0.0
telecom_cluster_02542,T-Mobile cluster,telecom,Queens,40.7062,-73.905433,False,0.0,0.0,0.0
telecom_cluster_02543,T-Mobile cluster,telecom,Queens,40.70315,-73.8637,False,0.0,0.0,0.0
telecom_cluster_02544,T-Mobile cluster,telecom,Queens,40.703712,-73.860512,False,0.0,0.0,0.0
telecom_cluster_02545,T-Mobile cluster,telecom,Queens,40.704938,-73.854875,False,0.0,0.0,0.0
telecom_cluster_02546,T-Mobile cluster,telecom,Queens,40.7068,-73.8497,False,0.0,0.0,0.0
telecom_cluster_02547,T-Mobile cluster,telecom,Queens,40.7069,-73.8281,False,0.0,0.0,0.0
telecom_cluster_02548,T-Mobile cluster,telecom,Queens,40.7044,-73.825075,False,0.0,0.0,0.0
telecom_cluster_02549,T-Mobile cluster,telecom,Queens,40.70355,-73.81685,False,0.0,0.0,0.2
telecom_cluster_02550,T-Mobile cluster,telecom,Queens,40.70502,-73.80584,False,0.0,0.0,0.0
telecom_cluster_02551,T-Mobile cluster,telecom,Queens,40.7035,-73.794733,False,0.0,0.0,0.0
telecom_cluster_02552,T-Mobile cluster,telecom,Queens,40.704533,-73.790067,False,0.0,0.0,0.0
telecom_cluster_02553,T-Mobile cluster,telecom,Queens,40.7059,-73.784533,False,0.0,0.0,0.0
telecom_cluster_02554,T-Mobile cluster,telecom,Queens,40.70715,-73.7794,False,0.0,0.0,0.0
telecom_cluster_02555,T-Mobile cluster,telecom,NJ (external),40.7114,-74.2677,False,0.0,0.0,0.0
telecom_cluster_02556,T-Mobile cluster,telecom,NJ (external),40.7082,-74.2587,False,0.0,0.0,0.0
telecom_cluster_02557,T-Mobile cluster,telecom,NJ (external),40.7106,-74.244225,False,0.0,0.0,0.0
telecom_cluster_02558,T-Mobile cluster,telecom,NJ (external),40.709,-74.23485,False,0.0,0.0,0.0
telecom_cluster_02559,T-Mobile cluster,telecom,NJ (external),40.709,-74.2293,False,0.0,0.0,0.0
telecom_cluster_02560,T-Mobile cluster,telecom,NJ (external),40.7108,-74.224,False,0.0,0.0,0.0
telecom_cluster_02561,T-Mobile cluster,telecom,NJ (external),40.70855,-74.19465,False,0.0,0.0,0.0
telecom_cluster_02562,T-Mobile cluster,telecom,NJ (external),40.709238,-74.188925,False,0.0,0.0,0.0
telecom_cluster_02563,T-Mobile cluster,telecom,NJ (external),40.711175,-74.185925,False,0.0,0.0,0.0
telecom_cluster_02564,T-Mobile cluster,telecom,NJ (external),40.710986,-74.179529,False,0.0,0.0,0.0
telecom_cluster_02565,T-Mobile cluster,telecom,NJ (external),40.71,-74.175138,False,0.0,0.0,0.0
telecom_cluster_02566,T-Mobile cluster,telecom,NJ (external),40.7107,-74.1685,False,0.0,0.0,0.0
telecom_cluster_02567,T-Mobile cluster,telecom,NJ (external),40.709975,-74.165075,False,0.0,0.0,0.0
telecom_cluster_02568,T-Mobile cluster,telecom,NJ (external),40.7099,-74.160343,False,0.0,0.0,0.0
telecom_cluster_02569,T-Mobile cluster,telecom,NJ (external),40.710333,-74.1572,False,0.0,0.0,0.0
telecom_cluster_02570,T-Mobile cluster,telecom,NJ (external),40.710122,-74.149044,False,0.0,0.0,0.0
telecom_cluster_02571,T-Mobile cluster,telecom,NJ (external),40.7112,-74.145117,False,0.0,0.0,0.0
telecom_cluster_02572,T-Mobile cluster,telecom,NJ (external),40.7121,-74.1411,False,0.0,0.0,0.0
telecom_cluster_02573,T-Mobile cluster,telecom,NJ (external),40.7109,-74.1321,False,0.0,0.0,0.0
telecom_cluster_02574,T-Mobile cluster,telecom,NJ (external),40.7076,-74.0594,False,0.0,0.0,0.0
telecom_cluster_02575,T-Mobile cluster,telecom,NJ (external),40.7109,-74.0548,False,0.0,0.0,0.0
telecom_cluster_02576,T-Mobile cluster,telecom,Manhattan,40.710438,-74.013962,False,0.0,0.0,0.0
telecom_cluster_02577,T-Mobile cluster,telecom,Manhattan,40.710398,-74.010805,False,0.0,0.0,0.0
telecom_cluster_02578,T-Mobile cluster,telecom,Manhattan,40.71114,-74.00511,False,0.0,0.0,0.0
telecom_cluster_02579,T-Mobile cluster,telecom,Manhattan,40.709162,-74.000106,False,0.0,0.0,0.0
telecom_cluster_02580,T-Mobile cluster,telecom,Manhattan,40.710192,-73.993865,False,0.0,0.0,0.0
telecom_cluster_02581,T-Mobile cluster,telecom,Manhattan,40.709414,-73.990523,False,0.0,0.0,0.0
telecom_cluster_02582,T-Mobile cluster,telecom,Manhattan,40.709887,-73.985526,False,0.0,0.0,0.0
telecom_cluster_02583,T-Mobile cluster,telecom,Manhattan,40.710511,-73.979958,False,0.0,0.0,0.0
telecom_cluster_02584,T-Mobile cluster,telecom,Manhattan,40.710692,-73.975367,False,0.0,0.0,0.0
telecom_cluster_02585,T-Mobile cluster,telecom,Manhattan,40.710117,-73.970833,False,0.0,0.0,0.0
telecom_cluster_02586,T-Mobile cluster,telecom,Manhattan,40.7089,-73.9585,False,0.0,0.0,0.0
telecom_cluster_02587,T-Mobile cluster,telecom,Manhattan,40.7095,-73.95612,False,0.0,0.0,0.0
telecom_cluster_02588,T-Mobile cluster,telecom,Manhattan,40.7109,-73.94001,False,0.0,0.0,0.0
telecom_cluster_02589,T-Mobile cluster,telecom,Manhattan,40.7107,-73.9358,False,0.0,0.0,0.0
telecom_cluster_02590,T-Mobile cluster,telecom,Queens,40.70865,-73.9077,False,0.0,0.0,0.0
telecom_cluster_02591,T-Mobile cluster,telecom,Queens,40.709483,-73.904992,False,0.0,0.0,0.0
telecom_cluster_02592,T-Mobile cluster,telecom,Queens,40.7076,-73.8924,False,0.0,0.0,0.0
telecom_cluster_02593,T-Mobile cluster,telecom,Queens,40.7124,-73.88405,False,0.0,0.0,0.0
telecom_cluster_02594,T-Mobile cluster,telecom,Queens,40.7091,-73.8753,False,0.0,0.0,0.0
telecom_cluster_02595,T-Mobile cluster,telecom,Queens,40.7123,-73.8668,False,0.0,0.0,0.0
telecom_cluster_02596,T-Mobile cluster,telecom,Queens,40.710614,-73.858719,False,0.0,0.0,0.0
telecom_cluster_02597,T-Mobile cluster,telecom,Queens,40.710712,-73.855138,False,0.0,0.0,0.0
telecom_cluster_02598,T-Mobile cluster,telecom,Queens,40.709833,-73.850673,False,0.0,0.0,0.0
telecom_cluster_02599,T-Mobile cluster,telecom,Queens,40.709362,-73.84515,False,0.0,0.0,0.0
telecom_cluster_02600,T-Mobile cluster,telecom,Queens,40.711725,-73.8387,False,0.0,0.0,0.0
telecom_cluster_02601,T-Mobile cluster,telecom,Queens,40.7125,-73.8348,False,0.0,0.0,0.0
telecom_cluster_02602,T-Mobile cluster,telecom,Queens,40.7104,-73.83055,False,0.0,0.0,0.0
telecom_cluster_02603,T-Mobile cluster,telecom,Queens,40.7091,-73.8202,False,0.0,0.0,0.0
telecom_cluster_02604,T-Mobile cluster,telecom,Queens,40.7085,-73.7736,False,0.0,0.0,0.0
telecom_cluster_02605,T-Mobile cluster,telecom,Queens,40.7118,-73.7603,False,0.0,0.0,0.0
telecom_cluster_02606,T-Mobile cluster,telecom,NJ (external),40.713312,-74.242962,False,0.0,0.0,0.0
telecom_cluster_02607,T-Mobile cluster,telecom,NJ (external),40.716578,-74.239911,False,0.0,0.0,0.0
telecom_cluster_02608,T-Mobile cluster,telecom,NJ (external),40.71275,-74.2353,False,0.0,0.0,0.0
telecom_cluster_02609,T-Mobile cluster,telecom,NJ (external),40.7137,-74.22325,False,0.0,0.0,0.0
telecom_cluster_02610,T-Mobile cluster,telecom,NJ (external),40.7171,-74.2198,False,0.0,0.0,0.0
telecom_cluster_02611,T-Mobile cluster,telecom,NJ (external),40.716,-74.21616,False,0.0,0.0,0.0
telecom_cluster_02612,T-Mobile cluster,telecom,NJ (external),40.716125,-74.21005,False,0.0,0.0,0.0
telecom_cluster_02613,T-Mobile cluster,telecom,NJ (external),40.7145,-74.2046,False,0.0,0.0,0.0
telecom_cluster_02614,T-Mobile cluster,telecom,NJ (external),40.71305,-74.20155,False,0.0,0.0,0.0
telecom_cluster_02615,T-Mobile cluster,telecom,NJ (external),40.715523,-74.183754,False,0.0,0.0,0.0
telecom_cluster_02616,T-Mobile cluster,telecom,NJ (external),40.717125,-74.181825,False,0.0,0.0,0.0
telecom_cluster_02617,T-Mobile cluster,telecom,NJ (external),40.7161,-74.15535,False,0.0,0.0,0.0
telecom_cluster_02618,T-Mobile cluster,telecom,NJ (external),40.7158,-74.1498,False,0.0,0.0,0.0
telecom_cluster_02619,T-Mobile cluster,telecom,NJ (external),40.714367,-74.144667,False,0.0,0.0,0.0
telecom_cluster_02620,T-Mobile cluster,telecom,NJ (external),40.7143,-74.140857,False,0.0,0.0,0.0
telecom_cluster_02621,T-Mobile cluster,telecom,NJ (external),40.7173,-74.1367,False,0.0,0.0,0.0
telecom_cluster_02622,T-Mobile cluster,telecom,NJ (external),40.7138,-74.1232,False,0.0,0.0,0.0
telecom_cluster_02623,T-Mobile cluster,telecom,NJ (external),40.71585,-74.09565,False,0.0,0.0,0.0
telecom_cluster_02624,T-Mobile cluster,telecom,NJ (external),40.7134,-74.0549,False,0.0,0.0,0.0
telecom_cluster_02625,T-Mobile cluster,telecom,Brooklyn,40.7158,-74.0243,False,0.0,0.0,0.0
telecom_cluster_02626,T-Mobile cluster,telecom,Manhattan,40.714871,-74.013943,False,0.0,0.0,0.0
telecom_cluster_02627,T-Mobile cluster,telecom,Manhattan,40.71335,-74.01007,False,0.0,0.0,0.0
telecom_cluster_02628,T-Mobile cluster,telecom,Manhattan,40.715222,-74.004078,False,0.0,0.0,0.0
telecom_cluster_02629,T-Mobile cluster,telecom,Manhattan,40.7154,-73.999533,False,0.0,0.0,0.0
telecom_cluster_02630,T-Mobile cluster,telecom,Manhattan,40.714324,-73.994243,False,0.0,0.0,0.6
telecom_cluster_02631,T-Mobile cluster,telecom,Manhattan,40.714828,-73.99045,False,0.0,0.0,0.0
telecom_cluster_02632,T-Mobile cluster,telecom,Manhattan,40.716327,-73.985136,False,0.0,0.0,0.0
telecom_cluster_02633,T-Mobile cluster,telecom,Manhattan,40.7141,-73.979624,False,0.0,0.0,0.0
telecom_cluster_02634,T-Mobile cluster,telecom,Manhattan,40.714735,-73.975882,False,0.0,0.0,0.0
telecom_cluster_02635,T-Mobile cluster,telecom,Manhattan,40.7141,-73.96838,False,0.0,0.0,0.0
telecom_cluster_02636,T-Mobile cluster,telecom,Manhattan,40.716214,-73.965414,False,0.0,0.0,0.0
telecom_cluster_02637,T-Mobile cluster,telecom,Manhattan,40.716,-73.961,False,0.0,0.0,0.0
telecom_cluster_02638,T-Mobile cluster,telecom,Manhattan,40.713386,-73.953829,False,0.0,0.0,0.0
telecom_cluster_02639,T-Mobile cluster,telecom,Manhattan,40.7157,-73.951122,False,0.0,0.0,0.0
telecom_cluster_02640,T-Mobile cluster,telecom,Manhattan,40.714753,-73.9442,False,0.0,0.0,0.0
telecom_cluster_02641,T-Mobile cluster,telecom,Manhattan,40.714888,-73.940369,False,0.0,0.0,0.0
telecom_cluster_02642,T-Mobile cluster,telecom,Manhattan,40.71392,-73.93622,False,0.0,0.0,0.0
telecom_cluster_02643,T-Mobile cluster,telecom,Queens,40.713938,-73.9045,False,0.0,0.0,0.0
telecom_cluster_02644,T-Mobile cluster,telecom,Queens,40.71468,-73.9007,False,0.0,0.0,0.0
telecom_cluster_02645,T-Mobile cluster,telecom,Queens,40.7168,-73.8967,False,0.0,0.0,0.0
telecom_cluster_02646,T-Mobile cluster,telecom,Queens,40.7155,-73.88795,False,0.0,0.0,0.0
telecom_cluster_02647,T-Mobile cluster,telecom,Queens,40.71305,-73.8863,False,0.0,0.0,0.0
telecom_cluster_02648,T-Mobile cluster,telecom,Queens,40.7128,-73.87855,False,0.0,0.0,0.0
telecom_cluster_02649,T-Mobile cluster,telecom,Queens,40.713075,-73.875725,False,0.0,0.0,0.0
telecom_cluster_02650,T-Mobile cluster,telecom,Queens,40.713,-73.867933,False,0.2,0.2,0.2
telecom_cluster_02651,T-Mobile cluster,telecom,Queens,40.715875,-73.8612,False,0.0,0.0,0.2
telecom_cluster_02652,T-Mobile cluster,telecom,Queens,40.71505,-73.85505,False,0.0,0.0,0.0
telecom_cluster_02653,T-Mobile cluster,telecom,Queens,40.7158,-73.848775,False,0.0,0.0,0.0
telecom_cluster_02654,T-Mobile cluster,telecom,Queens,40.7149,-73.844214,False,0.0,0.0,0.0
telecom_cluster_02655,T-Mobile cluster,telecom,Queens,40.715645,-73.841073,False,0.0,0.0,0.0
telecom_cluster_02656,T-Mobile cluster,telecom,Queens,40.715093,-73.834627,False,0.0,0.0,0.0
telecom_cluster_02657,T-Mobile cluster,telecom,Queens,40.715175,-73.829225,False,0.0,0.0,0.0
telecom_cluster_02658,T-Mobile cluster,telecom,Queens,40.7154,-73.826025,False,0.0,0.0,0.2
telecom_cluster_02659,T-Mobile cluster,telecom,Queens,40.7165,-73.82006,False,0.0,0.0,0.6
telecom_cluster_02660,T-Mobile cluster,telecom,Queens,40.716,-73.813667,False,0.0,0.0,0.0
telecom_cluster_02661,T-Mobile cluster,telecom,Queens,40.71604,-73.81028,False,0.0,0.0,0.2
telecom_cluster_02662,T-Mobile cluster,telecom,Queens,40.71605,-73.8056,False,0.0,0.0,0.0
telecom_cluster_02663,T-Mobile cluster,telecom,Queens,40.716717,-73.801133,False,0.0,0.0,0.0
telecom_cluster_02664,T-Mobile cluster,telecom,Queens,40.7136,-73.7526,False,0.0,0.0,0.0
telecom_cluster_02665,T-Mobile cluster,telecom,Queens,40.7155,-73.7449,False,0.0,0.0,0.0
telecom_cluster_02666,T-Mobile cluster,telecom,Queens,40.7172,-73.7382,False,0.0,0.0,0.0
telecom_cluster_02667,T-Mobile cluster,telecom,NJ (external),40.7176,-74.238533,False,0.0,0.0,0.0
telecom_cluster_02668,T-Mobile cluster,telecom,NJ (external),40.719582,-74.234364,False,0.0,0.0,0.0
telecom_cluster_02669,T-Mobile cluster,telecom,NJ (external),40.7215,-74.2319,False,0.0,0.0,0.0
telecom_cluster_02670,T-Mobile cluster,telecom,NJ (external),40.719868,-74.179614,False,0.0,0.0,0.0
telecom_cluster_02671,T-Mobile cluster,telecom,NJ (external),40.7219,-74.177033,False,0.0,0.0,0.0
telecom_cluster_02672,T-Mobile cluster,telecom,NJ (external),40.718333,-74.155333,False,0.0,0.0,0.0
telecom_cluster_02673,T-Mobile cluster,telecom,NJ (external),40.7195,-74.15195,False,0.0,0.0,0.0
telecom_cluster_02674,T-Mobile cluster,telecom,NJ (external),40.718,-74.1375,False,0.0,0.0,0.0
telecom_cluster_02675,T-Mobile cluster,telecom,NJ (external),40.72035,-74.134661,False,0.0,0.0,0.0
telecom_cluster_02676,T-Mobile cluster,telecom,NJ (external),40.7183,-74.1219,False,0.0,0.0,0.0
telecom_cluster_02677,T-Mobile cluster,telecom,NJ (external),40.7217,-74.0888,False,0.0,0.0,0.0
telecom_cluster_02678,T-Mobile cluster,telecom,NJ (external),40.721167,-74.054367,False,0.0,0.0,0.0
telecom_cluster_02679,T-Mobile cluster,telecom,NJ (external),40.7216,-74.0498,False,0.0,0.0,0.0
telecom_cluster_02680,T-Mobile cluster,telecom,NJ (external),40.721825,-74.0452,False,0.0,0.0,0.0
telecom_cluster_02681,T-Mobile cluster,telecom,Manhattan,40.7181,-74.0197,False,0.0,0.0,0.0
telecom_cluster_02682,T-Mobile cluster,telecom,Manhattan,40.7186,-74.0143,False,0.0,0.0,0.0
telecom_cluster_02683,T-Mobile cluster,telecom,Manhattan,40.7208,-74.012,False,0.0,0.0,0.0
telecom_cluster_02684,T-Mobile cluster,telecom,Manhattan,40.719818,-74.004836,False,0.0,0.0,0.0
telecom_cluster_02685,T-Mobile cluster,telecom,Manhattan,40.720033,-74.0006,False,0.0,0.0,0.0
telecom_cluster_02686,T-Mobile cluster,telecom,Manhattan,40.71898,-73.99424,False,0.0,0.0,0.0
telecom_cluster_02687,T-Mobile cluster,telecom,Manhattan,40.719972,-73.989286,False,0.0,0.0,0.0
telecom_cluster_02688,T-Mobile cluster,telecom,Manhattan,40.72027,-73.985126,False,0.0,0.0,0.0
telecom_cluster_02689,T-Mobile cluster,telecom,Manhattan,40.720722,-73.980713,False,0.0,0.0,0.0
telecom_cluster_02690,T-Mobile cluster,telecom,Manhattan,40.719993,-73.975073,False,0.0,0.0,0.0
telecom_cluster_02691,T-Mobile cluster,telecom,Manhattan,40.7199,-73.970475,False,0.0,0.0,0.0
telecom_cluster_02692,T-Mobile cluster,telecom,Manhattan,40.720644,-73.964144,False,0.0,0.0,0.8
telecom_cluster_02693,T-Mobile cluster,telecom,Manhattan,40.7208,-73.962,False,0.0,0.0,0.0
telecom_cluster_02694,T-Mobile cluster,telecom,Manhattan,40.7186,-73.9526,False,0.6,0.6,0.6
telecom_cluster_02695,T-Mobile cluster,telecom,Manhattan,40.718583,-73.949933,False,0.0,0.0,0.0
telecom_cluster_02696,T-Mobile cluster,telecom,Manhattan,40.720129,-73.944486,False,0.0,0.0,0.0
telecom_cluster_02697,T-Mobile cluster,telecom,Manhattan,40.720762,-73.93995,False,0.0,0.0,0.0
telecom_cluster_02698,T-Mobile cluster,telecom,Manhattan,40.72076,-73.93564,False,0.0,0.0,0.0
telecom_cluster_02699,T-Mobile cluster,telecom,Queens,40.7209,-73.9293,False,0.0,0.0,0.0
telecom_cluster_02700,T-Mobile cluster,telecom,Queens,40.7181,-73.9065,False,0.0,0.0,0.0
telecom_cluster_02701,T-Mobile cluster,telecom,Queens,40.7201,-73.893,False,0.0,0.0,0.0
telecom_cluster_02702,T-Mobile cluster,telecom,Queens,40.71915,-73.891475,False,0.0,0.0,0.0
telecom_cluster_02703,T-Mobile cluster,telecom,Queens,40.719733,-73.864633,False,0.0,0.0,0.0
telecom_cluster_02704,T-Mobile cluster,telecom,Queens,40.7197,-73.859567,False,0.0,0.0,0.0
telecom_cluster_02705,T-Mobile cluster,telecom,Queens,40.7205,-73.853575,False,0.0,0.0,0.0
telecom_cluster_02706,T-Mobile cluster,telecom,Queens,40.721686,-73.849364,False,0.0,0.0,0.6
telecom_cluster_02707,T-Mobile cluster,telecom,Queens,40.721012,-73.844999,False,0.0,0.0,0.0
telecom_cluster_02708,T-Mobile cluster,telecom,Queens,40.719305,-73.840134,False,0.0,0.0,0.0
telecom_cluster_02709,T-Mobile cluster,telecom,Queens,40.71995,-73.835083,False,0.0,0.0,0.0
telecom_cluster_02710,T-Mobile cluster,telecom,Queens,40.71945,-73.829862,False,0.0,0.0,0.0
telecom_cluster_02711,T-Mobile cluster,telecom,Queens,40.71945,-73.82695,False,0.0,0.0,0.0
telecom_cluster_02712,T-Mobile cluster,telecom,Queens,40.7183,-73.8214,False,0.0,0.0,0.0
telecom_cluster_02713,T-Mobile cluster,telecom,Queens,40.718567,-73.794067,False,0.0,0.0,0.0
telecom_cluster_02714,T-Mobile cluster,telecom,Queens,40.7194,-73.7884,False,0.0,0.0,0.0
telecom_cluster_02715,T-Mobile cluster,telecom,Queens,40.7198,-73.7859,False,0.0,0.0,0.0
telecom_cluster_02716,T-Mobile cluster,telecom,Queens,40.721167,-73.780333,False,0.0,0.0,0.0
telecom_cluster_02717,T-Mobile cluster,telecom,Queens,40.7186,-73.7321,False,0.0,0.0,0.0
telecom_cluster_02718,T-Mobile cluster,telecom,Queens,40.7206,-73.7247,False,0.0,0.0,0.0
telecom_cluster_02719,T-Mobile cluster,telecom,Queens,40.7219,-73.718,False,0.0,0.0,0.0
telecom_cluster_02720,T-Mobile cluster,telecom,NJ (external),40.724022,-74.229261,False,0.0,0.0,0.0
telecom_cluster_02721,T-Mobile cluster,telecom,NJ (external),40.726445,-74.226555,False,0.0,0.0,0.0
telecom_cluster_02722,T-Mobile cluster,telecom,NJ (external),40.724331,-74.174694,False,0.0,0.0,0.0
telecom_cluster_02723,T-Mobile cluster,telecom,NJ (external),40.726925,-74.17175,False,0.0,0.0,0.0
telecom_cluster_02724,T-Mobile cluster,telecom,NJ (external),40.7231,-74.1579,False,0.0,0.0,0.0
telecom_cluster_02725,T-Mobile cluster,telecom,NJ (external),40.724733,-74.1443,False,0.0,0.0,0.0
telecom_cluster_02726,T-Mobile cluster,telecom,NJ (external),40.7271,-74.1391,False,0.0,0.0,0.0
telecom_cluster_02727,T-Mobile cluster,telecom,NJ (external),40.723625,-74.133325,False,0.0,0.0,0.0
telecom_cluster_02728,T-Mobile cluster,telecom,NJ (external),40.726225,-74.131288,False,0.0,0.0,0.0
telecom_cluster_02729,T-Mobile cluster,telecom,NJ (external),40.72375,-74.09095,False,0.0,0.0,0.0
telecom_cluster_02730,T-Mobile cluster,telecom,NJ (external),40.72475,-74.0565,False,0.0,0.0,0.0
telecom_cluster_02731,T-Mobile cluster,telecom,NJ (external),40.723114,-74.043957,False,0.0,0.0,0.0
telecom_cluster_02732,T-Mobile cluster,telecom,NJ (external),40.7229,-74.0425,False,0.0,0.0,0.0
telecom_cluster_02733,T-Mobile cluster,telecom,Manhattan,40.7262,-74.0129,False,0.0,0.0,0.0
telecom_cluster_02734,T-Mobile cluster,telecom,Manhattan,40.7238,-74.0113,False,0.0,0.2,0.6
telecom_cluster_02735,T-Mobile cluster,telecom,Manhattan,40.724012,-74.0039,False,0.0,0.0,0.0
telecom_cluster_02736,T-Mobile cluster,telecom,Manhattan,40.724644,-74.000233,False,0.0,0.0,0.0
telecom_cluster_02737,T-Mobile cluster,telecom,Manhattan,40.7245,-73.995681,False,0.0,0.0,0.0
telecom_cluster_02738,T-Mobile cluster,telecom,Manhattan,40.724733,-73.98983,False,0.0,0.0,0.0
telecom_cluster_02739,T-Mobile cluster,telecom,Manhattan,40.724884,-73.985058,False,0.0,0.0,0.0
telecom_cluster_02740,T-Mobile cluster,telecom,Manhattan,40.724193,-73.980693,False,0.0,0.0,0.2
telecom_cluster_02741,T-Mobile cluster,telecom,Manhattan,40.724438,-73.974475,False,0.0,0.0,0.6
telecom_cluster_02742,T-Mobile cluster,telecom,Manhattan,40.72622,-73.97106,False,0.0,0.0,0.0
telecom_cluster_02743,T-Mobile cluster,telecom,Manhattan,40.7264,-73.9664,False,0.0,0.0,0.0
telecom_cluster_02744,T-Mobile cluster,telecom,Manhattan,40.7243,-73.9619,False,0.0,0.8,0.8
telecom_cluster_02745,T-Mobile cluster,telecom,Manhattan,40.725267,-73.95,False,0.0,0.0,0.0
telecom_cluster_02746,T-Mobile cluster,telecom,Manhattan,40.7253,-73.9435,False,0.0,0.0,0.0
telecom_cluster_02747,T-Mobile cluster,telecom,Manhattan,40.7236,-73.9395,False,0.0,0.0,0.2
telecom_cluster_02748,T-Mobile cluster,telecom,Manhattan,40.72467,-73.93438,False,0.0,0.0,0.0
telecom_cluster_02749,T-Mobile cluster,telecom,Manhattan,40.726414,-73.930771,False,0.0,0.0,0.0
telecom_cluster_02750,T-Mobile cluster,telecom,Queens,40.72485,-73.92015,False,0.0,0.0,0.0
telecom_cluster_02751,T-Mobile cluster,telecom,Queens,40.726133,-73.90825,False,0.2,0.2,0.6
telecom_cluster_02752,T-Mobile cluster,telecom,Queens,40.725769,-73.905177,False,0.2,0.2,0.6
telecom_cluster_02753,T-Mobile cluster,telecom,Queens,40.725567,-73.900367,False,0.0,0.0,0.0
telecom_cluster_02754,T-Mobile cluster,telecom,Queens,40.725567,-73.895378,False,0.0,0.0,0.0
telecom_cluster_02755,T-Mobile cluster,telecom,Queens,40.72641,-73.89008,False,0.0,0.0,0.6
telecom_cluster_02756,T-Mobile cluster,telecom,Queens,40.725258,-73.869583,False,0.0,0.0,0.0
telecom_cluster_02757,T-Mobile cluster,telecom,Queens,40.726467,-73.8645,False,0.0,0.0,0.0
telecom_cluster_02758,T-Mobile cluster,telecom,Queens,40.7261,-73.85996,False,0.0,0.0,0.0
telecom_cluster_02759,T-Mobile cluster,telecom,Queens,40.726229,-73.854071,False,0.0,0.0,0.0
telecom_cluster_02760,T-Mobile cluster,telecom,Queens,40.723459,-73.849629,False,0.0,0.0,0.0
telecom_cluster_02761,T-Mobile cluster,telecom,Queens,40.723017,-73.846292,False,0.0,0.0,0.0
telecom_cluster_02762,T-Mobile cluster,telecom,Queens,40.72562,-73.83966,False,0.0,0.0,0.0
telecom_cluster_02763,T-Mobile cluster,telecom,Queens,40.724425,-73.8352,False,0.0,0.0,0.0
telecom_cluster_02764,T-Mobile cluster,telecom,Queens,40.7238,-73.831033,False,0.0,0.0,0.0
telecom_cluster_02765,T-Mobile cluster,telecom,Queens,40.7274,-73.811,False,0.0,0.0,0.0
telecom_cluster_02766,T-Mobile cluster,telecom,Queens,40.72398,-73.7744,False,0.0,0.0,0.0
telecom_cluster_02767,T-Mobile cluster,telecom,Queens,40.72555,-73.7698,False,0.0,0.0,0.0
telecom_cluster_02768,T-Mobile cluster,telecom,Queens,40.726025,-73.76605,False,0.0,0.0,0.0
telecom_cluster_02769,T-Mobile cluster,telecom,Queens,40.7262,-73.75955,False,0.0,0.0,0.0
telecom_cluster_02770,T-Mobile cluster,telecom,Queens,40.7228,-73.7142,False,0.0,0.0,0.0
telecom_cluster_02771,T-Mobile cluster,telecom,Queens,40.7235,-73.7111,False,0.0,0.0,0.0
telecom_cluster_02772,T-Mobile cluster,telecom,Queens,40.7255,-73.7026,False,0.0,0.0,0.0
telecom_cluster_02773,T-Mobile cluster,telecom,NJ (external),40.729562,-74.223638,False,0.0,0.0,0.0
telecom_cluster_02774,T-Mobile cluster,telecom,NJ (external),40.7305,-74.2225,False,0.0,0.0,0.0
telecom_cluster_02775,T-Mobile cluster,telecom,NJ (external),40.729492,-74.169454,False,0.0,0.0,0.0
telecom_cluster_02776,T-Mobile cluster,telecom,NJ (external),40.73192,-74.16684,False,0.0,0.0,0.0
telecom_cluster_02777,T-Mobile cluster,telecom,NJ (external),40.7298,-74.1532,False,0.0,0.0,0.0
telecom_cluster_02778,T-Mobile cluster,telecom,NJ (external),40.7325,-74.1371,False,0.0,0.0,0.0
telecom_cluster_02779,T-Mobile cluster,telecom,NJ (external),40.72934,-74.12838,False,0.0,0.0,0.0
telecom_cluster_02780,T-Mobile cluster,telecom,NJ (external),40.731743,-74.126457,False,0.0,0.0,0.0
telecom_cluster_02781,T-Mobile cluster,telecom,NJ (external),40.7279,-74.1056,False,0.0,0.0,0.0
telecom_cluster_02782,T-Mobile cluster,telecom,NJ (external),40.7296,-74.0989,False,0.0,0.0,0.0
telecom_cluster_02783,T-Mobile cluster,telecom,NJ (external),40.7279,-74.0918,False,0.0,0.0,0.0
telecom_cluster_02784,T-Mobile cluster,telecom,NJ (external),40.73005,-74.0606,False,0.0,0.0,0.0
telecom_cluster_02785,T-Mobile cluster,telecom,Manhattan,40.7301,-74.0149,False,0.0,0.0,0.0
telecom_cluster_02786,T-Mobile cluster,telecom,Manhattan,40.7288,-74.0094,False,0.0,0.0,0.6
telecom_cluster_02787,T-Mobile cluster,telecom,Manhattan,40.730738,-74.00425,False,0.0,0.0,0.0
telecom_cluster_02788,T-Mobile cluster,telecom,Manhattan,40.7301,-73.999715,False,0.0,0.0,0.6
telecom_cluster_02789,T-Mobile cluster,telecom,Manhattan,40.728825,-73.993975,False,0.0,0.0,0.0
telecom_cluster_02790,T-Mobile cluster,telecom,Manhattan,40.730273,-73.989905,False,0.0,0.0,0.0
telecom_cluster_02791,T-Mobile cluster,telecom,Manhattan,40.729497,-73.984994,False,0.0,0.0,0.0
telecom_cluster_02792,T-Mobile cluster,telecom,Manhattan,40.730012,-73.980331,False,0.0,0.0,0.0
telecom_cluster_02793,T-Mobile cluster,telecom,Manhattan,40.729846,-73.974677,False,0.2,0.2,0.8
telecom_cluster_02794,T-Mobile cluster,telecom,Manhattan,40.728625,-73.97195,False,0.0,0.0,0.6
telecom_cluster_02795,T-Mobile cluster,telecom,Manhattan,40.7291,-73.9671,False,0.0,0.0,0.0
telecom_cluster_02796,T-Mobile cluster,telecom,Manhattan,40.729725,-73.950425,False,0.0,0.0,0.0
telecom_cluster_02797,T-Mobile cluster,telecom,Manhattan,40.7313,-73.9472,False,0.0,0.0,0.0
telecom_cluster_02798,T-Mobile cluster,telecom,Queens,40.728444,-73.928133,False,0.0,0.0,0.0
telecom_cluster_02799,T-Mobile cluster,telecom,Queens,40.730722,-73.925033,False,0.0,0.0,0.0
telecom_cluster_02800,T-Mobile cluster,telecom,Queens,40.731125,-73.919425,False,0.0,0.0,0.0
telecom_cluster_02801,T-Mobile cluster,telecom,Queens,40.730817,-73.915783,False,0.0,0.0,0.0
telecom_cluster_02802,T-Mobile cluster,telecom,Queens,40.728633,-73.910142,False,0.0,0.0,0.0
telecom_cluster_02803,T-Mobile cluster,telecom,Queens,40.7277,-73.9073,False,0.0,0.0,0.0
telecom_cluster_02804,T-Mobile cluster,telecom,Queens,40.7281,-73.884817,False,0.0,0.0,0.0
telecom_cluster_02805,T-Mobile cluster,telecom,Queens,40.729514,-73.8802,False,0.0,0.0,0.0
telecom_cluster_02806,T-Mobile cluster,telecom,Queens,40.730645,-73.875818,False,0.0,0.0,0.0
telecom_cluster_02807,T-Mobile cluster,telecom,Queens,40.730087,-73.871,False,0.0,0.0,0.0
telecom_cluster_02808,T-Mobile cluster,telecom,Queens,40.730514,-73.8653,False,0.0,0.0,0.0
telecom_cluster_02809,T-Mobile cluster,telecom,Queens,40.729374,-73.860635,False,0.0,0.0,0.0
telecom_cluster_02810,T-Mobile cluster,telecom,Queens,40.7279,-73.8565,False,0.0,0.0,0.0
telecom_cluster_02811,T-Mobile cluster,telecom,Queens,40.7322,-73.8427,False,0.0,0.0,0.0
telecom_cluster_02812,T-Mobile cluster,telecom,Queens,40.730967,-73.839433,False,0.0,0.0,0.8
telecom_cluster_02813,T-Mobile cluster,telecom,Queens,40.72952,-73.8358,False,0.0,0.0,0.8
telecom_cluster_02814,T-Mobile cluster,telecom,Queens,40.729262,-73.813769,False,0.0,0.0,0.0
telecom_cluster_02815,T-Mobile cluster,telecom,Queens,40.72845,-73.811438,False,0.0,0.0,0.0
telecom_cluster_02816,T-Mobile cluster,telecom,Queens,40.7323,-73.765,False,0.0,0.0,0.0
telecom_cluster_02817,T-Mobile cluster,telecom,Queens,40.7275,-73.7576,False,0.0,0.0,0.0
telecom_cluster_02818,T-Mobile cluster,telecom,Queens,40.7293,-73.7575,False,0.0,0.0,0.0
telecom_cluster_02819,T-Mobile cluster,telecom,Queens,40.73049,-73.74923,False,0.0,0.0,0.0
telecom_cluster_02820,T-Mobile cluster,telecom,Queens,40.7323,-73.747,False,0.0,0.0,0.0
telecom_cluster_02821,T-Mobile cluster,telecom,NJ (external),40.735818,-74.218882,False,0.0,0.0,0.0
telecom_cluster_02822,T-Mobile cluster,telecom,NJ (external),40.734855,-74.164871,False,0.0,0.0,0.0
telecom_cluster_02823,T-Mobile cluster,telecom,NJ (external),40.736038,-74.161112,False,0.0,0.0,0.0
telecom_cluster_02824,T-Mobile cluster,telecom,NJ (external),40.7345,-74.124088,False,0.0,0.0,0.0
telecom_cluster_02825,T-Mobile cluster,telecom,NJ (external),40.7375,-74.1148,False,0.0,0.0,0.0
telecom_cluster_02826,T-Mobile cluster,telecom,NJ (external),40.7339,-74.1026,False,0.0,0.0,0.0
telecom_cluster_02827,T-Mobile cluster,telecom,NJ (external),40.7359,-74.1013,False,0.0,0.0,0.0
telecom_cluster_02828,T-Mobile cluster,telecom,NJ (external),40.7363,-74.0913,False,0.0,0.0,0.0
telecom_cluster_02829,T-Mobile cluster,telecom,NJ (external),40.7359,-74.0813,False,0.0,0.0,0.0
telecom_cluster_02830,T-Mobile cluster,telecom,NJ (external),40.73455,-74.073725,False,0.0,0.0,0.0
telecom_cluster_02831,T-Mobile cluster,telecom,NJ (external),40.7375,-74.0434,False,0.0,0.0,0.0
telecom_cluster_02832,T-Mobile cluster,telecom,Manhattan,40.7354,-74.010133,False,0.0,0.0,0.0
telecom_cluster_02833,T-Mobile cluster,telecom,Manhattan,40.734412,-74.003838,False,0.0,0.0,0.0
telecom_cluster_02834,T-Mobile cluster,telecom,Manhattan,40.735496,-74.000308,False,0.0,0.0,0.0
telecom_cluster_02835,T-Mobile cluster,telecom,Manhattan,40.736488,-73.995604,False,0.0,0.0,0.0
telecom_cluster_02836,T-Mobile cluster,telecom,Manhattan,40.735406,-73.990328,False,0.0,0.0,0.0
telecom_cluster_02837,T-Mobile cluster,telecom,Manhattan,40.734733,-73.984944,False,0.0,0.0,0.0
telecom_cluster_02838,T-Mobile cluster,telecom,Manhattan,40.735413,-73.979627,False,0.0,0.0,0.0
telecom_cluster_02839,T-Mobile cluster,telecom,Manhattan,40.735088,-73.974529,False,0.0,0.0,0.8
telecom_cluster_02840,T-Mobile cluster,telecom,Manhattan,40.7357,-73.972067,False,0.0,0.0,0.0
telecom_cluster_02841,T-Mobile cluster,telecom,Manhattan,40.7339,-73.9645,False,0.0,0.0,0.0
telecom_cluster_02842,T-Mobile cluster,telecom,Manhattan,40.7361,-73.9533,False,0.0,0.0,0.0
telecom_cluster_02843,T-Mobile cluster,telecom,Manhattan,40.734875,-73.950975,False,0.0,0.0,0.0
telecom_cluster_02844,T-Mobile cluster,telecom,Manhattan,40.7351,-73.9472,False,0.0,0.0,0.0
telecom_cluster_02845,T-Mobile cluster,telecom,Manhattan,40.7328,-73.9425,False,0.0,0.0,0.0
telecom_cluster_02846,T-Mobile cluster,telecom,Manhattan,40.735267,-73.935767,False,0.0,0.0,0.0
telecom_cluster_02847,T-Mobile cluster,telecom,Manhattan,40.7366,-73.930133,False,0.0,0.0,0.0
telecom_cluster_02848,T-Mobile cluster,telecom,Queens,40.733733,-73.9238,False,0.0,0.0,0.0
telecom_cluster_02849,T-Mobile cluster,telecom,Queens,40.733744,-73.921156,False,0.0,0.0,0.0
telecom_cluster_02850,T-Mobile cluster,telecom,Queens,40.73485,-73.914675,False,0.0,0.0,0.0
telecom_cluster_02851,T-Mobile cluster,telecom,Queens,40.7363,-73.9108,False,0.0,0.0,0.0
telecom_cluster_02852,T-Mobile cluster,telecom,Queens,40.7375,-73.9062,False,0.0,0.0,0.0
telecom_cluster_02853,T-Mobile cluster,telecom,Queens,40.7363,-73.890025,False,0.6,0.6,0.6
telecom_cluster_02854,T-Mobile cluster,telecom,Queens,40.7346,-73.884625,False,0.0,0.0,0.0
telecom_cluster_02855,T-Mobile cluster,telecom,Queens,40.736833,-73.8789,False,0.6,0.6,0.6
telecom_cluster_02856,T-Mobile cluster,telecom,Queens,40.735075,-73.875462,False,0.0,0.0,0.0
telecom_cluster_02857,T-Mobile cluster,telecom,Queens,40.734275,-73.87065,False,0.0,0.0,0.0
telecom_cluster_02858,T-Mobile cluster,telecom,Queens,40.734427,-73.8647,False,0.2,0.2,0.6
telecom_cluster_02859,T-Mobile cluster,telecom,Queens,40.73561,-73.85926,False,0.0,0.2,0.6
telecom_cluster_02860,T-Mobile cluster,telecom,Queens,40.736811,-73.854422,False,0.0,0.0,0.0
telecom_cluster_02861,T-Mobile cluster,telecom,Queens,40.7375,-73.8517,False,0.0,0.0,0.0
telecom_cluster_02862,T-Mobile cluster,telecom,Queens,40.73325,-73.8437,False,0.0,0.0,0.0
telecom_cluster_02863,T-Mobile cluster,telecom,Queens,40.7327,-73.8403,False,0.0,0.0,0.8
telecom_cluster_02864,T-Mobile cluster,telecom,Queens,40.735975,-73.836175,False,0.0,0.0,0.0
telecom_cluster_02865,T-Mobile cluster,telecom,Queens,40.73605,-73.8286,False,0.0,0.0,0.0
telecom_cluster_02866,T-Mobile cluster,telecom,Queens,40.7368,-73.827,False,0.0,0.0,0.0
telecom_cluster_02867,T-Mobile cluster,telecom,Queens,40.7327,-73.8197,False,0.0,0.0,0.0
telecom_cluster_02868,T-Mobile cluster,telecom,Queens,40.734643,-73.814786,False,0.0,0.0,0.0
telecom_cluster_02869,T-Mobile cluster,telecom,Queens,40.735083,-73.743633,False,0.0,0.0,0.0
telecom_cluster_02870,T-Mobile cluster,telecom,NJ (external),40.7386,-74.21935,False,0.0,0.0,0.0
telecom_cluster_02871,T-Mobile cluster,telecom,NJ (external),40.741088,-74.215475,False,0.0,0.0,0.0
telecom_cluster_02872,T-Mobile cluster,telecom,NJ (external),40.740817,-74.165483,False,0.0,0.0,0.0
telecom_cluster_02873,T-Mobile cluster,telecom,NJ (external),40.7379,-74.15875,False,0.0,0.0,0.0
telecom_cluster_02874,T-Mobile cluster,telecom,NJ (external),40.739242,-74.155467,False,0.0,0.0,0.0
telecom_cluster_02875,T-Mobile cluster,telecom,NJ (external),40.741356,-74.150267,False,0.0,0.0,0.0
telecom_cluster_02876,T-Mobile cluster,telecom,NJ (external),40.741809,-74.144636,False,0.0,0.0,0.0
telecom_cluster_02877,T-Mobile cluster,telecom,NJ (external),40.7424,-74.13935,False,0.0,0.0,0.0
telecom_cluster_02878,T-Mobile cluster,telecom,NJ (external),40.74195,-74.13485,False,0.0,0.0,0.0
telecom_cluster_02879,T-Mobile cluster,telecom,NJ (external),40.7421,-74.13155,False,0.0,0.0,0.0
telecom_cluster_02880,T-Mobile cluster,telecom,NJ (external),40.740683,-74.124083,False,0.0,0.0,0.0
telecom_cluster_02881,T-Mobile cluster,telecom,NJ (external),40.7385,-74.1197,False,0.0,0.0,0.0
telecom_cluster_02882,T-Mobile cluster,telecom,NJ (external),40.7381,-74.1133,False,0.0,0.0,0.0
telecom_cluster_02883,T-Mobile cluster,telecom,NJ (external),40.7423,-74.0965,False,0.0,0.0,0.0
telecom_cluster_02884,T-Mobile cluster,telecom,NJ (external),40.7376,-74.0826,False,0.0,0.0,0.0
telecom_cluster_02885,T-Mobile cluster,telecom,NJ (external),40.73975,-74.07555,False,0.0,0.0,0.0
telecom_cluster_02886,T-Mobile cluster,telecom,NJ (external),40.739,-74.0715,False,0.0,0.0,0.0
telecom_cluster_02887,T-Mobile cluster,telecom,NJ (external),40.74015,-74.0642,False,0.0,0.0,0.0
telecom_cluster_02888,T-Mobile cluster,telecom,NJ (external),40.7411,-74.06205,False,0.0,0.0,0.0
telecom_cluster_02889,T-Mobile cluster,telecom,Manhattan,40.742,-74.0177,False,0.0,0.0,0.0
telecom_cluster_02890,T-Mobile cluster,telecom,Manhattan,40.741,-74.0129,False,0.0,0.0,0.0
telecom_cluster_02891,T-Mobile cluster,telecom,Manhattan,40.740273,-74.00994,False,0.0,0.0,0.0
telecom_cluster_02892,T-Mobile cluster,telecom,Manhattan,40.74014,-74.004393,False,0.0,0.0,0.0
telecom_cluster_02893,T-Mobile cluster,telecom,Manhattan,40.740275,-74.000775,False,0.0,0.0,0.0
telecom_cluster_02894,T-Mobile cluster,telecom,Manhattan,40.739621,-73.994436,False,0.0,0.0,0.2
telecom_cluster_02895,T-Mobile cluster,telecom,Manhattan,40.739981,-73.990019,False,0.0,0.0,0.0
telecom_cluster_02896,T-Mobile cluster,telecom,Manhattan,40.740017,-73.985583,False,0.0,0.0,0.0
telecom_cluster_02897,T-Mobile cluster,telecom,Manhattan,40.73884,-73.98014,False,0.0,0.0,0.0
telecom_cluster_02898,T-Mobile cluster,telecom,Manhattan,40.740425,-73.974595,False,0.0,0.0,0.0
telecom_cluster_02899,T-Mobile cluster,telecom,Manhattan,40.74036,-73.97154,False,0.0,0.0,0.0
telecom_cluster_02900,T-Mobile cluster,telecom,Manhattan,40.74125,-73.9536,False,0.0,0.0,0.0
telecom_cluster_02901,T-Mobile cluster,telecom,Manhattan,40.740925,-73.950325,False,0.0,0.0,0.0
telecom_cluster_02902,T-Mobile cluster,telecom,Manhattan,40.7412,-73.943,False,0.0,0.0,0.0
telecom_cluster_02903,T-Mobile cluster,telecom,Manhattan,40.73954,-73.93894,False,0.0,0.0,0.0
telecom_cluster_02904,T-Mobile cluster,telecom,Manhattan,40.7401,-73.935,False,0.0,0.0,0.0
telecom_cluster_02905,T-Mobile cluster,telecom,Manhattan,40.7385,-73.93095,False,0.0,0.0,0.0
telecom_cluster_02906,T-Mobile cluster,telecom,Queens,40.7404,-73.9213,False,0.0,0.0,0.0
telecom_cluster_02907,T-Mobile cluster,telecom,Queens,40.737967,-73.904467,False,0.0,0.0,0.0
telecom_cluster_02908,T-Mobile cluster,telecom,Queens,40.741075,-73.8992,False,0.0,0.0,0.0
telecom_cluster_02909,T-Mobile cluster,telecom,Queens,40.7397,-73.89514,False,0.0,0.0,0.0
telecom_cluster_02910,T-Mobile cluster,telecom,Queens,40.738743,-73.890143,False,0.0,0.0,0.0
telecom_cluster_02911,T-Mobile cluster,telecom,Queens,40.738725,-73.885175,False,0.0,0.0,0.0
telecom_cluster_02912,T-Mobile cluster,telecom,Queens,40.739683,-73.880533,False,0.0,0.0,0.6
telecom_cluster_02913,T-Mobile cluster,telecom,Queens,40.74215,-73.8768,False,0.0,0.0,0.0
telecom_cluster_02914,T-Mobile cluster,telecom,Queens,40.7388,-73.8641,False,0.0,0.0,0.2
telecom_cluster_02915,T-Mobile cluster,telecom,Queens,40.740675,-73.858875,False,0.0,0.0,0.2
telecom_cluster_02916,T-Mobile cluster,telecom,Queens,40.737767,-73.850467,False,0.0,0.0,0.0
telecom_cluster_02917,T-Mobile cluster,telecom,Queens,40.7397,-73.844862,False,0.0,0.0,0.0
telecom_cluster_02918,T-Mobile cluster,telecom,Queens,40.739267,-73.839233,False,0.0,0.0,0.8
telecom_cluster_02919,T-Mobile cluster,telecom,Queens,40.74145,-73.8355,False,0.0,0.0,0.0
telecom_cluster_02920,T-Mobile cluster,telecom,Queens,40.739433,-73.8295,False,0.0,0.0,0.2
telecom_cluster_02921,T-Mobile cluster,telecom,Queens,40.739875,-73.825525,False,0.0,0.0,0.0
telecom_cluster_02922,T-Mobile cluster,telecom,Queens,40.7403,-73.8195,False,0.2,0.2,0.6
telecom_cluster_02923,T-Mobile cluster,telecom,Queens,40.73886,-73.81404,False,0.0,0.0,0.6
telecom_cluster_02924,T-Mobile cluster,telecom,Queens,40.7386,-73.8106,False,0.0,0.0,0.2
telecom_cluster_02925,T-Mobile cluster,telecom,Queens,40.7384,-73.8051,False,0.0,0.0,0.6
telecom_cluster_02926,T-Mobile cluster,telecom,Queens,40.7384,-73.7977,False,0.0,0.0,0.0
telecom_cluster_02927,T-Mobile cluster,telecom,Queens,40.7385,-73.796,False,0.0,0.0,0.0
telecom_cluster_02928,T-Mobile cluster,telecom,Queens,40.73995,-73.7901,False,0.0,0.0,0.0
telecom_cluster_02929,T-Mobile cluster,telecom,Queens,40.74135,-73.78505,False,0.0,0.0,0.2
telecom_cluster_02930,T-Mobile cluster,telecom,Queens,40.7404,-73.7696,False,0.0,0.0,0.0
telecom_cluster_02931,T-Mobile cluster,telecom,Queens,40.739333,-73.739,False,0.0,0.0,0.0
telecom_cluster_02932,T-Mobile cluster,telecom,Queens,40.741667,-73.735533,False,0.0,0.0,0.0
telecom_cluster_02933,T-Mobile cluster,telecom,NJ (external),40.745258,-74.213533,False,0.0,0.0,0.0
telecom_cluster_02934,T-Mobile cluster,telecom,NJ (external),40.7469,-74.16875,False,0.0,0.0,0.0
telecom_cluster_02935,T-Mobile cluster,telecom,NJ (external),40.745462,-74.166712,False,0.0,0.0,0.0
telecom_cluster_02936,T-Mobile cluster,telecom,NJ (external),40.7436,-74.1608,False,0.0,0.0,0.0
telecom_cluster_02937,T-Mobile cluster,telecom,NJ (external),40.74268,-74.15546,False,0.0,0.0,0.0
telecom_cluster_02938,T-Mobile cluster,telecom,NJ (external),40.742733,-74.135933,False,0.0,0.0,0.0
telecom_cluster_02939,T-Mobile cluster,telecom,NJ (external),40.74354,-74.12926,False,0.0,0.0,0.0
telecom_cluster_02940,T-Mobile cluster,telecom,NJ (external),40.74386,-74.12532,False,0.0,0.0,0.0
telecom_cluster_02941,T-Mobile cluster,telecom,NJ (external),40.744613,-74.12078,False,0.0,0.0,0.0
telecom_cluster_02942,T-Mobile cluster,telecom,NJ (external),40.746425,-74.115425,False,0.0,0.0,0.0
telecom_cluster_02943,T-Mobile cluster,telecom,NJ (external),40.7465,-74.1082,False,0.0,0.0,0.0
telecom_cluster_02944,T-Mobile cluster,telecom,NJ (external),40.7436,-74.088,False,0.0,0.0,0.0
telecom_cluster_02945,T-Mobile cluster,telecom,NJ (external),40.7445,-74.0858,False,0.0,0.0,0.0
telecom_cluster_02946,T-Mobile cluster,telecom,NJ (external),40.745,-74.0705,False,0.0,0.0,0.0
telecom_cluster_02947,T-Mobile cluster,telecom,Manhattan,40.745625,-74.0083,False,0.0,0.0,0.8
telecom_cluster_02948,T-Mobile cluster,telecom,Manhattan,40.74524,-74.00604,False,0.0,0.0,0.2
telecom_cluster_02949,T-Mobile cluster,telecom,Manhattan,40.745809,-73.999836,False,0.0,0.0,0.2
telecom_cluster_02950,T-Mobile cluster,telecom,Manhattan,40.745239,-73.994854,False,0.0,0.0,0.0
telecom_cluster_02951,T-Mobile cluster,telecom,Manhattan,40.744533,-73.989517,False,0.0,0.0,0.0
telecom_cluster_02952,T-Mobile cluster,telecom,Manhattan,40.745675,-73.985675,False,0.0,0.0,0.2
telecom_cluster_02953,T-Mobile cluster,telecom,Manhattan,40.746029,-73.981186,False,0.0,0.0,0.0
telecom_cluster_02954,T-Mobile cluster,telecom,Manhattan,40.74477,-73.97417,False,0.0,0.0,0.0
telecom_cluster_02955,T-Mobile cluster,telecom,Manhattan,40.74551,-73.97072,False,0.0,0.0,0.0
telecom_cluster_02956,T-Mobile cluster,telecom,Manhattan,40.7449,-73.9638,False,0.0,0.0,0.0
telecom_cluster_02957,T-Mobile cluster,telecom,Manhattan,40.7443,-73.9578,False,0.0,0.0,0.2
telecom_cluster_02958,T-Mobile cluster,telecom,Manhattan,40.743767,-73.948533,False,0.0,0.0,0.0
telecom_cluster_02959,T-Mobile cluster,telecom,Manhattan,40.74344,-73.94571,False,0.0,0.0,0.0
telecom_cluster_02960,T-Mobile cluster,telecom,Manhattan,40.745407,-73.939864,False,0.0,0.0,0.0
telecom_cluster_02961,T-Mobile cluster,telecom,Manhattan,40.745489,-73.935167,False,0.0,0.0,0.0
telecom_cluster_02962,T-Mobile cluster,telecom,Queens,40.744833,-73.929833,False,0.0,0.0,0.0
telecom_cluster_02963,T-Mobile cluster,telecom,Queens,40.7439,-73.92525,False,0.0,0.0,0.0
telecom_cluster_02964,T-Mobile cluster,telecom,Queens,40.743925,-73.9201,False,0.0,0.0,0.0
telecom_cluster_02965,T-Mobile cluster,telecom,Queens,40.743375,-73.91505,False,0.0,0.0,0.0
telecom_cluster_02966,T-Mobile cluster,telecom,Queens,40.74495,-73.90945,False,0.0,0.0,0.0
telecom_cluster_02967,T-Mobile cluster,telecom,Queens,40.745733,-73.904389,False,0.0,0.0,0.0
telecom_cluster_02968,T-Mobile cluster,telecom,Queens,40.744738,-73.900625,False,0.0,0.0,0.0
telecom_cluster_02969,T-Mobile cluster,telecom,Queens,40.746358,-73.894583,False,0.0,0.0,0.0
telecom_cluster_02970,T-Mobile cluster,telecom,Queens,40.74655,-73.890508,False,0.0,0.0,0.0
telecom_cluster_02971,T-Mobile cluster,telecom,Queens,40.7472,-73.887,False,0.0,0.0,0.0
telecom_cluster_02972,T-Mobile cluster,telecom,Queens,40.7471,-73.8813,False,0.0,0.0,0.0
telecom_cluster_02973,T-Mobile cluster,telecom,Queens,40.7428,-73.8748,False,0.0,0.0,0.0
telecom_cluster_02974,T-Mobile cluster,telecom,Queens,40.74405,-73.87055,False,0.0,0.0,0.0
telecom_cluster_02975,T-Mobile cluster,telecom,Queens,40.745833,-73.8647,False,0.0,0.0,0.0
telecom_cluster_02976,T-Mobile cluster,telecom,Queens,40.745183,-73.8601,False,0.0,0.0,0.0
telecom_cluster_02977,T-Mobile cluster,telecom,Queens,40.743467,-73.855733,False,0.0,0.0,0.0
telecom_cluster_02978,T-Mobile cluster,telecom,Queens,40.746475,-73.8488,False,0.0,0.0,0.0
telecom_cluster_02979,T-Mobile cluster,telecom,Queens,40.7429,-73.84665,False,0.0,0.0,0.0
telecom_cluster_02980,T-Mobile cluster,telecom,Queens,40.7437,-73.8382,False,0.0,0.0,0.8
telecom_cluster_02981,T-Mobile cluster,telecom,Queens,40.744817,-73.8362,False,0.0,0.0,0.0
telecom_cluster_02982,T-Mobile cluster,telecom,Queens,40.7427,-73.8288,False,0.0,0.0,0.0
telecom_cluster_02983,T-Mobile cluster,telecom,Queens,40.7426,-73.78,False,0.0,0.0,0.2
telecom_cluster_02984,T-Mobile cluster,telecom,Queens,40.743667,-73.7747,False,0.0,0.0,0.6
telecom_cluster_02985,T-Mobile cluster,telecom,Queens,40.7449,-73.77035,False,0.0,0.0,0.0
telecom_cluster_02986,T-Mobile cluster,telecom,Queens,40.74635,-73.76555,False,0.0,0.0,0.0
telecom_cluster_02987,T-Mobile cluster,telecom,Queens,40.7474,-73.7624,False,0.0,0.0,0.6
telecom_cluster_02988,T-Mobile cluster,telecom,Queens,40.746,-73.7345,False,0.0,0.0,0.0
telecom_cluster_02989,T-Mobile cluster,telecom,NJ (external),40.7514,-74.218,False,0.0,0.0,0.0
telecom_cluster_02990,T-Mobile cluster,telecom,NJ (external),40.7499,-74.212156,False,0.0,0.0,0.0
telecom_cluster_02991,T-Mobile cluster,telecom,NJ (external),40.7523,-74.1883,False,0.0,0.0,0.0
telecom_cluster_02992,T-Mobile cluster,telecom,NJ (external),40.75115,-74.18485,False,0.0,0.0,0.0
telecom_cluster_02993,T-Mobile cluster,telecom,NJ (external),40.749433,-74.1795,False,0.0,0.0,0.0
telecom_cluster_02994,T-Mobile cluster,telecom,NJ (external),40.74855,-74.17545,False,0.0,0.0,0.0
telecom_cluster_02995,T-Mobile cluster,telecom,NJ (external),40.750375,-74.168,False,0.0,0.0,0.0
telecom_cluster_02996,T-Mobile cluster,telecom,NJ (external),40.7483,-74.1646,False,0.0,0.0,0.0
telecom_cluster_02997,T-Mobile cluster,telecom,NJ (external),40.7501,-74.1506,False,0.0,0.0,0.0
telecom_cluster_02998,T-Mobile cluster,telecom,NJ (external),40.7482,-74.1321,False,0.0,0.0,0.0
telecom_cluster_02999,T-Mobile cluster,telecom,NJ (external),40.7498,-74.11876,False,0.0,0.0,0.0
telecom_cluster_03000,T-Mobile cluster,telecom,NJ (external),40.749325,-74.11615,False,0.0,0.0,0.0
telecom_cluster_03001,T-Mobile cluster,telecom,NJ (external),40.75082,-74.10976,False,0.0,0.0,0.0
telecom_cluster_03002,T-Mobile cluster,telecom,NJ (external),40.751075,-74.105425,False,0.0,0.0,0.0
telecom_cluster_03003,T-Mobile cluster,telecom,NJ (external),40.751243,-74.099443,False,0.0,0.0,0.0
telecom_cluster_03004,T-Mobile cluster,telecom,NJ (external),40.750533,-74.095033,False,0.0,0.0,0.0
telecom_cluster_03005,T-Mobile cluster,telecom,NJ (external),40.7496,-74.0888,False,0.0,0.0,0.0
telecom_cluster_03006,T-Mobile cluster,telecom,NJ (external),40.7485,-74.0842,False,0.0,0.0,0.0
telecom_cluster_03007,T-Mobile cluster,telecom,NJ (external),40.75145,-74.06365,False,0.0,0.0,0.0
telecom_cluster_03008,T-Mobile cluster,telecom,NJ (external),40.7525,-74.0584,False,0.0,0.0,0.0
telecom_cluster_03009,T-Mobile cluster,telecom,Brooklyn,40.7478,-74.0236,False,0.0,0.0,0.0
telecom_cluster_03010,T-Mobile cluster,telecom,Manhattan,40.75022,-74.00786,False,0.0,0.2,0.8
telecom_cluster_03011,T-Mobile cluster,telecom,Manhattan,40.7487,-74.003386,False,0.0,0.0,0.0
telecom_cluster_03012,T-Mobile cluster,telecom,Manhattan,40.749967,-74.000027,False,0.0,0.0,0.0
telecom_cluster_03013,T-Mobile cluster,telecom,Manhattan,40.751014,-73.99439,False,0.0,0.0,0.2
telecom_cluster_03014,T-Mobile cluster,telecom,Manhattan,40.750035,-73.989209,False,0.0,0.0,0.0
telecom_cluster_03015,T-Mobile cluster,telecom,Manhattan,40.750188,-73.985257,False,0.0,0.0,0.0
telecom_cluster_03016,T-Mobile cluster,telecom,Manhattan,40.750914,-73.979778,False,0.0,0.0,0.0
telecom_cluster_03017,T-Mobile cluster,telecom,Manhattan,40.751128,-73.975495,False,0.0,0.0,0.0
telecom_cluster_03018,T-Mobile cluster,telecom,Manhattan,40.749924,-73.968676,False,0.0,0.0,0.0
telecom_cluster_03019,T-Mobile cluster,telecom,Manhattan,40.750956,-73.966038,False,0.0,0.0,0.0
telecom_cluster_03020,T-Mobile cluster,telecom,Manhattan,40.7477,-73.9619,False,0.0,0.0,0.0
telecom_cluster_03021,T-Mobile cluster,telecom,Manhattan,40.7479,-73.9477,False,0.0,0.0,0.0
telecom_cluster_03022,T-Mobile cluster,telecom,Manhattan,40.74965,-73.943512,False,0.0,0.0,0.2
telecom_cluster_03023,T-Mobile cluster,telecom,Manhattan,40.749959,-73.940518,False,0.0,0.0,0.0
telecom_cluster_03024,T-Mobile cluster,telecom,Manhattan,40.7491,-73.93586,False,0.0,0.0,0.0
telecom_cluster_03025,T-Mobile cluster,telecom,Queens,40.7497,-73.9292,False,0.0,0.0,0.0
telecom_cluster_03026,T-Mobile cluster,telecom,Queens,40.748767,-73.925533,False,0.0,0.0,0.0
telecom_cluster_03027,T-Mobile cluster,telecom,Queens,40.74994,-73.91998,False,0.0,0.0,0.0
telecom_cluster_03028,T-Mobile cluster,telecom,Queens,40.75052,-73.91568,False,0.0,0.0,0.0
telecom_cluster_03029,T-Mobile cluster,telecom,Queens,40.750608,-73.909883,False,0.0,0.0,0.0
telecom_cluster_03030,T-Mobile cluster,telecom,Queens,40.74855,-73.9061,False,0.0,0.0,0.0
telecom_cluster_03031,T-Mobile cluster,telecom,Queens,40.7503,-73.8977,False,0.0,0.0,0.6
telecom_cluster_03032,T-Mobile cluster,telecom,Queens,40.749356,-73.895606,False,0.0,0.0,0.0
telecom_cluster_03033,T-Mobile cluster,telecom,Queens,40.749957,-73.889719,False,0.0,0.0,0.0
telecom_cluster_03034,T-Mobile cluster,telecom,Queens,40.750964,-73.884518,False,0.0,0.0,0.0
telecom_cluster_03035,T-Mobile cluster,telecom,Queens,40.75046,-73.87957,False,0.0,0.0,0.0
telecom_cluster_03036,T-Mobile cluster,telecom,Queens,40.749827,-73.875793,False,0.0,0.0,0.2
telecom_cluster_03037,T-Mobile cluster,telecom,Queens,40.750138,-73.87075,False,0.0,0.0,0.0
telecom_cluster_03038,T-Mobile cluster,telecom,Queens,40.75005,-73.86375,False,0.0,0.0,0.0
telecom_cluster_03039,T-Mobile cluster,telecom,Queens,40.749388,-73.860638,False,0.0,0.0,0.0
telecom_cluster_03040,T-Mobile cluster,telecom,Queens,40.750429,-73.855314,False,0.0,0.0,0.2
telecom_cluster_03041,T-Mobile cluster,telecom,Queens,40.750525,-73.849962,False,0.0,0.0,0.0
telecom_cluster_03042,T-Mobile cluster,telecom,Queens,40.7515,-73.8409,False,0.0,0.0,0.0
telecom_cluster_03043,T-Mobile cluster,telecom,Queens,40.7502,-73.8356,False,0.0,0.0,0.0
telecom_cluster_03044,T-Mobile cluster,telecom,Queens,40.751,-73.7742,False,0.0,0.0,0.0
telecom_cluster_03045,T-Mobile cluster,telecom,Queens,40.75,-73.7539,False,0.0,0.0,0.0
telecom_cluster_03046,T-Mobile cluster,telecom,Queens,40.75235,-73.7449,False,0.0,0.0,0.0
telecom_cluster_03047,T-Mobile cluster,telecom,Queens,40.75,-73.7408,False,0.0,0.0,0.0
telecom_cluster_03048,T-Mobile cluster,telecom,Queens,40.7491,-73.7372,False,0.0,0.0,0.0
telecom_cluster_03049,T-Mobile cluster,telecom,Queens,40.748967,-73.7284,False,0.0,0.0,0.0
telecom_cluster_03050,T-Mobile cluster,telecom,Queens,40.7521,-73.7256,False,0.0,0.0,0.0
telecom_cluster_03051,T-Mobile cluster,telecom,NJ (external),40.7546,-74.2194,False,0.0,0.0,0.0
telecom_cluster_03052,T-Mobile cluster,telecom,NJ (external),40.7552,-74.2154,False,0.0,0.0,0.0
telecom_cluster_03053,T-Mobile cluster,telecom,NJ (external),40.755095,-74.210248,False,0.0,0.0,0.0
telecom_cluster_03054,T-Mobile cluster,telecom,NJ (external),40.7539,-74.2044,False,0.0,0.0,0.0
telecom_cluster_03055,T-Mobile cluster,telecom,NJ (external),40.7558,-74.19845,False,0.0,0.0,0.0
telecom_cluster_03056,T-Mobile cluster,telecom,NJ (external),40.7535,-74.1938,False,0.0,0.0,0.0
telecom_cluster_03057,T-Mobile cluster,telecom,NJ (external),40.75418,-74.19058,False,0.0,0.0,0.0
telecom_cluster_03058,T-Mobile cluster,telecom,NJ (external),40.7554,-74.16702,False,0.0,0.0,0.0
telecom_cluster_03059,T-Mobile cluster,telecom,NJ (external),40.7531,-74.1268,False,0.0,0.0,0.0
telecom_cluster_03060,T-Mobile cluster,telecom,NJ (external),40.7548,-74.11815,False,0.0,0.0,0.0
telecom_cluster_03061,T-Mobile cluster,telecom,NJ (external),40.7536,-74.117,False,0.0,0.0,0.0
telecom_cluster_03062,T-Mobile cluster,telecom,NJ (external),40.754,-74.1083,False,0.0,0.0,0.0
telecom_cluster_03063,T-Mobile cluster,telecom,NJ (external),40.7534,-74.10505,False,0.0,0.0,0.0
telecom_cluster_03064,T-Mobile cluster,telecom,NJ (external),40.75455,-74.0996,False,0.0,0.0,0.0
telecom_cluster_03065,T-Mobile cluster,telecom,NJ (external),40.755614,-74.094643,False,0.0,0.0,0.0
telecom_cluster_03066,T-Mobile cluster,telecom,NJ (external),40.756033,-74.089425,False,0.0,0.0,0.0
telecom_cluster_03067,T-Mobile cluster,telecom,NJ (external),40.75605,-74.08655,False,0.0,0.0,0.0
telecom_cluster_03068,T-Mobile cluster,telecom,NJ (external),40.75285,-74.05965,False,0.0,0.0,0.0
telecom_cluster_03069,T-Mobile cluster,telecom,NJ (external),40.756867,-74.054367,False,0.0,0.0,0.0
telecom_cluster_03070,T-Mobile cluster,telecom,NJ (external),40.75445,-74.0311,False,0.0,0.0,0.0
telecom_cluster_03071,T-Mobile cluster,telecom,Manhattan,40.754378,-74.005267,False,0.0,0.0,0.0
telecom_cluster_03072,T-Mobile cluster,telecom,Manhattan,40.754106,-74.000444,False,0.0,0.0,0.0
telecom_cluster_03073,T-Mobile cluster,telecom,Manhattan,40.754585,-73.99547,False,0.0,0.0,0.0
telecom_cluster_03074,T-Mobile cluster,telecom,Manhattan,40.755352,-73.989367,False,0.0,0.0,0.0
telecom_cluster_03075,T-Mobile cluster,telecom,Manhattan,40.754774,-73.985202,False,0.0,0.0,0.0
telecom_cluster_03076,T-Mobile cluster,telecom,Manhattan,40.754804,-73.980037,False,0.0,0.0,0.0
telecom_cluster_03077,T-Mobile cluster,telecom,Manhattan,40.755158,-73.975037,False,0.0,0.0,0.0
telecom_cluster_03078,T-Mobile cluster,telecom,Manhattan,40.75505,-73.971117,False,0.0,0.0,0.0
telecom_cluster_03079,T-Mobile cluster,telecom,Manhattan,40.7541,-73.964469,False,0.0,0.0,0.0
telecom_cluster_03080,T-Mobile cluster,telecom,Manhattan,40.755422,-73.960611,False,0.0,0.0,0.0
telecom_cluster_03081,T-Mobile cluster,telecom,Manhattan,40.75615,-73.9549,False,0.0,0.0,0.0
telecom_cluster_03082,T-Mobile cluster,telecom,Manhattan,40.755267,-73.951267,False,0.0,0.0,0.0
telecom_cluster_03083,T-Mobile cluster,telecom,Manhattan,40.754133,-73.945283,False,0.0,0.0,0.0
telecom_cluster_03084,T-Mobile cluster,telecom,Manhattan,40.7545,-73.9424,False,0.0,0.0,0.0
telecom_cluster_03085,T-Mobile cluster,telecom,Manhattan,40.7532,-73.9333,False,0.0,0.0,0.0
telecom_cluster_03086,T-Mobile cluster,telecom,Manhattan,40.755125,-73.930688,False,0.0,0.0,0.0
telecom_cluster_03087,T-Mobile cluster,telecom,Queens,40.754625,-73.90565,False,0.0,0.0,0.0
telecom_cluster_03088,T-Mobile cluster,telecom,Queens,40.755445,-73.899864,False,0.0,0.0,0.0
telecom_cluster_03089,T-Mobile cluster,telecom,Queens,40.754125,-73.89545,False,0.0,0.0,0.6
telecom_cluster_03090,T-Mobile cluster,telecom,Queens,40.754752,-73.888426,False,0.0,0.0,0.0
telecom_cluster_03091,T-Mobile cluster,telecom,Queens,40.754979,-73.885679,False,0.0,0.0,0.0
telecom_cluster_03092,T-Mobile cluster,telecom,Queens,40.755833,-73.879667,False,0.0,0.0,0.0
telecom_cluster_03093,T-Mobile cluster,telecom,Queens,40.756867,-73.874767,False,0.0,0.0,0.0
telecom_cluster_03094,T-Mobile cluster,telecom,Queens,40.7572,-73.87005,False,0.0,0.0,0.0
telecom_cluster_03095,T-Mobile cluster,telecom,Queens,40.75692,-73.85334,False,0.0,0.0,0.0
telecom_cluster_03096,T-Mobile cluster,telecom,Queens,40.7544,-73.852,False,0.0,0.0,0.0
telecom_cluster_03097,T-Mobile cluster,telecom,Queens,40.75362,-73.8438,False,0.0,0.0,0.0
telecom_cluster_03098,T-Mobile cluster,telecom,Queens,40.755012,-73.838812,False,0.0,0.0,0.0
telecom_cluster_03099,T-Mobile cluster,telecom,Queens,40.75534,-73.83542,False,0.0,0.0,0.6
telecom_cluster_03100,T-Mobile cluster,telecom,Queens,40.7574,-73.8324,False,0.0,0.0,0.0
telecom_cluster_03101,T-Mobile cluster,telecom,Queens,40.75435,-73.7439,False,0.0,0.0,0.0
telecom_cluster_03102,T-Mobile cluster,telecom,Queens,40.754333,-73.723367,False,0.0,0.0,0.0
telecom_cluster_03103,T-Mobile cluster,telecom,Queens,40.7551,-73.7225,False,0.0,0.0,0.0
telecom_cluster_03104,T-Mobile cluster,telecom,NJ (external),40.7576,-74.2141,False,0.0,0.0,0.0
telecom_cluster_03105,T-Mobile cluster,telecom,NJ (external),40.75951,-74.20853,False,0.0,0.0,0.0
telecom_cluster_03106,T-Mobile cluster,telecom,NJ (external),40.760741,-74.204982,False,0.0,0.0,0.0
telecom_cluster_03107,T-Mobile cluster,telecom,NJ (external),40.7625,-74.2025,False,0.0,0.0,0.0
telecom_cluster_03108,T-Mobile cluster,telecom,NJ (external),40.75984,-74.19294,False,0.0,0.0,0.0
telecom_cluster_03109,T-Mobile cluster,telecom,NJ (external),40.7605,-74.16453,False,0.0,0.0,0.0
telecom_cluster_03110,T-Mobile cluster,telecom,NJ (external),40.760533,-74.1146,False,0.0,0.0,0.0
telecom_cluster_03111,T-Mobile cluster,telecom,NJ (external),40.7586,-74.1008,False,0.0,0.0,0.0
telecom_cluster_03112,T-Mobile cluster,telecom,NJ (external),40.7578,-74.08865,False,0.0,0.0,0.0
telecom_cluster_03113,T-Mobile cluster,telecom,NJ (external),40.758088,-74.085138,False,0.0,0.0,0.0
telecom_cluster_03114,T-Mobile cluster,telecom,NJ (external),40.760171,-74.079657,False,0.0,0.0,0.0
telecom_cluster_03115,T-Mobile cluster,telecom,NJ (external),40.761457,-74.076214,False,0.0,0.0,0.0
telecom_cluster_03116,T-Mobile cluster,telecom,NJ (external),40.7588,-74.059,False,0.0,0.0,0.0
telecom_cluster_03117,T-Mobile cluster,telecom,NJ (external),40.7607,-74.0316,False,0.0,0.0,0.0
telecom_cluster_03118,T-Mobile cluster,telecom,Brooklyn,40.7599,-74.0206,False,0.0,0.0,0.0
telecom_cluster_03119,T-Mobile cluster,telecom,Manhattan,40.7582,-74.0148,False,0.0,0.0,0.0
telecom_cluster_03120,T-Mobile cluster,telecom,Manhattan,40.760417,-74.009833,False,0.0,0.0,0.0
telecom_cluster_03121,T-Mobile cluster,telecom,Manhattan,40.760367,-74.004633,False,0.0,0.0,0.0
telecom_cluster_03122,T-Mobile cluster,telecom,Manhattan,40.759068,-73.999155,False,0.0,0.0,0.0
telecom_cluster_03123,T-Mobile cluster,telecom,Manhattan,40.75814,-73.99598,False,0.0,0.0,0.0
telecom_cluster_03124,T-Mobile cluster,telecom,Manhattan,40.7606,-73.990189,False,0.0,0.0,0.0
telecom_cluster_03125,T-Mobile cluster,telecom,Manhattan,40.760101,-73.98514,False,0.0,0.0,0.0
telecom_cluster_03126,T-Mobile cluster,telecom,Manhattan,40.759442,-73.979273,False,0.0,0.0,0.0
telecom_cluster_03127,T-Mobile cluster,telecom,Manhattan,40.759683,-73.975702,False,0.0,0.0,0.0
telecom_cluster_03128,T-Mobile cluster,telecom,Manhattan,40.760492,-73.969682,False,0.0,0.0,0.2
telecom_cluster_03129,T-Mobile cluster,telecom,Manhattan,40.760395,-73.964605,False,0.0,0.0,0.0
telecom_cluster_03130,T-Mobile cluster,telecom,Manhattan,40.76053,-73.960135,False,0.0,0.0,0.0
telecom_cluster_03131,T-Mobile cluster,telecom,Manhattan,40.761237,-73.955995,False,0.0,0.0,0.0
telecom_cluster_03132,T-Mobile cluster,telecom,Queens,40.758475,-73.92825,False,0.0,0.0,0.0
telecom_cluster_03133,T-Mobile cluster,telecom,Queens,40.761083,-73.92615,False,0.0,0.0,0.0
telecom_cluster_03134,T-Mobile cluster,telecom,Queens,40.758,-73.9151,False,0.0,0.0,0.0
telecom_cluster_03135,T-Mobile cluster,telecom,Queens,40.758867,-73.904433,False,0.0,0.0,0.0
telecom_cluster_03136,T-Mobile cluster,telecom,Queens,40.758567,-73.900467,False,0.0,0.0,0.0
telecom_cluster_03137,T-Mobile cluster,telecom,Queens,40.76165,-73.897,False,0.0,0.0,0.2
telecom_cluster_03138,T-Mobile cluster,telecom,Queens,40.760038,-73.889725,False,0.0,0.0,0.0
telecom_cluster_03139,T-Mobile cluster,telecom,Queens,40.759475,-73.8863,False,0.0,0.0,0.0
telecom_cluster_03140,T-Mobile cluster,telecom,Queens,40.7606,-73.8759,False,0.0,0.0,0.0
telecom_cluster_03141,T-Mobile cluster,telecom,Queens,40.7597,-73.8664,False,0.0,0.0,0.0
telecom_cluster_03142,T-Mobile cluster,telecom,Queens,40.760144,-73.859344,False,0.0,0.0,0.0
telecom_cluster_03143,T-Mobile cluster,telecom,Queens,40.759025,-73.854825,False,0.0,0.0,0.0
telecom_cluster_03144,T-Mobile cluster,telecom,Queens,40.7592,-73.85055,False,0.0,0.0,0.0
telecom_cluster_03145,T-Mobile cluster,telecom,Queens,40.760867,-73.8456,False,0.0,0.0,0.0
telecom_cluster_03146,T-Mobile cluster,telecom,Queens,40.759833,-73.839167,False,0.0,0.0,0.0
telecom_cluster_03147,T-Mobile cluster,telecom,Queens,40.75845,-73.8339,False,0.0,0.0,0.0
telecom_cluster_03148,T-Mobile cluster,telecom,Queens,40.758755,-73.830091,False,0.0,0.0,0.0
telecom_cluster_03149,T-Mobile cluster,telecom,Queens,40.76025,-73.8242,False,0.0,0.0,0.0
telecom_cluster_03150,T-Mobile cluster,telecom,Queens,40.7619,-73.81885,False,0.0,0.0,0.0
telecom_cluster_03151,T-Mobile cluster,telecom,Queens,40.7623,-73.8086,False,0.0,0.0,0.0
telecom_cluster_03152,T-Mobile cluster,telecom,Queens,40.76185,-73.8041,False,0.0,0.0,0.0
telecom_cluster_03153,T-Mobile cluster,telecom,Queens,40.7614,-73.7987,False,0.0,0.0,0.0
telecom_cluster_03154,T-Mobile cluster,telecom,Queens,40.7613,-73.7932,False,0.0,0.0,0.0
telecom_cluster_03155,T-Mobile cluster,telecom,Queens,40.7617,-73.7871,False,0.0,0.0,0.0
telecom_cluster_03156,T-Mobile cluster,telecom,Queens,40.7623,-73.7795,False,0.0,0.0,0.0
telecom_cluster_03157,T-Mobile cluster,telecom,Queens,40.7606,-73.7531,False,0.0,0.0,0.0
telecom_cluster_03158,T-Mobile cluster,telecom,Queens,40.759467,-73.750967,False,0.0,0.0,0.0
telecom_cluster_03159,T-Mobile cluster,telecom,Queens,40.7592,-73.73515,False,0.0,0.0,0.0
telecom_cluster_03160,T-Mobile cluster,telecom,Queens,40.7587,-73.7184,False,0.0,0.0,0.0
telecom_cluster_03161,T-Mobile cluster,telecom,Queens,40.7598,-73.7168,False,0.0,0.0,0.0
telecom_cluster_03162,T-Mobile cluster,telecom,Queens,40.7604,-73.7094,False,0.0,0.0,0.0
telecom_cluster_03163,T-Mobile cluster,telecom,Queens,40.76,-73.70565,False,0.0,0.0,0.0
telecom_cluster_03164,T-Mobile cluster,telecom,Queens,40.7604,-73.7014,False,0.0,0.0,0.0
telecom_cluster_03165,T-Mobile cluster,telecom,NJ (external),40.7665,-74.2374,False,0.0,0.0,0.0
telecom_cluster_03166,T-Mobile cluster,telecom,NJ (external),40.7659,-74.2319,False,0.0,0.0,0.0
telecom_cluster_03167,T-Mobile cluster,telecom,NJ (external),40.76618,-74.22046,False,0.0,0.0,0.0
telecom_cluster_03168,T-Mobile cluster,telecom,NJ (external),40.766125,-74.21565,False,0.0,0.0,0.0
telecom_cluster_03169,T-Mobile cluster,telecom,NJ (external),40.7641,-74.21115,False,0.0,0.0,0.0
telecom_cluster_03170,T-Mobile cluster,telecom,NJ (external),40.765454,-74.205631,False,0.0,0.0,0.0
telecom_cluster_03171,T-Mobile cluster,telecom,NJ (external),40.7627,-74.2024,False,0.0,0.0,0.0
telecom_cluster_03172,T-Mobile cluster,telecom,NJ (external),40.7653,-74.1942,False,0.0,0.0,0.0
telecom_cluster_03173,T-Mobile cluster,telecom,NJ (external),40.7628,-74.1628,False,0.0,0.0,0.0
telecom_cluster_03174,T-Mobile cluster,telecom,NJ (external),40.76488,-74.1612,False,0.0,0.0,0.0
telecom_cluster_03175,T-Mobile cluster,telecom,NJ (external),40.7664,-74.1098,False,0.0,0.0,0.0
telecom_cluster_03176,T-Mobile cluster,telecom,NJ (external),40.76285,-74.0728,False,0.0,0.0,0.0
telecom_cluster_03177,T-Mobile cluster,telecom,NJ (external),40.763433,-74.071567,False,0.0,0.0,0.0
telecom_cluster_03178,T-Mobile cluster,telecom,NJ (external),40.766943,-74.065214,False,0.0,0.0,0.0
telecom_cluster_03179,T-Mobile cluster,telecom,NJ (external),40.7668,-74.06,False,0.0,0.0,0.0
telecom_cluster_03180,T-Mobile cluster,telecom,NJ (external),40.7645,-74.0545,False,0.0,0.0,0.0
telecom_cluster_03181,T-Mobile cluster,telecom,NJ (external),40.7638,-74.0485,False,0.0,0.0,0.0
telecom_cluster_03182,T-Mobile cluster,telecom,Brooklyn,40.764417,-74.02415,False,0.0,0.0,0.0
telecom_cluster_03183,T-Mobile cluster,telecom,Brooklyn,40.764936,-74.02105,False,0.0,0.0,0.0
telecom_cluster_03184,T-Mobile cluster,telecom,Manhattan,40.7636,-74.01585,False,0.0,0.0,0.0
telecom_cluster_03185,T-Mobile cluster,telecom,Manhattan,40.7645,-74.0077,False,0.0,0.0,0.0
telecom_cluster_03186,T-Mobile cluster,telecom,Manhattan,40.7655,-74.00595,False,0.0,0.0,0.0
telecom_cluster_03187,T-Mobile cluster,telecom,Manhattan,40.765114,-74.00015,False,0.0,0.8,0.8
telecom_cluster_03188,T-Mobile cluster,telecom,Manhattan,40.765489,-73.994889,False,0.0,0.0,0.0
telecom_cluster_03189,T-Mobile cluster,telecom,Manhattan,40.763711,-73.988435,False,0.0,0.0,0.0
telecom_cluster_03190,T-Mobile cluster,telecom,Manhattan,40.765647,-73.984647,False,0.0,0.0,0.0
telecom_cluster_03191,T-Mobile cluster,telecom,Manhattan,40.764944,-73.980518,False,0.0,0.0,0.0
telecom_cluster_03192,T-Mobile cluster,telecom,Manhattan,40.764608,-73.974764,False,0.0,0.0,0.0
telecom_cluster_03193,T-Mobile cluster,telecom,Manhattan,40.763793,-73.969242,False,0.0,0.0,0.0
telecom_cluster_03194,T-Mobile cluster,telecom,Manhattan,40.765117,-73.965365,False,0.0,0.0,0.0
telecom_cluster_03195,T-Mobile cluster,telecom,Manhattan,40.765715,-73.960044,False,0.0,0.0,0.0
telecom_cluster_03196,T-Mobile cluster,telecom,Manhattan,40.76463,-73.954382,False,0.0,0.0,0.0
telecom_cluster_03197,T-Mobile cluster,telecom,Manhattan,40.766143,-73.951171,False,0.0,0.0,0.0
telecom_cluster_03198,T-Mobile cluster,telecom,Queens,40.763767,-73.9239,False,0.0,0.0,0.0
telecom_cluster_03199,T-Mobile cluster,telecom,Queens,40.76632,-73.92098,False,0.0,0.0,0.0
telecom_cluster_03200,T-Mobile cluster,telecom,Queens,40.7665,-73.9129,False,0.0,0.0,0.0
telecom_cluster_03201,T-Mobile cluster,telecom,Queens,40.7645,-73.904725,False,0.0,0.0,0.0
telecom_cluster_03202,T-Mobile cluster,telecom,Queens,40.766467,-73.900283,False,0.0,0.0,0.0
telecom_cluster_03203,T-Mobile cluster,telecom,Queens,40.766067,-73.894333,False,0.0,0.0,0.0
telecom_cluster_03204,T-Mobile cluster,telecom,Queens,40.764753,-73.889533,False,0.0,0.0,0.0
telecom_cluster_03205,T-Mobile cluster,telecom,Queens,40.766767,-73.863567,False,0.0,0.0,0.0
telecom_cluster_03206,T-Mobile cluster,telecom,Queens,40.7638,-73.861157,False,0.0,0.0,0.0
telecom_cluster_03207,T-Mobile cluster,telecom,Queens,40.76505,-73.8395,False,0.0,0.0,0.8
telecom_cluster_03208,T-Mobile cluster,telecom,Queens,40.7628,-73.8147,False,0.0,0.0,0.0
telecom_cluster_03209,T-Mobile cluster,telecom,Queens,40.7626,-73.8116,False,0.0,0.0,0.0
telecom_cluster_03210,T-Mobile cluster,telecom,Queens,40.7638,-73.7812,False,0.0,0.0,0.2
telecom_cluster_03211,T-Mobile cluster,telecom,Queens,40.762867,-73.774533,False,0.0,0.0,0.0
telecom_cluster_03212,T-Mobile cluster,telecom,Queens,40.7632,-73.7707,False,0.0,0.0,0.0
telecom_cluster_03213,T-Mobile cluster,telecom,Queens,40.7635,-73.7674,False,0.0,0.0,0.0
telecom_cluster_03214,T-Mobile cluster,telecom,Queens,40.765325,-73.758625,False,0.0,0.0,0.8
telecom_cluster_03215,T-Mobile cluster,telecom,Queens,40.7671,-73.7506,False,0.0,0.0,0.0
telecom_cluster_03216,T-Mobile cluster,telecom,Queens,40.7629,-73.7273,False,0.0,0.0,0.6
telecom_cluster_03217,T-Mobile cluster,telecom,Queens,40.7632,-73.7187,False,0.0,0.0,0.0
telecom_cluster_03218,T-Mobile cluster,telecom,NJ (external),40.771,-74.2361,False,0.0,0.0,0.0
telecom_cluster_03219,T-Mobile cluster,telecom,NJ (external),40.76985,-74.22925,False,0.0,0.0,0.0
telecom_cluster_03220,T-Mobile cluster,telecom,NJ (external),40.7706,-74.204167,False,0.0,0.0,0.0
telecom_cluster_03221,T-Mobile cluster,telecom,NJ (external),40.7725,-74.2017,False,0.0,0.0,0.0
telecom_cluster_03222,T-Mobile cluster,telecom,NJ (external),40.77018,-74.19544,False,0.0,0.0,0.0
telecom_cluster_03223,T-Mobile cluster,telecom,NJ (external),40.76845,-74.15905,False,0.0,0.0,0.0
telecom_cluster_03224,T-Mobile cluster,telecom,NJ (external),40.7677,-74.10885,False,0.0,0.0,0.0
telecom_cluster_03225,T-Mobile cluster,telecom,NJ (external),40.7712,-74.1057,False,0.0,0.0,0.0
telecom_cluster_03226,T-Mobile cluster,telecom,NJ (external),40.7706,-74.0777,False,0.0,0.0,0.0
telecom_cluster_03227,T-Mobile cluster,telecom,NJ (external),40.7683,-74.0757,False,0.0,0.0,0.0
telecom_cluster_03228,T-Mobile cluster,telecom,NJ (external),40.769933,-74.0645,False,0.0,0.0,0.0
telecom_cluster_03229,T-Mobile cluster,telecom,NJ (external),40.770575,-74.059,False,0.0,0.0,0.0
telecom_cluster_03230,T-Mobile cluster,telecom,NJ (external),40.77082,-74.05408,False,0.0,0.0,0.0
telecom_cluster_03231,T-Mobile cluster,telecom,NJ (external),40.771662,-74.050075,False,0.0,0.0,0.0
telecom_cluster_03232,T-Mobile cluster,telecom,NJ (external),40.771594,-74.044262,False,0.0,0.0,0.0
telecom_cluster_03233,T-Mobile cluster,telecom,NJ (external),40.771224,-74.041602,False,0.0,0.0,0.0
telecom_cluster_03234,T-Mobile cluster,telecom,NJ (external),40.7686,-74.0347,False,0.0,0.0,0.0
telecom_cluster_03235,T-Mobile cluster,telecom,NJ (external),40.7718,-74.030475,False,0.0,0.0,0.0
telecom_cluster_03236,T-Mobile cluster,telecom,Brooklyn,40.76908,-74.02439,False,0.0,0.0,0.0
telecom_cluster_03237,T-Mobile cluster,telecom,Manhattan,40.770025,-74.019988,False,0.0,0.0,0.0
telecom_cluster_03238,T-Mobile cluster,telecom,Manhattan,40.771375,-74.0166,False,0.0,0.0,0.0
telecom_cluster_03239,T-Mobile cluster,telecom,Manhattan,40.7714,-74.0047,False,0.0,0.0,0.0
telecom_cluster_03240,T-Mobile cluster,telecom,Manhattan,40.76872,-73.99332,False,0.0,0.0,0.0
telecom_cluster_03241,T-Mobile cluster,telecom,Manhattan,40.769671,-73.990063,False,0.0,0.0,0.0
telecom_cluster_03242,T-Mobile cluster,telecom,Manhattan,40.767888,-73.984762,False,0.0,0.0,0.0
telecom_cluster_03243,T-Mobile cluster,telecom,Manhattan,40.76986,-73.980035,False,0.0,0.0,0.0
telecom_cluster_03244,T-Mobile cluster,telecom,Manhattan,40.770027,-73.975073,False,0.0,0.0,0.0
telecom_cluster_03245,T-Mobile cluster,telecom,Manhattan,40.76945,-73.969542,False,0.0,0.0,0.0
telecom_cluster_03246,T-Mobile cluster,telecom,Manhattan,40.768749,-73.963856,False,0.0,0.0,0.0
telecom_cluster_03247,T-Mobile cluster,telecom,Manhattan,40.769721,-73.959571,False,0.0,0.0,0.0
telecom_cluster_03248,T-Mobile cluster,telecom,Manhattan,40.768323,-73.954544,False,0.0,0.0,0.0
telecom_cluster_03249,T-Mobile cluster,telecom,Manhattan,40.771364,-73.950532,False,0.0,0.0,0.0
telecom_cluster_03250,T-Mobile cluster,telecom,Manhattan,40.7713,-73.94654,False,0.0,0.8,0.8
telecom_cluster_03251,T-Mobile cluster,telecom,Queens,40.770283,-73.91915,False,0.0,0.0,0.0
telecom_cluster_03252,T-Mobile cluster,telecom,Queens,40.770243,-73.914614,False,0.0,0.0,0.0
telecom_cluster_03253,T-Mobile cluster,telecom,Queens,40.769894,-73.909994,False,0.0,0.0,0.0
telecom_cluster_03254,T-Mobile cluster,telecom,Queens,40.768467,-73.905567,False,0.0,0.0,0.0
telecom_cluster_03255,T-Mobile cluster,telecom,Queens,40.7677,-73.9012,False,0.0,0.0,0.0
telecom_cluster_03256,T-Mobile cluster,telecom,Queens,40.7683,-73.8876,False,0.0,0.0,0.0
telecom_cluster_03257,T-Mobile cluster,telecom,Queens,40.768233,-73.883933,False,0.6,0.6,0.6
telecom_cluster_03258,T-Mobile cluster,telecom,Queens,40.770217,-73.87885,False,0.0,0.0,0.6
telecom_cluster_03259,T-Mobile cluster,telecom,Queens,40.77138,-73.87456,False,0.0,0.0,0.6
telecom_cluster_03260,T-Mobile cluster,telecom,Queens,40.77101,-73.86957,False,0.0,0.0,0.0
telecom_cluster_03261,T-Mobile cluster,telecom,Queens,40.768583,-73.864767,False,0.0,0.0,0.8
telecom_cluster_03262,T-Mobile cluster,telecom,Queens,40.7681,-73.8592,False,0.0,0.0,0.0
telecom_cluster_03263,T-Mobile cluster,telecom,Queens,40.7702,-73.8554,False,0.0,0.0,0.0
telecom_cluster_03264,T-Mobile cluster,telecom,Queens,40.77065,-73.8316,False,0.0,0.0,0.0
telecom_cluster_03265,T-Mobile cluster,telecom,Queens,40.7708,-73.7627,False,0.0,0.0,0.0
telecom_cluster_03266,T-Mobile cluster,telecom,Queens,40.770133,-73.762233,False,0.0,0.0,0.0
telecom_cluster_03267,T-Mobile cluster,telecom,Queens,40.7689,-73.7483,False,0.0,0.0,0.0
telecom_cluster_03268,T-Mobile cluster,telecom,Queens,40.7716,-73.7449,False,0.0,0.0,0.0
telecom_cluster_03269,T-Mobile cluster,telecom,Queens,40.7686,-73.70525,False,0.0,0.0,0.0
telecom_cluster_03270,T-Mobile cluster,telecom,NJ (external),40.7738,-74.2387,False,0.0,0.0,0.0
telecom_cluster_03271,T-Mobile cluster,telecom,NJ (external),40.774344,-74.203606,False,0.0,0.0,0.0
telecom_cluster_03272,T-Mobile cluster,telecom,NJ (external),40.7772,-74.2021,False,0.0,0.0,0.0
telecom_cluster_03273,T-Mobile cluster,telecom,NJ (external),40.775725,-74.1967,False,0.0,0.0,0.0
telecom_cluster_03274,T-Mobile cluster,telecom,NJ (external),40.774838,-74.1535,False,0.0,0.0,0.0
telecom_cluster_03275,T-Mobile cluster,telecom,NJ (external),40.7733,-74.1038,False,0.0,0.0,0.0
telecom_cluster_03276,T-Mobile cluster,telecom,NJ (external),40.776433,-74.101433,False,0.0,0.0,0.0
telecom_cluster_03277,T-Mobile cluster,telecom,NJ (external),40.77493,-74.05987,False,0.0,0.0,0.0
telecom_cluster_03278,T-Mobile cluster,telecom,NJ (external),40.7772,-74.0554,False,0.0,0.0,0.0
telecom_cluster_03279,T-Mobile cluster,telecom,NJ (external),40.7726,-74.0477,False,0.0,0.0,0.0
telecom_cluster_03280,T-Mobile cluster,telecom,NJ (external),40.775125,-74.044425,False,0.0,0.0,0.0
telecom_cluster_03281,T-Mobile cluster,telecom,NJ (external),40.7749,-74.039542,False,0.0,0.0,0.0
telecom_cluster_03282,T-Mobile cluster,telecom,NJ (external),40.77361,-74.03467,False,0.0,0.0,0.0
telecom_cluster_03283,T-Mobile cluster,telecom,NJ (external),40.7729,-74.0319,False,0.0,0.0,0.0
telecom_cluster_03284,T-Mobile cluster,telecom,Brooklyn,40.77355,-74.0236,False,0.0,0.0,0.0
telecom_cluster_03285,T-Mobile cluster,telecom,Brooklyn,40.775733,-74.020533,False,0.0,0.0,0.0
telecom_cluster_03286,T-Mobile cluster,telecom,Manhattan,40.774118,-74.015118,False,0.0,0.0,0.0
telecom_cluster_03287,T-Mobile cluster,telecom,Manhattan,40.7738,-74.0097,False,0.0,0.0,0.0
telecom_cluster_03288,T-Mobile cluster,telecom,Manhattan,40.77435,-73.9995,False,0.0,0.0,0.0
telecom_cluster_03289,T-Mobile cluster,telecom,Manhattan,40.7737,-73.9952,False,0.0,0.8,0.8
telecom_cluster_03290,T-Mobile cluster,telecom,Manhattan,40.773456,-73.989611,False,0.0,0.0,0.0
telecom_cluster_03291,T-Mobile cluster,telecom,Manhattan,40.77665,-73.98675,False,0.0,0.0,0.0
telecom_cluster_03292,T-Mobile cluster,telecom,Manhattan,40.7749,-73.98068,False,0.0,0.0,0.0
telecom_cluster_03293,T-Mobile cluster,telecom,Manhattan,40.775211,-73.974544,False,0.0,0.0,0.0
telecom_cluster_03294,T-Mobile cluster,telecom,Manhattan,40.775283,-73.969733,False,0.0,0.0,0.0
telecom_cluster_03295,T-Mobile cluster,telecom,Manhattan,40.77451,-73.96488,False,0.0,0.0,0.0
telecom_cluster_03296,T-Mobile cluster,telecom,Manhattan,40.775379,-73.960921,False,0.0,0.0,0.0
telecom_cluster_03297,T-Mobile cluster,telecom,Manhattan,40.7741,-73.9545,False,0.0,0.0,0.0
telecom_cluster_03298,T-Mobile cluster,telecom,Manhattan,40.774191,-73.949618,False,0.0,0.0,0.0
telecom_cluster_03299,T-Mobile cluster,telecom,Manhattan,40.77557,-73.9442,False,0.0,0.0,0.0
telecom_cluster_03300,T-Mobile cluster,telecom,Queens,40.77685,-73.9247,False,0.0,0.0,0.0
telecom_cluster_03301,T-Mobile cluster,telecom,Queens,40.77416,-73.92042,False,0.0,0.0,0.0
telecom_cluster_03302,T-Mobile cluster,telecom,Queens,40.77461,-73.91383,False,0.0,0.0,0.0
telecom_cluster_03303,T-Mobile cluster,telecom,Queens,40.774817,-73.911683,False,0.0,0.0,0.0
telecom_cluster_03304,T-Mobile cluster,telecom,Queens,40.7728,-73.8798,False,0.0,0.0,0.0
telecom_cluster_03305,T-Mobile cluster,telecom,Queens,40.774671,-73.874729,False,0.0,0.0,0.0
telecom_cluster_03306,T-Mobile cluster,telecom,Queens,40.77405,-73.871962,False,0.0,0.0,0.0
telecom_cluster_03307,T-Mobile cluster,telecom,Queens,40.7748,-73.8667,False,0.0,0.0,0.0
telecom_cluster_03308,T-Mobile cluster,telecom,Queens,40.776,-73.7671,False,0.0,0.0,0.0
telecom_cluster_03309,T-Mobile cluster,telecom,Queens,40.77485,-73.7407,False,0.0,0.0,0.0
telecom_cluster_03310,T-Mobile cluster,telecom,NJ (external),40.779229,-74.200957,False,0.0,0.0,0.0
telecom_cluster_03311,T-Mobile cluster,telecom,NJ (external),40.782,-74.1491,False,0.0,0.0,0.0
telecom_cluster_03312,T-Mobile cluster,telecom,NJ (external),40.78015,-74.0992,False,0.0,0.0,0.0
telecom_cluster_03313,T-Mobile cluster,telecom,NJ (external),40.78095,-74.0971,False,0.0,0.0,0.0
telecom_cluster_03314,T-Mobile cluster,telecom,NJ (external),40.7812,-74.0874,False,0.0,0.0,0.0
telecom_cluster_03315,T-Mobile cluster,telecom,NJ (external),40.7775,-74.0798,False,0.0,0.0,0.0
telecom_cluster_03316,T-Mobile cluster,telecom,NJ (external),40.7802,-74.0686,False,0.0,0.0,0.0
telecom_cluster_03317,T-Mobile cluster,telecom,NJ (external),40.7807,-74.0658,False,0.0,0.0,0.0
telecom_cluster_03318,T-Mobile cluster,telecom,NJ (external),40.778033,-74.057967,False,0.0,0.0,0.0
telecom_cluster_03319,T-Mobile cluster,telecom,NJ (external),40.77977,-74.05617,False,0.0,0.0,0.0
telecom_cluster_03320,T-Mobile cluster,telecom,NJ (external),40.779067,-74.0494,False,0.0,0.0,0.0
telecom_cluster_03321,T-Mobile cluster,telecom,NJ (external),40.77995,-74.0454,False,0.0,0.0,0.0
telecom_cluster_03322,T-Mobile cluster,telecom,NJ (external),40.7823,-74.0421,False,0.0,0.0,0.0
telecom_cluster_03323,T-Mobile cluster,telecom,NJ (external),40.781933,-74.035733,False,0.0,0.0,0.0
telecom_cluster_03324,T-Mobile cluster,telecom,Manhattan,40.7778,-74.0175,False,0.0,0.0,0.0
telecom_cluster_03325,T-Mobile cluster,telecom,Manhattan,40.77975,-74.012983,False,0.0,0.0,0.0
telecom_cluster_03326,T-Mobile cluster,telecom,Manhattan,40.781886,-74.011671,False,0.0,0.0,0.0
telecom_cluster_03327,T-Mobile cluster,telecom,Manhattan,40.7785,-73.9932,False,0.0,0.0,0.0
telecom_cluster_03328,T-Mobile cluster,telecom,Manhattan,40.7785,-73.9894,False,0.0,0.0,0.0
telecom_cluster_03329,T-Mobile cluster,telecom,Manhattan,40.77956,-73.98326,False,0.0,0.0,0.0
telecom_cluster_03330,T-Mobile cluster,telecom,Manhattan,40.778831,-73.981823,False,0.0,0.0,0.2
telecom_cluster_03331,T-Mobile cluster,telecom,Manhattan,40.780807,-73.974453,False,0.0,0.0,0.0
telecom_cluster_03332,T-Mobile cluster,telecom,Manhattan,40.780878,-73.970744,False,0.0,0.0,0.0
telecom_cluster_03333,T-Mobile cluster,telecom,Manhattan,40.779829,-73.965157,False,0.0,0.0,0.0
telecom_cluster_03334,T-Mobile cluster,telecom,Manhattan,40.780225,-73.960381,False,0.0,0.0,0.0
telecom_cluster_03335,T-Mobile cluster,telecom,Manhattan,40.780691,-73.955627,False,0.0,0.0,0.0
telecom_cluster_03336,T-Mobile cluster,telecom,Manhattan,40.77978,-73.949613,False,0.0,0.0,0.0
telecom_cluster_03337,T-Mobile cluster,telecom,Manhattan,40.779534,-73.944303,False,0.0,0.0,0.0
telecom_cluster_03338,T-Mobile cluster,telecom,Queens,40.7815,-73.9283,False,0.0,0.0,0.0
telecom_cluster_03339,T-Mobile cluster,telecom,Queens,40.7812,-73.926,False,0.0,0.0,0.0
telecom_cluster_03340,T-Mobile cluster,telecom,Queens,40.7807,-73.91965,False,0.0,0.0,0.0
telecom_cluster_03341,T-Mobile cluster,telecom,Queens,40.778033,-73.916133,False,0.0,0.0,0.0
telecom_cluster_03342,T-Mobile cluster,telecom,Queens,40.7813,-73.8683,False,0.0,0.0,0.0
telecom_cluster_03343,T-Mobile cluster,telecom,Queens,40.7775,-73.8277,False,0.0,0.0,0.0
telecom_cluster_03344,T-Mobile cluster,telecom,Queens,40.7809,-73.7702,False,0.0,0.0,0.0
telecom_cluster_03345,T-Mobile cluster,telecom,Queens,40.77895,-73.7357,False,0.0,0.0,0.0
telecom_cluster_03346,T-Mobile cluster,telecom,NJ (external),40.78375,-74.25115,False,0.0,0.0,0.0
telecom_cluster_03347,T-Mobile cluster,telecom,NJ (external),40.7839,-74.2467,False,0.0,0.0,0.0
telecom_cluster_03348,T-Mobile cluster,telecom,NJ (external),40.785417,-74.2003,False,0.0,0.0,0.0
telecom_cluster_03349,T-Mobile cluster,telecom,NJ (external),40.7855,-74.14848,False,0.0,0.0,0.0
telecom_cluster_03350,T-Mobile cluster,telecom,NJ (external),40.7834,-74.0948,False,0.0,0.0,0.0
telecom_cluster_03351,T-Mobile cluster,telecom,NJ (external),40.7828,-74.0775,False,0.0,0.0,0.0
telecom_cluster_03352,T-Mobile cluster,telecom,NJ (external),40.7853,-74.075467,False,0.0,0.0,0.0
telecom_cluster_03353,T-Mobile cluster,telecom,NJ (external),40.783112,-74.0544,False,0.0,0.0,0.0
telecom_cluster_03354,T-Mobile cluster,telecom,NJ (external),40.786031,-74.049877,False,0.0,0.0,0.0
telecom_cluster_03355,T-Mobile cluster,telecom,NJ (external),40.7834,-74.0428,False,0.0,0.0,0.0
telecom_cluster_03356,T-Mobile cluster,telecom,NJ (external),40.7833,-74.0343,False,0.0,0.0,0.0
telecom_cluster_03357,T-Mobile cluster,telecom,NJ (external),40.7863,-74.03105,False,0.0,0.0,0.0
telecom_cluster_03358,T-Mobile cluster,telecom,Manhattan,40.7847,-74.0148,False,0.0,0.0,0.0
telecom_cluster_03359,T-Mobile cluster,telecom,Manhattan,40.783157,-74.010943,False,0.0,0.0,0.0
telecom_cluster_03360,T-Mobile cluster,telecom,Manhattan,40.7833,-73.9953,False,0.0,0.0,0.0
telecom_cluster_03361,T-Mobile cluster,telecom,Manhattan,40.7856,-73.99,False,0.0,0.0,0.0
telecom_cluster_03362,T-Mobile cluster,telecom,Manhattan,40.7855,-73.984133,False,0.0,0.0,0.6
telecom_cluster_03363,T-Mobile cluster,telecom,Manhattan,40.78513,-73.9796,False,0.0,0.0,0.0
telecom_cluster_03364,T-Mobile cluster,telecom,Manhattan,40.78706,-73.97474,False,0.0,0.0,0.0
telecom_cluster_03365,T-Mobile cluster,telecom,Manhattan,40.78565,-73.96989,False,0.0,0.0,0.0
telecom_cluster_03366,T-Mobile cluster,telecom,Manhattan,40.784,-73.96566,False,0.0,0.0,0.0
telecom_cluster_03367,T-Mobile cluster,telecom,Manhattan,40.783657,-73.958671,False,0.0,0.0,0.0
telecom_cluster_03368,T-Mobile cluster,telecom,Manhattan,40.784814,-73.95445,False,0.0,0.0,0.0
telecom_cluster_03369,T-Mobile cluster,telecom,Manhattan,40.786295,-73.951611,False,0.0,0.0,0.0
telecom_cluster_03370,T-Mobile cluster,telecom,Manhattan,40.78346,-73.94418,False,0.0,0.0,0.0
telecom_cluster_03371,T-Mobile cluster,telecom,Manhattan,40.784993,-73.94068,False,0.0,0.0,0.8
telecom_cluster_03372,T-Mobile cluster,telecom,Manhattan,40.7842,-73.9327,False,0.0,0.0,0.0
telecom_cluster_03373,T-Mobile cluster,telecom,Queens,40.784,-73.9295,False,0.0,0.0,0.0
telecom_cluster_03374,T-Mobile cluster,telecom,Queens,40.7838,-73.924733,False,0.0,0.0,0.0
telecom_cluster_03375,T-Mobile cluster,telecom,Queens,40.785833,-73.824367,False,0.0,0.0,0.2
telecom_cluster_03376,T-Mobile cluster,telecom,Queens,40.7862,-73.8216,False,0.0,0.0,0.0
telecom_cluster_03377,T-Mobile cluster,telecom,Queens,40.7871,-73.8111,False,0.0,0.0,0.0
telecom_cluster_03378,T-Mobile cluster,telecom,Queens,40.7861,-73.8006,False,0.0,0.0,0.2
telecom_cluster_03379,T-Mobile cluster,telecom,Queens,40.78515,-73.7743,False,0.0,0.0,0.0
telecom_cluster_03380,T-Mobile cluster,telecom,Queens,40.783,-73.7719,False,0.0,0.0,0.0
telecom_cluster_03381,T-Mobile cluster,telecom,Queens,40.7852,-73.7295,False,0.0,0.0,0.0
telecom_cluster_03382,T-Mobile cluster,telecom,NJ (external),40.7881,-74.197975,False,0.0,0.0,0.0
telecom_cluster_03383,T-Mobile cluster,telecom,NJ (external),40.789608,-74.195369,False,0.0,0.0,0.0
telecom_cluster_03384,T-Mobile cluster,telecom,NJ (external),40.79009,-74.14578,False,0.0,0.0,0.0
telecom_cluster_03385,T-Mobile cluster,telecom,NJ (external),40.78975,-74.0883,False,0.0,0.0,0.0
telecom_cluster_03386,T-Mobile cluster,telecom,NJ (external),40.79115,-74.085925,False,0.0,0.0,0.0
telecom_cluster_03387,T-Mobile cluster,telecom,NJ (external),40.791117,-74.054,False,0.0,0.0,0.0
telecom_cluster_03388,T-Mobile cluster,telecom,NJ (external),40.78866,-74.04894,False,0.0,0.0,0.0
telecom_cluster_03389,T-Mobile cluster,telecom,NJ (external),40.79095,-74.04625,False,0.0,0.0,0.0
telecom_cluster_03390,T-Mobile cluster,telecom,NJ (external),40.7913,-74.042,False,0.0,0.0,0.0
telecom_cluster_03391,T-Mobile cluster,telecom,NJ (external),40.7878,-74.0304,False,0.0,0.0,0.0
telecom_cluster_03392,T-Mobile cluster,telecom,Manhattan,40.7915,-74.0015,False,0.0,0.0,0.0
telecom_cluster_03393,T-Mobile cluster,telecom,Manhattan,40.7902,-73.9839,False,0.0,0.0,0.0
telecom_cluster_03394,T-Mobile cluster,telecom,Manhattan,40.79034,-73.97844,False,0.0,0.0,0.0
telecom_cluster_03395,T-Mobile cluster,telecom,Manhattan,40.789644,-73.975133,False,0.0,0.0,0.0
telecom_cluster_03396,T-Mobile cluster,telecom,Manhattan,40.790138,-73.9714,False,0.0,0.0,0.0
telecom_cluster_03397,T-Mobile cluster,telecom,Manhattan,40.79062,-73.96588,False,0.0,0.0,0.0
telecom_cluster_03398,T-Mobile cluster,telecom,Manhattan,40.790329,-73.955514,False,0.0,0.0,0.0
telecom_cluster_03399,T-Mobile cluster,telecom,Manhattan,40.790338,-73.949831,False,0.0,0.0,0.0
telecom_cluster_03400,T-Mobile cluster,telecom,Manhattan,40.787967,-73.938167,False,0.0,0.0,0.8
telecom_cluster_03401,T-Mobile cluster,telecom,Manhattan,40.79148,-73.935433,False,0.0,0.0,0.0
telecom_cluster_03402,T-Mobile cluster,telecom,Queens,40.78955,-73.9297,False,0.0,0.0,0.0
telecom_cluster_03403,T-Mobile cluster,telecom,Queens,40.78895,-73.92605,False,0.0,0.0,0.0
telecom_cluster_03404,T-Mobile cluster,telecom,Queens,40.7882,-73.8238,False,0.0,0.0,0.0
telecom_cluster_03405,T-Mobile cluster,telecom,Queens,40.7897,-73.8204,False,0.0,0.0,0.0
telecom_cluster_03406,T-Mobile cluster,telecom,Queens,40.7878,-73.8161,False,0.0,0.0,0.6
telecom_cluster_03407,T-Mobile cluster,telecom,Queens,40.79,-73.7935,False,0.0,0.0,0.0
telecom_cluster_03408,T-Mobile cluster,telecom,Queens,40.7881,-73.7917,False,0.0,0.0,0.0
telecom_cluster_03409,T-Mobile cluster,telecom,Queens,40.78905,-73.78505,False,0.0,0.0,0.0
telecom_cluster_03410,T-Mobile cluster,telecom,Queens,40.7889,-73.7802,False,0.0,0.0,0.0
telecom_cluster_03411,T-Mobile cluster,telecom,Queens,40.7888,-73.7212,False,0.0,0.0,0.0
telecom_cluster_03412,T-Mobile cluster,telecom,Queens,40.7914,-73.7141,False,0.0,0.0,0.0
telecom_cluster_03413,T-Mobile cluster,telecom,Queens,40.7925,-73.7098,False,0.0,0.0,0.0
telecom_cluster_03414,T-Mobile cluster,telecom,NJ (external),40.79545,-74.2649,False,0.0,0.0,0.0
telecom_cluster_03415,T-Mobile cluster,telecom,NJ (external),40.7944,-74.261,False,0.0,0.0,0.0
telecom_cluster_03416,T-Mobile cluster,telecom,NJ (external),40.795,-74.2531,False,0.0,0.0,0.0
telecom_cluster_03417,T-Mobile cluster,telecom,NJ (external),40.7946,-74.23125,False,0.0,0.0,0.0
telecom_cluster_03418,T-Mobile cluster,telecom,NJ (external),40.7958,-74.20085,False,0.0,0.0,0.0
telecom_cluster_03419,T-Mobile cluster,telecom,NJ (external),40.7933,-74.1926,False,0.0,0.0,0.0
telecom_cluster_03420,T-Mobile cluster,telecom,NJ (external),40.79506,-74.19169,False,0.0,0.0,0.0
telecom_cluster_03421,T-Mobile cluster,telecom,NJ (external),40.7929,-74.1435,False,0.0,0.0,0.0
telecom_cluster_03422,T-Mobile cluster,telecom,NJ (external),40.7955,-74.14155,False,0.0,0.0,0.0
telecom_cluster_03423,T-Mobile cluster,telecom,NJ (external),40.7933,-74.08495,False,0.0,0.0,0.0
telecom_cluster_03424,T-Mobile cluster,telecom,NJ (external),40.7966,-74.0786,False,0.0,0.0,0.0
telecom_cluster_03425,T-Mobile cluster,telecom,NJ (external),40.7931,-74.0706,False,0.0,0.0,0.0
telecom_cluster_03426,T-Mobile cluster,telecom,NJ (external),40.7962,-74.0628,False,0.0,0.0,0.0
telecom_cluster_03427,T-Mobile cluster,telecom,NJ (external),40.795373,-74.059782,False,0.0,0.0,0.0
telecom_cluster_03428,T-Mobile cluster,telecom,NJ (external),40.793067,-74.056433,False,0.0,0.0,0.0
telecom_cluster_03429,T-Mobile cluster,telecom,NJ (external),40.79342,-74.04418,False,0.0,0.0,0.0
telecom_cluster_03430,T-Mobile cluster,telecom,NJ (external),40.7961,-74.040725,False,0.0,0.0,0.0
telecom_cluster_03431,T-Mobile cluster,telecom,Brooklyn,40.7945,-74.0298,False,0.0,0.0,0.0
telecom_cluster_03432,T-Mobile cluster,telecom,Brooklyn,40.7933,-74.0261,False,0.0,0.0,0.0
telecom_cluster_03433,T-Mobile cluster,telecom,Manhattan,40.7953,-73.97935,False,0.0,0.0,0.0
telecom_cluster_03434,T-Mobile cluster,telecom,Manhattan,40.79502,-73.97518,False,0.0,0.0,0.0
telecom_cluster_03435,T-Mobile cluster,telecom,Manhattan,40.79474,-73.9709,False,0.0,0.0,0.0
telecom_cluster_03436,T-Mobile cluster,telecom,Manhattan,40.795,-73.9659,False,0.0,0.0,0.6
telecom_cluster_03437,T-Mobile cluster,telecom,Manhattan,40.7953,-73.9616,False,0.0,0.0,0.0
telecom_cluster_03438,T-Mobile cluster,telecom,Manhattan,40.794689,-73.954689,False,0.0,0.0,0.0
telecom_cluster_03439,T-Mobile cluster,telecom,Manhattan,40.7946,-73.948978,False,0.0,0.0,0.0
telecom_cluster_03440,T-Mobile cluster,telecom,Manhattan,40.795556,-73.946022,False,0.2,0.6,0.6
telecom_cluster_03441,T-Mobile cluster,telecom,Manhattan,40.79504,-73.93768,False,0.0,0.0,0.0
telecom_cluster_03442,T-Mobile cluster,telecom,Manhattan,40.794278,-73.935856,False,0.0,0.0,0.0
telecom_cluster_03443,T-Mobile cluster,telecom,Manhattan,40.795488,-73.9304,False,0.0,0.0,0.8
telecom_cluster_03444,T-Mobile cluster,telecom,Queens,40.795067,-73.924233,False,0.0,0.0,0.0
telecom_cluster_03445,T-Mobile cluster,telecom,Queens,40.7939,-73.922,False,0.0,0.0,0.0
telecom_cluster_03446,T-Mobile cluster,telecom,Queens,40.797,-73.9174,False,0.0,0.0,0.0
telecom_cluster_03447,T-Mobile cluster,telecom,Queens,40.7935,-73.8248,False,0.0,0.0,0.2
telecom_cluster_03448,T-Mobile cluster,telecom,Queens,40.7949,-73.8006,False,0.0,0.0,0.0
telecom_cluster_03449,T-Mobile cluster,telecom,Queens,40.7959,-73.7937,False,0.0,0.0,0.0
telecom_cluster_03450,T-Mobile cluster,telecom,Queens,40.79405,-73.70535,False,0.0,0.0,0.0
telecom_cluster_03451,T-Mobile cluster,telecom,Queens,40.7965,-73.7003,False,0.0,0.0,0.0
telecom_cluster_03452,T-Mobile cluster,telecom,NJ (external),40.7992,-74.2034,False,0.0,0.0,0.0
telecom_cluster_03453,T-Mobile cluster,telecom,NJ (external),40.798714,-74.189386,False,0.0,0.0,0.0
telecom_cluster_03454,T-Mobile cluster,telecom,NJ (external),40.802225,-74.1861,False,0.0,0.0,0.0
telecom_cluster_03455,T-Mobile cluster,telecom,NJ (external),40.7988,-74.140017,False,0.0,0.0,0.0
telecom_cluster_03456,T-Mobile cluster,telecom,NJ (external),40.802,-74.0994,False,0.0,0.0,0.0
telecom_cluster_03457,T-Mobile cluster,telecom,NJ (external),40.800825,-74.07435,False,0.0,0.0,0.0
telecom_cluster_03458,T-Mobile cluster,telecom,NJ (external),40.8018,-74.069633,False,0.0,0.0,0.0
telecom_cluster_03459,T-Mobile cluster,telecom,NJ (external),40.79915,-74.06498,False,0.0,0.0,0.0
telecom_cluster_03460,T-Mobile cluster,telecom,NJ (external),40.7979,-74.0598,False,0.0,0.0,0.0
telecom_cluster_03461,T-Mobile cluster,telecom,NJ (external),40.7989,-74.038925,False,0.0,0.0,0.0
telecom_cluster_03462,T-Mobile cluster,telecom,NJ (external),40.7998,-74.0373,False,0.0,0.0,0.0
telecom_cluster_03463,T-Mobile cluster,telecom,Brooklyn,40.8002,-74.0273,False,0.0,0.0,0.0
telecom_cluster_03464,T-Mobile cluster,telecom,Brooklyn,40.8012,-74.0207,False,0.0,0.0,0.0
telecom_cluster_03465,T-Mobile cluster,telecom,Manhattan,40.7979,-73.9752,False,0.0,0.0,0.0
telecom_cluster_03466,T-Mobile cluster,telecom,Manhattan,40.79905,-73.97,False,0.0,0.0,0.0
telecom_cluster_03467,T-Mobile cluster,telecom,Manhattan,40.80058,-73.96388,False,0.0,0.0,0.0
telecom_cluster_03468,T-Mobile cluster,telecom,Manhattan,40.800071,-73.960014,False,0.0,0.0,0.0
telecom_cluster_03469,T-Mobile cluster,telecom,Manhattan,40.7997,-73.956067,False,0.0,0.0,0.0
telecom_cluster_03470,T-Mobile cluster,telecom,Manhattan,40.7982,-73.9522,False,0.0,0.0,0.0
telecom_cluster_03471,T-Mobile cluster,telecom,Manhattan,40.7989,-73.943692,False,0.0,0.0,0.0
telecom_cluster_03472,T-Mobile cluster,telecom,Manhattan,40.800324,-73.940914,False,0.0,0.0,0.0
telecom_cluster_03473,T-Mobile cluster,telecom,Queens,40.799575,-73.92935,False,0.0,0.0,0.0
telecom_cluster_03474,T-Mobile cluster,telecom,Queens,40.7995,-73.923933,False,0.0,0.0,0.0
telecom_cluster_03475,T-Mobile cluster,telecom,Bronx,40.80085,-73.92055,False,0.0,0.0,0.0
telecom_cluster_03476,T-Mobile cluster,telecom,Bronx,40.8004,-73.914425,False,0.0,0.0,0.0
telecom_cluster_03477,T-Mobile cluster,telecom,Bronx,40.8016,-73.9117,False,0.0,0.0,0.0
telecom_cluster_03478,T-Mobile cluster,telecom,Bronx,40.80075,-73.82895,False,0.0,0.0,0.0
telecom_cluster_03479,T-Mobile cluster,telecom,NJ (external),40.8055,-74.208667,False,0.0,0.0,0.0
telecom_cluster_03480,T-Mobile cluster,telecom,NJ (external),40.805,-74.1841,False,0.0,0.0,0.0
telecom_cluster_03481,T-Mobile cluster,telecom,NJ (external),40.80692,-74.13994,False,0.0,0.0,0.0
telecom_cluster_03482,T-Mobile cluster,telecom,NJ (external),40.8072,-74.1012,False,0.0,0.0,0.0
telecom_cluster_03483,T-Mobile cluster,telecom,NJ (external),40.805933,-74.074633,False,0.0,0.0,0.0
telecom_cluster_03484,T-Mobile cluster,telecom,NJ (external),40.8066,-74.0702,False,0.0,0.0,0.0
telecom_cluster_03485,T-Mobile cluster,telecom,NJ (external),40.807,-74.0664,False,0.0,0.0,0.0
telecom_cluster_03486,T-Mobile cluster,telecom,NJ (external),40.8068,-74.0624,False,0.0,0.0,0.0
telecom_cluster_03487,T-Mobile cluster,telecom,NJ (external),40.803,-74.0569,False,0.0,0.0,0.0
telecom_cluster_03488,T-Mobile cluster,telecom,NJ (external),40.80424,-74.03419,False,0.0,0.0,0.0
telecom_cluster_03489,T-Mobile cluster,telecom,NJ (external),40.805033,-74.030633,False,0.0,0.0,0.0
telecom_cluster_03490,T-Mobile cluster,telecom,Brooklyn,40.8041,-74.0246,False,0.0,0.0,0.0
telecom_cluster_03491,T-Mobile cluster,telecom,Manhattan,40.804867,-74.019533,False,0.0,0.0,0.0
telecom_cluster_03492,T-Mobile cluster,telecom,Manhattan,40.8066,-74.01615,False,0.0,0.0,0.0
telecom_cluster_03493,T-Mobile cluster,telecom,Manhattan,40.8061,-73.9703,False,0.0,0.0,0.0
telecom_cluster_03494,T-Mobile cluster,telecom,Manhattan,40.803233,-73.9634,False,0.0,0.0,0.0
telecom_cluster_03495,T-Mobile cluster,telecom,Manhattan,40.806333,-73.961433,False,0.0,0.0,0.0
telecom_cluster_03496,T-Mobile cluster,telecom,Manhattan,40.8052,-73.9504,False,0.0,0.0,0.0
telecom_cluster_03497,T-Mobile cluster,telecom,Manhattan,40.8068,-73.94525,False,0.0,0.0,0.0
telecom_cluster_03498,T-Mobile cluster,telecom,Manhattan,40.805179,-73.939349,False,0.0,0.0,0.0
telecom_cluster_03499,T-Mobile cluster,telecom,Manhattan,40.805411,-73.934956,False,0.0,0.0,0.0
telecom_cluster_03500,T-Mobile cluster,telecom,Manhattan,40.804269,-73.9308,False,0.0,0.0,0.8
telecom_cluster_03501,T-Mobile cluster,telecom,Bronx,40.806,-73.925122,False,0.0,0.0,0.0
telecom_cluster_03502,T-Mobile cluster,telecom,Bronx,40.8039,-73.91984,False,0.0,0.0,0.0
telecom_cluster_03503,T-Mobile cluster,telecom,Bronx,40.8043,-73.9129,False,0.0,0.0,0.0
telecom_cluster_03504,T-Mobile cluster,telecom,Bronx,40.8052,-73.909375,False,0.0,0.0,0.0
telecom_cluster_03505,T-Mobile cluster,telecom,Bronx,40.80725,-73.8336,False,0.0,0.0,0.0
telecom_cluster_03506,T-Mobile cluster,telecom,Bronx,40.8054,-73.7937,False,0.0,0.0,0.0
telecom_cluster_03507,T-Mobile cluster,telecom,Bronx,40.8049,-73.7911,False,0.0,0.0,0.0
telecom_cluster_03508,T-Mobile cluster,telecom,NJ (external),40.809267,-74.208367,False,0.0,0.0,0.0
telecom_cluster_03509,T-Mobile cluster,telecom,NJ (external),40.8078,-74.1827,False,0.0,0.0,0.0
telecom_cluster_03510,T-Mobile cluster,telecom,NJ (external),40.809375,-74.181338,False,0.0,0.0,0.0
telecom_cluster_03511,T-Mobile cluster,telecom,NJ (external),40.8078,-74.1399,False,0.0,0.0,0.0
telecom_cluster_03512,T-Mobile cluster,telecom,NJ (external),40.8092,-74.104271,False,0.0,0.0,0.0
telecom_cluster_03513,T-Mobile cluster,telecom,NJ (external),40.809229,-74.101586,False,0.0,0.0,0.0
telecom_cluster_03514,T-Mobile cluster,telecom,NJ (external),40.810667,-74.093833,False,0.0,0.0,0.0
telecom_cluster_03515,T-Mobile cluster,telecom,NJ (external),40.8106,-74.085,False,0.0,0.0,0.0
telecom_cluster_03516,T-Mobile cluster,telecom,NJ (external),40.8085,-74.07975,False,0.0,0.0,0.0
telecom_cluster_03517,T-Mobile cluster,telecom,NJ (external),40.8079,-74.0728,False,0.0,0.0,0.0
telecom_cluster_03518,T-Mobile cluster,telecom,NJ (external),40.810714,-74.071571,False,0.0,0.0,0.0
telecom_cluster_03519,T-Mobile cluster,telecom,NJ (external),40.808433,-74.065,False,0.0,0.0,0.0
telecom_cluster_03520,T-Mobile cluster,telecom,NJ (external),40.8121,-74.0592,False,0.0,0.0,0.0
telecom_cluster_03521,T-Mobile cluster,telecom,NJ (external),40.80785,-74.03265,False,0.0,0.0,0.0
telecom_cluster_03522,T-Mobile cluster,telecom,NJ (external),40.81038,-74.03028,False,0.0,0.0,0.0
telecom_cluster_03523,T-Mobile cluster,telecom,Brooklyn,40.810167,-74.025467,False,0.0,0.0,0.0
telecom_cluster_03524,T-Mobile cluster,telecom,Manhattan,40.81025,-73.96775,False,0.0,0.0,0.0
telecom_cluster_03525,T-Mobile cluster,telecom,Manhattan,40.8116,-73.96635,False,0.0,0.0,0.0
telecom_cluster_03526,T-Mobile cluster,telecom,Manhattan,40.811641,-73.961134,False,0.0,0.0,0.0
telecom_cluster_03527,T-Mobile cluster,telecom,Manhattan,40.809825,-73.95465,False,0.0,0.0,0.0
telecom_cluster_03528,T-Mobile cluster,telecom,Manhattan,40.808488,-73.94855,False,0.2,0.2,0.2
telecom_cluster_03529,T-Mobile cluster,telecom,Manhattan,40.8094,-73.945423,False,0.0,0.0,0.0
telecom_cluster_03530,T-Mobile cluster,telecom,Manhattan,40.808575,-73.9398,False,0.0,0.0,0.0
telecom_cluster_03531,T-Mobile cluster,telecom,Manhattan,40.809305,-73.935292,False,0.0,0.0,0.0
telecom_cluster_03532,T-Mobile cluster,telecom,Manhattan,40.810676,-73.930629,False,0.0,0.0,0.0
telecom_cluster_03533,T-Mobile cluster,telecom,Bronx,40.8095,-73.9268,False,0.0,0.0,0.0
telecom_cluster_03534,T-Mobile cluster,telecom,Bronx,40.808633,-73.903833,False,0.0,0.0,0.0
telecom_cluster_03535,T-Mobile cluster,telecom,Bronx,40.81065,-73.901275,False,0.0,0.0,0.0
telecom_cluster_03536,T-Mobile cluster,telecom,Bronx,40.8087,-73.834,False,0.0,0.0,0.0
telecom_cluster_03537,T-Mobile cluster,telecom,Bronx,40.8117,-73.7942,False,0.0,0.0,0.0
telecom_cluster_03538,T-Mobile cluster,telecom,NJ (external),40.8159,-74.209,False,0.0,0.0,0.0
telecom_cluster_03539,T-Mobile cluster,telecom,NJ (external),40.813667,-74.179817,False,0.0,0.0,0.0
telecom_cluster_03540,T-Mobile cluster,telecom,NJ (external),40.8166,-74.138,False,0.0,0.0,0.0
telecom_cluster_03541,T-Mobile cluster,telecom,NJ (external),40.816967,-74.136933,False,0.0,0.0,0.0
telecom_cluster_03542,T-Mobile cluster,telecom,NJ (external),40.8172,-74.1139,False,0.0,0.0,0.0
telecom_cluster_03543,T-Mobile cluster,telecom,NJ (external),40.814867,-74.109833,False,0.0,0.0,0.0
telecom_cluster_03544,T-Mobile cluster,telecom,NJ (external),40.81566,-74.10274,False,0.0,0.0,0.0
telecom_cluster_03545,T-Mobile cluster,telecom,NJ (external),40.8158,-74.102233,False,0.0,0.0,0.0
telecom_cluster_03546,T-Mobile cluster,telecom,NJ (external),40.814,-74.0966,False,0.0,0.0,0.0
telecom_cluster_03547,T-Mobile cluster,telecom,NJ (external),40.8135,-74.0775,False,0.0,0.0,0.0
telecom_cluster_03548,T-Mobile cluster,telecom,NJ (external),40.8139,-74.0735,False,0.0,0.0,0.0
telecom_cluster_03549,T-Mobile cluster,telecom,NJ (external),40.81426,-74.06908,False,0.0,0.0,0.0
telecom_cluster_03550,T-Mobile cluster,telecom,NJ (external),40.81622,-74.06716,False,0.0,0.0,0.0
telecom_cluster_03551,T-Mobile cluster,telecom,NJ (external),40.81295,-74.0575,False,0.0,0.0,0.0
telecom_cluster_03552,T-Mobile cluster,telecom,NJ (external),40.8128,-74.0574,False,0.0,0.0,0.0
telecom_cluster_03553,T-Mobile cluster,telecom,NJ (external),40.81575,-74.04965,False,0.0,0.0,0.0
telecom_cluster_03554,T-Mobile cluster,telecom,NJ (external),40.8144,-74.0374,False,0.0,0.0,0.0
telecom_cluster_03555,T-Mobile cluster,telecom,Brooklyn,40.81478,-74.02992,False,0.0,0.0,0.0
telecom_cluster_03556,T-Mobile cluster,telecom,Brooklyn,40.8135,-74.02585,False,0.0,0.0,0.0
telecom_cluster_03557,T-Mobile cluster,telecom,Manhattan,40.8136,-74.0139,False,0.0,0.0,0.0
telecom_cluster_03558,T-Mobile cluster,telecom,Manhattan,40.8142,-73.9983,False,0.0,0.0,0.0
telecom_cluster_03559,T-Mobile cluster,telecom,Manhattan,40.815256,-73.959056,False,0.0,0.0,0.0
telecom_cluster_03560,T-Mobile cluster,telecom,Manhattan,40.8127,-73.9566,False,0.0,0.0,0.6
telecom_cluster_03561,T-Mobile cluster,telecom,Manhattan,40.8166,-73.9475,False,0.0,0.0,0.0
telecom_cluster_03562,T-Mobile cluster,telecom,Manhattan,40.816475,-73.94335,False,0.0,0.0,0.0
telecom_cluster_03563,T-Mobile cluster,telecom,Manhattan,40.8155,-73.939317,False,0.0,0.0,0.0
telecom_cluster_03564,T-Mobile cluster,telecom,Manhattan,40.814827,-73.934818,False,0.0,0.0,0.8
telecom_cluster_03565,T-Mobile cluster,telecom,Manhattan,40.814243,-73.930176,False,0.0,0.0,0.0
telecom_cluster_03566,T-Mobile cluster,telecom,Bronx,40.815094,-73.926631,False,0.0,0.0,0.0
telecom_cluster_03567,T-Mobile cluster,telecom,Bronx,40.8131,-73.89775,False,0.0,0.0,0.0
telecom_cluster_03568,T-Mobile cluster,telecom,Bronx,40.815956,-73.89445,False,0.0,0.0,0.0
telecom_cluster_03569,T-Mobile cluster,telecom,Bronx,40.81425,-73.8863,False,0.0,0.0,0.0
telecom_cluster_03570,T-Mobile cluster,telecom,Bronx,40.8155,-73.8362,False,0.0,0.0,0.6
telecom_cluster_03571,T-Mobile cluster,telecom,Bronx,40.8155,-73.8,False,0.0,0.0,0.8
telecom_cluster_03572,T-Mobile cluster,telecom,NJ (external),40.82055,-74.209,False,0.0,0.0,0.0
telecom_cluster_03573,T-Mobile cluster,telecom,NJ (external),40.8215,-74.1775,False,0.0,0.0,0.0
telecom_cluster_03574,T-Mobile cluster,telecom,NJ (external),40.8176,-74.1565,False,0.0,0.0,0.0
telecom_cluster_03575,T-Mobile cluster,telecom,NJ (external),40.81775,-74.13605,False,0.0,0.0,0.0
telecom_cluster_03576,T-Mobile cluster,telecom,NJ (external),40.820667,-74.130367,False,0.0,0.0,0.0
telecom_cluster_03577,T-Mobile cluster,telecom,NJ (external),40.8217,-74.126333,False,0.0,0.0,0.0
telecom_cluster_03578,T-Mobile cluster,telecom,NJ (external),40.8207,-74.1197,False,0.0,0.0,0.0
telecom_cluster_03579,T-Mobile cluster,telecom,NJ (external),40.8177,-74.115,False,0.0,0.0,0.0
telecom_cluster_03580,T-Mobile cluster,telecom,NJ (external),40.82085,-74.1002,False,0.0,0.0,0.0
telecom_cluster_03581,T-Mobile cluster,telecom,NJ (external),40.8197,-74.0902,False,0.0,0.0,0.0
telecom_cluster_03582,T-Mobile cluster,telecom,NJ (external),40.82065,-74.07045,False,0.0,0.0,0.0
telecom_cluster_03583,T-Mobile cluster,telecom,NJ (external),40.8209,-74.0533,False,0.0,0.0,0.0
telecom_cluster_03584,T-Mobile cluster,telecom,NJ (external),40.82155,-74.03705,False,0.0,0.0,0.0
telecom_cluster_03585,T-Mobile cluster,telecom,Brooklyn,40.81935,-74.029425,False,0.0,0.0,0.0
telecom_cluster_03586,T-Mobile cluster,telecom,Brooklyn,40.8217,-74.0265,False,0.0,0.0,0.0
telecom_cluster_03587,T-Mobile cluster,telecom,Manhattan,40.8217,-74.0067,False,0.0,0.0,0.0
telecom_cluster_03588,T-Mobile cluster,telecom,Manhattan,40.820771,-73.958929,False,0.0,0.0,0.0
telecom_cluster_03589,T-Mobile cluster,telecom,Manhattan,40.818167,-73.956533,False,0.0,0.0,0.0
telecom_cluster_03590,T-Mobile cluster,telecom,Manhattan,40.8207,-73.9437,False,0.0,0.0,0.0
telecom_cluster_03591,T-Mobile cluster,telecom,Manhattan,40.820633,-73.940883,False,0.0,0.0,0.0
telecom_cluster_03592,T-Mobile cluster,telecom,Manhattan,40.820529,-73.935614,False,0.0,0.0,0.0
telecom_cluster_03593,T-Mobile cluster,telecom,Manhattan,40.819989,-73.930644,False,0.0,0.0,0.0
telecom_cluster_03594,T-Mobile cluster,telecom,Bronx,40.819546,-73.925,False,0.0,0.0,0.0
telecom_cluster_03595,T-Mobile cluster,telecom,Bronx,40.821817,-73.92115,False,0.0,0.0,0.0
telecom_cluster_03596,T-Mobile cluster,telecom,Bronx,40.81885,-73.89305,False,0.0,0.0,0.0
telecom_cluster_03597,T-Mobile cluster,telecom,Bronx,40.819967,-73.890289,False,0.0,0.0,0.0
telecom_cluster_03598,T-Mobile cluster,telecom,Bronx,40.8222,-73.8869,False,0.0,0.0,0.0
telecom_cluster_03599,T-Mobile cluster,telecom,Bronx,40.8195,-73.8362,False,0.0,0.0,0.0
telecom_cluster_03600,T-Mobile cluster,telecom,Bronx,40.82,-73.8127,False,0.0,0.0,0.0
telecom_cluster_03601,T-Mobile cluster,telecom,Bronx,40.8191,-73.81,False,0.0,0.0,0.6
telecom_cluster_03602,T-Mobile cluster,telecom,NJ (external),40.8247,-74.208,False,0.0,0.0,0.0
telecom_cluster_03603,T-Mobile cluster,telecom,NJ (external),40.82393,-74.1767,False,0.0,0.0,0.0
telecom_cluster_03604,T-Mobile cluster,telecom,NJ (external),40.8271,-74.1327,False,0.0,0.0,0.0
telecom_cluster_03605,T-Mobile cluster,telecom,NJ (external),40.8228,-74.1283,False,0.0,0.0,0.0
telecom_cluster_03606,T-Mobile cluster,telecom,NJ (external),40.8249,-74.12396,False,0.0,0.0,0.0
telecom_cluster_03607,T-Mobile cluster,telecom,NJ (external),40.8231,-74.1222,False,0.0,0.0,0.0
telecom_cluster_03608,T-Mobile cluster,telecom,NJ (external),40.825717,-74.0964,False,0.0,0.0,0.0
telecom_cluster_03609,T-Mobile cluster,telecom,NJ (external),40.82496,-74.07492,False,0.0,0.0,0.0
telecom_cluster_03610,T-Mobile cluster,telecom,NJ (external),40.8249,-74.041,False,0.0,0.0,0.0
telecom_cluster_03611,T-Mobile cluster,telecom,NJ (external),40.82295,-74.03415,False,0.0,0.0,0.0
telecom_cluster_03612,T-Mobile cluster,telecom,Brooklyn,40.8257,-74.02925,False,0.0,0.0,0.0
telecom_cluster_03613,T-Mobile cluster,telecom,Brooklyn,40.82675,-74.02715,False,0.0,0.0,0.0
telecom_cluster_03614,T-Mobile cluster,telecom,Manhattan,40.82495,-73.954575,False,0.0,0.0,0.0
telecom_cluster_03615,T-Mobile cluster,telecom,Manhattan,40.826864,-73.949682,False,0.0,0.0,0.0
telecom_cluster_03616,T-Mobile cluster,telecom,Manhattan,40.824414,-73.9393,False,0.0,0.0,0.0
telecom_cluster_03617,T-Mobile cluster,telecom,Manhattan,40.825412,-73.934338,False,0.0,0.8,0.8
telecom_cluster_03618,T-Mobile cluster,telecom,Manhattan,40.825442,-73.930789,False,0.0,0.0,0.0
telecom_cluster_03619,T-Mobile cluster,telecom,Bronx,40.825683,-73.926767,False,0.0,0.0,0.0
telecom_cluster_03620,T-Mobile cluster,telecom,Bronx,40.82305,-73.91925,False,0.0,0.0,0.0
telecom_cluster_03621,T-Mobile cluster,telecom,Bronx,40.826085,-73.914623,False,0.0,0.0,0.0
telecom_cluster_03622,T-Mobile cluster,telecom,Bronx,40.8274,-73.9125,False,0.0,0.0,0.0
telecom_cluster_03623,T-Mobile cluster,telecom,Bronx,40.8231,-73.9026,False,0.0,0.0,0.0
telecom_cluster_03624,T-Mobile cluster,telecom,Bronx,40.82414,-73.88516,False,0.0,0.0,0.8
telecom_cluster_03625,T-Mobile cluster,telecom,Bronx,40.8232,-73.8804,False,0.0,0.0,0.2
telecom_cluster_03626,T-Mobile cluster,telecom,Bronx,40.82465,-73.87435,False,0.0,0.0,0.0
telecom_cluster_03627,T-Mobile cluster,telecom,Bronx,40.82515,-73.87245,False,0.0,0.0,0.0
telecom_cluster_03628,T-Mobile cluster,telecom,Bronx,40.8266,-73.8557,False,0.0,0.0,0.2
telecom_cluster_03629,T-Mobile cluster,telecom,Bronx,40.8273,-73.85075,False,0.0,0.0,0.2
telecom_cluster_03630,T-Mobile cluster,telecom,Bronx,40.826,-73.8423,False,0.0,0.0,0.0
telecom_cluster_03631,T-Mobile cluster,telecom,Bronx,40.82505,-73.8357,False,0.0,0.0,0.0
telecom_cluster_03632,T-Mobile cluster,telecom,Bronx,40.8246,-73.8264,False,0.0,0.0,0.0
telecom_cluster_03633,T-Mobile cluster,telecom,Bronx,40.8258,-73.8137,False,0.0,0.0,0.0
telecom_cluster_03634,T-Mobile cluster,telecom,NJ (external),40.8315,-74.2075,False,0.0,0.0,0.0
telecom_cluster_03635,T-Mobile cluster,telecom,NJ (external),40.8306,-74.1404,False,0.0,0.0,0.0
telecom_cluster_03636,T-Mobile cluster,telecom,NJ (external),40.83055,-74.1238,False,0.0,0.0,0.0
telecom_cluster_03637,T-Mobile cluster,telecom,NJ (external),40.82995,-74.12177,False,0.0,0.0,0.0
telecom_cluster_03638,T-Mobile cluster,telecom,NJ (external),40.8319,-74.0932,False,0.0,0.0,0.0
telecom_cluster_03639,T-Mobile cluster,telecom,NJ (external),40.8317,-74.0914,False,0.0,0.0,0.0
telecom_cluster_03640,T-Mobile cluster,telecom,NJ (external),40.831014,-74.084914,False,0.0,0.0,0.0
telecom_cluster_03641,T-Mobile cluster,telecom,NJ (external),40.8293,-74.0819,False,0.0,0.0,0.0
telecom_cluster_03642,T-Mobile cluster,telecom,Brooklyn,40.830567,-74.02395,False,0.0,0.0,0.0
telecom_cluster_03643,T-Mobile cluster,telecom,Manhattan,40.8297,-73.9551,False,0.0,0.0,0.0
telecom_cluster_03644,T-Mobile cluster,telecom,Manhattan,40.828182,-73.949491,False,0.0,0.0,0.0
telecom_cluster_03645,T-Mobile cluster,telecom,Manhattan,40.8311,-73.9375,False,0.0,0.0,0.0
telecom_cluster_03646,T-Mobile cluster,telecom,Manhattan,40.830138,-73.934369,False,0.0,0.0,0.0
telecom_cluster_03647,T-Mobile cluster,telecom,Manhattan,40.82885,-73.930842,False,0.0,0.0,0.0
telecom_cluster_03648,T-Mobile cluster,telecom,Bronx,40.828936,-73.925605,False,0.0,0.0,0.0
telecom_cluster_03649,T-Mobile cluster,telecom,Bronx,40.829767,-73.909967,False,0.0,0.0,0.0
telecom_cluster_03650,T-Mobile cluster,telecom,Bronx,40.8291,-73.892,False,0.0,0.0,0.0
telecom_cluster_03651,T-Mobile cluster,telecom,Bronx,40.8297,-73.884,False,0.0,0.0,0.0
telecom_cluster_03652,T-Mobile cluster,telecom,Bronx,40.8317,-73.8825,False,0.0,0.0,0.0
telecom_cluster_03653,T-Mobile cluster,telecom,Bronx,40.83045,-73.87335,False,0.0,0.0,0.6
telecom_cluster_03654,T-Mobile cluster,telecom,Bronx,40.83045,-73.86035,False,0.0,0.0,0.0
telecom_cluster_03655,T-Mobile cluster,telecom,Bronx,40.83165,-73.8552,False,0.2,0.2,0.6
telecom_cluster_03656,T-Mobile cluster,telecom,Bronx,40.82952,-73.85002,False,0.0,0.0,0.0
telecom_cluster_03657,T-Mobile cluster,telecom,Bronx,40.82828,-73.84508,False,0.2,0.2,0.6
telecom_cluster_03658,T-Mobile cluster,telecom,Bronx,40.829867,-73.838867,False,0.0,0.0,0.0
telecom_cluster_03659,T-Mobile cluster,telecom,Bronx,40.82935,-73.8356,False,0.0,0.0,0.0
telecom_cluster_03660,T-Mobile cluster,telecom,Bronx,40.8311,-73.8315,False,0.0,0.0,0.0
telecom_cluster_03661,T-Mobile cluster,telecom,Bronx,40.82935,-73.81905,False,0.0,0.0,0.0
telecom_cluster_03662,T-Mobile cluster,telecom,NJ (external),40.8328,-74.2076,False,0.0,0.0,0.0
telecom_cluster_03663,T-Mobile cluster,telecom,NJ (external),40.83566,-74.17896,False,0.0,0.0,0.0
telecom_cluster_03664,T-Mobile cluster,telecom,NJ (external),40.8367,-74.1534,False,0.0,0.0,0.0
telecom_cluster_03665,T-Mobile cluster,telecom,NJ (external),40.834767,-74.1495,False,0.0,0.0,0.0
telecom_cluster_03666,T-Mobile cluster,telecom,NJ (external),40.835,-74.124533,False,0.0,0.0,0.0
telecom_cluster_03667,T-Mobile cluster,telecom,NJ (external),40.8331,-74.1215,False,0.0,0.0,0.0
telecom_cluster_03668,T-Mobile cluster,telecom,NJ (external),40.835975,-74.0989,False,0.0,0.0,0.0
telecom_cluster_03669,T-Mobile cluster,telecom,NJ (external),40.8335,-74.0942,False,0.0,0.0,0.0
telecom_cluster_03670,T-Mobile cluster,telecom,NJ (external),40.8336,-74.0881,False,0.0,0.0,0.0
telecom_cluster_03671,T-Mobile cluster,telecom,NJ (external),40.835811,-74.0859,False,0.0,0.0,0.0
telecom_cluster_03672,T-Mobile cluster,telecom,Brooklyn,40.835,-74.0213,False,0.0,0.0,0.0
telecom_cluster_03673,T-Mobile cluster,telecom,Manhattan,40.8345,-73.9642,False,0.0,0.0,0.0
telecom_cluster_03674,T-Mobile cluster,telecom,Manhattan,40.834783,-73.950017,False,0.0,0.8,0.8
telecom_cluster_03675,T-Mobile cluster,telecom,Manhattan,40.8354,-73.9376,False,0.0,0.0,0.0
telecom_cluster_03676,T-Mobile cluster,telecom,Manhattan,40.83532,-73.93546,False,0.0,0.0,0.0
telecom_cluster_03677,T-Mobile cluster,telecom,Manhattan,40.835125,-73.931875,False,0.0,0.0,0.0
telecom_cluster_03678,T-Mobile cluster,telecom,Bronx,40.834313,-73.923127,False,0.0,0.0,0.0
telecom_cluster_03679,T-Mobile cluster,telecom,Bronx,40.835332,-73.921508,False,0.0,0.0,0.0
telecom_cluster_03680,T-Mobile cluster,telecom,Bronx,40.8325,-73.9078,False,0.0,0.0,0.0
telecom_cluster_03681,T-Mobile cluster,telecom,Bronx,40.835029,-73.906414,False,0.0,0.0,0.0
telecom_cluster_03682,T-Mobile cluster,telecom,Bronx,40.8347,-73.8916,False,0.0,0.0,0.0
telecom_cluster_03683,T-Mobile cluster,telecom,Bronx,40.834967,-73.879233,False,0.0,0.0,0.0
telecom_cluster_03684,T-Mobile cluster,telecom,Bronx,40.835525,-73.874262,False,0.0,0.0,0.0
telecom_cluster_03685,T-Mobile cluster,telecom,Bronx,40.83645,-73.87035,False,0.0,0.0,0.0
telecom_cluster_03686,T-Mobile cluster,telecom,Bronx,40.8333,-73.85995,False,0.0,0.0,0.0
telecom_cluster_03687,T-Mobile cluster,telecom,Bronx,40.83315,-73.8572,False,0.0,0.0,0.0
telecom_cluster_03688,T-Mobile cluster,telecom,Bronx,40.8368,-73.8385,False,0.0,0.0,0.0
telecom_cluster_03689,T-Mobile cluster,telecom,Bronx,40.8329,-73.8291,False,0.0,0.0,0.0
telecom_cluster_03690,T-Mobile cluster,telecom,Bronx,40.834925,-73.825625,False,0.0,0.0,0.0
telecom_cluster_03691,T-Mobile cluster,telecom,Bronx,40.8332,-73.8223,False,0.0,0.0,0.0
telecom_cluster_03692,T-Mobile cluster,telecom,NJ (external),40.840425,-74.209125,False,0.0,0.0,0.0
telecom_cluster_03693,T-Mobile cluster,telecom,NJ (external),40.839289,-74.179478,False,0.0,0.0,0.0
telecom_cluster_03694,T-Mobile cluster,telecom,NJ (external),40.8416,-74.1635,False,0.0,0.0,0.0
telecom_cluster_03695,T-Mobile cluster,telecom,NJ (external),40.83935,-74.15895,False,0.0,0.0,0.0
telecom_cluster_03696,T-Mobile cluster,telecom,NJ (external),40.838967,-74.124367,False,0.0,0.0,0.0
telecom_cluster_03697,T-Mobile cluster,telecom,NJ (external),40.838325,-74.098675,False,0.0,0.0,0.0
telecom_cluster_03698,T-Mobile cluster,telecom,NJ (external),40.84048,-74.09516,False,0.0,0.0,0.0
telecom_cluster_03699,T-Mobile cluster,telecom,NJ (external),40.8424,-74.0924,False,0.0,0.0,0.0
telecom_cluster_03700,T-Mobile cluster,telecom,NJ (external),40.839357,-74.083971,False,0.0,0.0,0.0
telecom_cluster_03701,T-Mobile cluster,telecom,NJ (external),40.8413,-74.0823,False,0.0,0.0,0.0
telecom_cluster_03702,T-Mobile cluster,telecom,Manhattan,40.839171,-74.019643,False,0.0,0.0,0.0
telecom_cluster_03703,T-Mobile cluster,telecom,Manhattan,40.8421,-74.0119,False,0.0,0.0,0.0
telecom_cluster_03704,T-Mobile cluster,telecom,Manhattan,40.8413,-73.9965,False,0.0,0.0,0.0
telecom_cluster_03705,T-Mobile cluster,telecom,Manhattan,40.8402,-73.952,False,0.0,0.0,0.0
telecom_cluster_03706,T-Mobile cluster,telecom,Manhattan,40.8403,-73.94635,False,0.0,0.0,0.0
telecom_cluster_03707,T-Mobile cluster,telecom,Manhattan,40.83835,-73.935275,False,0.0,0.0,0.0
telecom_cluster_03708,T-Mobile cluster,telecom,Manhattan,40.840269,-73.930323,False,0.0,0.0,0.0
telecom_cluster_03709,T-Mobile cluster,telecom,Bronx,40.838971,-73.918686,False,0.0,0.0,0.0
telecom_cluster_03710,T-Mobile cluster,telecom,Bronx,40.841375,-73.916812,False,0.0,0.0,0.0
telecom_cluster_03711,T-Mobile cluster,telecom,Bronx,40.839464,-73.903991,False,0.0,0.0,0.0
telecom_cluster_03712,T-Mobile cluster,telecom,Bronx,40.84208,-73.902,False,0.0,0.0,0.0
telecom_cluster_03713,T-Mobile cluster,telecom,Bronx,40.8403,-73.88555,False,0.0,0.0,0.6
telecom_cluster_03714,T-Mobile cluster,telecom,Bronx,40.838425,-73.873725,False,0.0,0.0,0.0
telecom_cluster_03715,T-Mobile cluster,telecom,Bronx,40.840525,-73.870825,False,0.0,0.0,0.0
telecom_cluster_03716,T-Mobile cluster,telecom,Bronx,40.842,-73.8636,False,0.0,0.0,0.0
telecom_cluster_03717,T-Mobile cluster,telecom,Bronx,40.8424,-73.8586,False,0.0,0.0,0.0
telecom_cluster_03718,T-Mobile cluster,telecom,Bronx,40.8425,-73.8573,False,0.0,0.0,0.0
telecom_cluster_03719,T-Mobile cluster,telecom,Bronx,40.839233,-73.838467,False,0.0,0.0,0.0
telecom_cluster_03720,T-Mobile cluster,telecom,Bronx,40.840767,-73.825633,False,0.0,0.0,0.0
telecom_cluster_03721,T-Mobile cluster,telecom,NJ (external),40.845631,-74.178969,False,0.0,0.0,0.0
telecom_cluster_03722,T-Mobile cluster,telecom,NJ (external),40.8436,-74.1669,False,0.0,0.0,0.0
telecom_cluster_03723,T-Mobile cluster,telecom,NJ (external),40.84385,-74.12335,False,0.0,0.0,0.0
telecom_cluster_03724,T-Mobile cluster,telecom,NJ (external),40.84645,-74.1221,False,0.0,0.0,0.0
telecom_cluster_03725,T-Mobile cluster,telecom,NJ (external),40.8458,-74.1163,False,0.0,0.0,0.0
telecom_cluster_03726,T-Mobile cluster,telecom,NJ (external),40.8469,-74.1063,False,0.0,0.0,0.0
telecom_cluster_03727,T-Mobile cluster,telecom,NJ (external),40.84535,-74.08985,False,0.0,0.0,0.0
telecom_cluster_03728,T-Mobile cluster,telecom,NJ (external),40.8438,-74.079867,False,0.0,0.0,0.0
telecom_cluster_03729,T-Mobile cluster,telecom,Manhattan,40.845075,-74.01855,False,0.0,0.0,0.0
telecom_cluster_03730,T-Mobile cluster,telecom,Manhattan,40.8446,-74.011,False,0.0,0.0,0.0
telecom_cluster_03731,T-Mobile cluster,telecom,Manhattan,40.8448,-74.0,False,0.0,0.0,0.0
telecom_cluster_03732,T-Mobile cluster,telecom,Manhattan,40.8435,-73.9874,False,0.0,0.0,0.0
telecom_cluster_03733,T-Mobile cluster,telecom,Manhattan,40.8442,-73.9539,False,0.0,0.0,0.0
telecom_cluster_03734,T-Mobile cluster,telecom,Manhattan,40.8447,-73.944,False,0.0,0.0,0.0
telecom_cluster_03735,T-Mobile cluster,telecom,Manhattan,40.845675,-73.934733,False,0.0,0.0,0.0
telecom_cluster_03736,T-Mobile cluster,telecom,Manhattan,40.844638,-73.93075,False,0.0,0.0,0.0
telecom_cluster_03737,T-Mobile cluster,telecom,Bronx,40.845575,-73.9257,False,0.0,0.0,0.0
telecom_cluster_03738,T-Mobile cluster,telecom,Bronx,40.8447,-73.9224,False,0.0,0.0,0.0
telecom_cluster_03739,T-Mobile cluster,telecom,Bronx,40.844444,-73.915056,False,0.0,0.0,0.0
telecom_cluster_03740,T-Mobile cluster,telecom,Bronx,40.84465,-73.90885,False,0.0,0.0,0.0
telecom_cluster_03741,T-Mobile cluster,telecom,Bronx,40.84485,-73.90345,False,0.0,0.0,0.0
telecom_cluster_03742,T-Mobile cluster,telecom,Bronx,40.845267,-73.900422,False,0.0,0.0,0.0
telecom_cluster_03743,T-Mobile cluster,telecom,Bronx,40.8434,-73.8947,False,0.0,0.0,0.0
telecom_cluster_03744,T-Mobile cluster,telecom,Bronx,40.8426,-73.8903,False,0.0,0.0,0.0
telecom_cluster_03745,T-Mobile cluster,telecom,Bronx,40.8444,-73.8874,False,0.0,0.0,0.0
telecom_cluster_03746,T-Mobile cluster,telecom,Bronx,40.845325,-73.8712,False,0.0,0.0,0.0
telecom_cluster_03747,T-Mobile cluster,telecom,Bronx,40.8434,-73.8553,False,0.0,0.0,0.0
telecom_cluster_03748,T-Mobile cluster,telecom,Bronx,40.8444,-73.8502,False,0.0,0.0,0.0
telecom_cluster_03749,T-Mobile cluster,telecom,Bronx,40.8464,-73.8467,False,0.0,0.0,0.0
telecom_cluster_03750,T-Mobile cluster,telecom,Bronx,40.8433,-73.8374,False,0.0,0.0,0.6
telecom_cluster_03751,T-Mobile cluster,telecom,Bronx,40.8446,-73.82575,False,0.0,0.0,0.0
telecom_cluster_03752,T-Mobile cluster,telecom,NJ (external),40.85163,-74.17548,False,0.0,0.0,0.0
telecom_cluster_03753,T-Mobile cluster,telecom,NJ (external),40.84968,-74.12166,False,0.0,0.0,0.0
telecom_cluster_03754,T-Mobile cluster,telecom,NJ (external),40.8503,-74.085583,False,0.0,0.0,0.0
telecom_cluster_03755,T-Mobile cluster,telecom,NJ (external),40.8489,-74.0758,False,0.0,0.0,0.0
telecom_cluster_03756,T-Mobile cluster,telecom,Brooklyn,40.851283,-74.029283,False,0.0,0.0,0.0
telecom_cluster_03757,T-Mobile cluster,telecom,Brooklyn,40.8487,-74.0259,False,0.0,0.0,0.0
telecom_cluster_03758,T-Mobile cluster,telecom,Manhattan,40.8476,-74.0177,False,0.0,0.0,0.0
telecom_cluster_03759,T-Mobile cluster,telecom,Manhattan,40.85178,-74.01572,False,0.0,0.0,0.0
telecom_cluster_03760,T-Mobile cluster,telecom,Manhattan,40.85185,-73.99615,False,0.0,0.0,0.0
telecom_cluster_03761,T-Mobile cluster,telecom,Manhattan,40.8522,-73.9553,False,0.0,0.0,0.0
telecom_cluster_03762,T-Mobile cluster,telecom,Manhattan,40.851175,-73.9495,False,0.0,0.0,0.0
telecom_cluster_03763,T-Mobile cluster,telecom,Manhattan,40.849157,-73.944986,False,0.0,0.0,0.0
telecom_cluster_03764,T-Mobile cluster,telecom,Manhattan,40.848856,-73.939922,False,0.0,0.0,0.0
telecom_cluster_03765,T-Mobile cluster,telecom,Manhattan,40.848167,-73.9363,False,0.0,0.0,0.0
telecom_cluster_03766,T-Mobile cluster,telecom,Bronx,40.849612,-73.92445,False,0.2,0.2,0.2
telecom_cluster_03767,T-Mobile cluster,telecom,Bronx,40.852167,-73.9214,False,0.0,0.0,0.0
telecom_cluster_03768,T-Mobile cluster,telecom,Bronx,40.84956,-73.91098,False,0.0,0.0,0.2
telecom_cluster_03769,T-Mobile cluster,telecom,Bronx,40.849457,-73.8983,False,0.0,0.0,0.0
telecom_cluster_03770,T-Mobile cluster,telecom,Bronx,40.8516,-73.897075,False,0.0,0.0,0.0
telecom_cluster_03771,T-Mobile cluster,telecom,Bronx,40.8511,-73.8758,False,0.0,0.0,0.0
telecom_cluster_03772,T-Mobile cluster,telecom,Bronx,40.849633,-73.871367,False,0.0,0.0,0.0
telecom_cluster_03773,T-Mobile cluster,telecom,Bronx,40.8509,-73.843,False,0.0,0.0,0.0
telecom_cluster_03774,T-Mobile cluster,telecom,Bronx,40.849033,-73.8363,False,0.0,0.0,0.6
telecom_cluster_03775,T-Mobile cluster,telecom,Bronx,40.849425,-73.8269,False,0.0,0.0,0.0
telecom_cluster_03776,T-Mobile cluster,telecom,NJ (external),40.8555,-74.1801,False,0.0,0.0,0.0
telecom_cluster_03777,T-Mobile cluster,telecom,NJ (external),40.85497,-74.17431,False,0.0,0.0,0.0
telecom_cluster_03778,T-Mobile cluster,telecom,NJ (external),40.854,-74.121686,False,0.0,0.0,0.0
telecom_cluster_03779,T-Mobile cluster,telecom,NJ (external),40.8549,-74.083,False,0.0,0.0,0.0
telecom_cluster_03780,T-Mobile cluster,telecom,NJ (external),40.855486,-74.070671,False,0.0,0.0,0.0
telecom_cluster_03781,T-Mobile cluster,telecom,NJ (external),40.8568,-74.0496,False,0.0,0.0,0.0
telecom_cluster_03782,T-Mobile cluster,telecom,NJ (external),40.8549,-74.0431,False,0.0,0.0,0.0
telecom_cluster_03783,T-Mobile cluster,telecom,NJ (external),40.854367,-74.040933,False,0.0,0.0,0.0
telecom_cluster_03784,T-Mobile cluster,telecom,NJ (external),40.8528,-74.034433,False,0.0,0.0,0.0
telecom_cluster_03785,T-Mobile cluster,telecom,NJ (external),40.8562,-74.0311,False,0.0,0.0,0.0
telecom_cluster_03786,T-Mobile cluster,telecom,Brooklyn,40.8538,-74.0269,False,0.0,0.0,0.0
telecom_cluster_03787,T-Mobile cluster,telecom,Manhattan,40.85565,-74.014133,False,0.0,0.0,0.0
telecom_cluster_03788,T-Mobile cluster,telecom,Manhattan,40.8566,-73.9903,False,0.0,0.0,0.0
telecom_cluster_03789,T-Mobile cluster,telecom,Manhattan,40.8558,-73.9824,False,0.0,0.0,0.0
telecom_cluster_03790,T-Mobile cluster,telecom,Manhattan,40.8568,-73.9735,False,0.0,0.0,0.0
telecom_cluster_03791,T-Mobile cluster,telecom,Manhattan,40.855133,-73.969067,False,0.0,0.0,0.0
telecom_cluster_03792,T-Mobile cluster,telecom,Manhattan,40.85405,-73.964925,False,0.0,0.0,0.0
telecom_cluster_03793,T-Mobile cluster,telecom,Manhattan,40.85385,-73.959917,False,0.0,0.0,0.0
telecom_cluster_03794,T-Mobile cluster,telecom,Manhattan,40.8544,-73.9547,False,0.0,0.0,0.0
telecom_cluster_03795,T-Mobile cluster,telecom,Manhattan,40.8571,-73.9505,False,0.0,0.0,0.0
telecom_cluster_03796,T-Mobile cluster,telecom,Manhattan,40.855733,-73.945833,False,0.0,0.0,0.0
telecom_cluster_03797,T-Mobile cluster,telecom,Manhattan,40.8565,-73.9326,False,0.0,0.0,0.2
telecom_cluster_03798,T-Mobile cluster,telecom,Manhattan,40.857067,-73.9305,False,0.0,0.0,0.0
telecom_cluster_03799,T-Mobile cluster,telecom,Bronx,40.854833,-73.919617,False,0.0,0.0,0.0
telecom_cluster_03800,T-Mobile cluster,telecom,Bronx,40.853533,-73.907733,False,0.0,0.0,0.2
telecom_cluster_03801,T-Mobile cluster,telecom,Bronx,40.85554,-73.90586,False,0.0,0.0,0.0
telecom_cluster_03802,T-Mobile cluster,telecom,Bronx,40.855085,-73.895015,False,0.0,0.0,0.0
telecom_cluster_03803,T-Mobile cluster,telecom,Bronx,40.854025,-73.869825,False,0.0,0.0,0.0
telecom_cluster_03804,T-Mobile cluster,telecom,Bronx,40.8545,-73.8401,False,0.0,0.0,0.0
telecom_cluster_03805,T-Mobile cluster,telecom,Bronx,40.856,-73.8371,False,0.0,0.0,0.0
telecom_cluster_03806,T-Mobile cluster,telecom,Bronx,40.8569,-73.8311,False,0.0,0.0,0.0
telecom_cluster_03807,T-Mobile cluster,telecom,Bronx,40.8549,-73.8264,False,0.0,0.0,0.0
telecom_cluster_03808,T-Mobile cluster,telecom,NJ (external),40.860275,-74.17305,False,0.0,0.0,0.0
telecom_cluster_03809,T-Mobile cluster,telecom,NJ (external),40.862033,-74.172433,False,0.0,0.0,0.0
telecom_cluster_03810,T-Mobile cluster,telecom,NJ (external),40.859167,-74.1206,False,0.0,0.0,0.0
telecom_cluster_03811,T-Mobile cluster,telecom,NJ (external),40.859986,-74.079771,False,0.0,0.0,0.0
telecom_cluster_03812,T-Mobile cluster,telecom,NJ (external),40.86086,-74.0657,False,0.0,0.0,0.0
telecom_cluster_03813,T-Mobile cluster,telecom,NJ (external),40.8606,-74.060362,False,0.0,0.0,0.0
telecom_cluster_03814,T-Mobile cluster,telecom,NJ (external),40.8605,-74.0566,False,0.0,0.0,0.0
telecom_cluster_03815,T-Mobile cluster,telecom,Manhattan,40.857933,-74.0133,False,0.0,0.0,0.0
telecom_cluster_03816,T-Mobile cluster,telecom,Manhattan,40.86065,-73.9748,False,0.0,0.0,0.0
telecom_cluster_03817,T-Mobile cluster,telecom,Manhattan,40.8602,-73.9551,False,0.0,0.0,0.0
telecom_cluster_03818,T-Mobile cluster,telecom,Manhattan,40.8587,-73.9378,False,0.0,0.0,0.0
telecom_cluster_03819,T-Mobile cluster,telecom,Bronx,40.85975,-73.92955,False,0.0,0.0,0.2
telecom_cluster_03820,T-Mobile cluster,telecom,Bronx,40.860217,-73.926067,False,0.0,0.0,0.0
telecom_cluster_03821,T-Mobile cluster,telecom,Bronx,40.860767,-73.9215,False,0.0,0.0,0.8
telecom_cluster_03822,T-Mobile cluster,telecom,Bronx,40.86018,-73.915127,False,0.0,0.0,0.0
telecom_cluster_03823,T-Mobile cluster,telecom,Bronx,40.85865,-73.90375,False,0.0,0.0,0.2
telecom_cluster_03824,T-Mobile cluster,telecom,Bronx,40.86155,-73.9019,False,0.0,0.0,0.0
telecom_cluster_03825,T-Mobile cluster,telecom,Bronx,40.85805,-73.893,False,0.0,0.0,0.0
telecom_cluster_03826,T-Mobile cluster,telecom,Bronx,40.860856,-73.890878,False,0.0,0.0,0.0
telecom_cluster_03827,T-Mobile cluster,telecom,Bronx,40.86,-73.872175,False,0.0,0.0,0.0
telecom_cluster_03828,T-Mobile cluster,telecom,Bronx,40.85995,-73.82925,False,0.0,0.0,0.0
telecom_cluster_03829,T-Mobile cluster,telecom,Bronx,40.86022,-73.82616,False,0.0,0.0,0.0
telecom_cluster_03830,T-Mobile cluster,telecom,Bronx,40.8618,-73.8199,False,0.0,0.0,0.0
telecom_cluster_03831,T-Mobile cluster,telecom,NJ (external),40.8645,-74.1801,False,0.0,0.0,0.0
telecom_cluster_03832,T-Mobile cluster,telecom,NJ (external),40.86565,-74.170475,False,0.0,0.0,0.0
telecom_cluster_03833,T-Mobile cluster,telecom,NJ (external),40.865046,-74.1206,False,0.0,0.0,0.0
telecom_cluster_03834,T-Mobile cluster,telecom,NJ (external),40.86524,-74.07487,False,0.0,0.0,0.0
telecom_cluster_03835,T-Mobile cluster,telecom,NJ (external),40.864686,-74.0638,False,0.0,0.0,0.0
telecom_cluster_03836,T-Mobile cluster,telecom,NJ (external),40.864,-74.0602,False,0.0,0.0,0.0
telecom_cluster_03837,T-Mobile cluster,telecom,NJ (external),40.866133,-74.049433,False,0.0,0.0,0.0
telecom_cluster_03838,T-Mobile cluster,telecom,NJ (external),40.867029,-74.045843,False,0.0,0.0,0.0
telecom_cluster_03839,T-Mobile cluster,telecom,NJ (external),40.866925,-74.0398,False,0.0,0.0,0.0
telecom_cluster_03840,T-Mobile cluster,telecom,NJ (external),40.866977,-74.036146,False,0.0,0.0,0.0
telecom_cluster_03841,T-Mobile cluster,telecom,NJ (external),40.8666,-74.030775,False,0.0,0.0,0.0
telecom_cluster_03842,T-Mobile cluster,telecom,Brooklyn,40.8665,-74.02584,False,0.0,0.0,0.0
telecom_cluster_03843,T-Mobile cluster,telecom,Manhattan,40.865275,-74.018975,False,0.0,0.0,0.0
telecom_cluster_03844,T-Mobile cluster,telecom,Manhattan,40.8648,-74.0158,False,0.0,0.0,0.0
telecom_cluster_03845,T-Mobile cluster,telecom,Manhattan,40.864,-74.0108,False,0.0,0.0,0.0
telecom_cluster_03846,T-Mobile cluster,telecom,Manhattan,40.8652,-74.0059,False,0.0,0.0,0.0
telecom_cluster_03847,T-Mobile cluster,telecom,Manhattan,40.8627,-73.9752,False,0.0,0.0,0.0
telecom_cluster_03848,T-Mobile cluster,telecom,Manhattan,40.8657,-73.9434,False,0.0,0.0,0.0
telecom_cluster_03849,T-Mobile cluster,telecom,Manhattan,40.8657,-73.93795,False,0.0,0.0,0.0
telecom_cluster_03850,T-Mobile cluster,telecom,Manhattan,40.8636,-73.9344,False,0.0,0.0,0.0
telecom_cluster_03851,T-Mobile cluster,telecom,Bronx,40.865912,-73.929588,False,0.0,0.0,0.0
telecom_cluster_03852,T-Mobile cluster,telecom,Bronx,40.86675,-73.92305,False,0.0,0.0,0.0
telecom_cluster_03853,T-Mobile cluster,telecom,Bronx,40.8654,-73.9221,False,0.0,0.0,0.2
telecom_cluster_03854,T-Mobile cluster,telecom,Bronx,40.865275,-73.9106,False,0.0,0.0,0.0
telecom_cluster_03855,T-Mobile cluster,telecom,Bronx,40.864758,-73.89975,False,0.0,0.0,0.0
telecom_cluster_03856,T-Mobile cluster,telecom,Bronx,40.8674,-73.8974,False,0.0,0.0,0.2
telecom_cluster_03857,T-Mobile cluster,telecom,Bronx,40.8634,-73.888567,False,0.0,0.0,0.0
telecom_cluster_03858,T-Mobile cluster,telecom,Bronx,40.865573,-73.884891,False,0.0,0.0,0.0
telecom_cluster_03859,T-Mobile cluster,telecom,Bronx,40.8669,-73.8799,False,0.0,0.0,0.0
telecom_cluster_03860,T-Mobile cluster,telecom,Bronx,40.8665,-73.8744,False,0.0,0.0,0.0
telecom_cluster_03861,T-Mobile cluster,telecom,Bronx,40.865067,-73.871867,False,0.0,0.0,0.0
telecom_cluster_03862,T-Mobile cluster,telecom,Bronx,40.863575,-73.830075,False,0.0,0.0,0.0
telecom_cluster_03863,T-Mobile cluster,telecom,Bronx,40.864625,-73.825525,False,0.0,0.0,0.0
telecom_cluster_03864,T-Mobile cluster,telecom,Bronx,40.8637,-73.8175,False,0.0,0.0,0.0
telecom_cluster_03865,T-Mobile cluster,telecom,NJ (external),40.87,-74.1887,False,0.0,0.0,0.0
telecom_cluster_03866,T-Mobile cluster,telecom,NJ (external),40.868944,-74.1689,False,0.0,0.0,0.0
telecom_cluster_03867,T-Mobile cluster,telecom,NJ (external),40.8693,-74.118133,False,0.0,0.0,0.0
telecom_cluster_03868,T-Mobile cluster,telecom,NJ (external),40.871475,-74.11695,False,0.0,0.0,0.0
telecom_cluster_03869,T-Mobile cluster,telecom,NJ (external),40.870438,-74.069775,False,0.0,0.0,0.0
telecom_cluster_03870,T-Mobile cluster,telecom,NJ (external),40.86902,-74.06362,False,0.0,0.0,0.0
telecom_cluster_03871,T-Mobile cluster,telecom,NJ (external),40.870225,-74.059725,False,0.0,0.0,0.0
telecom_cluster_03872,T-Mobile cluster,telecom,NJ (external),40.869122,-74.055289,False,0.0,0.0,0.0
telecom_cluster_03873,T-Mobile cluster,telecom,NJ (external),40.86755,-74.05145,False,0.0,0.0,0.0
telecom_cluster_03874,T-Mobile cluster,telecom,NJ (external),40.872,-74.033,False,0.0,0.0,0.0
telecom_cluster_03875,T-Mobile cluster,telecom,Manhattan,40.871467,-73.9988,False,0.0,0.0,0.0
telecom_cluster_03876,T-Mobile cluster,telecom,Manhattan,40.8695,-73.9742,False,0.0,0.0,0.0
telecom_cluster_03877,T-Mobile cluster,telecom,Manhattan,40.8699,-73.9533,False,0.0,0.0,0.0
telecom_cluster_03878,T-Mobile cluster,telecom,Manhattan,40.8694,-73.9478,False,0.0,0.0,0.0
telecom_cluster_03879,T-Mobile cluster,telecom,Manhattan,40.8703,-73.9375,False,0.0,0.0,0.0
telecom_cluster_03880,T-Mobile cluster,telecom,Manhattan,40.8696,-73.9362,False,0.0,0.0,0.0
telecom_cluster_03881,T-Mobile cluster,telecom,Manhattan,40.8682,-73.9315,False,0.0,0.0,0.0
telecom_cluster_03882,T-Mobile cluster,telecom,Bronx,40.8685,-73.9249,False,0.0,0.0,0.0
telecom_cluster_03883,T-Mobile cluster,telecom,Bronx,40.86905,-73.92135,False,0.0,0.0,0.0
telecom_cluster_03884,T-Mobile cluster,telecom,Bronx,40.869912,-73.908788,False,0.0,0.0,0.0
telecom_cluster_03885,T-Mobile cluster,telecom,Bronx,40.8724,-73.9065,False,0.0,0.0,0.0
telecom_cluster_03886,T-Mobile cluster,telecom,Bronx,40.869978,-73.894989,False,0.0,0.0,0.0
telecom_cluster_03887,T-Mobile cluster,telecom,Bronx,40.87215,-73.8918,False,0.0,0.0,0.0
telecom_cluster_03888,T-Mobile cluster,telecom,Bronx,40.86866,-73.87888,False,0.0,0.0,0.0
telecom_cluster_03889,T-Mobile cluster,telecom,Bronx,40.87114,-73.87574,False,0.0,0.0,0.0
telecom_cluster_03890,T-Mobile cluster,telecom,Bronx,40.86995,-73.87205,False,0.0,0.0,0.0
telecom_cluster_03891,T-Mobile cluster,telecom,Bronx,40.87025,-73.833425,False,0.0,0.0,0.0
telecom_cluster_03892,T-Mobile cluster,telecom,Bronx,40.87005,-73.8208,False,0.0,0.8,0.8
telecom_cluster_03893,T-Mobile cluster,telecom,Bronx,40.8689,-73.8164,False,0.0,0.0,0.0
telecom_cluster_03894,T-Mobile cluster,telecom,NJ (external),40.876433,-74.2016,False,0.0,0.0,0.0
telecom_cluster_03895,T-Mobile cluster,telecom,NJ (external),40.874267,-74.166633,False,0.0,0.0,0.0
telecom_cluster_03896,T-Mobile cluster,telecom,NJ (external),40.875943,-74.118371,False,0.0,0.0,0.0
telecom_cluster_03897,T-Mobile cluster,telecom,NJ (external),40.8731,-74.116733,False,0.0,0.0,0.0
telecom_cluster_03898,T-Mobile cluster,telecom,NJ (external),40.877,-74.0689,False,0.0,0.0,0.0
telecom_cluster_03899,T-Mobile cluster,telecom,NJ (external),40.875493,-74.064427,False,0.0,0.0,0.0
telecom_cluster_03900,T-Mobile cluster,telecom,NJ (external),40.8738,-74.062,False,0.0,0.0,0.0
telecom_cluster_03901,T-Mobile cluster,telecom,NJ (external),40.8737,-74.0338,False,0.0,0.0,0.0
telecom_cluster_03902,T-Mobile cluster,telecom,Manhattan,40.8767,-73.97865,False,0.0,0.0,0.0
telecom_cluster_03903,T-Mobile cluster,telecom,Manhattan,40.8763,-73.9762,False,0.0,0.0,0.0
telecom_cluster_03904,T-Mobile cluster,telecom,Manhattan,40.8731,-73.9518,False,0.0,0.0,0.0
telecom_cluster_03905,T-Mobile cluster,telecom,Bronx,40.875667,-73.919633,False,0.0,0.0,0.0
telecom_cluster_03906,T-Mobile cluster,telecom,Bronx,40.87552,-73.91518,False,0.0,0.8,0.8
telecom_cluster_03907,T-Mobile cluster,telecom,Bronx,40.874025,-73.91085,False,0.0,0.0,0.0
telecom_cluster_03908,T-Mobile cluster,telecom,Bronx,40.8747,-73.905375,False,0.0,0.0,0.0
telecom_cluster_03909,T-Mobile cluster,telecom,Bronx,40.874683,-73.889067,False,0.0,0.0,0.0
telecom_cluster_03910,T-Mobile cluster,telecom,Bronx,40.87366,-73.87336,False,0.0,0.0,0.0
telecom_cluster_03911,T-Mobile cluster,telecom,Bronx,40.875738,-73.8718,False,0.0,0.0,0.0
telecom_cluster_03912,T-Mobile cluster,telecom,Bronx,40.87485,-73.834633,False,0.0,0.0,0.0
telecom_cluster_03913,T-Mobile cluster,telecom,Bronx,40.8756,-73.8185,False,0.0,0.0,0.0
telecom_cluster_03914,T-Mobile cluster,telecom,Bronx,40.8762,-73.809,False,0.0,0.0,0.0
telecom_cluster_03915,T-Mobile cluster,telecom,NJ (external),40.8821,-74.2095,False,0.0,0.0,0.0
telecom_cluster_03916,T-Mobile cluster,telecom,NJ (external),40.879989,-74.165122,False,0.0,0.0,0.0
telecom_cluster_03917,T-Mobile cluster,telecom,NJ (external),40.88052,-74.12486,False,0.0,0.0,0.0
telecom_cluster_03918,T-Mobile cluster,telecom,NJ (external),40.87818,-74.12146,False,0.0,0.0,0.0
telecom_cluster_03919,T-Mobile cluster,telecom,NJ (external),40.88016,-74.064967,False,0.0,0.0,0.0
telecom_cluster_03920,T-Mobile cluster,telecom,NJ (external),40.8799,-74.0549,False,0.0,0.0,0.0
telecom_cluster_03921,T-Mobile cluster,telecom,NJ (external),40.8784,-74.0314,False,0.0,0.0,0.0
telecom_cluster_03922,T-Mobile cluster,telecom,Brooklyn,40.8786,-74.02545,False,0.0,0.0,0.0
telecom_cluster_03923,T-Mobile cluster,telecom,Brooklyn,40.8806,-73.984,False,0.0,0.0,0.0
telecom_cluster_03924,T-Mobile cluster,telecom,Manhattan,40.8785,-73.98,False,0.0,0.0,0.0
telecom_cluster_03925,T-Mobile cluster,telecom,Bronx,40.8823,-73.9226,False,0.0,0.0,0.0
telecom_cluster_03926,T-Mobile cluster,telecom,Bronx,40.87828,-73.92142,False,0.0,0.0,0.0
telecom_cluster_03927,T-Mobile cluster,telecom,Bronx,40.878675,-73.903225,False,0.0,0.0,0.0
telecom_cluster_03928,T-Mobile cluster,telecom,Bronx,40.88098,-73.90134,False,0.0,0.0,0.6
telecom_cluster_03929,T-Mobile cluster,telecom,Bronx,40.879277,-73.885315,False,0.0,0.0,0.0
telecom_cluster_03930,T-Mobile cluster,telecom,Bronx,40.879671,-73.870229,False,0.0,0.0,0.0
telecom_cluster_03931,T-Mobile cluster,telecom,Bronx,40.881329,-73.860457,False,0.0,0.0,0.0
telecom_cluster_03932,T-Mobile cluster,telecom,Bronx,40.8793,-73.8335,False,0.0,0.0,0.2
telecom_cluster_03933,T-Mobile cluster,telecom,Bronx,40.8804,-73.83095,False,0.0,0.0,0.0
telecom_cluster_03934,T-Mobile cluster,telecom,NJ (external),40.8872,-74.2157,False,0.0,0.0,0.0
telecom_cluster_03935,T-Mobile cluster,telecom,NJ (external),40.8837,-74.2117,False,0.0,0.0,0.0
telecom_cluster_03936,T-Mobile cluster,telecom,NJ (external),40.88285,-74.1632,False,0.0,0.0,0.0
telecom_cluster_03937,T-Mobile cluster,telecom,NJ (external),40.884355,-74.160745,False,0.0,0.0,0.0
telecom_cluster_03938,T-Mobile cluster,telecom,NJ (external),40.885875,-74.155,False,0.0,0.0,0.0
telecom_cluster_03939,T-Mobile cluster,telecom,NJ (external),40.886838,-74.150512,False,0.0,0.0,0.0
telecom_cluster_03940,T-Mobile cluster,telecom,NJ (external),40.884267,-74.129183,False,0.0,0.0,0.0
telecom_cluster_03941,T-Mobile cluster,telecom,NJ (external),40.8841,-74.1272,False,0.0,0.0,0.0
telecom_cluster_03942,T-Mobile cluster,telecom,NJ (external),40.885718,-74.0907,False,0.0,0.0,0.0
telecom_cluster_03943,T-Mobile cluster,telecom,NJ (external),40.8841,-74.0871,False,0.0,0.0,0.0
telecom_cluster_03944,T-Mobile cluster,telecom,NJ (external),40.8855,-74.068033,False,0.0,0.0,0.0
telecom_cluster_03945,T-Mobile cluster,telecom,NJ (external),40.885067,-74.066175,False,0.0,0.0,0.0
telecom_cluster_03946,T-Mobile cluster,telecom,NJ (external),40.883675,-74.0604,False,0.0,0.0,0.0
telecom_cluster_03947,T-Mobile cluster,telecom,Brooklyn,40.8862,-74.0206,False,0.0,0.0,0.0
telecom_cluster_03948,T-Mobile cluster,telecom,Brooklyn,40.8853,-73.9914,False,0.0,0.0,0.0
telecom_cluster_03949,T-Mobile cluster,telecom,Brooklyn,40.8832,-73.9343,False,0.0,0.0,0.0
telecom_cluster_03950,T-Mobile cluster,telecom,Bronx,40.8856,-73.9265,False,0.0,0.0,0.0
telecom_cluster_03951,T-Mobile cluster,telecom,Bronx,40.8852,-73.9215,False,0.0,0.0,0.0
telecom_cluster_03952,T-Mobile cluster,telecom,Bronx,40.8828,-73.8981,False,0.0,0.0,0.0
telecom_cluster_03953,T-Mobile cluster,telecom,Bronx,40.88595,-73.89545,False,0.0,0.0,0.0
telecom_cluster_03954,T-Mobile cluster,telecom,Bronx,40.884143,-73.8684,False,0.0,0.0,0.0
telecom_cluster_03955,T-Mobile cluster,telecom,Bronx,40.8869,-73.8669,False,0.0,0.0,0.0
telecom_cluster_03956,T-Mobile cluster,telecom,Bronx,40.8839,-73.8257,False,0.2,0.2,0.6
telecom_cluster_03957,T-Mobile cluster,telecom,Bronx,40.88455,-73.81955,False,0.0,0.0,0.0
telecom_cluster_03958,T-Mobile cluster,telecom,Bronx,40.885,-73.8159,False,0.0,0.0,0.0
telecom_cluster_03959,T-Mobile cluster,telecom,Bronx,40.8867,-73.8082,False,0.0,0.0,0.0
telecom_cluster_03960,T-Mobile cluster,telecom,Bronx,40.88545,-73.8051,False,0.0,0.0,0.0
telecom_cluster_03961,T-Mobile cluster,telecom,NJ (external),40.89135,-74.26005,False,0.0,0.0,0.0
telecom_cluster_03962,T-Mobile cluster,telecom,NJ (external),40.890186,-74.219714,False,0.0,0.0,0.0
telecom_cluster_03963,T-Mobile cluster,telecom,NJ (external),40.8898,-74.216125,False,0.0,0.0,0.0
telecom_cluster_03964,T-Mobile cluster,telecom,NJ (external),40.888057,-74.1438,False,0.0,0.0,0.0
telecom_cluster_03965,T-Mobile cluster,telecom,NJ (external),40.888633,-74.140617,False,0.0,0.0,0.0
telecom_cluster_03966,T-Mobile cluster,telecom,NJ (external),40.889971,-74.1335,False,0.0,0.0,0.0
telecom_cluster_03967,T-Mobile cluster,telecom,NJ (external),40.889662,-74.129712,False,0.0,0.0,0.0
telecom_cluster_03968,T-Mobile cluster,telecom,NJ (external),40.890575,-74.124825,False,0.0,0.0,0.0
telecom_cluster_03969,T-Mobile cluster,telecom,NJ (external),40.892067,-74.121633,False,0.0,0.0,0.0
telecom_cluster_03970,T-Mobile cluster,telecom,NJ (external),40.88895,-74.0955,False,0.0,0.0,0.0
telecom_cluster_03971,T-Mobile cluster,telecom,NJ (external),40.8908,-74.0732,False,0.0,0.0,0.0
telecom_cluster_03972,T-Mobile cluster,telecom,NJ (external),40.889246,-74.070362,False,0.0,0.0,0.0
telecom_cluster_03973,T-Mobile cluster,telecom,NJ (external),40.8914,-74.03905,False,0.0,0.0,0.0
telecom_cluster_03974,T-Mobile cluster,telecom,Brooklyn,40.89215,-74.00835,False,0.0,0.0,0.0
telecom_cluster_03975,T-Mobile cluster,telecom,Brooklyn,40.891,-74.0048,False,0.0,0.0,0.0
telecom_cluster_03976,T-Mobile cluster,telecom,Brooklyn,40.88955,-74.0016,False,0.0,0.0,0.0
telecom_cluster_03977,T-Mobile cluster,telecom,Brooklyn,40.8917,-73.9388,False,0.0,0.0,0.0
telecom_cluster_03978,T-Mobile cluster,telecom,Bronx,40.8883,-73.9202,False,0.0,0.0,0.0
telecom_cluster_03979,T-Mobile cluster,telecom,Bronx,40.8902,-73.889475,False,0.0,0.0,0.0
telecom_cluster_03980,T-Mobile cluster,telecom,Bronx,40.890143,-73.865357,False,0.0,0.0,0.0
telecom_cluster_03981,T-Mobile cluster,telecom,Bronx,40.89042,-73.80032,False,0.0,0.0,0.0
telecom_cluster_03982,T-Mobile cluster,telecom,NJ (external),40.894,-74.2684,False,0.0,0.0,0.0
telecom_cluster_03983,T-Mobile cluster,telecom,NJ (external),40.895,-74.2579,False,0.0,0.0,0.0
telecom_cluster_03984,T-Mobile cluster,telecom,NJ (external),40.8963,-74.2335,False,0.0,0.0,0.0
telecom_cluster_03985,T-Mobile cluster,telecom,NJ (external),40.8946,-74.231,False,0.0,0.0,0.0
telecom_cluster_03986,T-Mobile cluster,telecom,NJ (external),40.8942,-74.2244,False,0.0,0.0,0.0
telecom_cluster_03987,T-Mobile cluster,telecom,NJ (external),40.8928,-74.2224,False,0.0,0.0,0.0
telecom_cluster_03988,T-Mobile cluster,telecom,NJ (external),40.8937,-74.2031,False,0.0,0.0,0.0
telecom_cluster_03989,T-Mobile cluster,telecom,NJ (external),40.8973,-74.1336,False,0.0,0.0,0.0
telecom_cluster_03990,T-Mobile cluster,telecom,NJ (external),40.8935,-74.1271,False,0.0,0.0,0.0
telecom_cluster_03991,T-Mobile cluster,telecom,NJ (external),40.8944,-74.118929,False,0.0,0.0,0.0
telecom_cluster_03992,T-Mobile cluster,telecom,NJ (external),40.89545,-74.11605,False,0.0,0.0,0.0
telecom_cluster_03993,T-Mobile cluster,telecom,NJ (external),40.8933,-74.1116,False,0.0,0.0,0.0
telecom_cluster_03994,T-Mobile cluster,telecom,NJ (external),40.893,-74.1063,False,0.0,0.0,0.0
telecom_cluster_03995,T-Mobile cluster,telecom,NJ (external),40.8955,-74.0905,False,0.0,0.0,0.0
telecom_cluster_03996,T-Mobile cluster,telecom,NJ (external),40.89582,-74.0794,False,0.0,0.0,0.0
telecom_cluster_03997,T-Mobile cluster,telecom,NJ (external),40.89545,-74.07445,False,0.0,0.0,0.0
telecom_cluster_03998,T-Mobile cluster,telecom,NJ (external),40.894229,-74.071871,False,0.0,0.0,0.0
telecom_cluster_03999,T-Mobile cluster,telecom,NJ (external),40.893675,-74.0385,False,0.0,0.0,0.0
telecom_cluster_04000,T-Mobile cluster,telecom,NJ (external),40.8928,-74.0359,False,0.0,0.0,0.0
telecom_cluster_04001,T-Mobile cluster,telecom,Brooklyn,40.896567,-74.020667,False,0.0,0.0,0.0
telecom_cluster_04002,T-Mobile cluster,telecom,Brooklyn,40.8947,-74.0155,False,0.0,0.0,0.0
telecom_cluster_04003,T-Mobile cluster,telecom,Brooklyn,40.8935,-74.0123,False,0.0,0.0,0.0
telecom_cluster_04004,T-Mobile cluster,telecom,Brooklyn,40.8929,-73.9413,False,0.0,0.0,0.0
telecom_cluster_04005,T-Mobile cluster,telecom,Bronx,40.8936,-73.918,False,0.0,0.0,0.0
telecom_cluster_04006,T-Mobile cluster,telecom,Bronx,40.8962,-73.916933,False,0.0,0.0,0.0
telecom_cluster_04007,T-Mobile cluster,telecom,Bronx,40.89605,-73.88155,False,0.0,0.0,0.0
telecom_cluster_04008,T-Mobile cluster,telecom,Bronx,40.8957,-73.8749,False,0.0,0.0,0.0
telecom_cluster_04009,T-Mobile cluster,telecom,Bronx,40.8964,-73.8719,False,0.0,0.0,0.0
telecom_cluster_04010,T-Mobile cluster,telecom,Bronx,40.894375,-73.863125,False,0.0,0.0,0.0
telecom_cluster_04011,T-Mobile cluster,telecom,Bronx,40.89535,-73.86205,False,0.0,0.8,0.8
telecom_cluster_04012,T-Mobile cluster,telecom,Bronx,40.89465,-73.81605,False,0.0,0.0,0.0
telecom_cluster_04013,T-Mobile cluster,telecom,Bronx,40.894733,-73.797867,False,0.0,0.0,0.0
telecom_cluster_04014,T-Mobile cluster,telecom,Bronx,40.8969,-73.7973,False,0.0,0.0,0.0
telecom_cluster_04015,T-Mobile cluster,telecom,NJ (external),40.9015,-74.262,False,0.0,0.0,0.0
telecom_cluster_04016,T-Mobile cluster,telecom,NJ (external),40.9022,-74.2179,False,0.0,0.0,0.0
telecom_cluster_04017,T-Mobile cluster,telecom,NJ (external),40.9002,-74.2157,False,0.0,0.0,0.0
telecom_cluster_04018,T-Mobile cluster,telecom,NJ (external),40.90175,-74.14585,False,0.0,0.0,0.0
telecom_cluster_04019,T-Mobile cluster,telecom,NJ (external),40.89956,-74.13352,False,0.0,0.0,0.0
telecom_cluster_04020,T-Mobile cluster,telecom,NJ (external),40.9015,-74.1309,False,0.0,0.0,0.0
telecom_cluster_04021,T-Mobile cluster,telecom,NJ (external),40.9019,-74.12512,False,0.0,0.0,0.0
telecom_cluster_04022,T-Mobile cluster,telecom,NJ (external),40.8993,-74.114355,False,0.0,0.0,0.0
telecom_cluster_04023,T-Mobile cluster,telecom,NJ (external),40.90165,-74.11115,False,0.0,0.0,0.0
telecom_cluster_04024,T-Mobile cluster,telecom,NJ (external),40.9024,-74.0887,False,0.0,0.0,0.0
telecom_cluster_04025,T-Mobile cluster,telecom,NJ (external),40.90154,-74.08312,False,0.0,0.0,0.0
telecom_cluster_04026,T-Mobile cluster,telecom,NJ (external),40.89994,-74.08186,False,0.0,0.0,0.0
telecom_cluster_04027,T-Mobile cluster,telecom,NJ (external),40.9023,-74.0724,False,0.0,0.0,0.0
telecom_cluster_04028,T-Mobile cluster,telecom,NJ (external),40.8978,-74.0376,False,0.0,0.0,0.0
telecom_cluster_04029,T-Mobile cluster,telecom,NJ (external),40.899367,-74.036567,False,0.0,0.0,0.0
telecom_cluster_04030,T-Mobile cluster,telecom,Brooklyn,40.8985,-74.02465,False,0.0,0.0,0.0
telecom_cluster_04031,T-Mobile cluster,telecom,Brooklyn,40.90065,-74.00905,False,0.0,0.0,0.0
telecom_cluster_04032,T-Mobile cluster,telecom,Brooklyn,40.9024,-74.0067,False,0.0,0.0,0.0
telecom_cluster_04033,T-Mobile cluster,telecom,Brooklyn,40.8984,-73.9382,False,0.0,0.0,0.0
telecom_cluster_04034,T-Mobile cluster,telecom,Bronx,40.89955,-73.91575,False,0.0,0.0,0.0
telecom_cluster_04035,T-Mobile cluster,telecom,Bronx,40.9011,-73.8856,False,0.0,0.0,0.0
telecom_cluster_04036,T-Mobile cluster,telecom,Bronx,40.89991,-73.85984,False,0.0,0.0,0.0
telecom_cluster_04037,T-Mobile cluster,telecom,Bronx,40.8997,-73.8534,False,0.0,0.0,0.0
telecom_cluster_04038,T-Mobile cluster,telecom,Bronx,40.89965,-73.79515,False,0.0,0.0,0.0
telecom_cluster_04039,T-Mobile cluster,telecom,NJ (external),40.9063,-74.2155,False,0.0,0.0,0.0
telecom_cluster_04040,T-Mobile cluster,telecom,NJ (external),40.9061,-74.16405,False,0.0,0.0,0.0
telecom_cluster_04041,T-Mobile cluster,telecom,NJ (external),40.9059,-74.1587,False,0.0,0.0,0.0
telecom_cluster_04042,T-Mobile cluster,telecom,NJ (external),40.902825,-74.132925,False,0.0,0.0,0.0
telecom_cluster_04043,T-Mobile cluster,telecom,NJ (external),40.9051,-74.1313,False,0.0,0.0,0.0
telecom_cluster_04044,T-Mobile cluster,telecom,NJ (external),40.9029,-74.12405,False,0.0,0.0,0.0
telecom_cluster_04045,T-Mobile cluster,telecom,NJ (external),40.904167,-74.119767,False,0.0,0.0,0.0
telecom_cluster_04046,T-Mobile cluster,telecom,NJ (external),40.904075,-74.11655,False,0.0,0.0,0.0
telecom_cluster_04047,T-Mobile cluster,telecom,NJ (external),40.903767,-74.10905,False,0.0,0.0,0.0
telecom_cluster_04048,T-Mobile cluster,telecom,NJ (external),40.90444,-74.10626,False,0.0,0.0,0.0
telecom_cluster_04049,T-Mobile cluster,telecom,NJ (external),40.903825,-74.10105,False,0.0,0.0,0.0
telecom_cluster_04050,T-Mobile cluster,telecom,NJ (external),40.9029,-74.093,False,0.0,0.0,0.0
telecom_cluster_04051,T-Mobile cluster,telecom,NJ (external),40.905444,-74.090011,False,0.0,0.0,0.0
telecom_cluster_04052,T-Mobile cluster,telecom,NJ (external),40.9045,-74.0853,False,0.0,0.0,0.0
telecom_cluster_04053,T-Mobile cluster,telecom,NJ (external),40.9034,-74.07218,False,0.0,0.0,0.0
telecom_cluster_04054,T-Mobile cluster,telecom,NJ (external),40.9051,-74.0429,False,0.0,0.0,0.0
telecom_cluster_04055,T-Mobile cluster,telecom,NJ (external),40.90564,-74.03436,False,0.0,0.0,0.0
telecom_cluster_04056,T-Mobile cluster,telecom,NJ (external),40.9042,-74.03155,False,0.0,0.0,0.0
telecom_cluster_04057,T-Mobile cluster,telecom,Brooklyn,40.9026,-74.006,False,0.0,0.0,0.0
telecom_cluster_04058,T-Mobile cluster,telecom,Bronx,40.9031,-73.8875,False,0.0,0.0,0.0
telecom_cluster_04059,T-Mobile cluster,telecom,Bronx,40.9038,-73.8852,False,0.0,0.0,0.0
telecom_cluster_04060,T-Mobile cluster,telecom,Bronx,40.905133,-73.878233,False,0.0,0.0,0.0
telecom_cluster_04061,T-Mobile cluster,telecom,Bronx,40.90524,-73.85558,False,0.0,0.0,0.0
telecom_cluster_04062,T-Mobile cluster,telecom,Bronx,40.904425,-73.81405,False,0.0,0.0,0.0
telecom_cluster_04063,T-Mobile cluster,telecom,Bronx,40.906017,-73.793883,False,0.0,0.0,0.0
telecom_cluster_04064,T-Mobile cluster,telecom,Bronx,40.906333,-73.790283,False,0.0,0.0,0.0
telecom_cluster_04065,T-Mobile cluster,telecom,NJ (external),40.90955,-74.22727,False,0.0,0.0,0.0
telecom_cluster_04066,T-Mobile cluster,telecom,NJ (external),40.9103,-74.178,False,0.0,0.0,0.0
telecom_cluster_04067,T-Mobile cluster,telecom,NJ (external),40.9082,-74.1645,False,0.0,0.0,0.0
telecom_cluster_04068,T-Mobile cluster,telecom,NJ (external),40.909873,-74.131564,False,0.0,0.0,0.0
telecom_cluster_04069,T-Mobile cluster,telecom,NJ (external),40.9084,-74.1025,False,0.0,0.0,0.0
telecom_cluster_04070,T-Mobile cluster,telecom,NJ (external),40.909871,-74.095071,False,0.0,0.0,0.0
telecom_cluster_04071,T-Mobile cluster,telecom,NJ (external),40.90955,-74.09175,False,0.0,0.0,0.0
telecom_cluster_04072,T-Mobile cluster,telecom,NJ (external),40.90945,-74.071217,False,0.0,0.0,0.0
telecom_cluster_04073,T-Mobile cluster,telecom,NJ (external),40.91156,-74.04008,False,0.0,0.0,0.0
telecom_cluster_04074,T-Mobile cluster,telecom,NJ (external),40.908525,-74.0355,False,0.0,0.0,0.0
telecom_cluster_04075,T-Mobile cluster,telecom,Brooklyn,40.911,-74.0038,False,0.0,0.0,0.0
telecom_cluster_04076,T-Mobile cluster,telecom,Brooklyn,40.9076,-73.9985,False,0.0,0.0,0.0
telecom_cluster_04077,T-Mobile cluster,telecom,Bronx,40.9114,-73.88485,False,0.0,0.0,0.0
telecom_cluster_04078,T-Mobile cluster,telecom,Bronx,40.9109,-73.8762,False,0.0,0.0,0.0
telecom_cluster_04079,T-Mobile cluster,telecom,Bronx,40.910033,-73.852633,False,0.0,0.0,0.0
telecom_cluster_04080,T-Mobile cluster,telecom,Bronx,40.91,-73.8507,False,0.0,0.0,0.0
telecom_cluster_04081,T-Mobile cluster,telecom,Bronx,40.909533,-73.845067,False,0.0,0.0,0.0
telecom_cluster_04082,T-Mobile cluster,telecom,Bronx,40.91058,-73.8408,False,0.0,0.0,0.0
telecom_cluster_04083,T-Mobile cluster,telecom,Bronx,40.912,-73.835033,False,0.0,0.0,0.0
telecom_cluster_04084,T-Mobile cluster,telecom,Bronx,40.911833,-73.830133,False,0.0,0.0,0.0
telecom_cluster_04085,T-Mobile cluster,telecom,Bronx,40.91164,-73.82476,False,0.0,0.0,0.0
telecom_cluster_04086,T-Mobile cluster,telecom,Bronx,40.912033,-73.8209,False,0.0,0.0,0.0
telecom_cluster_04087,T-Mobile cluster,telecom,Bronx,40.910725,-73.81445,False,0.0,0.0,0.0
telecom_cluster_04088,T-Mobile cluster,telecom,Bronx,40.909933,-73.809533,False,0.0,0.0,0.0
telecom_cluster_04089,T-Mobile cluster,telecom,Bronx,40.90905,-73.805025,False,0.0,0.0,0.0
telecom_cluster_04090,T-Mobile cluster,telecom,Bronx,40.9085,-73.8014,False,0.0,0.0,0.0
telecom_cluster_04091,T-Mobile cluster,telecom,Bronx,40.9075,-73.7972,False,0.0,0.0,0.0
telecom_cluster_04092,T-Mobile cluster,telecom,Bronx,40.9078,-73.7883,False,0.0,0.0,0.0
telecom_cluster_04093,T-Mobile cluster,telecom,Bronx,40.910491,-73.785173,False,0.0,0.0,0.0
telecom_cluster_04094,T-Mobile cluster,telecom,NJ (external),40.915782,-74.130827,False,0.0,0.0,0.0
telecom_cluster_04095,T-Mobile cluster,telecom,NJ (external),40.9141,-74.1038,False,0.0,0.0,0.0
telecom_cluster_04096,T-Mobile cluster,telecom,NJ (external),40.9168,-74.0887,False,0.0,0.0,0.0
telecom_cluster_04097,T-Mobile cluster,telecom,NJ (external),40.917167,-74.072667,False,0.0,0.0,0.0
telecom_cluster_04098,T-Mobile cluster,telecom,NJ (external),40.913771,-74.071814,False,0.0,0.0,0.0
telecom_cluster_04099,T-Mobile cluster,telecom,NJ (external),40.91615,-74.054675,False,0.0,0.0,0.0
telecom_cluster_04100,T-Mobile cluster,telecom,NJ (external),40.914833,-74.049917,False,0.0,0.0,0.0
telecom_cluster_04101,T-Mobile cluster,telecom,NJ (external),40.913625,-74.045525,False,0.0,0.0,0.0
telecom_cluster_04102,T-Mobile cluster,telecom,Brooklyn,40.9145,-74.0073,False,0.0,0.0,0.0
telecom_cluster_04103,T-Mobile cluster,telecom,Brooklyn,40.9147,-74.0024,False,0.0,0.0,0.0
telecom_cluster_04104,T-Mobile cluster,telecom,Bronx,40.9155,-73.9102,False,0.0,0.0,0.0
telecom_cluster_04105,T-Mobile cluster,telecom,Bronx,40.9167,-73.8826,False,0.0,0.0,0.0
telecom_cluster_04106,T-Mobile cluster,telecom,Bronx,40.9149,-73.8733,False,0.0,0.0,0.0
telecom_cluster_04107,T-Mobile cluster,telecom,Bronx,40.914483,-73.849433,False,0.0,0.0,0.0
telecom_cluster_04108,T-Mobile cluster,telecom,Bronx,40.9127,-73.8356,False,0.0,0.0,0.0
telecom_cluster_04109,T-Mobile cluster,telecom,Bronx,40.914,-73.8266,False,0.0,0.0,0.0
telecom_cluster_04110,T-Mobile cluster,telecom,Bronx,40.91495,-73.81215,False,0.0,0.0,0.0
telecom_cluster_04111,T-Mobile cluster,telecom,Bronx,40.913767,-73.7839,False,0.0,0.0,0.0
telecom_cluster_04112,T-Mobile cluster,telecom,Bronx,40.915975,-73.7805,False,0.0,0.0,0.0
telecom_cluster_04113,T-Mobile cluster,telecom,NJ (external),40.918633,-74.129917,False,0.0,0.0,0.0
telecom_cluster_04114,T-Mobile cluster,telecom,NJ (external),40.919,-74.09102,False,0.0,0.0,0.0
telecom_cluster_04115,T-Mobile cluster,telecom,NJ (external),40.91916,-74.08664,False,0.0,0.0,0.0
telecom_cluster_04116,T-Mobile cluster,telecom,NJ (external),40.9192,-74.07405,False,0.0,0.0,0.0
telecom_cluster_04117,T-Mobile cluster,telecom,NJ (external),40.9198,-74.069725,False,0.0,0.0,0.0
telecom_cluster_04118,T-Mobile cluster,telecom,NJ (external),40.9191,-74.0652,False,0.0,0.0,0.0
telecom_cluster_04119,T-Mobile cluster,telecom,NJ (external),40.917767,-74.0607,False,0.0,0.0,0.0
telecom_cluster_04120,T-Mobile cluster,telecom,Bronx,40.9181,-73.909,False,0.0,0.0,0.0
telecom_cluster_04121,T-Mobile cluster,telecom,Bronx,40.91935,-73.8821,False,0.0,0.0,0.0
telecom_cluster_04122,T-Mobile cluster,telecom,Bronx,40.9192,-73.8683,False,0.0,0.0,0.0
telecom_cluster_04123,T-Mobile cluster,telecom,Bronx,40.91965,-73.8658,False,0.0,0.0,0.0
telecom_cluster_04124,T-Mobile cluster,telecom,Bronx,40.919267,-73.846067,False,0.0,0.0,0.0
telecom_cluster_04125,T-Mobile cluster,telecom,Bronx,40.9178,-73.811,False,0.0,0.0,0.0
telecom_cluster_04126,T-Mobile cluster,telecom,Bronx,40.919333,-73.777867,False,0.0,0.0,0.0
telecom_cluster_04127,T-Mobile Metro cluster,telecom,Brooklyn,40.649912,-73.975838,False,0.0,0.0,0.0
telecom_cluster_04128,T-Mobile Metro cluster,telecom,Brooklyn,40.6597,-73.9823,False,0.0,0.0,0.0
telecom_cluster_04129,T-Mobile Metro cluster,telecom,Brooklyn,40.6644,-73.9859,False,0.0,0.0,0.0
telecom_cluster_04130,T-Mobile Metro cluster,telecom,Brooklyn,40.66955,-73.9888,False,0.0,0.0,0.2
telecom_cluster_04131,T-Mobile Metro cluster,telecom,Brooklyn,40.6755,-73.9975,False,0.0,0.0,0.0
telecom_cluster_04132,T-Mobile Metro cluster,telecom,Brooklyn,40.679036,-73.995843,False,0.0,0.0,0.0
telecom_cluster_04133,T-Mobile Metro cluster,telecom,Brooklyn,40.6925,-73.9905,False,0.0,0.0,0.0
telecom_cluster_04134,T-Mobile Metro cluster,telecom,Brooklyn,40.6926,-73.9912,False,0.0,0.0,0.0
telecom_cluster_04135,T-Mobile Metro cluster,telecom,Manhattan,40.7,-73.9866,False,0.0,0.0,0.0
telecom_cluster_04136,T-Mobile Metro cluster,telecom,Manhattan,40.71365,-73.99415,False,0.0,0.0,0.0
telecom_cluster_04137,T-Mobile Metro cluster,telecom,Manhattan,40.7147,-73.9443,False,0.0,0.0,0.0
telecom_cluster_04138,T-Mobile Metro cluster,telecom,Manhattan,40.7156,-73.9403,False,0.0,0.0,0.0
telecom_cluster_04139,T-Mobile Metro cluster,telecom,Manhattan,40.722,-73.9811,False,0.0,0.0,0.0
telecom_cluster_04140,T-Mobile Metro cluster,telecom,Queens,40.721138,-73.844012,False,0.0,0.0,0.0
telecom_cluster_04141,T-Mobile Metro cluster,telecom,Manhattan,40.7352,-73.9911,False,0.0,0.0,0.0
telecom_cluster_04142,T-Mobile Metro cluster,telecom,Manhattan,40.7485,-73.9383,False,0.0,0.0,0.0
telecom_cluster_04143,T-Mobile Metro cluster,telecom,Manhattan,40.760233,-73.990933,False,0.0,0.0,0.6
telecom_cluster_04144,T-Mobile Metro cluster,telecom,Manhattan,40.7668,-73.9829,False,0.0,0.0,0.0
telecom_cluster_04145,T-Mobile Metro cluster,telecom,Manhattan,40.763,-73.9677,False,0.0,0.0,0.2
telecom_cluster_04146,T-Mobile Metro cluster,telecom,Manhattan,40.7647,-73.96665,False,0.0,0.0,0.0
telecom_cluster_04147,T-Mobile Metro cluster,telecom,NJ (external),40.771967,-74.0434,False,0.0,0.0,0.0
telecom_cluster_04148,T-Mobile Metro cluster,telecom,Manhattan,40.7676,-73.9828,False,0.0,0.0,0.0
telecom_cluster_04149,T-Mobile Metro cluster,telecom,Manhattan,40.8051,-73.9404,False,0.0,0.0,0.0
hospital_bellevue_hospital_center,Bellevue Hospital Center,hospital,Manhattan,40.739245,-73.975488,False,0.0,0.0,0.0
hospital_north_central_bronx_hospital,North Central Bronx Hospital,hospital,Bronx,40.88046,-73.881093,False,0.0,0.0,0.0
hospital_woodhull_medical_and_mental_health_cente,Woodhull Medical And Mental Health Center,hospital,Brooklyn,40.699576,-73.942388,False,0.0,0.0,0.0
hospital_kings_county_hospital_center,Kings County Hospital Center,hospital,Brooklyn,40.656638,-73.944933,False,0.0,0.0,0.0
hospital_queens_hospital_center,Queens Hospital Center,hospital,Queens,40.717777,-73.805293,False,0.0,0.0,0.0
hospital_coney_island_hospital,Coney Island Hospital,hospital,Brooklyn,40.58608,-73.965599,False,0.0,0.0,0.0
hospital_metropolitan_hospital_center,Metropolitan Hospital Center,hospital,Manhattan,40.785078,-73.945025,False,0.0,0.0,0.0
hospital_harlem_hospital_center,Harlem Hospital Center,hospital,Manhattan,40.814112,-73.939744,False,0.0,0.0,0.0
hospital_lincoln_medical_and_mental_health_center,Lincoln Medical And Mental Health Center,hospital,Bronx,40.817061,-73.924502,False,0.0,0.0,0.0
hospital_jacobi_medical_center,Jacobi Medical Center,hospital,Bronx,40.856478,-73.847548,False,0.0,0.0,0.0
hospital_elmhurst_hospital_center,Elmhurst Hospital Center,hospital,Queens,40.73871,-73.878351,False,0.0,0.0,0.0
hospital_richmond_university_medical_center,Richmond University Medical Center,hospital,Staten Island,40.635707,-74.105902,False,0.0,0.0,0.0
hospital_mount_sinai_beth_israel,Mount Sinai Beth Israel,hospital,Manhattan,40.732666,-73.981598,False,0.0,0.0,0.0
hospital_new_york_presbyterian_david_h__koch_cent,New York-Presbyterian David H. Koch Center,hospital,Manhattan,40.76485,-73.955863,False,0.0,0.0,0.0
hospital_maimonides_medical_center,Maimonides Medical Center,hospital,Brooklyn,40.639687,-73.998955,False,0.0,0.0,0.0
hospital_mount_sinai_hospital___mount_sinai_hospi,Mount Sinai Hospital - Mount Sinai Hospital Of Queens,hospital,Queens,40.768248,-73.924866,False,0.0,0.0,0.0
hospital_david_h__koch_center_for_cancer_care,David H. Koch Center For Cancer Care,hospital,Manhattan,40.767034,-73.951039,False,0.0,0.0,0.0
hospital_mount_sinai_hospital,Mount Sinai Hospital,hospital,Manhattan,40.790404,-73.952858,False,0.0,0.0,0.0
hospital_brooklyn_hospital_center___downtown_camp,Brooklyn Hospital Center - Downtown Campus,hospital,Brooklyn,40.69063,-73.977889,False,0.0,0.0,0.0
hospital_nyu_langone_hospital___joseph_s__and_dia,Nyu Langone Hospital - Joseph S. And Diane H. Steinberg Ambulatory Care Center,hospital,Brooklyn,40.690654,-73.997535,False,0.0,0.0,0.0
hospital_new_york_presbyterian_hospital___new_yor,New York-Presbyterian Hospital - New York Weill Cornell Center,hospital,Manhattan,40.764721,-73.953919,False,0.0,0.0,0.0
hospital_interfaith_medical_center,Interfaith Medical Center,hospital,Brooklyn,40.67844,-73.937367,False,0.0,0.0,0.0
hospital_mount_sinai_morningside,Mount Sinai Morningside,hospital,Manhattan,40.805693,-73.961445,False,0.0,0.0,0.0
hospital_newyork_presbyterian_brooklyn_methodist,Newyork-Presbyterian Brooklyn Methodist Hospital,hospital,Brooklyn,40.667812,-73.979107,False,0.0,0.0,0.0
hospital_staten_island_university_hosp_north,Staten Island University Hosp-North,hospital,Staten Island,40.58476,-74.086047,False,0.0,0.0,0.0
hospital_new_york_presbyterian_hospital___allen_h,New York-Presbyterian Hospital - Allen Hospital,hospital,Bronx,40.873338,-73.913024,False,0.0,0.0,0.0
hospital_kingsbrook_jewish_medical_village,Kingsbrook Jewish Medical Village,hospital,Brooklyn,40.659394,-73.933754,False,0.0,0.0,0.0
hospital_wyckoff_heights_medical_center,Wyckoff Heights Medical Center,hospital,Queens,40.704108,-73.917683,False,0.0,0.0,0.0
hospital_new_york_presbyterian_hospital___columbi,New York-Presbyterian Hospital - Columbia Presbyterian Center,hospital,Manhattan,40.841148,-73.94081,False,0.0,0.0,0.0
hospital_montefiore_medical_center___montefiore_w,Montefiore Medical Center - Montefiore Westchester Square,hospital,Bronx,40.840678,-73.848402,False,0.0,0.0,0.0
hospital_montefiore_medical_center_wakefield_hosp,Montefiore Medical Center-Wakefield Hospital,hospital,Bronx,40.893525,-73.86119,False,0.0,0.0,0.0
hospital_newyork_presbyterian_queens,Newyork-Presbyterian/Queens,hospital,Queens,40.747168,-73.825149,False,0.0,0.0,0.0
hospital_rockefeller_university_hospital,Rockefeller University Hospital,hospital,Manhattan,40.762905,-73.956374,False,0.0,0.0,0.0
hospital_long_island_jewish_medical_center,Long Island Jewish Medical Center,hospital,Queens,40.754503,-73.707666,False,0.0,0.0,0.0
hospital_henry_j__carter_specialty_hospital,Henry J. Carter Specialty Hospital,hospital,Manhattan,40.802996,-73.941111,False,0.0,0.0,0.0
hospital_new_york_presbyterian_lower_manhattan_ho,New York-Presbyterian/Lower Manhattan Hospital,hospital,Manhattan,40.710293,-74.004951,False,0.0,0.0,0.0
hospital_hospital_for_special_surgery,Hospital For Special Surgery,hospital,Manhattan,40.76505,-73.95256,False,0.0,0.0,0.0
hospital_mount_sinai_west,Mount Sinai West,hospital,Manhattan,40.769664,-73.986799,False,0.0,0.0,0.0
hospital_sbh_health_system,Sbh Health System,hospital,Bronx,40.853362,-73.890845,False,0.0,0.0,0.0
hospital_mount_sinai____behavioral_health_center,Mount Sinai -  Behavioral Health Center,hospital,Manhattan,40.72068,-73.991197,False,0.0,0.0,0.0
hospital_calvary_hospital_inc,Calvary Hospital Inc,hospital,Bronx,40.84793,-73.843916,False,0.0,0.0,0.0
hospital_nyu_langone_orthopedic_hospital,Nyu Langone Orthopedic Hospital,hospital,Manhattan,40.734389,-73.982971,False,0.0,0.0,0.0
hospital_memorial_hospital_for_cancer_and_allied,Memorial Hospital For Cancer And Allied Diseases,hospital,Manhattan,40.764395,-73.956852,False,0.0,0.0,0.0
hospital_calvary_hospital,Calvary Hospital,hospital,Brooklyn,40.646544,-74.021086,False,0.0,0.0,0.0
hospital_mount_sinai_brooklyn,Mount Sinai Brooklyn,hospital,Brooklyn,40.618719,-73.942973,False,0.0,0.0,0.0
hospital_montefiore_medical_center___henry___lucy,Montefiore Medical Center - Henry & Lucy Moses Div,hospital,Bronx,40.880428,-73.879895,False,0.0,0.0,0.0
hospital_new_york_eye_and_ear_infirmary_of_mount,New York Eye And Ear Infirmary Of Mount Sinai,hospital,Manhattan,40.731875,-73.984599,False,0.0,0.0,0.0
hospital_rumc_bayley_seton,Rumc-Bayley Seton,hospital,Staten Island,40.622738,-74.075356,False,0.0,0.0,0.0
hospital_university_hospital_of_brooklyn,University Hospital Of Brooklyn,hospital,Brooklyn,40.655078,-73.944911,False,0.0,0.0,0.0
hospital_brookdale_hospital_medical_center,Brookdale Hospital Medical Center,hospital,Brooklyn,40.654951,-73.912419,False,0.0,0.0,0.0
hospital_jamaica_hospital_medical_center,Jamaica Hospital Medical Center,hospital,Queens,40.701412,-73.816299,False,0.0,0.0,0.0
hospital_lenox_health_greenwich_village,Lenox Health Greenwich Village,hospital,Manhattan,40.737719,-74.000864,False,0.0,0.0,0.0
hospital_lenox_hill_hospital,Lenox Hill Hospital,hospital,Manhattan,40.773957,-73.961109,False,0.0,0.0,0.0
hospital_maimonides_midwood_community_hospital,Maimonides Midwood Community Hospital,hospital,Brooklyn,40.613918,-73.948494,False,0.0,0.0,0.0
hospital_nyu_langone_hospitals,Nyu Langone Hospitals,hospital,Manhattan,40.741471,-73.973622,False,0.0,0.0,0.0
hospital_st_johns_episcopal_hospital_so_shore,St Johns Episcopal Hospital So Shore,hospital,Queens,40.598573,-73.753467,False,0.0,0.0,0.0
hospital_flushing_hospital_medical_center,Flushing Hospital Medical Center,hospital,Queens,40.755531,-73.815475,False,0.0,0.0,0.2
hospital_staten_island_university_hospital_prince,Staten Island University Hospital Prince'S Bay,hospital,Staten Island,40.516842,-74.196283,False,0.0,0.0,0.0
hospital_bronxcare_hospital_center,Bronxcare Hospital Center,hospital,Bronx,40.843477,-73.911034,False,0.0,0.0,0.0
hospital_montefiore_med_center___jack_d_weiler_ho,Montefiore Med Center - Jack D Weiler Hosp Of A Einstein College Div,hospital,Bronx,40.849788,-73.845869,False,0.0,0.0,0.0
hospital_long_island_jewish_forest_hills,Long Island Jewish Forest Hills,hospital,Queens,40.729001,-73.851684,False,0.0,0.0,0.0
subway_tottenville_sir,Tottenville,subway,Staten Island,40.512764,-74.251961,False,0.0,0.0,0.0
subway_arthur_kill_sir,Arthur Kill,subway,Staten Island,40.516578,-74.242096,False,0.0,0.0,0.0
subway_richmond_valley_sir,Richmond Valley,subway,Staten Island,40.519631,-74.229141,False,0.0,0.0,0.0
subway_pleasant_plains_sir,Pleasant Plains,subway,Staten Island,40.52241,-74.217847,False,0.0,0.0,0.0
subway_prince_s_bay_sir,Prince's Bay,subway,Staten Island,40.525507,-74.200064,False,0.0,0.0,0.0
subway_huguenot_sir,Huguenot,subway,Staten Island,40.533674,-74.191794,False,0.0,0.0,0.0
subway_annadale_sir,Annadale,subway,Staten Island,40.54046,-74.178217,False,0.0,0.0,0.0
subway_eltingville_sir,Eltingville,subway,Staten Island,40.544601,-74.16457,False,0.0,0.0,0.0
subway_great_kills_sir,Great Kills,subway,Staten Island,40.551231,-74.151399,False,0.0,0.0,0.0
subway_bay_terrace_sir,Bay Terrace,subway,Staten Island,40.5564,-74.136907,False,0.0,0.0,0.0
subway_oakwood_heights_sir,Oakwood Heights,subway,Staten Island,40.56511,-74.12632,False,0.0,0.0,0.0
subway_new_dorp_sir,New Dorp,subway,Staten Island,40.57348,-74.11721,False,0.0,0.0,0.0
subway_w_8_st_ny_aquarium_fq,W 8 St-NY Aquarium,subway,Brooklyn,40.576127,-73.975939,False,0.0,0.0,0.0
subway_ocean_pkwy_q,Ocean Pkwy,subway,Brooklyn,40.576312,-73.968501,False,0.0,0.0,0.0
subway_coney_island_stillwell_av_dfnq,Coney Island-Stillwell Av,subway,Brooklyn,40.577422,-73.981233,False,0.0,0.0,0.0
subway_brighton_beach_bq,Brighton Beach,subway,Brooklyn,40.577621,-73.961376,False,0.0,0.0,0.2
subway_grant_city_sir,Grant City,subway,Staten Island,40.578965,-74.109704,False,0.0,0.0,0.0
subway_rockaway_park_beach_116_st_as,Rockaway Park-Beach 116 St,subway,Queens,40.580903,-73.835592,False,0.0,0.0,0.0
subway_neptune_av_f,Neptune Av,subway,Brooklyn,40.581011,-73.974574,False,0.0,0.0,0.6
subway_beach_105_st_as,Beach 105 St,subway,Queens,40.583209,-73.827559,False,0.0,0.0,0.0
subway_jefferson_av_sir,Jefferson Av,subway,Staten Island,40.583591,-74.103338,False,0.0,0.0,0.0
subway_beach_98_st_as,Beach 98 St,subway,Queens,40.585307,-73.820558,False,0.0,0.0,0.0
subway_sheepshead_bay_bq,Sheepshead Bay,subway,Brooklyn,40.586896,-73.954155,False,0.0,0.0,0.0
subway_beach_90_st_as,Beach 90 St,subway,Queens,40.588034,-73.813641,False,0.0,0.0,0.0
subway_bay_50_st_d,Bay 50 St,subway,Brooklyn,40.588841,-73.983765,False,0.0,0.0,0.0
subway_dongan_hills_sir,Dongan Hills,subway,Staten Island,40.588849,-74.09609,False,0.0,0.0,0.0
subway_avenue_x_f,Avenue X,subway,Brooklyn,40.58962,-73.97425,False,0.0,0.0,0.2
subway_beach_67_st_a,Beach 67 St,subway,Queens,40.590927,-73.796924,False,0.0,0.0,0.0
subway_beach_60_st_a,Beach 60 St,subway,Queens,40.592374,-73.788522,False,0.0,0.0,0.0
subway_86_st_n,86 St,subway,Brooklyn,40.592721,-73.97823,False,0.0,0.0,0.0
subway_beach_44_st_a,Beach 44 St,subway,Queens,40.592943,-73.776013,False,0.0,0.0,0.0
subway_neck_rd_q,Neck Rd,subway,Brooklyn,40.595246,-73.955161,False,0.0,0.0,0.0
subway_beach_36_st_a,Beach 36 St,subway,Queens,40.595398,-73.768175,False,0.0,0.0,0.0
subway_avenue_u_f,Avenue U,subway,Brooklyn,40.596063,-73.973357,False,0.0,0.0,0.0
subway_old_town_sir,Old Town,subway,Staten Island,40.596612,-74.087368,False,0.0,0.0,0.0
subway_avenue_u_n,Avenue U,subway,Brooklyn,40.597473,-73.979137,False,0.0,0.0,0.0
subway_25_av_d,25 Av,subway,Brooklyn,40.597704,-73.986829,False,0.0,0.0,0.2
subway_avenue_u_q,Avenue U,subway,Brooklyn,40.5993,-73.955929,False,0.0,0.0,0.0
subway_beach_25_st_a,Beach 25 St,subway,Queens,40.600066,-73.761353,False,0.0,0.0,0.0
subway_bay_pkwy_d,Bay Pkwy,subway,Brooklyn,40.601875,-73.993728,False,0.2,0.2,0.6
subway_grasmere_sir,Grasmere,subway,Staten Island,40.603117,-74.084087,False,0.0,0.0,0.0
subway_kings_hwy_f,Kings Hwy,subway,Brooklyn,40.603217,-73.972361,False,0.0,0.0,0.2
subway_kings_hwy_n,Kings Hwy,subway,Brooklyn,40.603923,-73.980353,False,0.0,0.0,0.0
subway_far_rockaway_mott_av_a,Far Rockaway-Mott Av,subway,Queens,40.603995,-73.755405,False,0.0,0.0,0.0
subway_20_av_d,20 Av,subway,Brooklyn,40.604556,-73.998168,False,0.0,0.0,0.0
subway_18_av_d,18 Av,subway,Brooklyn,40.607954,-74.001736,False,0.0,0.0,0.2
subway_broad_channel_as,Broad Channel,subway,Queens,40.608382,-73.815925,False,0.0,0.0,0.0
subway_kings_hwy_bq,Kings Hwy,subway,Brooklyn,40.60867,-73.957734,False,0.0,0.0,0.0
subway_avenue_p_f,Avenue P,subway,Brooklyn,40.608944,-73.973022,False,0.0,0.0,0.0
subway_bay_pkwy_n,Bay Pkwy,subway,Brooklyn,40.611815,-73.981848,False,0.0,0.0,0.0
subway_79_st_d,79 St,subway,Brooklyn,40.613501,-74.00061,False,0.0,0.0,0.2
subway_avenue_n_f,Avenue N,subway,Brooklyn,40.61514,-73.974197,False,0.0,0.0,0.2
subway_bay_ridge_95_st_r,Bay Ridge-95 St,subway,Staten Island,40.616622,-74.030876,False,0.0,0.0,0.0
subway_20_av_n,20 Av,subway,Brooklyn,40.61741,-73.985026,False,0.0,0.0,0.0
subway_avenue_m_q,Avenue M,subway,Brooklyn,40.617618,-73.959399,False,0.0,0.0,0.0
subway_71_st_d,71 St,subway,Brooklyn,40.619589,-73.998864,False,0.0,0.0,0.0
subway_18_av_n,18 Av,subway,Brooklyn,40.620671,-73.990414,False,0.0,0.0,0.0
subway_bay_pkwy_f,Bay Pkwy,subway,Brooklyn,40.620769,-73.975264,False,0.0,0.0,0.0
subway_clifton_sir,Clifton,subway,Staten Island,40.621319,-74.071402,False,0.0,0.0,0.0
subway_86_st_r,86 St,subway,Brooklyn,40.622687,-74.028398,False,0.6,0.6,0.6
subway_new_utrecht_av_n,New Utrecht Av,subway,Brooklyn,40.624842,-73.996353,False,0.0,0.0,0.0
subway_avenue_j_q,Avenue J,subway,Brooklyn,40.625039,-73.960803,False,0.0,0.0,0.0
subway_avenue_i_f,Avenue I,subway,Brooklyn,40.625322,-73.976127,False,0.0,0.0,0.0
subway_62_st_d,62 St,subway,Brooklyn,40.626472,-73.996895,False,0.0,0.0,0.0
subway_stapleton_sir,Stapleton,subway,Staten Island,40.627915,-74.075162,False,0.0,0.0,0.0
subway_avenue_h_q,Avenue H,subway,Brooklyn,40.62927,-73.961639,False,0.0,0.0,0.0
subway_77_st_r,77 St,subway,Brooklyn,40.629742,-74.02551,False,0.0,0.0,0.0
subway_18_av_f,18 Av,subway,Brooklyn,40.629755,-73.976971,False,0.0,0.0,0.0
subway_fort_hamilton_pkwy_n,Fort Hamilton Pkwy,subway,Brooklyn,40.631386,-74.005351,False,0.0,0.0,0.0
subway_55_st_d,55 St,subway,Brooklyn,40.631435,-73.995476,False,0.0,0.0,0.2
subway_flatbush_av_brooklyn_college_25,Flatbush Av-Brooklyn College,subway,Brooklyn,40.632836,-73.947642,False,0.0,0.0,0.2
subway_bay_ridge_av_r,Bay Ridge Av,subway,Brooklyn,40.634967,-74.023377,False,0.0,0.0,0.0
subway_8_av_n,8 Av,subway,Brooklyn,40.635064,-74.011719,False,0.0,0.0,0.0
subway_newkirk_plaza_bq,Newkirk Plaza,subway,Brooklyn,40.635082,-73.962793,False,0.0,0.0,0.0
subway_ditmas_av_f,Ditmas Av,subway,Brooklyn,40.636119,-73.978172,False,0.0,0.0,0.0
subway_50_st_d,50 St,subway,Brooklyn,40.63626,-73.994791,False,0.0,0.0,0.0
subway_tompkinsville_sir,Tompkinsville,subway,Staten Island,40.636949,-74.074835,False,0.0,0.0,0.0
subway_newkirk_av_little_haiti_25,Newkirk Av-Little Haiti,subway,Brooklyn,40.639967,-73.948411,False,0.0,0.0,0.6
subway_fort_hamilton_pkwy_d,Fort Hamilton Pkwy,subway,Brooklyn,40.640914,-73.994304,False,0.0,0.0,0.0
subway_cortelyou_rd_q,Cortelyou Rd,subway,Brooklyn,40.640927,-73.963891,False,0.0,0.0,0.0
subway_59_st_nr,59 St,subway,Brooklyn,40.641362,-74.017881,False,0.0,0.0,0.0
subway_st_george_sir,St George,subway,Staten Island,40.643748,-74.073643,False,0.0,0.0,0.0
subway_beverley_rd_q,Beverley Rd,subway,Brooklyn,40.644031,-73.964492,False,0.0,0.0,0.0
subway_church_av_fg,Church Av,subway,Brooklyn,40.644041,-73.979678,False,0.0,0.0,0.0
subway_53_st_r,53 St,subway,Brooklyn,40.645069,-74.014034,False,0.0,0.0,0.0
subway_beverly_rd_25,Beverly Rd,subway,Brooklyn,40.645098,-73.948959,False,0.0,0.0,0.0
subway_9_av_d,9 Av,subway,Brooklyn,40.646292,-73.994324,False,0.0,0.0,0.0
subway_canarsie_rockaway_pkwy_l,Canarsie-Rockaway Pkwy,subway,Brooklyn,40.646654,-73.90185,False,0.0,0.0,0.0
subway_45_st_r,45 St,subway,Brooklyn,40.648939,-74.010006,False,0.0,0.0,0.0
subway_church_av_bq,Church Av,subway,Brooklyn,40.650527,-73.962982,False,0.0,0.0,0.0
subway_east_105_st_l,East 105 St,subway,Queens,40.650573,-73.899485,False,0.0,0.0,0.0
subway_fort_hamilton_pkwy_fg,Fort Hamilton Pkwy,subway,Brooklyn,40.650782,-73.975776,False,0.0,0.0,0.0
subway_church_av_25,Church Av,subway,Brooklyn,40.650843,-73.949575,False,0.0,0.0,0.6
subway_36_st_dnr,36 St,subway,Brooklyn,40.655144,-74.003549,False,0.0,0.0,0.0
subway_parkside_av_q,Parkside Av,subway,Brooklyn,40.655292,-73.961495,False,0.0,0.0,0.0
subway_winthrop_st_25,Winthrop St,subway,Brooklyn,40.656652,-73.9502,False,0.0,0.0,0.0
subway_new_lots_av_l,New Lots Av,subway,Queens,40.658733,-73.899232,False,0.0,0.0,0.0
subway_15_st_prospect_park_fg,15 St-Prospect Park,subway,Brooklyn,40.660365,-73.979493,False,0.0,0.0,0.0
subway_25_st_r,25 St,subway,Brooklyn,40.660397,-73.998091,False,0.0,0.0,0.0
subway_howard_beach_jfk_airport_a,Howard Beach-JFK Airport,subway,Queens,40.660476,-73.830301,False,0.0,0.0,0.0
subway_saratoga_av_3,Saratoga Av,subway,Brooklyn,40.661453,-73.916327,False,0.0,0.0,0.6
subway_prospect_park_bqs,Prospect Park,subway,Brooklyn,40.661614,-73.962246,False,0.0,0.0,0.0
subway_rockaway_av_3,Rockaway Av,subway,Brooklyn,40.662549,-73.908946,False,0.0,0.0,0.2
subway_sterling_st_25,Sterling St,subway,Brooklyn,40.662742,-73.95085,False,0.0,0.0,0.0
subway_junius_st_3,Junius St,subway,Brooklyn,40.663515,-73.902447,False,0.0,0.0,0.2
subway_livonia_av_l,Livonia Av,subway,Brooklyn,40.664038,-73.900571,False,0.0,0.0,0.0
subway_pennsylvania_av_3,Pennsylvania Av,subway,Queens,40.664635,-73.894895,False,0.0,0.0,0.6
subway_sutter_av_rutland_rd_3,Sutter Av-Rutland Rd,subway,Brooklyn,40.664717,-73.92261,False,0.0,0.0,0.0
subway_prospect_av_r,Prospect Av,subway,Brooklyn,40.665414,-73.992872,False,0.0,0.0,0.0
subway_van_siclen_av_3,Van Siclen Av,subway,Queens,40.665449,-73.889395,False,0.0,0.0,0.0
subway_new_lots_av_3,New Lots Av,subway,Queens,40.666235,-73.884079,False,0.0,0.0,0.6
subway_7_av_fg,7 Av,subway,Brooklyn,40.666271,-73.980305,False,0.0,0.0,0.0
subway_president_st_medgar_evers_college_25,President St-Medgar Evers College,subway,Brooklyn,40.667883,-73.950683,False,0.0,0.0,0.0
subway_aqueduct_n_conduit_av_a,Aqueduct-N Conduit Av,subway,Queens,40.668234,-73.834058,False,0.0,0.0,0.0
subway_crown_hts_utica_av_34,Crown Hts-Utica Av,subway,Brooklyn,40.668897,-73.932942,False,0.0,0.0,0.0
subway_sutter_av_l,Sutter Av,subway,Brooklyn,40.669367,-73.901975,False,0.0,0.0,0.0
subway_kingston_av_3,Kingston Av,subway,Brooklyn,40.669399,-73.942161,False,0.0,0.0,0.0
subway_nostrand_av_3,Nostrand Av,subway,Brooklyn,40.669847,-73.950466,False,0.0,0.0,0.0
subway_4_av_9_st_fg,4 Av-9 St,subway,Brooklyn,40.670272,-73.989779,False,0.0,0.0,0.0
subway_botanic_garden_s,Botanic Garden,subway,Brooklyn,40.670343,-73.959245,False,0.0,0.0,0.0
subway_franklin_av_medgar_evers_college_2345,Franklin Av-Medgar Evers College,subway,Brooklyn,40.670682,-73.958131,False,0.0,0.0,0.0
subway_4_av_9_st_r,4 Av-9 St,subway,Brooklyn,40.670847,-73.988302,False,0.0,0.0,0.0
subway_eastern_pkwy_brooklyn_museum_23,Eastern Pkwy-Brooklyn Museum,subway,Brooklyn,40.671987,-73.964375,False,0.0,0.0,0.0
subway_aqueduct_racetrack_a,Aqueduct Racetrack,subway,Queens,40.672097,-73.835919,False,0.0,0.0,0.0
subway_van_siclen_av_c,Van Siclen Av,subway,Queens,40.67271,-73.890358,False,0.0,0.0,0.0
subway_smith_9_sts_fg,Smith-9 Sts,subway,Brooklyn,40.67358,-73.995959,False,0.0,0.0,0.0
subway_shepherd_av_c,Shepherd Av,subway,Queens,40.67413,-73.88075,False,0.0,0.0,0.0
subway_liberty_av_c,Liberty Av,subway,Queens,40.674542,-73.896548,False,0.0,0.0,0.0
subway_park_pl_s,Park Pl,subway,Brooklyn,40.674772,-73.957624,False,0.0,0.0,0.0
subway_grand_army_plaza_23,Grand Army Plaza,subway,Brooklyn,40.675235,-73.971046,False,0.0,0.0,0.0
subway_atlantic_av_l,Atlantic Av,subway,Brooklyn,40.675345,-73.903097,False,0.0,0.0,0.0
subway_euclid_av_ac,Euclid Av,subway,Queens,40.675377,-73.872106,False,0.0,0.0,0.0
subway_alabama_av_jz,Alabama Av,subway,Queens,40.676992,-73.898654,False,0.0,0.0,0.0
subway_grant_av_a,Grant Av,subway,Queens,40.677044,-73.86505,False,0.0,0.0,0.0
subway_7_av_bq,7 Av,subway,Brooklyn,40.67705,-73.972367,False,0.0,0.0,0.0
subway_union_st_r,Union St,subway,Brooklyn,40.677316,-73.98311,False,0.0,0.0,0.0
subway_van_siclen_av_jz,Van Siclen Av,subway,Queens,40.678024,-73.891688,False,0.0,0.0,0.0
subway_broadway_junction_ac,Broadway Junction,subway,Brooklyn,40.678334,-73.905316,False,0.0,0.0,0.0
subway_rockaway_av_c,Rockaway Av,subway,Brooklyn,40.67834,-73.911946,False,0.0,0.0,0.0
subway_ralph_av_c,Ralph Av,subway,Brooklyn,40.678822,-73.920786,False,0.0,0.0,0.0
subway_broadway_junction_l,Broadway Junction,subway,Brooklyn,40.678856,-73.90324,False,0.0,0.0,0.0
subway_utica_av_ac,Utica Av,subway,Brooklyn,40.679364,-73.930729,False,0.0,0.0,0.0
subway_80_st_a,80 St,subway,Queens,40.679371,-73.858992,False,0.0,0.0,0.6
subway_broadway_junction_jz,Broadway Junction,subway,Brooklyn,40.679498,-73.904512,False,0.0,0.0,0.0
subway_88_st_a,88 St,subway,Queens,40.679843,-73.85147,False,0.0,0.0,0.0
subway_kingston_throop_avs_c,Kingston-Throop Avs,subway,Brooklyn,40.679921,-73.940858,False,0.0,0.0,0.0
subway_cleveland_st_j,Cleveland St,subway,Queens,40.679947,-73.884639,False,0.0,0.0,0.0
subway_carroll_st_fg,Carroll St,subway,Brooklyn,40.680303,-73.995048,False,0.0,0.0,0.0
subway_rockaway_blvd_a,Rockaway Blvd,subway,Queens,40.680429,-73.843853,False,0.0,0.0,0.2
subway_nostrand_av_ac,Nostrand Av,subway,Brooklyn,40.680438,-73.950426,False,0.0,0.0,0.0
subway_franklin_av_s,Franklin Av,subway,Brooklyn,40.680596,-73.955827,False,0.0,0.0,0.0
subway_bergen_st_23,Bergen St,subway,Brooklyn,40.680829,-73.975098,False,0.0,0.0,0.0
subway_franklin_av_c,Franklin Av,subway,Brooklyn,40.68138,-73.956848,False,0.0,0.0,0.0
subway_norwood_av_jz,Norwood Av,subway,Queens,40.68141,-73.880039,False,0.0,0.0,0.2
subway_104_st_a,104 St,subway,Queens,40.681711,-73.837683,False,0.0,0.0,0.2
subway_bushwick_av_aberdeen_st_l,Bushwick Av-Aberdeen St,subway,Brooklyn,40.682829,-73.905249,False,0.0,0.0,0.0
subway_chauncey_st_jz,Chauncey St,subway,Brooklyn,40.682893,-73.910456,False,0.0,0.0,0.2
subway_crescent_st_jz,Crescent St,subway,Queens,40.683194,-73.873785,False,0.0,0.0,0.0
subway_clinton_washington_avs_c,Clinton-Washington Avs,subway,Brooklyn,40.683263,-73.965838,False,0.0,0.0,0.0
subway_atlantic_av_barclays_ctr_dnr,Atlantic Av-Barclays Ctr,subway,Brooklyn,40.683666,-73.97881,False,0.0,0.0,0.0
subway_111_st_a,111 St,subway,Queens,40.684331,-73.832163,False,0.0,0.0,0.0
subway_atlantic_av_barclays_ctr_2345,Atlantic Av-Barclays Ctr,subway,Brooklyn,40.684359,-73.977666,False,0.0,0.0,0.0
subway_atlantic_av_barclays_ctr_bq,Atlantic Av-Barclays Ctr,subway,Brooklyn,40.68446,-73.97689,False,0.0,0.0,0.0
subway_ozone_park_lefferts_blvd_a,Ozone Park-Lefferts Blvd,subway,Queens,40.685951,-73.825798,False,0.0,0.0,0.0
subway_lafayette_av_c,Lafayette Av,subway,Brooklyn,40.686113,-73.973946,False,0.0,0.0,0.0
subway_bergen_st_fg,Bergen St,subway,Brooklyn,40.686145,-73.990862,False,0.0,0.0,0.6
subway_halsey_st_j,Halsey St,subway,Brooklyn,40.68637,-73.916559,False,0.0,0.0,0.2
subway_fulton_st_g,Fulton St,subway,Brooklyn,40.687119,-73.975375,False,0.0,0.0,0.0
subway_clinton_washington_avs_g,Clinton-Washington Avs,subway,Brooklyn,40.688089,-73.966839,False,0.0,0.0,0.0
subway_nevins_st_2345,Nevins St,subway,Brooklyn,40.688246,-73.980492,False,0.0,0.0,0.0
subway_hoyt_schermerhorn_sts_acg,Hoyt-Schermerhorn Sts,subway,Brooklyn,40.688484,-73.985001,False,0.0,0.0,0.0
subway_wilson_av_l,Wilson Av,subway,Brooklyn,40.688764,-73.904046,False,0.0,0.0,0.0
subway_classon_av_g,Classon Av,subway,Brooklyn,40.688873,-73.96007,False,0.0,0.0,0.0
subway_bedford_nostrand_avs_g,Bedford-Nostrand Avs,subway,Brooklyn,40.689627,-73.953522,False,0.0,0.0,0.0
subway_gates_av_jz,Gates Av,subway,Brooklyn,40.68963,-73.92227,False,0.0,0.0,0.6
subway_cypress_hills_j,Cypress Hills,subway,Queens,40.689941,-73.87255,False,0.0,0.0,0.0
subway_hoyt_st_23,Hoyt St,subway,Brooklyn,40.690545,-73.985065,False,0.0,0.0,0.0
subway_dekalb_av_bqr,DeKalb Av,subway,Brooklyn,40.690635,-73.981824,False,0.0,0.0,0.0
subway_75_st_elderts_ln_jz,75 St-Elderts Ln,subway,Queens,40.691324,-73.867139,False,0.0,0.0,0.0
subway_jay_st_metrotech_r,Jay St-MetroTech,subway,Brooklyn,40.69218,-73.985942,False,0.0,0.0,0.0
subway_jay_st_metrotech_acf,Jay St-MetroTech,subway,Brooklyn,40.692338,-73.987342,False,0.0,0.0,0.2
subway_borough_hall_45,Borough Hall,subway,Brooklyn,40.692404,-73.990151,False,0.0,0.0,0.2
subway_85_st_forest_pkwy_j,85 St-Forest Pkwy,subway,Queens,40.692435,-73.86001,False,0.0,0.0,0.2
subway_borough_hall_23,Borough Hall,subway,Brooklyn,40.693219,-73.989998,False,0.0,0.0,0.0
subway_kosciuszko_st_j,Kosciuszko St,subway,Brooklyn,40.693342,-73.928814,False,0.0,0.0,0.0
subway_woodhaven_blvd_jz,Woodhaven Blvd,subway,Queens,40.693879,-73.851576,False,0.0,0.0,0.2
subway_court_st_r,Court St,subway,Brooklyn,40.6941,-73.991777,False,0.0,0.0,0.0
subway_myrtle_willoughby_avs_g,Myrtle-Willoughby Avs,subway,Brooklyn,40.694568,-73.949046,False,0.0,0.0,0.0
subway_104_st_jz,104 St,subway,Queens,40.695178,-73.84433,False,0.0,0.0,0.2
subway_halsey_st_l,Halsey St,subway,Brooklyn,40.695602,-73.904084,False,0.0,0.0,0.0
subway_myrtle_av_jmz,Myrtle Av,subway,Brooklyn,40.697207,-73.935657,False,0.0,0.0,0.0
subway_111_st_j,111 St,subway,Queens,40.697418,-73.836345,False,0.0,0.0,0.0
subway_clark_st_23,Clark St,subway,Brooklyn,40.697466,-73.993086,False,0.0,0.0,0.0
subway_central_av_m,Central Av,subway,Brooklyn,40.697857,-73.927397,False,0.0,0.0,0.2
subway_knickerbocker_av_m,Knickerbocker Av,subway,Brooklyn,40.698664,-73.919711,False,0.0,0.0,0.6
subway_high_st_ac,High St,subway,Brooklyn,40.699337,-73.990531,False,0.0,0.0,0.0
subway_myrtle_wyckoff_avs_m,Myrtle-Wyckoff Avs,subway,Brooklyn,40.69943,-73.912385,False,0.0,0.0,0.0
subway_myrtle_wyckoff_avs_l,Myrtle-Wyckoff Avs,subway,Brooklyn,40.699814,-73.911586,False,0.0,0.0,0.0
subway_flushing_av_jm,Flushing Av,subway,Manhattan,40.70026,-73.941126,False,0.0,0.0,0.0
subway_flushing_av_g,Flushing Av,subway,Manhattan,40.700377,-73.950234,False,0.2,0.2,0.6
subway_sutphin_blvd_archer_av_jfk_airport_ejz,Sutphin Blvd-Archer Av-JFK Airport,subway,Queens,40.700486,-73.807969,False,0.0,0.0,0.6
subway_121_st_jz,121 St,subway,Queens,40.700492,-73.828294,False,0.0,0.0,0.0
subway_york_st_f,York St,subway,Manhattan,40.701397,-73.986751,False,0.0,0.0,0.0
subway_south_ferry_1,South Ferry,subway,Manhattan,40.702068,-74.013664,False,0.0,0.0,0.0
subway_jamaica_center_parsons_archer_ejz,Jamaica Center-Parsons/Archer,subway,Queens,40.702147,-73.801109,False,0.0,0.0,0.0
subway_jamaica_van_wyck_e,Jamaica-Van Wyck,subway,Queens,40.702566,-73.816859,False,0.0,0.0,0.0
subway_seneca_av_m,Seneca Av,subway,Queens,40.702762,-73.90774,False,0.0,0.0,0.0
subway_whitehall_st_south_ferry_rw,Whitehall St-South Ferry,subway,Manhattan,40.703087,-74.012994,False,0.0,0.0,0.0
subway_dekalb_av_l,DeKalb Av,subway,Queens,40.703811,-73.918425,False,0.0,0.0,0.0
subway_lorimer_st_jm,Lorimer St,subway,Manhattan,40.703869,-73.947408,False,0.2,0.2,0.6
subway_forest_av_m,Forest Av,subway,Queens,40.704423,-73.903077,False,0.0,0.0,0.0
subway_bowling_green_45,Bowling Green,subway,Manhattan,40.704817,-74.014065,False,0.0,0.0,0.0
subway_sutphin_blvd_f,Sutphin Blvd,subway,Queens,40.70546,-73.810708,False,0.0,0.0,0.0
subway_broadway_g,Broadway,subway,Manhattan,40.706092,-73.950308,False,0.0,0.0,0.2
subway_morgan_av_l,Morgan Av,subway,Manhattan,40.706152,-73.933147,False,0.0,0.0,0.0
subway_fresh_pond_rd_m,Fresh Pond Rd,subway,Queens,40.706186,-73.895877,False,0.0,0.0,0.0
subway_broad_st_jz,Broad St,subway,Manhattan,40.706476,-74.011056,False,0.0,0.0,0.0
subway_jefferson_st_l,Jefferson St,subway,Queens,40.706607,-73.922913,False,0.0,0.0,0.2
subway_wall_st_23,Wall St,subway,Manhattan,40.706821,-74.0091,False,0.0,0.0,0.0
subway_hewes_st_jm,Hewes St,subway,Manhattan,40.70687,-73.953431,False,0.0,0.0,0.0
subway_rector_st_rw,Rector St,subway,Manhattan,40.70722,-74.013342,False,0.0,0.0,0.0
subway_rector_st_1,Rector St,subway,Manhattan,40.707513,-74.013783,False,0.0,0.0,0.2
subway_wall_st_45,Wall St,subway,Manhattan,40.707557,-74.011862,False,0.0,0.0,0.0
subway_parsons_blvd_f,Parsons Blvd,subway,Queens,40.707564,-73.803326,False,0.0,0.0,0.0
subway_montrose_av_l,Montrose Av,subway,Manhattan,40.707739,-73.93985,False,0.0,0.0,0.0
subway_marcy_av_jmz,Marcy Av,subway,Manhattan,40.708359,-73.957757,False,0.0,0.0,0.0
subway_briarwood_ef,Briarwood,subway,Queens,40.709179,-73.820574,False,0.0,0.0,0.0
subway_fulton_st_23,Fulton St,subway,Manhattan,40.709416,-74.006571,False,0.0,0.0,0.0
subway_fulton_st_ac,Fulton St,subway,Manhattan,40.710197,-74.007691,False,0.0,0.0,0.0
subway_fulton_st_45,Fulton St,subway,Manhattan,40.710368,-74.009509,False,0.0,0.0,0.0
subway_fulton_st_jz,Fulton St,subway,Manhattan,40.710374,-74.007582,False,0.0,0.0,0.0
subway_169_st_f,169 St,subway,Queens,40.71047,-73.793604,False,0.0,0.0,0.0
subway_cortlandt_st_rw,Cortlandt St,subway,Manhattan,40.710668,-74.011029,False,0.0,0.0,0.2
subway_middle_village_metropolitan_av_m,Middle Village-Metropolitan Av,subway,Queens,40.711396,-73.889601,False,0.0,0.0,0.0
subway_wtc_cortlandt_1,WTC Cortlandt,subway,Manhattan,40.711835,-74.012188,False,0.0,0.0,0.0
subway_grand_st_l,Grand St,subway,Manhattan,40.711926,-73.94067,False,0.0,0.0,0.0
subway_world_trade_center_e,World Trade Center,subway,Manhattan,40.712582,-74.009781,False,0.0,0.0,0.0
subway_jamaica_179_st_f,Jamaica-179 St,subway,Queens,40.712646,-73.783817,False,0.0,0.0,0.0
subway_metropolitan_av_g,Metropolitan Av,subway,Manhattan,40.712792,-73.951418,False,0.0,0.0,0.0
subway_park_place_23,Park Place,subway,Manhattan,40.713051,-74.008811,False,0.0,0.0,0.0
subway_brooklyn_bridge_city_hall_456,Brooklyn Bridge-City Hall,subway,Manhattan,40.713065,-74.004131,False,0.0,0.0,0.0
subway_chambers_st_jz,Chambers St,subway,Manhattan,40.713243,-74.003401,False,0.0,0.0,0.0
subway_city_hall_rw,City Hall,subway,Manhattan,40.713282,-74.006978,False,0.0,0.0,0.0
subway_east_broadway_f,East Broadway,subway,Manhattan,40.713715,-73.990173,False,0.0,0.0,0.0
subway_lorimer_st_l,Lorimer St,subway,Manhattan,40.714063,-73.950275,False,0.0,0.0,0.0
subway_chambers_st_ac,Chambers St,subway,Manhattan,40.714111,-74.008585,False,0.0,0.0,0.0
subway_kew_gardens_union_tpke_ef,Kew Gardens-Union Tpke,subway,Queens,40.714441,-73.831008,False,0.0,0.0,0.0
subway_graham_av_l,Graham Av,subway,Manhattan,40.714565,-73.944053,False,0.0,0.0,0.0
subway_chambers_st_123,Chambers St,subway,Manhattan,40.715478,-74.009266,False,0.0,0.0,0.0
subway_bedford_av_l,Bedford Av,subway,Manhattan,40.717304,-73.956872,False,0.0,0.0,0.0
subway_canal_st_jz,Canal St,subway,Manhattan,40.718092,-73.999892,False,0.2,0.2,0.2
subway_grand_st_bd,Grand St,subway,Manhattan,40.718267,-73.993753,False,0.0,0.0,0.0
subway_delancey_st_essex_st_jmz,Delancey St-Essex St,subway,Manhattan,40.718315,-73.987437,False,0.0,0.0,0.0
subway_75_av_ef,75 Av,subway,Queens,40.718331,-73.837324,False,0.0,0.0,0.0
subway_canal_st_nq,Canal St,subway,Manhattan,40.718383,-74.00046,False,0.0,0.2,0.6
subway_delancey_st_essex_st_f,Delancey St-Essex St,subway,Manhattan,40.718611,-73.988114,False,0.0,0.0,0.0
subway_canal_st_6,Canal St,subway,Manhattan,40.718803,-74.000193,False,0.2,0.2,0.6
subway_franklin_st_1,Franklin St,subway,Manhattan,40.719318,-74.006886,False,0.0,0.0,0.6
subway_canal_st_rw,Canal St,subway,Manhattan,40.719527,-74.001775,False,0.0,0.2,0.6
subway_bowery_jz,Bowery,subway,Manhattan,40.72028,-73.993915,False,0.0,0.0,0.0
subway_canal_st_ace,Canal St,subway,Manhattan,40.720824,-74.005229,False,0.0,0.2,0.6
subway_forest_hills_71_av_efmr,Forest Hills-71 Av,subway,Queens,40.721691,-73.844521,False,0.0,0.0,0.0
subway_spring_st_6,Spring St,subway,Manhattan,40.722301,-73.997141,False,0.0,0.0,0.0
subway_canal_st_1,Canal St,subway,Manhattan,40.722854,-74.006277,False,0.0,0.0,0.6
subway_2_av_f,2 Av,subway,Manhattan,40.723402,-73.989938,False,0.0,0.0,0.0
subway_prince_st_rw,Prince St,subway,Manhattan,40.724329,-73.997702,False,0.0,0.0,0.0
subway_nassau_av_g,Nassau Av,subway,Manhattan,40.724635,-73.951277,False,0.0,0.0,0.0
subway_broadway_lafayette_st_bdfm,Broadway-Lafayette St,subway,Manhattan,40.725297,-73.996204,False,0.0,0.0,0.0
subway_bleecker_st_6,Bleecker St,subway,Manhattan,40.725915,-73.994659,False,0.0,0.0,0.0
subway_spring_st_ce,Spring St,subway,Manhattan,40.726227,-74.003739,False,0.0,0.0,0.0
subway_67_av_mr,67 Av,subway,Queens,40.726523,-73.852719,False,0.0,0.0,0.0
subway_houston_st_1,Houston St,subway,Manhattan,40.728251,-74.005367,False,0.0,0.0,0.2
subway_63_dr_rego_park_mr,63 Dr-Rego Park,subway,Queens,40.729846,-73.861604,False,0.0,0.0,0.0
subway_astor_pl_6,Astor Pl,subway,Manhattan,40.730054,-73.99107,False,0.0,0.0,0.0
subway_8_st_nyu_rw,8 St-NYU,subway,Manhattan,40.730328,-73.992629,False,0.0,0.0,0.0
subway_1_av_l,1 Av,subway,Manhattan,40.730953,-73.981628,False,0.0,0.0,0.0
subway_greenpoint_av_g,Greenpoint Av,subway,Manhattan,40.731352,-73.954449,False,0.0,0.0,0.0
subway_w_4_st_wash_sq_abcdefm,W 4 St-Wash Sq,subway,Manhattan,40.732338,-74.000495,False,0.6,0.6,0.6
subway_3_av_l,3 Av,subway,Manhattan,40.732849,-73.986122,False,0.0,0.0,0.0
subway_woodhaven_blvd_mr,Woodhaven Blvd,subway,Queens,40.733106,-73.869229,False,0.0,0.0,0.0
subway_christopher_st_stonewall_1,Christopher St-Stonewall,subway,Manhattan,40.733422,-74.002906,False,0.0,0.0,0.0
subway_14_st_union_sq_456,14 St-Union Sq,subway,Manhattan,40.734673,-73.989951,False,0.0,0.0,0.0
subway_14_st_union_sq_l,14 St-Union Sq,subway,Manhattan,40.734789,-73.99073,False,0.0,0.0,0.0
subway_14_st_union_sq_nqrw,14 St-Union Sq,subway,Manhattan,40.735736,-73.990568,False,0.0,0.0,0.0
subway_grand_av_newtown_mr,Grand Av-Newtown,subway,Queens,40.737015,-73.877223,False,0.0,0.0,0.0
subway_6_av_l,6 Av,subway,Manhattan,40.737335,-73.996786,False,0.0,0.0,0.2
subway_14_st_123,14 St,subway,Manhattan,40.737826,-74.000201,False,0.0,0.0,0.0
subway_14_st_fm,14 St,subway,Manhattan,40.738228,-73.996209,False,0.0,0.0,0.0
subway_8_av_l,8 Av,subway,Manhattan,40.739777,-74.002578,False,0.0,0.0,0.0
subway_23_st_baruch_college_6,23 St-Baruch College,subway,Manhattan,40.739864,-73.986599,False,0.0,0.0,0.0
subway_14_st_ace,14 St,subway,Manhattan,40.740893,-74.00169,False,0.0,0.0,0.0
subway_18_st_1,18 St,subway,Manhattan,40.74104,-73.997871,False,0.2,0.2,0.2
subway_23_st_rw,23 St,subway,Manhattan,40.741303,-73.989344,False,0.0,0.0,0.0
subway_hunters_point_av_7,Hunters Point Av,subway,Manhattan,40.742216,-73.948916,False,0.0,0.0,0.0
subway_elmhurst_av_mr,Elmhurst Av,subway,Queens,40.742454,-73.882017,False,0.0,0.0,0.0
subway_vernon_blvd_jackson_av_7,Vernon Blvd-Jackson Av,subway,Manhattan,40.742626,-73.953581,False,0.0,0.0,0.0
subway_23_st_fm,23 St,subway,Manhattan,40.742878,-73.992821,False,0.0,0.0,0.0
subway_28_st_6,28 St,subway,Manhattan,40.74307,-73.984264,False,0.0,0.0,0.0
subway_46_st_bliss_st_7,46 St-Bliss St,subway,Queens,40.743132,-73.918435,False,0.0,0.0,0.0
subway_40_st_lowery_st_7,40 St-Lowery St,subway,Queens,40.743781,-73.924016,False,0.0,0.0,0.0
subway_21_st_g,21 St,subway,Manhattan,40.744065,-73.949724,False,0.0,0.0,0.0
subway_23_st_1,23 St,subway,Manhattan,40.744081,-73.995657,False,0.0,0.0,0.2
subway_52_st_7,52 St,subway,Queens,40.744149,-73.912549,False,0.0,0.0,0.0
subway_33_st_rawson_st_7,33 St-Rawson St,subway,Manhattan,40.744587,-73.930997,False,0.0,0.0,0.0
subway_28_st_rw,28 St,subway,Manhattan,40.745494,-73.988691,False,0.0,0.0,0.0
subway_61_st_woodside_7,61 St-Woodside,subway,Queens,40.74563,-73.902984,False,0.0,0.0,0.0
subway_23_st_ce,23 St,subway,Manhattan,40.745906,-73.998041,False,0.0,0.0,0.2
subway_33_st_6,33 St,subway,Manhattan,40.746081,-73.982076,False,0.0,0.0,0.0
subway_69_st_7,69 St,subway,Queens,40.746325,-73.896403,False,0.0,0.0,0.0
subway_court_sq_g,Court Sq,subway,Manhattan,40.746554,-73.943832,False,0.0,0.0,0.0
subway_jackson_hts_roosevelt_av_efmr,Jackson Hts-Roosevelt Av,subway,Queens,40.746644,-73.891338,False,0.0,0.0,0.0
subway_74_st_broadway_7,74 St-Broadway,subway,Queens,40.746848,-73.891394,False,0.0,0.0,0.0
subway_court_sq_7,Court Sq,subway,Manhattan,40.747023,-73.945264,False,0.0,0.0,0.2
subway_28_st_1,28 St,subway,Manhattan,40.747215,-73.993365,False,0.0,0.0,0.0
subway_82_st_jackson_hts_7,82 St-Jackson Hts,subway,Queens,40.747659,-73.883697,False,0.0,0.0,0.0
subway_court_sq_23_st_ef,Court Sq-23 St,subway,Manhattan,40.747846,-73.946,False,0.0,0.0,0.0
subway_90_st_elmhurst_av_7,90 St-Elmhurst Av,subway,Queens,40.748408,-73.876613,False,0.0,0.0,0.0
subway_queens_plaza_efr,Queens Plaza,subway,Manhattan,40.748973,-73.937243,False,0.0,0.0,0.0
subway_junction_blvd_7,Junction Blvd,subway,Queens,40.749145,-73.869527,False,0.0,0.0,0.0
subway_34_st_herald_sq_nqrw,34 St-Herald Sq,subway,Manhattan,40.749567,-73.98795,False,0.0,0.0,0.0
subway_65_st_mr,65 St,subway,Queens,40.749669,-73.898453,False,0.0,0.0,0.0
subway_34_st_herald_sq_bdfm,34 St-Herald Sq,subway,Manhattan,40.749719,-73.987823,False,0.0,0.0,0.0
subway_103_st_corona_plaza_7,103 St-Corona Plaza,subway,Queens,40.749865,-73.8627,False,0.0,0.0,0.2
subway_34_st_penn_station_123,34 St-Penn Station,subway,Manhattan,40.750373,-73.991057,False,0.0,0.0,0.0
subway_queensboro_plaza_7nw,Queensboro Plaza,subway,Manhattan,40.750582,-73.940202,False,0.0,0.0,0.0
subway_grand_central_42_st_7,Grand Central-42 St,subway,Manhattan,40.751431,-73.976041,False,0.0,0.0,0.0
subway_111_st_7,111 St,subway,Queens,40.75173,-73.855334,False,0.0,0.0,0.0
subway_grand_central_42_st_456,Grand Central-42 St,subway,Manhattan,40.751776,-73.976848,False,0.0,0.0,0.0
subway_36_st_mr,36 St,subway,Queens,40.752039,-73.928781,False,0.0,0.0,0.2
subway_34_st_penn_station_ace,34 St-Penn Station,subway,Manhattan,40.752287,-73.993391,False,0.0,0.0,0.2
subway_grand_central_42_st_s,Grand Central-42 St,subway,Manhattan,40.752769,-73.979189,False,0.0,0.0,0.0
subway_39_av_dutch_kills_nw,39 Av-Dutch Kills,subway,Manhattan,40.752882,-73.932755,False,0.0,0.0,0.0
subway_northern_blvd_mr,Northern Blvd,subway,Queens,40.752885,-73.906006,False,0.0,0.0,0.2
subway_5_av_7,5 Av,subway,Manhattan,40.753821,-73.981963,False,0.0,0.0,0.0
subway_21_st_queensbridge_m,21 St-Queensbridge,subway,Manhattan,40.754203,-73.942836,False,0.0,0.0,0.2
subway_42_st_bryant_pk_bdfm,42 St-Bryant Pk,subway,Manhattan,40.754222,-73.984569,False,0.0,0.0,0.0
subway_mets_willets_point_7,Mets-Willets Point,subway,Queens,40.754622,-73.845625,False,0.0,0.0,0.0
subway_times_sq_42_st_nqrw,Times Sq-42 St,subway,Manhattan,40.754672,-73.986754,False,0.0,0.0,0.0
subway_times_sq_42_st_123,Times Sq-42 St,subway,Manhattan,40.75529,-73.987495,False,0.0,0.0,0.0
subway_times_sq_42_st_7,Times Sq-42 St,subway,Manhattan,40.755477,-73.987691,False,0.0,0.0,0.0
subway_34_st_hudson_yards_7,34 St-Hudson Yards,subway,Manhattan,40.755882,-74.00191,False,0.0,0.0,0.0
subway_times_sq_42_st_s,Times Sq-42 St,subway,Manhattan,40.755983,-73.986229,False,0.0,0.0,0.0
subway_46_st_mr,46 St,subway,Queens,40.756312,-73.913333,False,0.0,0.0,0.0
subway_36_av_nw,36 Av,subway,Queens,40.756804,-73.929575,False,0.0,0.0,0.0
subway_steinway_st_mr,Steinway St,subway,Queens,40.756879,-73.92074,False,0.0,0.0,0.2
subway_51_st_6,51 St,subway,Manhattan,40.757107,-73.97192,False,0.0,0.0,0.0
subway_42_st_port_authority_bus_terminal_ace,42 St-Port Authority Bus Terminal,subway,Manhattan,40.757308,-73.989735,False,0.0,0.0,0.0
subway_lexington_av_53_st_ef,Lexington Av/53 St,subway,Manhattan,40.757552,-73.969055,False,0.0,0.0,0.6
subway_47_50_sts_rockefeller_ctr_bdfm,47-50 Sts-Rockefeller Ctr,subway,Manhattan,40.758663,-73.981329,False,0.0,0.0,0.0
subway_roosevelt_island_m,Roosevelt Island,subway,Manhattan,40.759145,-73.95326,False,0.0,0.0,0.0
subway_flushing_main_st_7,Flushing-Main St,subway,Queens,40.7596,-73.83003,False,0.2,0.2,0.2
subway_49_st_nrw,49 St,subway,Manhattan,40.759901,-73.984139,False,0.0,0.0,0.2
subway_5_av_53_st_ef,5 Av/53 St,subway,Manhattan,40.760167,-73.975224,False,0.0,0.0,0.0
subway_50_st_1,50 St,subway,Manhattan,40.761728,-73.983849,False,0.0,0.0,0.0
subway_broadway_nw,Broadway,subway,Queens,40.76182,-73.925508,False,0.0,0.0,0.0
subway_50_st_ce,50 St,subway,Manhattan,40.762456,-73.985984,False,0.0,0.0,0.0
subway_59_st_456,59 St,subway,Manhattan,40.762526,-73.967967,False,0.0,0.0,0.0
subway_lexington_av_59_st_nrw,Lexington Av/59 St,subway,Manhattan,40.76266,-73.967258,False,0.0,0.0,0.0
subway_7_av_bde,7 Av,subway,Manhattan,40.762862,-73.981637,False,0.0,0.0,0.0
subway_57_st_m,57 St,subway,Manhattan,40.763972,-73.97745,False,0.0,0.0,0.0
subway_lexington_av_63_st_mq,Lexington Av/63 St,subway,Manhattan,40.764629,-73.966113,False,0.0,0.0,0.0
subway_57_st_7_av_nqrw,57 St-7 Av,subway,Manhattan,40.764664,-73.980658,False,0.0,0.0,0.0
subway_5_av_59_st_nrw,5 Av/59 St,subway,Manhattan,40.764811,-73.973347,False,0.0,0.0,0.0
subway_30_av_nw,30 Av,subway,Queens,40.766779,-73.921479,False,0.2,0.2,0.2
subway_68_st_hunter_college_6,68 St-Hunter College,subway,Manhattan,40.768141,-73.96387,False,0.0,0.0,0.0
subway_59_st_columbus_circle_1,59 St-Columbus Circle,subway,Manhattan,40.768247,-73.981929,False,0.0,0.0,0.0
subway_59_st_columbus_circle_abcd,59 St-Columbus Circle,subway,Manhattan,40.768296,-73.981736,False,0.0,0.0,0.0
subway_72_st_q,72 St,subway,Manhattan,40.768799,-73.958424,False,0.0,0.0,0.0
subway_astoria_blvd_nw,Astoria Blvd,subway,Queens,40.770258,-73.917843,False,0.0,0.0,0.0
subway_66_st_lincoln_center_1,66 St-Lincoln Center,subway,Manhattan,40.77344,-73.982209,False,0.0,0.0,0.0
subway_77_st_6,77 St,subway,Manhattan,40.77362,-73.959874,False,0.0,0.0,0.0
subway_astoria_ditmars_blvd_nw,Astoria-Ditmars Blvd,subway,Queens,40.775036,-73.912034,False,0.0,0.0,0.0
subway_72_st_bc,72 St,subway,Manhattan,40.775594,-73.97641,False,0.0,0.0,0.0
subway_86_st_q,86 St,subway,Manhattan,40.777891,-73.951787,False,0.0,0.0,0.0
subway_72_st_123,72 St,subway,Manhattan,40.778453,-73.98197,False,0.0,0.0,0.0
subway_86_st_456,86 St,subway,Manhattan,40.779492,-73.955589,False,0.0,0.0,0.0
subway_81_st_museum_of_natural_history_bc,81 St-Museum of Natural History,subway,Manhattan,40.781433,-73.972143,False,0.0,0.0,0.0
subway_79_st_1,79 St,subway,Manhattan,40.783934,-73.979917,False,0.0,0.0,0.0
subway_96_st_q,96 St,subway,Manhattan,40.784318,-73.947152,False,0.0,0.0,0.0
subway_96_st_6,96 St,subway,Manhattan,40.785672,-73.95107,False,0.0,0.0,0.0
subway_86_st_bc,86 St,subway,Manhattan,40.785868,-73.968916,False,0.0,0.0,0.0
subway_86_st_1,86 St,subway,Manhattan,40.788644,-73.976218,False,0.0,0.0,0.0
subway_103_st_6,103 St,subway,Manhattan,40.7906,-73.947478,False,0.0,0.0,0.0
subway_96_st_bc,96 St,subway,Manhattan,40.791642,-73.964696,False,0.0,0.0,0.0
subway_96_st_123,96 St,subway,Manhattan,40.793919,-73.972323,False,0.0,0.0,0.0
subway_110_st_6,110 St,subway,Manhattan,40.79502,-73.94425,False,0.0,0.0,0.0
subway_103_st_bc,103 St,subway,Manhattan,40.796092,-73.961454,False,0.0,0.0,0.0
subway_116_st_6,116 St,subway,Manhattan,40.798629,-73.941617,False,0.0,0.0,0.0
subway_110_st_malcolm_x_plaza_23,110 St-Malcolm X Plaza,subway,Manhattan,40.799075,-73.951822,False,0.0,0.0,0.0
subway_103_st_1,103 St,subway,Manhattan,40.799446,-73.968379,False,0.0,0.0,0.0
subway_cathedral_pkwy__110_st_bc,Cathedral Pkwy (110 St),subway,Manhattan,40.800603,-73.958161,False,0.0,0.0,0.0
subway_116_st_23,116 St,subway,Manhattan,40.802098,-73.949625,False,0.2,0.2,0.2
subway_cathedral_pkwy__110_st_1,Cathedral Pkwy (110 St),subway,Manhattan,40.803967,-73.966847,False,0.0,0.0,0.0
subway_125_st_456,125 St,subway,Manhattan,40.804138,-73.937594,False,0.0,0.0,0.0
subway_116_st_bc,116 St,subway,Manhattan,40.805085,-73.954882,False,0.0,0.0,0.0
subway_cypress_av_6,Cypress Av,subway,Bronx,40.805368,-73.914042,False,0.0,0.0,0.0
subway_brook_av_6,Brook Av,subway,Bronx,40.807566,-73.91924,False,0.0,0.0,0.0
subway_116_st_columbia_university_1,116 St-Columbia University,subway,Manhattan,40.807722,-73.96411,False,0.0,0.0,0.0
subway_125_st_23,125 St,subway,Manhattan,40.807754,-73.945495,False,0.0,0.0,0.0
subway_e_143_st_st_mary_s_st_6,E 143 St-St Mary's St,subway,Bronx,40.808719,-73.907657,False,0.0,0.0,0.0
subway_3_av_138_st_6,3 Av-138 St,subway,Bronx,40.810476,-73.926138,False,0.0,0.0,0.0
subway_125_st_abcd,125 St,subway,Manhattan,40.811109,-73.952343,False,0.0,0.0,0.0
subway_e_149_st_6,E 149 St,subway,Bronx,40.812118,-73.904098,False,0.0,0.0,0.6
subway_138_st_grand_concourse_45,138 St-Grand Concourse,subway,Bronx,40.813224,-73.929849,False,0.0,0.0,0.0
subway_135_st_23,135 St,subway,Manhattan,40.814229,-73.94077,False,0.0,0.0,0.0
subway_125_st_1,125 St,subway,Manhattan,40.815581,-73.958372,False,0.0,0.0,0.0
subway_longwood_av_6,Longwood Av,subway,Bronx,40.816104,-73.896435,False,0.6,0.6,0.6
subway_3_av_149_st_25,3 Av-149 St,subway,Bronx,40.816109,-73.917757,False,0.0,0.0,0.0
subway_jackson_av_25,Jackson Av,subway,Bronx,40.81649,-73.907807,False,0.0,0.0,0.6
subway_135_st_bc,135 St,subway,Manhattan,40.817894,-73.947649,False,0.0,0.0,0.0
subway_149_st_grand_concourse_4,149 St-Grand Concourse,subway,Bronx,40.818375,-73.927351,False,0.0,0.0,0.0
subway_149_st_grand_concourse_25,149 St-Grand Concourse,subway,Bronx,40.81841,-73.926718,False,0.0,0.0,0.0
subway_prospect_av_25,Prospect Av,subway,Bronx,40.819585,-73.90177,False,0.0,0.0,0.0
subway_145_st_3,145 St,subway,Manhattan,40.820421,-73.936245,False,0.0,0.0,0.0
subway_hunts_point_av_6,Hunts Point Av,subway,Bronx,40.820948,-73.890549,False,0.0,0.0,0.0
subway_137_st_city_college_1,137 St-City College,subway,Manhattan,40.822008,-73.953676,False,0.0,0.0,0.0
subway_intervale_av_25,Intervale Av,subway,Bronx,40.822181,-73.896736,False,0.0,0.0,0.6
subway_harlem_148_st_3,Harlem-148 St,subway,Manhattan,40.82388,-73.93647,False,0.0,0.0,0.0
subway_simpson_st_25,Simpson St,subway,Bronx,40.824073,-73.893064,False,0.0,0.0,0.0
subway_145_st_abcd,145 St,subway,Manhattan,40.824783,-73.944216,False,0.0,0.0,0.0
subway_whitlock_av_6,Whitlock Av,subway,Bronx,40.826525,-73.886283,False,0.0,0.0,0.0
subway_145_st_1,145 St,subway,Manhattan,40.826551,-73.95036,False,0.0,0.0,0.0
subway_161_st_yankee_stadium_bd,161 St-Yankee Stadium,subway,Bronx,40.827905,-73.925651,False,0.0,0.0,0.0
subway_161_st_yankee_stadium_4,161 St-Yankee Stadium,subway,Bronx,40.827994,-73.925831,False,0.0,0.0,0.0
subway_elder_av_6,Elder Av,subway,Bronx,40.828584,-73.879159,False,0.0,0.0,0.0
subway_morrison_av_soundview_6,Morrison Av-Soundview,subway,Bronx,40.829521,-73.874516,False,0.0,0.0,0.0
subway_freeman_st_25,Freeman St,subway,Bronx,40.829993,-73.891865,False,0.0,0.0,0.0
subway_155_st_bd,155 St,subway,Manhattan,40.830135,-73.938209,False,0.0,0.0,0.0
subway_155_st_c,155 St,subway,Manhattan,40.830518,-73.941514,False,0.0,0.0,0.0
subway_st_lawrence_av_6,St Lawrence Av,subway,Bronx,40.831509,-73.867618,False,0.0,0.0,0.0
subway_parkchester_6,Parkchester,subway,Bronx,40.833226,-73.860816,False,0.0,0.0,0.0
subway_167_st_bd,167 St,subway,Bronx,40.833771,-73.91844,False,0.0,0.0,0.0
subway_157_st_1,157 St,subway,Manhattan,40.834041,-73.94489,False,0.2,0.2,0.6
subway_castle_hill_av_6,Castle Hill Av,subway,Bronx,40.834255,-73.851222,False,0.0,0.0,0.0
subway_167_st_4,167 St,subway,Bronx,40.835537,-73.9214,False,0.0,0.0,0.0
subway_163_st_amsterdam_av_c,163 St-Amsterdam Av,subway,Manhattan,40.836013,-73.939892,False,0.0,0.0,0.0
subway_zerega_av_6,Zerega Av,subway,Bronx,40.836488,-73.847036,False,0.0,0.0,0.0
subway_174_st_25,174 St,subway,Bronx,40.837288,-73.887734,False,0.0,0.0,0.0
subway_170_st_bd,170 St,subway,Bronx,40.839306,-73.9134,False,0.0,0.0,0.0
subway_westchester_sq_e_tremont_av_6,Westchester Sq-E Tremont Av,subway,Bronx,40.839892,-73.842952,False,0.0,0.0,0.0
subway_170_st_4,170 St,subway,Bronx,40.840075,-73.917791,False,0.0,0.0,0.0
subway_west_farms_sq_e_tremont_av_25,West Farms Sq-E Tremont Av,subway,Bronx,40.840295,-73.880049,False,0.0,0.0,0.2
subway_168_st_washington_hts_1,168 St-Washington Hts,subway,Manhattan,40.840556,-73.940133,False,0.0,0.0,0.0
subway_168_st_ac,168 St,subway,Manhattan,40.840719,-73.939561,False,0.0,0.0,0.0
subway_e_180_st_25,E 180 St,subway,Bronx,40.841894,-73.873488,False,0.0,0.0,0.0
subway_middletown_rd_6,Middletown Rd,subway,Bronx,40.843863,-73.836322,False,0.0,0.0,0.0
subway_mt_eden_av_4,Mt Eden Av,subway,Bronx,40.844434,-73.914685,False,0.0,0.0,0.0
subway_174_175_sts_bd,174-175 Sts,subway,Bronx,40.8459,-73.910136,False,0.0,0.0,0.0
subway_buhre_av_6,Buhre Av,subway,Bronx,40.84681,-73.832569,False,0.0,0.0,0.0
subway_175_st_a,175 St,subway,Manhattan,40.847391,-73.939704,False,0.0,0.0,0.0
subway_176_st_4,176 St,subway,Bronx,40.84848,-73.911794,False,0.2,0.2,0.6
subway_bronx_park_east_25,Bronx Park East,subway,Bronx,40.848828,-73.868457,False,0.0,0.0,0.2
subway_181_st_1,181 St,subway,Manhattan,40.849505,-73.933596,False,0.0,0.0,0.0
subway_tremont_av_bd,Tremont Av,subway,Bronx,40.85041,-73.905227,False,0.0,0.0,0.0
subway_181_st_a,181 St,subway,Manhattan,40.851695,-73.937969,False,0.0,0.0,0.0
subway_pelham_bay_park_6,Pelham Bay Park,subway,Bronx,40.852462,-73.828121,False,0.0,0.0,0.0
subway_burnside_av_4,Burnside Av,subway,Bronx,40.853453,-73.907684,False,0.0,0.0,0.0
subway_morris_park_5,Morris Park,subway,Bronx,40.854364,-73.860495,False,0.0,0.0,0.0
subway_191_st_1,191 St,subway,Bronx,40.855225,-73.929412,False,0.0,0.0,0.0
subway_182_183_sts_bd,182-183 Sts,subway,Bronx,40.856093,-73.900741,False,0.0,0.0,0.0
subway_pelham_pkwy_25,Pelham Pkwy,subway,Bronx,40.857192,-73.867615,False,0.0,0.0,0.0
subway_183_st_4,183 St,subway,Bronx,40.858407,-73.903879,False,0.0,0.0,0.2
subway_pelham_pkwy_5,Pelham Pkwy,subway,Bronx,40.858985,-73.855359,False,0.0,0.0,0.0
subway_190_st_a,190 St,subway,Manhattan,40.859022,-73.93418,False,0.0,0.0,0.0
subway_dyckman_st_1,Dyckman St,subway,Bronx,40.860531,-73.925536,False,0.0,0.0,0.0
subway_fordham_rd_bd,Fordham Rd,subway,Bronx,40.861296,-73.897749,False,0.0,0.0,0.0
subway_fordham_rd_4,Fordham Rd,subway,Bronx,40.862803,-73.901034,False,0.0,0.0,0.0
subway_207_st_1,207 St,subway,Bronx,40.864621,-73.918822,False,0.0,0.0,0.0
subway_allerton_av_25,Allerton Av,subway,Bronx,40.865462,-73.867352,False,0.0,0.0,0.0
subway_dyckman_st_a,Dyckman St,subway,Bronx,40.865491,-73.927271,False,0.0,0.0,0.0
subway_kingsbridge_rd_bd,Kingsbridge Rd,subway,Bronx,40.866978,-73.893509,False,0.0,0.0,0.0
subway_kingsbridge_rd_4,Kingsbridge Rd,subway,Bronx,40.86776,-73.897174,False,0.0,0.0,0.0
subway_inwood_207_st_a,Inwood-207 St,subway,Bronx,40.868072,-73.919899,False,0.0,0.0,0.0
subway_215_st_1,215 St,subway,Bronx,40.869444,-73.915279,False,0.0,0.0,0.0
subway_gun_hill_rd_5,Gun Hill Rd,subway,Bronx,40.869526,-73.846384,False,0.0,0.0,0.0
subway_burke_av_25,Burke Av,subway,Bronx,40.871356,-73.867164,False,0.0,0.0,0.0
subway_bedford_park_blvd_bd,Bedford Park Blvd,subway,Bronx,40.873244,-73.887138,False,0.0,0.0,0.0
subway_bedford_park_blvd_lehman_college_4,Bedford Park Blvd-Lehman College,subway,Bronx,40.873412,-73.890064,False,0.0,0.0,0.0
subway_marble_hill_225_st_1,Marble Hill-225 St,subway,Bronx,40.874561,-73.909831,False,0.0,0.0,0.0
subway_norwood_205_st_d,Norwood-205 St,subway,Bronx,40.874811,-73.878855,False,0.0,0.0,0.0
subway_gun_hill_rd_25,Gun Hill Rd,subway,Bronx,40.87785,-73.866256,False,0.0,0.0,0.0
subway_baychester_av_5,Baychester Av,subway,Bronx,40.878663,-73.838591,False,0.0,0.0,0.0
subway_231_st_1,231 St,subway,Bronx,40.878856,-73.904834,False,0.0,0.0,0.0
subway_mosholu_pkwy_4,Mosholu Pkwy,subway,Bronx,40.87975,-73.884655,False,0.0,0.0,0.2
subway_219_st_25,219 St,subway,Bronx,40.883895,-73.862633,False,0.0,0.0,0.0
subway_238_st_1,238 St,subway,Bronx,40.884667,-73.90087,False,0.0,0.0,0.0
subway_woodlawn_4,Woodlawn,subway,Bronx,40.886037,-73.878751,False,0.0,0.0,0.0
subway_225_st_25,225 St,subway,Bronx,40.888022,-73.860341,False,0.0,0.0,0.0
subway_eastchester_dyre_av_5,Eastchester-Dyre Av,subway,Bronx,40.8883,-73.830834,False,0.0,0.0,0.0
subway_van_cortlandt_park_242_st_1,Van Cortlandt Park-242 St,subway,Bronx,40.889248,-73.898583,False,0.0,0.0,0.0
subway_233_st_25,233 St,subway,Bronx,40.893193,-73.857473,False,0.0,0.0,0.0
subway_nereid_av_25,Nereid Av,subway,Bronx,40.898379,-73.854376,False,0.0,0.0,0.0
subway_wakefield_241_st_2,Wakefield-241 St,subway,Bronx,40.903125,-73.85062,False,0.0,0.0,0.0
water_well_station_#19,Well Station #19,water,Queens,40.712383,-73.792049,False,0.0,0.0,0.0
water_riverdale_park,Riverdale Park,water,Bronx,40.890145,-73.918398,False,0.0,0.0,0.0
water_arlene_street_pumping_station,Arlene Street Pumping Station,water,Staten Island,40.604281,-74.16666,False,0.0,0.0,0.0
water_well_station_#5,Well Station #5,water,Queens,40.714069,-73.760116,False,0.0,0.0,0.0
water_well_station_#60,Well Station #60,water,Queens,40.682088,-73.734322,False,0.0,0.0,0.0
water_water_storage_tank_#33,Water Storage Tank #33,water,Queens,40.674288,-73.777387,False,0.0,0.0,0.0
water_red_hook_wwtp,Red Hook Wwtp,water,Brooklyn,40.698639,-73.975396,False,0.0,0.0,0.0
water_north_river_wwtp,North River Wwtp,water,Manhattan,40.828574,-73.955056,False,0.0,0.0,0.0
water_well_station_#59,Well Station #59,water,Queens,40.682997,-73.751961,False,0.0,0.0,0.6
water_water_pollution_control_plant,Water Pollution Control Plant,water,Bronx,40.805136,-73.881464,False,0.0,0.0,0.0
water_jerome_park_harris_park_annex,Jerome Park/Harris Park Annex,water,Bronx,40.878134,-73.895075,False,0.0,0.0,0.0
water_bensonhurst_storm_water_sewer,Bensonhurst Storm Water Sewer,water,Brooklyn,40.584031,-73.983126,False,0.0,0.0,0.0
water_well_station_#53,Well Station #53,water,Queens,40.724967,-73.807603,False,0.0,0.0,0.0
water_pollution_control_facility,Pollution Control Facility,water,Queens,40.664255,-73.807299,False,0.0,0.0,0.0
water_owls_head_wwtp,Owls Head Wwtp,water,Staten Island,40.64184,-74.035255,False,0.0,0.0,0.0
water_well_station_#23,Well Station #23,water,Queens,40.700049,-73.733998,False,0.0,0.0,0.0
water_well_station_#1,Well Station #1,water,Queens,40.703765,-73.823941,False,0.0,0.0,0.0
water_fk_landfill_si_garage_2_nypd,Fk Landfill/Si Garage 2/Nypd,water,Staten Island,40.579272,-74.174708,False,0.0,0.0,0.0
water_brooklyn_navy_yard_admiral_row,Brooklyn Navy Yard-Admiral Row,water,Brooklyn,40.698828,-73.979245,False,0.0,0.0,0.0
water_port_richmond_wpcp,Port Richmond Wpcp,water,Staten Island,40.644346,-74.112629,False,0.0,0.0,0.0
water_homeport_new_stapleton_wtrfrnt,Homeport/New Stapleton Wtrfrnt,water,Staten Island,40.630655,-74.071135,False,0.0,0.0,0.0
water_tallman_island_wwtp,Tallman Island Wwtp,water,Queens,40.79403,-73.840255,False,0.0,0.0,0.0
water_hunts_point_wwtp,Hunts Point Wwtp,water,Bronx,40.803603,-73.879866,False,0.0,0.0,0.0
water_manhattan_grit_chamber,Manhattan Grit Chamber,water,Manhattan,40.791237,-73.936559,False,0.0,0.0,0.0
water_ely_avenue_sewage_pumping_station,Ely Avenue Sewage Pumping Station,water,Bronx,40.861157,-73.831351,False,0.0,0.0,0.0
water_well_station_#47,Well Station #47,water,Queens,40.704615,-73.739387,False,0.0,0.0,0.0
water_pumping_station,Pumping Station,water,Bronx,40.893478,-73.906285,False,0.0,0.0,0.0
water_bmt_expansion_coney_island_yd,Bmt Expansion Coney Island Yd,water,Brooklyn,40.585878,-73.981369,False,0.0,0.0,0.0
water_zerega_industrial_park,Zerega Industrial Park,water,Bronx,40.833784,-73.841557,False,0.0,0.0,0.6
water_oakwood_beach_wwtp,Oakwood Beach Wwtp,water,Staten Island,40.551257,-74.116573,False,0.0,0.0,0.0
water_eltingville_pump_station_park,Eltingville Pump Station/Park,water,Staten Island,40.564111,-74.162004,False,0.0,0.0,0.0
water_well_station_#18,Well Station #18,water,Queens,40.715015,-73.803083,False,0.0,0.0,0.0
water_jamaica_wwtp,Jamaica Wwtp,water,Queens,40.662375,-73.809027,False,0.0,0.0,0.0
water_paerdegat_pumping_station,Paerdegat Pumping Station,water,Brooklyn,40.631952,-73.91763,False,0.0,0.0,0.2
water_flushing_meadow_corona_park,Flushing Meadow Corona Park,water,Queens,40.723266,-73.827136,False,0.0,0.0,0.0
water_well_station_#42,Well Station #42,water,Queens,40.699237,-73.756635,False,0.0,0.0,0.0
water_future_cornell_tech_campus,Future Cornell Tech Campus,water,Manhattan,40.753937,-73.957106,False,0.0,0.0,0.0
water_coney_island_wwtp,Coney Island Wwtp,water,Brooklyn,40.590011,-73.932919,False,0.0,0.0,0.0
water_water_storage_tank_#34,Water Storage Tank #34,water,Queens,40.679913,-73.797057,False,0.0,0.0,0.0
water_brx_9_10_11_sanitation_garage,Brx 9/10/11 Sanitation Garage,water,Bronx,40.825057,-73.842239,False,0.0,0.0,0.0
water_red_hook_poll_control_plant,Red Hook Poll Control Plant,water,Manhattan,40.703964,-73.978522,False,0.0,0.0,0.0
water_well_station_#52,Well Station #52,water,Queens,40.728786,-73.808552,False,0.0,0.0,0.0
water_water_storage_tank_#32,Water Storage Tank #32,water,Queens,40.661854,-73.752126,False,0.0,0.0,0.0
water_manhattan_sewage_pump_station,Manhattan Sewage Pump Station,water,Manhattan,40.726324,-73.97354,False,0.0,0.0,0.0
water_26th_ward_wwtp,26Th Ward Wwtp,water,Queens,40.652421,-73.879018,False,0.0,0.0,0.0
water_lost_battalion_hall_rec_ctr,Lost Battalion Hall Rec Ctr,water,Queens,40.732273,-73.865133,False,0.0,0.0,0.2
water_well_station_#36,Well Station #36,water,Queens,40.679144,-73.726907,False,0.0,0.0,0.0
water_well_station_#27,Well Station #27,water,Queens,40.723147,-73.764456,False,0.0,0.0,0.0
water_wastewater_pumping_station,Wastewater Pumping Station,water,Queens,40.775564,-73.830795,False,0.0,0.0,0.0
water_well_station_#26,Well Station #26,water,Queens,40.701845,-73.749142,False,0.0,0.0,0.0
water_coney_island_wpcp,Coney Island Wpcp,water,Brooklyn,40.589107,-73.933449,False,0.0,0.0,0.0
water_well_station_#38,Well Station #38,water,Queens,40.713548,-73.766853,False,0.0,0.0,0.0
water_spring_creek_park_dep_aux_plnt,Spring Creek Park/Dep Aux Plnt,water,Queens,40.658171,-73.863718,False,0.0,0.0,0.0
water_gowanus_pumping_station,Gowanus Pumping Station,water,Brooklyn,40.681828,-73.987042,False,0.0,0.0,0.8
water_fire_dept_fire_train__facility,Fire Dept.Fire Train. Facility,water,Queens,40.787448,-73.921912,False,0.0,0.0,0.0
water_well_station_#6,Well Station #6,water,Queens,40.695484,-73.787922,False,0.2,0.2,0.6
water_well_station_#49,Well Station #49,water,Queens,40.71246,-73.734887,False,0.0,0.0,0.0
water_pumpimg_station,Pumpimg Station,water,Queens,40.75186,-73.831946,False,0.0,0.0,0.0
water_mayflower_pumping_st_dos_facil,Mayflower Pumping St/Dos Facil,water,Staten Island,40.557691,-74.200776,False,0.0,0.0,0.0
water_virginia_park,Virginia Park,water,Bronx,40.833479,-73.862181,False,0.0,0.0,0.0
water_well_station_#50,Well Station #50,water,Queens,40.723387,-73.809924,False,0.0,0.0,0.0
water_well_station_#41,Well Station #41,water,Queens,40.704638,-73.82048,False,0.0,0.0,0.0
water_well_station_#54,Well Station #54,water,Queens,40.693246,-73.733279,False,0.0,0.0,0.0
water_hunts_pt_market_wholesale,Hunts Pt Market Wholesale,water,Bronx,40.807526,-73.870236,False,0.0,0.0,0.0
water_paerdegat_basin_park_addition,Paerdegat Basin Park Addition,water,Brooklyn,40.627063,-73.910218,False,0.0,0.0,0.0
water_well_station_#22,Well Station #22,water,Queens,40.705364,-73.825123,False,0.0,0.0,0.0
water_spring_creek_park,Spring Creek Park,water,Queens,40.65704,-73.861479,False,0.0,0.0,0.0
water_destratification_facility,Destratification Facility,water,Queens,40.660945,-73.839964,False,0.0,0.0,0.0
water_rikers_island_corr__complex,Rikers Island Corr. Complex,water,Queens,40.791126,-73.882641,False,0.0,0.0,0.0
water_well_station_#45,Well Station #45,water,Queens,40.689748,-73.824346,False,0.0,0.0,0.0
water_rockaway_water_pollution_cp,Rockaway Water Pollution Cp,water,Queens,40.584255,-73.826193,False,0.0,0.0,0.0
water_bowery_bay_wwtp,Bowery Bay Wwtp,water,Queens,40.778806,-73.894126,False,0.0,0.0,0.0
water_hannah_street_pumping_station,Hannah Street Pumping Station,water,Staten Island,40.636343,-74.074662,False,0.0,0.0,0.0
water_mason_avenue_pumping_station,Mason Avenue Pumping Station,water,Staten Island,40.580979,-74.091523,False,0.0,0.0,0.0
water_bronx_grit_chamber,Bronx Grit Chamber,water,Bronx,40.802811,-73.919051,False,0.0,0.0,0.0
water_jfk_airport,Jfk Airport,water,Queens,40.647938,-73.789277,False,0.0,0.0,0.0
water_well_station_#7,Well Station #7,water,Queens,40.717592,-73.752997,False,0.0,0.0,0.0
water_well_station_#46,Well Station #46,water,Queens,40.687157,-73.755057,False,0.0,0.0,0.0
water_well_station_#39,Well Station #39,water,Queens,40.725731,-73.740733,False,0.0,0.0,0.0
water_pumping_stn_sewage_disposal,Pumping Stn/Sewage Disposal,water,Brooklyn,40.591295,-73.933865,False,0.0,0.0,0.0
water_sirtoa_r_o_w_hannah_st_ps,Sirtoa R.O.W/Hannah St Ps,water,Staten Island,40.634787,-74.074411,False,0.0,0.0,0.0
water_richmond_avenue_sewage_pumping,Richmond Avenue Sewage Pumping,water,Staten Island,40.533642,-74.153533,False,0.0,0.0,0.0
water_red_hook_pollution_plant,Red Hook Pollution Plant,water,Manhattan,40.702446,-73.979792,False,0.0,0.0,0.0
water_well_station_#13,Well Station #13,water,Queens,40.725129,-73.75035,False,0.0,0.0,0.0
water_newton_creek_wwtp,Newton Creek Wwtp,water,Manhattan,40.733638,-73.947611,False,0.0,0.0,0.0
water_well_station_#58,Well Station #58,water,Queens,40.719498,-73.783456,False,0.0,0.0,0.0
water_well_station_#51,Well Station #51,water,Queens,40.722359,-73.804176,False,0.0,0.0,0.0
water_wards_island_wwtp,Wards Island Wwtp,water,Queens,40.79097,-73.921922,False,0.0,0.0,0.0
water_well_station_#21,Well Station #21,water,Queens,40.73147,-73.747072,False,0.0,0.0,0.0
water_pier_97,Pier 97,water,Manhattan,40.772299,-73.995946,False,0.0,0.8,0.8
water_well_station_#43,Well Station #43,water,Queens,40.701497,-73.832862,False,0.0,0.0,0.0
water_water_storage_tank_#28,Water Storage Tank #28,water,Queens,40.673853,-73.810469,False,0.0,0.0,0.6
water_well_station_#3,Well Station #3,water,Queens,40.681813,-73.82066,False,0.0,0.0,0.0
water_bronx_river_parkway_park,Bronx River Parkway Park,water,Bronx,40.886599,-73.866313,False,0.0,0.0,0.0
water_well_station_#37,Well Station #37,water,Queens,40.716703,-73.775799,False,0.0,0.0,0.0
water_alley_pond_park,Alley Pond Park,water,Queens,40.747347,-73.741226,False,0.0,0.0,0.0
water_well_station_#11,Well Station #11,water,Queens,40.68552,-73.801692,False,0.0,0.0,0.0
water_well_station_#56,Well Station #56,water,Queens,40.677574,-73.746973,False,0.0,0.0,0.0
water_newton_creek_pollution_control,Newton Creek Pollution Control,water,Manhattan,40.733247,-73.944224,False,0.0,0.0,0.0
water_city_island_sewage_pump_stn,City Island Sewage Pump Stn,water,Bronx,40.845732,-73.783782,False,0.0,0.0,0.0
water_well_station_#32,Well Station #32,water,Queens,40.682657,-73.814723,False,0.0,0.0,0.0
water_p_o_water_pollution_control_pl,P/O Water Pollution Control Pl,water,Bronx,40.803596,-73.881058,False,0.0,0.0,0.0
water_annadale_pumping_station,Annadale Pumping Station,water,Staten Island,40.552264,-74.186405,False,0.0,0.0,0.0
water_grand_canal_court_park,Grand Canal Court Park,water,Manhattan,40.722303,-74.00504,False,0.0,0.2,0.6
water_well_station_#14,Well Station #14,water,Queens,40.680543,-73.798195,False,0.0,0.0,0.0
water_pelham_bay_park,Pelham Bay Park,water,Bronx,40.868344,-73.798142,False,0.0,0.0,0.0
water_well_station_#8,Well Station #8,water,Queens,40.700765,-73.820487,False,0.0,0.0,0.0
water_water_storage_tank_#31,Water Storage Tank #31,water,Queens,40.670283,-73.794762,False,0.0,0.0,0.0
water_port_richmond_wwtp,Port Richmond Wwtp,water,Staten Island,40.637068,-74.12515,False,0.0,0.0,0.0
water_owl_s_head_sewer_trmnt_plant,Owl'S Head Sewer Trmnt Plant,water,Staten Island,40.642152,-74.031709,False,0.0,0.0,0.0
water_roosevelt_island_ops_command,Roosevelt Island-Ops Command,water,Manhattan,40.760607,-73.951593,False,0.0,0.0,0.0
water_baretto_pt_sewage_treatment_pl,Baretto Pt.Sewage Treatment Pl,water,Bronx,40.805306,-73.886647,False,0.0,0.0,0.0
water_fdr_boardwalk_and_beach_midland,Fdr Boardwalk And Beach/Midland,water,Staten Island,40.582696,-74.069507,False,0.0,0.0,0.0
water_well_station_#33,Well Station #33,water,Queens,40.696269,-73.792539,False,0.0,0.0,0.0
water_well_station_#17,Well Station #17,water,Queens,40.698666,-73.82623,False,0.0,0.0,0.0
water_eng_324__div_14,Eng 324  Div 14,water,Queens,40.738018,-73.851842,False,0.0,0.0,0.0
water_conner_st_sewage_pump_station,Conner St Sewage Pump Station,water,Bronx,40.88066,-73.821661,False,0.0,0.0,0.0
water_brookville_park,Brookville Park,water,Queens,40.659398,-73.745968,False,0.0,0.0,0.0
water_bqe_storm_water_pump,Bqe Storm Water Pump,water,Queens,40.740175,-73.900189,False,0.0,0.0,0.0
water_hollers_avenue_sewage_pump_station,Hollers Avenue Sewage Pump Station,water,Bronx,40.886932,-73.820364,False,0.0,0.0,0.0
water_jamaica_water_pollution_cp,Jamaica Water Pollution Cp,water,Queens,40.664469,-73.810423,False,0.0,0.0,0.0
water_154th_st_pumping_station,154Th St Pumping Station,water,Queens,40.794888,-73.806675,False,0.0,0.0,0.0
water_26_ward_water_pollution_cp,26 Ward Water Pollution Cp,water,Queens,40.648125,-73.87584,False,0.0,0.0,0.0
water_well_station_#48,Well Station #48,water,Queens,40.706624,-73.750531,False,0.0,0.0,0.0
water_throgs_neck_sewage_pump_station,Throgs Neck Sewage Pump Station,water,Bronx,40.82462,-73.841474,False,0.0,0.0,0.0
water_tallmans_island_wwtp,Tallmans Island Wwtp,water,Queens,40.794938,-73.839342,False,0.0,0.0,0.0
water_well_station_#31,Well Station #31,water,Queens,40.697525,-73.821249,False,0.0,0.0,0.0
water_well_station_#29,Well Station #29,water,Queens,40.713767,-73.742345,False,0.0,0.0,0.0
water_well_station_#10,Well Station #10,water,Queens,40.694957,-73.736464,False,0.0,0.0,0.6
water_nassau_freeway,Nassau Freeway,water,Queens,40.663917,-73.808752,False,0.0,0.0,0.0
water_marble_hill_sewage_pump_statn,Marble Hill Sewage Pump Statn,water,Bronx,40.873513,-73.90926,False,0.0,0.0,0.6
water_lew_fidler_park_dep_pier,Lew Fidler Park/Dep Pier,water,Brooklyn,40.583123,-73.931507,False,0.0,0.0,0.8
water_pre_k_center_at_111_street,Pre K Center At 111 Street,water,Queens,40.747262,-73.843333,False,0.0,0.0,0.0
water_avenue_v_sewage_pumping_station,Avenue V Sewage Pumping Station,water,Brooklyn,40.59355,-73.981258,False,0.0,0.0,0.0
water_well_station_#55,Well Station #55,water,Queens,40.710159,-73.764733,False,0.0,0.0,0.6
water_newtown_creek_wwtp,Newtown Creek Wwtp,water,Manhattan,40.7367,-73.9388,True,0.0,0.0,0.0
water_rockaway_wwtp,Rockaway Wwtp,water,Queens,40.5612,-73.8576,True,0.0,0.0,0.0
fuel_station_nassau_expy_0000,Nassau Expy,fuel,Queens,40.613858,-73.743568,False,0.0,0.0,0.0
fuel_station_peninsula_blvd_0001,Peninsula Blvd,fuel,Queens,40.641739,-73.709512,False,0.0,0.0,0.0
fuel_station_peninsula_blvd_0002,Peninsula Blvd,fuel,Queens,40.632652,-73.724265,False,0.0,0.0,0.0
fuel_station_peninsula_blvd_0003,Peninsula Blvd,fuel,Queens,40.631104,-73.728896,False,0.0,0.0,0.0
fuel_station_peninsula_blvd_0004,Peninsula Blvd,fuel,Queens,40.643491,-73.704723,False,0.0,0.0,0.0
fuel_station_nassau_expy_0005,Nassau Expy,fuel,Queens,40.598626,-73.736719,False,0.0,0.0,0.0
fuel_station_nassau_expy_0006,Nassau Expy,fuel,Queens,40.618055,-73.741322,False,0.0,0.0,0.0
fuel_station_peninsula_blvd_0007,Peninsula Blvd,fuel,Queens,40.642396,-73.707737,False,0.0,0.0,0.0
fuel_station_peninsula_blvd_0008,Peninsula Blvd,fuel,Queens,40.628871,-73.73588,False,0.0,0.0,0.0
fuel_station_peninsula_blvd_0009,Peninsula Blvd,fuel,Queens,40.644784,-73.701562,False,0.0,0.0,0.0
fuel_station_nassau_expy_0010,Nassau Expy,fuel,Queens,40.612318,-73.743741,False,0.0,0.0,0.0
fuel_station_nassau_expy_0011,Nassau Expy,fuel,Queens,40.590984,-73.736997,False,0.0,0.0,0.0
fuel_station_peninsula_blvd_0012,Peninsula Blvd,fuel,Queens,40.629652,-73.733452,False,0.0,0.0,0.0
fuel_station_nassau_expy_0013,Nassau Expy,fuel,Queens,40.616947,-73.741942,False,0.0,0.0,0.0
fuel_station_nassau_expy_0014,Nassau Expy,fuel,Queens,40.597422,-73.73681,False,0.0,0.0,0.0
fuel_station_nassau_expy_0015,Nassau Expy,fuel,Queens,40.61245,-73.743744,False,0.0,0.0,0.0
fuel_station_peninsula_blvd_0016,Peninsula Blvd,fuel,Queens,40.631351,-73.728102,False,0.0,0.0,0.0
fuel_station_peninsula_blvd_0017,Peninsula Blvd,fuel,Queens,40.63233,-73.725062,False,0.0,0.0,0.0
fuel_station_nassau_expy_0018,Nassau Expy,fuel,Queens,40.62442,-73.7408,False,0.0,0.0,0.0
fuel_station_nassau_expy_0019,Nassau Expy,fuel,Queens,40.593968,-73.737042,False,0.0,0.0,0.0
fuel_station_peninsula_blvd_0020,Peninsula Blvd,fuel,Queens,40.638826,-73.715879,False,0.0,0.0,0.0
fuel_station_peninsula_blvd_0021,Peninsula Blvd,fuel,Queens,40.643101,-73.705819,False,0.0,0.0,0.0
fuel_station_nassau_expy_0022,Nassau Expy,fuel,Queens,40.600484,-73.737038,False,0.0,0.0,0.0
fuel_station_nassau_expy_0023,Nassau Expy,fuel,Queens,40.598302,-73.736745,False,0.0,0.0,0.0
fuel_station_nassau_expy_0024,Nassau Expy,fuel,Queens,40.614382,-73.743396,False,0.0,0.0,0.0
fuel_station_nassau_expy_0025,Nassau Expy,fuel,Queens,40.619547,-73.740812,False,0.0,0.0,0.0
fuel_station_nassau_expy_0026,Nassau Expy,fuel,Queens,40.604381,-73.738417,False,0.0,0.0,0.0
fuel_station_nassau_expy_0027,Nassau Expy,fuel,Queens,40.591745,-73.737189,False,0.0,0.0,0.0
fuel_station_nassau_expy_0028,Nassau Expy,fuel,Queens,40.610348,-73.743246,False,0.0,0.0,0.0
fuel_station_nassau_expy_0029,Nassau Expy,fuel,Queens,40.625949,-73.740619,False,0.0,0.0,0.0
fuel_station_peninsula_blvd_0030,Peninsula Blvd,fuel,Queens,40.629978,-73.732439,False,0.0,0.0,0.0
fuel_station_peninsula_blvd_0031,Peninsula Blvd,fuel,Queens,40.642157,-73.70839,False,0.0,0.0,0.0
fuel_station_nassau_expy_0032,Nassau Expy,fuel,Queens,40.59027,-73.736618,False,0.0,0.0,0.0
fuel_station_bay_blvd_0033,Bay Blvd,fuel,Queens,40.628416,-73.737287,False,0.0,0.0,0.0
fuel_station_nassau_expy_0034,Nassau Expy,fuel,Queens,40.618804,-73.740999,False,0.0,0.0,0.0
fuel_station_nassau_expy_0035,Nassau Expy,fuel,Queens,40.612559,-73.743744,False,0.0,0.0,0.0
fuel_station_nassau_expy_0036,Nassau Expy,fuel,Queens,40.622326,-73.740781,False,0.0,0.0,0.0
fuel_station_nassau_expy_0037,Nassau Expy,fuel,Queens,40.615144,-73.743029,False,0.0,0.0,0.0
fuel_station_nassau_expy_0038,Nassau Expy,fuel,Queens,40.59213,-73.73717,False,0.0,0.0,0.0
fuel_station_peninsula_blvd_0039,Peninsula Blvd,fuel,Queens,40.636769,-73.719071,False,0.0,0.0,0.0
fuel_station_peninsula_blvd_0040,Peninsula Blvd,fuel,Queens,40.641364,-73.710528,False,0.0,0.0,0.0
fuel_station_peninsula_blvd_0041,Peninsula Blvd,fuel,Queens,40.644163,-73.703078,False,0.0,0.0,0.0
fuel_station_peninsula_blvd_0042,Peninsula Blvd,fuel,Queens,40.630331,-73.731339,False,0.0,0.0,0.0
fuel_station_nassau_expy_0043,Nassau Expy,fuel,Queens,40.605945,-73.73969,False,0.0,0.0,0.0
fuel_station_nassau_expy_0044,Nassau Expy,fuel,Queens,40.623004,-73.74079,False,0.0,0.0,0.0
fuel_station_nassau_expy_0045,Nassau Expy,fuel,Queens,40.592813,-73.737122,False,0.0,0.0,0.0
fuel_station_peninsula_blvd_0046,Peninsula Blvd,fuel,Queens,40.642555,-73.707303,False,0.0,0.0,0.0
fuel_station_nassau_expy_0047,Nassau Expy,fuel,Queens,40.602009,-73.737579,False,0.0,0.0,0.0
fuel_station_nassau_expy_0048,Nassau Expy,fuel,Queens,40.623699,-73.740774,False,0.0,0.0,0.0
fuel_station_nassau_expy_0049,Nassau Expy,fuel,Queens,40.620639,-73.740687,False,0.0,0.0,0.0
fuel_station_peninsula_blvd_0050,Peninsula Blvd,fuel,Queens,40.631576,-73.727401,False,0.0,0.0,0.0
fuel_station_peninsula_blvd_0051,Peninsula Blvd,fuel,Queens,40.631794,-73.726724,False,0.0,0.0,0.0
fuel_station_peninsula_blvd_0052,Peninsula Blvd,fuel,Queens,40.630175,-73.731825,False,0.0,0.0,0.0
fuel_station_nassau_expy_0053,Nassau Expy,fuel,Queens,40.599056,-73.736708,False,0.0,0.0,0.0
fuel_station_peninsula_blvd_0054,Peninsula Blvd,fuel,Queens,40.633096,-73.72353,False,0.0,0.0,0.0
fuel_station_peninsula_blvd_0055,Peninsula Blvd,fuel,Queens,40.633611,-73.722938,False,0.0,0.0,0.0
fuel_station_nassau_expy_0056,Nassau Expy,fuel,Queens,40.609741,-73.74295,False,0.0,0.0,0.0
fuel_station_nassau_expy_0057,Nassau Expy,fuel,Queens,40.595341,-73.73695,False,0.0,0.0,0.0
fuel_station_peninsula_blvd_0058,Peninsula Blvd,fuel,Queens,40.637359,-73.718363,False,0.0,0.0,0.0
fuel_station_nassau_expy_0059,Nassau Expy,fuel,Queens,40.616053,-73.742488,False,0.0,0.0,0.0
fuel_station_nassau_expy_0060,Nassau Expy,fuel,Queens,40.607171,-73.740956,False,0.0,0.0,0.0
fuel_station_bay_blvd_0061,Bay Blvd,fuel,Queens,40.628177,-73.738047,False,0.0,0.0,0.0
fuel_station_peninsula_blvd_0062,Peninsula Blvd,fuel,Queens,40.636689,-73.719159,False,0.0,0.0,0.0
fuel_station_peninsula_blvd_0063,Peninsula Blvd,fuel,Queens,40.645497,-73.699388,False,0.0,0.0,0.0
fuel_station_peninsula_blvd_0064,Peninsula Blvd,fuel,Queens,40.63057,-73.730594,False,0.0,0.0,0.0
fuel_station_peninsula_blvd_0065,Peninsula Blvd,fuel,Queens,40.630981,-73.729304,False,0.0,0.0,0.0
fuel_station_nassau_expy_0066,Nassau Expy,fuel,Queens,40.612047,-73.743721,False,0.0,0.0,0.0
fuel_station_nassau_expy_0067,Nassau Expy,fuel,Queens,40.621388,-73.740711,False,0.0,0.0,0.0
fuel_station_nassau_expy_0068,Nassau Expy,fuel,Queens,40.613194,-73.743697,False,0.0,0.0,0.0
fuel_station_nassau_expy_0069,Nassau Expy,fuel,Queens,40.608776,-73.742335,False,0.0,0.0,0.0
fuel_station_peninsula_blvd_0070,Peninsula Blvd,fuel,Queens,40.630834,-73.72977,False,0.0,0.0,0.0
fuel_station_nassau_expy_0071,Nassau Expy,fuel,Queens,40.611268,-73.743566,False,0.0,0.0,0.0
fuel_station_peninsula_blvd_0072,Peninsula Blvd,fuel,Queens,40.629305,-73.734538,False,0.0,0.0,0.0
fuel_station_nassau_expy_0073,Nassau Expy,fuel,Queens,40.590504,-73.736745,False,0.0,0.0,0.0
fuel_station_peninsula_blvd_0074,Peninsula Blvd,fuel,Queens,40.636354,-73.719525,False,0.0,0.0,0.0
fuel_station_peninsula_blvd_0075,Peninsula Blvd,fuel,Queens,40.635224,-73.720981,False,0.0,0.0,0.0
fuel_station_peninsula_blvd_0076,Peninsula Blvd,fuel,Queens,40.629786,-73.733036,False,0.0,0.0,0.0
fuel_station_peninsula_blvd_0077,Peninsula Blvd,fuel,Queens,40.629438,-73.734121,False,0.0,0.0,0.0
fuel_station_ramp_0078,Ramp,fuel,Queens,40.627752,-73.739177,False,0.0,0.0,0.0
fuel_station_bay_blvd_0079,Bay Blvd,fuel,Queens,40.628316,-73.737602,False,0.0,0.0,0.0
fuel_station_peninsula_blvd_0080,Peninsula Blvd,fuel,Queens,40.645087,-73.700711,False,0.0,0.0,0.0
fuel_station_peninsula_blvd_0081,Peninsula Blvd,fuel,Queens,40.642722,-73.70685,False,0.0,0.0,0.0
fuel_station_peninsula_blvd_0082,Peninsula Blvd,fuel,Queens,40.640439,-73.712724,False,0.0,0.0,0.0
fuel_station_peninsula_blvd_0083,Peninsula Blvd,fuel,Queens,40.632059,-73.725894,False,0.0,0.0,0.0
fuel_station_nassau_expy_0084,Nassau Expy,fuel,Queens,40.596721,-73.736858,False,0.0,0.0,0.0
fuel_station_nassau_expy_0085,Nassau Expy,fuel,Queens,40.61273,-73.743741,False,0.0,0.0,0.0
fuel_station_peninsula_blvd_0086,Peninsula Blvd,fuel,Queens,40.638328,-73.716784,False,0.0,0.0,0.0
fuel_station_nassau_expy_0087,Nassau Expy,fuel,Queens,40.596406,-73.73688,False,0.0,0.0,0.0
fuel_station_peninsula_blvd_0088,Peninsula Blvd,fuel,Queens,40.628437,-73.737219,False,0.0,0.0,0.0
fuel_station_peninsula_blvd_0089,Peninsula Blvd,fuel,Queens,40.634131,-73.722406,False,0.0,0.0,0.0
fuel_station_park_st_0090,Park St,fuel,Queens,40.589789,-73.7363,False,0.0,0.0,0.0
fuel_station_nassau_expy_0091,Nassau Expy,fuel,Queens,40.606105,-73.739865,False,0.0,0.0,0.0
fuel_station_peninsula_blvd_0092,Peninsula Blvd,fuel,Queens,40.644656,-73.701881,False,0.0,0.0,0.0
fuel_station_peninsula_blvd_0093,Peninsula Blvd,fuel,Queens,40.639117,-73.715275,False,0.0,0.0,0.0
fuel_station_mobil_0094,Mobil (Mobil),fuel,Queens,40.737599,-73.70579,False,0.0,0.0,0.0
fuel_station_delta_0095,Delta (Delta),fuel,NJ (external),40.770877,-74.232401,False,0.0,0.0,0.0
fuel_station_bp_0096,BP (BP),fuel,Queens,40.64378,-73.704793,False,0.0,0.0,0.0
fuel_station_unknown_gas_station_0097,Unknown Gas Station,fuel,Manhattan,40.870294,-74.014239,False,0.0,0.0,0.0
fuel_station_shell_0098,Shell (Shell),fuel,Brooklyn,40.683271,-73.982334,False,0.0,0.0,0.2
fuel_station_shell_0099,Shell (Shell),fuel,Queens,40.708018,-73.718604,False,0.0,0.0,0.0
fuel_station_exxon_0100,Exxon (Exxon),fuel,NJ (external),40.87228,-74.193913,False,0.0,0.0,0.0
fuel_station_mobil_0101,Mobil (Mobil),fuel,NJ (external),40.872673,-74.192407,False,0.0,0.0,0.0
fuel_station_lukoil_0102,Lukoil (Lukoil),fuel,NJ (external),40.884911,-74.213143,False,0.0,0.0,0.0
fuel_station_valero_0103,Valero (Valero),fuel,NJ (external),40.8864,-74.216664,False,0.0,0.0,0.0
fuel_station_mobil_0104,Mobil (Mobil),fuel,Brooklyn,40.883604,-73.98922,False,0.0,0.0,0.0
fuel_station_sunoco_0105,Sunoco (Sunoco),fuel,Brooklyn,40.674229,-74.000478,False,0.0,0.0,0.0
fuel_station_bp_0106,BP (BP),fuel,Brooklyn,40.67492,-74.000081,False,0.0,0.0,0.0
fuel_station_delta_gas_station_0107,Delta Gas Station (Delta),fuel,NJ (external),40.780634,-74.235208,False,0.0,0.0,0.0
fuel_station_mobil_0108,Mobil (Mobil),fuel,Queens,40.721891,-73.804106,False,0.0,0.0,0.0
fuel_station_citgo_0109,Citgo (Citgo),fuel,Queens,40.74388,-73.928523,False,0.0,0.0,0.0
fuel_station_mobil_0110,Mobil (Mobil),fuel,Queens,40.723338,-73.726735,False,0.0,0.0,0.0
fuel_station_shell_0111,Shell (Shell),fuel,Queens,40.722782,-73.728247,False,0.0,0.0,0.0
fuel_station_lukoil_0112,Lukoil (Lukoil),fuel,NJ (external),40.730542,-74.042516,False,0.0,0.0,0.0
fuel_station_bp_0113,BP (BP),fuel,Brooklyn,40.656166,-73.94749,False,0.0,0.0,0.0
fuel_station_unknown_gas_station_0114,Unknown Gas Station,fuel,Brooklyn,40.902684,-73.999188,False,0.0,0.0,0.0
fuel_station_unknown_gas_station_0115,Unknown Gas Station,fuel,Brooklyn,40.900638,-74.005596,False,0.0,0.0,0.0
fuel_station_shell_0116,Shell (Shell),fuel,Manhattan,40.845196,-73.938519,False,0.0,0.0,0.0
fuel_station_global_0117,Global (Global),fuel,Manhattan,40.738941,-73.934475,False,0.0,0.0,0.0
fuel_station_wawa_0118,Wawa (Wawa),fuel,NJ (external),40.673124,-74.199857,False,0.0,0.0,0.0
fuel_station_unknown_gas_station_0119,Unknown Gas Station,fuel,NJ (external),40.659872,-74.267029,False,0.0,0.0,0.0
fuel_station_exxon_0120,Exxon (Exxon),fuel,NJ (external),40.665324,-74.233878,False,0.0,0.0,0.0
fuel_station_unknown_gas_station_0121,Unknown Gas Station,fuel,Manhattan,40.875029,-74.011968,False,0.0,0.0,0.0
fuel_station_sunoco_0122,Sunoco (Sunoco),fuel,Brooklyn,40.88319,-73.987486,False,0.0,0.0,0.0
fuel_station_unknown_gas_station_0123,Unknown Gas Station,fuel,Bronx,40.821282,-73.898197,False,0.0,0.0,0.0
fuel_station_metro_fuel_0124,Metro Fuel,fuel,Queens,40.728382,-73.706303,False,0.0,0.0,0.0
fuel_station_mobil_0125,Mobil (Mobil),fuel,Brooklyn,40.610378,-73.984605,False,0.0,0.0,0.0
fuel_station_unknown_gas_station_0126,Unknown Gas Station,fuel,Manhattan,40.860715,-73.968936,False,0.0,0.0,0.0
fuel_station_bp_0127,BP (BP),fuel,NJ (external),40.691323,-74.251798,False,0.0,0.0,0.0
fuel_station_unknown_gas_station_0128,Unknown Gas Station,fuel,Bronx,40.82724,-73.871731,False,0.0,0.0,0.0
fuel_station_exxon_0129,Exxon (Exxon),fuel,Manhattan,40.843326,-74.003442,False,0.0,0.0,0.0
fuel_station_sunoco_0130,Sunoco (Sunoco),fuel,Manhattan,40.843725,-74.004193,False,0.0,0.0,0.0
fuel_station_unknown_gas_station_0131,Unknown Gas Station,fuel,Manhattan,40.843468,-74.005484,False,0.0,0.0,0.0
fuel_station_delta_0132,Delta (Delta),fuel,Manhattan,40.84405,-74.000866,False,0.0,0.0,0.0
fuel_station_unknown_gas_station_0133,Unknown Gas Station,fuel,NJ (external),40.905735,-74.040745,False,0.0,0.0,0.0
fuel_station_shell_0134,Shell (Shell),fuel,Brooklyn,40.617078,-73.999806,False,0.0,0.0,0.0
fuel_station_unknown_gas_station_0135,Unknown Gas Station,fuel,NJ (external),40.895832,-74.05059,False,0.0,0.0,0.0
fuel_station_unknown_gas_station_0136,Unknown Gas Station,fuel,NJ (external),40.89378,-74.047321,False,0.0,0.0,0.0
fuel_station_unknown_gas_station_0137,Unknown Gas Station,fuel,NJ (external),40.874713,-74.041262,False,0.0,0.0,0.0
fuel_station_unknown_gas_station_0138,Unknown Gas Station,fuel,NJ (external),40.868105,-74.038488,False,0.0,0.0,0.0
fuel_station_unknown_gas_station_0139,Unknown Gas Station,fuel,NJ (external),40.873998,-74.048235,False,0.0,0.0,0.0
fuel_station_unknown_gas_station_0140,Unknown Gas Station,fuel,NJ (external),40.918895,-74.127201,False,0.0,0.0,0.0
fuel_station_sunoco_0141,Sunoco (Sunoco),fuel,NJ (external),40.876627,-74.05823,False,0.0,0.0,0.0
fuel_station_valero_0142,Valero (Valero),fuel,NJ (external),40.65038,-74.194898,False,0.0,0.0,0.0
fuel_station_unknown_gas_station_0143,Unknown Gas Station,fuel,NJ (external),40.88062,-74.066136,False,0.0,0.0,0.0
fuel_station_unknown_gas_station_0144,Unknown Gas Station,fuel,NJ (external),40.884118,-74.060077,False,0.0,0.0,0.0
fuel_station_sunoco_0145,Sunoco (Sunoco),fuel,NJ (external),40.731431,-74.040787,False,0.0,0.0,0.0
fuel_station_shell_0146,Shell (Shell),fuel,NJ (external),40.731379,-74.039863,False,0.0,0.0,0.0
fuel_station_valero_0147,Valero (Valero),fuel,NJ (external),40.731518,-74.041561,False,0.0,0.0,0.0
fuel_station_mobil_0148,Mobil (Mobil),fuel,Manhattan,40.789571,-73.940528,False,0.0,0.0,0.0
fuel_station_unknown_gas_station_0149,Unknown Gas Station,fuel,NJ (external),40.902367,-74.06167,False,0.0,0.0,0.0
fuel_station_unknown_gas_station_0150,Unknown Gas Station,fuel,NJ (external),40.893475,-74.07128,False,0.0,0.0,0.0
fuel_station_amoco_0151,Amoco (Amoco),fuel,Queens,40.719926,-73.761564,False,0.0,0.0,0.0
fuel_station_delta_0152,Delta (Delta),fuel,NJ (external),40.904307,-74.064804,False,0.0,0.0,0.0
fuel_station_gas_line_0153,Gas Line,fuel,NJ (external),40.854324,-74.118675,False,0.0,0.0,0.0
fuel_station_unknown_gas_station_0154,Unknown Gas Station,fuel,NJ (external),40.906926,-74.071576,False,0.0,0.0,0.0
fuel_station_unknown_gas_station_0155,Unknown Gas Station,fuel,NJ (external),40.893665,-74.075043,False,0.0,0.0,0.0
fuel_station_unknown_gas_station_0156,Unknown Gas Station,fuel,Queens,40.689866,-73.721641,False,0.0,0.0,0.0
fuel_station_fuel4_0157,Fuel4 (BP),fuel,NJ (external),40.791243,-74.057773,False,0.0,0.0,0.0
fuel_station_delta_0158,Delta (Delta),fuel,NJ (external),40.875355,-74.065302,False,0.0,0.0,0.0
fuel_station_mobil_0159,Mobil (Mobil),fuel,Bronx,40.895765,-73.863674,False,0.0,0.0,0.0
fuel_station_pure_energy_0160,Pure Energy,fuel,Brooklyn,40.693913,-73.931433,False,0.0,0.0,0.0
fuel_station_unknown_gas_station_0161,Unknown Gas Station,fuel,Bronx,40.841371,-73.864146,False,0.0,0.0,0.0
fuel_station_unknown_gas_station_0162,Unknown Gas Station,fuel,Queens,40.680586,-73.775298,False,0.0,0.0,0.0
fuel_station_bp_0163,BP (BP),fuel,Queens,40.752112,-73.832684,False,0.0,0.0,0.0
fuel_station_bp_0164,BP (BP),fuel,Queens,40.70055,-73.788926,False,0.0,0.0,0.0
fuel_station_citgo_0165,Citgo (Citgo),fuel,Bronx,40.805011,-73.912342,False,0.0,0.0,0.0
fuel_station_bp_0166,BP (BP),fuel,Bronx,40.805572,-73.911247,False,0.0,0.0,0.0
fuel_station_delta_0167,Delta (Delta),fuel,Staten Island,40.569827,-74.2419,False,0.0,0.0,0.0
fuel_station_sunoco_0168,Sunoco (Sunoco),fuel,Brooklyn,40.590262,-73.97493,False,0.0,0.0,0.2
fuel_station_bp_0169,BP (BP),fuel,Manhattan,40.700769,-73.962546,False,0.0,0.2,0.6
fuel_station_exxon_0170,Exxon (Exxon),fuel,Brooklyn,40.697438,-73.932846,False,0.0,0.0,0.0
fuel_station_bp_0171,BP (BP),fuel,Brooklyn,40.697602,-73.933193,False,0.0,0.0,0.0
fuel_station_us_fuel_0172,US Fuel,fuel,Manhattan,40.841366,-73.998792,False,0.0,0.0,0.0
fuel_station_gulf_0173,Gulf (Gulf),fuel,NJ (external),40.784864,-74.136261,False,0.0,0.0,0.0
fuel_station_conoco_0174,Conoco (Conoco),fuel,Manhattan,40.838746,-73.981687,False,0.0,0.0,0.0
fuel_station_shell_0175,Shell (Shell),fuel,Queens,40.743147,-73.922043,False,0.0,0.0,0.0
fuel_station_bp_0176,BP (BP),fuel,Queens,40.74829,-73.758376,False,0.0,0.0,0.0
fuel_station_unknown_gas_station_0177,Unknown Gas Station,fuel,Manhattan,40.867431,-73.97319,False,0.0,0.0,0.0
fuel_station_husky_0178,Husky,fuel,Queens,40.757666,-73.899435,False,0.0,0.0,0.0
fuel_station_unknown_gas_station_0179,Unknown Gas Station,fuel,Manhattan,40.864843,-73.961137,False,0.0,0.0,0.0
fuel_station_bp_0180,BP (BP),fuel,Bronx,40.86611,-73.92839,False,0.0,0.0,0.0
fuel_station_unknown_gas_station_0181,Unknown Gas Station,fuel,Manhattan,40.807543,-73.99567,False,0.0,0.0,0.0
fuel_station_mobil_0182,Mobil (Mobil),fuel,Queens,40.666554,-73.767714,False,0.0,0.0,0.0
fuel_station_fuel_4_0183,Fuel 4,fuel,Manhattan,40.85315,-73.984547,False,0.0,0.0,0.0
fuel_station_unknown_gas_station_0184,Unknown Gas Station,fuel,Manhattan,40.856721,-73.981806,False,0.0,0.0,0.0
fuel_station_silver_lake_pit_stop_0185,Silver Lake Pit Stop,fuel,NJ (external),40.783268,-74.182641,False,0.0,0.0,0.0
fuel_station_unknown_gas_station_0186,Unknown Gas Station,fuel,Manhattan,40.856154,-73.982507,False,0.0,0.0,0.0
fuel_station_unknown_gas_station_0187,Unknown Gas Station,fuel,Manhattan,40.844204,-73.972717,False,0.0,0.0,0.0
fuel_station_citgo_0188,Citgo (Citgo),fuel,Bronx,40.907687,-73.89691,False,0.0,0.0,0.0
fuel_station_exxon_0189,Exxon (Exxon),fuel,Manhattan,40.837677,-73.978508,False,0.0,0.0,0.0
fuel_station_unknown_gas_station_0190,Unknown Gas Station,fuel,Queens,40.614139,-73.753059,False,0.0,0.0,0.0
fuel_station_unknown_gas_station_0191,Unknown Gas Station,fuel,Queens,40.611434,-73.75299,False,0.0,0.0,0.8
fuel_station_sunoco_0192,Sunoco (Sunoco),fuel,Manhattan,40.858733,-73.977573,False,0.0,0.0,0.0
fuel_station_atlantis_0193,Atlantis,fuel,Queens,40.696842,-73.814152,False,0.0,0.0,0.0
fuel_station_bp_0194,BP (BP),fuel,Bronx,40.895778,-73.876496,False,0.0,0.0,0.0
fuel_station_mobil_0195,Mobil (Mobil),fuel,Manhattan,40.766249,-73.994008,False,0.0,0.0,0.0
fuel_station_mobil_0196,Mobil (Mobil),fuel,Brooklyn,40.647597,-73.979764,False,0.0,0.0,0.2
fuel_station_sunoco_0197,Sunoco (Sunoco),fuel,Queens,40.668269,-73.772138,False,0.0,0.0,0.0
fuel_station_conoco_0198,Conoco (Conoco),fuel,Queens,40.62828,-73.73682,False,0.0,0.0,0.0
fuel_station_mobil_0199,Mobil (Mobil),fuel,Queens,40.625424,-73.73568,False,0.0,0.0,0.0
fuel_station_shell_0200,Shell (Shell),fuel,Brooklyn,40.679588,-73.958111,False,0.0,0.0,0.0
fuel_station_rb_service_station_0201,RB Service Station,fuel,Queens,40.704159,-73.825692,False,0.0,0.0,0.0
fuel_station_bp_0202,BP (BP),fuel,Brooklyn,40.680541,-73.90328,False,0.0,0.0,0.0
fuel_station_bp_0203,BP (BP),fuel,Queens,40.679593,-73.88007,False,0.0,0.0,0.0
fuel_station_speedy_gas_0204,Speedy Gas,fuel,Brooklyn,40.677492,-73.927847,False,0.0,0.0,0.2
fuel_station_mobil_0205,Mobil (Mobil),fuel,Brooklyn,40.679271,-73.953578,False,0.0,0.0,0.0
fuel_station_amoco_0206,Amoco (Amoco),fuel,Queens,40.720095,-73.809448,False,0.0,0.0,0.0
fuel_station_shell_0207,Shell (Shell),fuel,Queens,40.715299,-73.774014,False,0.0,0.0,0.0
fuel_station_mobil_0208,Mobil (Mobil),fuel,Queens,40.709271,-73.722887,False,0.0,0.0,0.0
fuel_station_bp_0209,BP (BP),fuel,Queens,40.718263,-73.766076,False,0.0,0.0,0.0
fuel_station_global_0210,Global (Global),fuel,Queens,40.707058,-73.70168,False,0.0,0.0,0.0
fuel_station_shell_0211,Shell (Shell),fuel,Manhattan,40.789387,-73.948045,False,0.0,0.0,0.0
fuel_station_bp_0212,BP (BP),fuel,Queens,40.664521,-73.768636,False,0.0,0.0,0.0
fuel_station_allegiance_0213,Allegiance,fuel,Brooklyn,40.590464,-73.974521,False,0.0,0.0,0.2
fuel_station_sunoco_0214,Sunoco (Sunoco),fuel,Brooklyn,40.616853,-74.02667,False,0.0,0.0,0.0
fuel_station_bp_0215,BP (BP),fuel,Brooklyn,40.618552,-74.029656,False,0.0,0.0,0.0
fuel_station_bp_0216,BP (Sunoco),fuel,Queens,40.769541,-73.90977,False,0.0,0.0,0.0
fuel_station_mobile_0217,Mobile (Mobil),fuel,Queens,40.676179,-73.741718,False,0.0,0.0,0.0
fuel_station_sunoco_0218,Sunoco (Sunoco),fuel,Queens,40.707084,-73.702566,False,0.0,0.0,0.0
fuel_station_unknown_gas_station_0219,Unknown Gas Station,fuel,Bronx,40.842267,-73.852914,False,0.0,0.0,0.0
fuel_station_mobil_0220,Mobil (Mobil),fuel,Queens,40.724328,-73.754059,False,0.0,0.0,0.0
fuel_station_exxon_0221,Exxon (Exxon),fuel,Queens,40.71495,-73.775385,False,0.0,0.0,0.0
fuel_station_bp_0222,BP (BP),fuel,Queens,40.725037,-73.754104,False,0.0,0.0,0.0
fuel_station_unknown_gas_station_0223,Unknown Gas Station,fuel,NJ (external),40.891387,-74.031061,False,0.0,0.0,0.0
fuel_station_shell_0224,Shell (Shell),fuel,Queens,40.713674,-73.75352,False,0.0,0.0,0.6
fuel_station_bp_0225,BP (BP),fuel,Queens,40.716003,-73.744353,False,0.0,0.0,0.0
fuel_station_sunoco_0226,Sunoco,fuel,Brooklyn,40.697967,-73.961749,False,0.0,0.0,0.0
fuel_station_nor_spring_service_station_0227,Nor Spring Service Station,fuel,Queens,40.736074,-73.747084,False,0.0,0.0,0.0
fuel_station_us_gas_0228,US Gas (US Gas),fuel,NJ (external),40.898148,-74.037084,False,0.0,0.0,0.0
fuel_station_unknown_gas_station_0229,Unknown Gas Station,fuel,Queens,40.76896,-73.906355,False,0.0,0.0,0.0
fuel_station_unknown_gas_station_0230,Unknown Gas Station,fuel,NJ (external),40.854486,-74.067456,False,0.0,0.0,0.0
fuel_station_fuel_4_0231,Fuel 4,fuel,NJ (external),40.754684,-74.055563,False,0.0,0.0,0.0
fuel_station_exxon_0232,Exxon (Exxon),fuel,NJ (external),40.740037,-74.061198,False,0.0,0.0,0.0
fuel_station_lukoil_0233,Lukoil (Lukoil),fuel,NJ (external),40.739687,-74.061501,False,0.0,0.0,0.0
fuel_station_unknown_gas_station_0234,Unknown Gas Station,fuel,Queens,40.653062,-73.724348,False,0.0,0.0,0.0
fuel_station_delta_0235,Delta (Delta),fuel,NJ (external),40.731986,-74.041708,False,0.0,0.0,0.0
fuel_station_bp_0236,BP (BP),fuel,NJ (external),40.730138,-74.043423,False,0.0,0.0,0.0
fuel_station_shell_0237,Shell (Shell),fuel,NJ (external),40.73008,-74.04256,False,0.0,0.0,0.0
fuel_station_gulf_0238,Gulf (Gulf),fuel,NJ (external),40.729997,-74.041869,False,0.0,0.0,0.0
fuel_station_exxon_0239,Exxon (Exxon),fuel,NJ (external),40.731932,-74.03988,False,0.0,0.0,0.0
fuel_station_shell_0240,Shell (Shell),fuel,NJ (external),40.738515,-74.062212,False,0.0,0.0,0.0
fuel_station_exxon_0241,Exxon (Exxon),fuel,NJ (external),40.727055,-74.076818,False,0.0,0.0,0.0
fuel_station_unknown_gas_station_0242,Unknown Gas Station,fuel,NJ (external),40.74841,-74.193351,False,0.0,0.0,0.0
fuel_station_unknown_gas_station_0243,Unknown Gas Station,fuel,NJ (external),40.749282,-74.193664,False,0.0,0.0,0.0
fuel_station_bp_0244,BP (BP),fuel,NJ (external),40.693599,-74.101583,False,0.0,0.0,0.0
fuel_station_7_even_0245,7 Even,fuel,NJ (external),40.751366,-74.040314,False,0.0,0.0,0.0
fuel_station_sunoco_0246,Sunoco (Sunoco),fuel,NJ (external),40.714506,-74.192242,False,0.0,0.0,0.0
fuel_station_unknown_gas_station_0247,Unknown Gas Station,fuel,NJ (external),40.706748,-74.21707,False,0.0,0.0,0.0
fuel_station_bp_0248,BP (BP),fuel,NJ (external),40.726152,-74.160913,False,0.0,0.0,0.0
fuel_station_sunoco_0249,Sunoco (Sunoco),fuel,NJ (external),40.72607,-74.153519,False,0.0,0.0,0.0
fuel_station_exxon_0250,Exxon (Exxon),fuel,NJ (external),40.757928,-74.16687,False,0.0,0.0,0.0
fuel_station_conoco_0251,Conoco (Conoco),fuel,NJ (external),40.7578,-74.166329,False,0.0,0.0,0.0
fuel_station_bp_0252,BP (BP),fuel,Manhattan,40.723108,-73.938855,False,0.0,0.0,0.0
fuel_station_wawa_0253,Wawa (Wawa),fuel,NJ (external),40.749053,-74.135963,False,0.0,0.0,0.0
fuel_station_speedway_0254,Speedway (Speedway),fuel,Brooklyn,40.768729,-74.02092,False,0.0,0.0,0.0
fuel_station_exxon_0255,Exxon (Exxon),fuel,Brooklyn,40.759698,-74.027426,False,0.0,0.0,0.0
fuel_station_unknown_gas_station_0256,Unknown Gas Station,fuel,Queens,40.633865,-73.73985,False,0.0,0.0,0.0
fuel_station_unknown_gas_station_0257,Unknown Gas Station,fuel,Queens,40.623118,-73.742109,False,0.0,0.0,0.0
fuel_station_unknown_gas_station_0258,Unknown Gas Station,fuel,Queens,40.625031,-73.735419,False,0.0,0.0,0.0
fuel_station_grand_slam_0259,Grand Slam,fuel,Queens,40.675372,-73.865833,False,0.0,0.0,0.0
fuel_station_76_0260,76,fuel,Queens,40.67962,-73.878006,False,0.0,0.0,0.0
fuel_station_bj_s_gas_0261,BJ's Gas (BJ's Wholesale Club),fuel,Staten Island,40.639001,-74.23318,False,0.0,0.0,0.0
fuel_station_shell_0262,Shell (Shell),fuel,NJ (external),40.795752,-74.061963,False,0.0,0.0,0.0
fuel_station_lukoil_0263,Lukoil (Lukoil),fuel,NJ (external),40.719517,-74.180916,False,0.0,0.0,0.0
fuel_station_exxon_0264,Exxon (Exxon),fuel,NJ (external),40.732628,-74.197249,False,0.0,0.0,0.0
fuel_station_unknown_gas_station_0265,Unknown Gas Station,fuel,Queens,40.768686,-73.773916,False,0.0,0.0,0.0
fuel_station_unknown_gas_station_0266,Unknown Gas Station,fuel,Queens,40.769175,-73.77356,False,0.0,0.0,0.0
fuel_station_exxon_0267,Exxon (Exxon),fuel,Queens,40.764964,-73.819025,False,0.0,0.0,0.0
fuel_station_mobil_0268,Mobil (Mobil),fuel,Queens,40.763756,-73.83065,False,0.0,0.0,0.0
fuel_station_conoco_0269,Conoco (Conoco),fuel,Queens,40.781922,-73.83841,False,0.0,0.0,0.0
fuel_station_speedway_0270,Speedway (Speedway),fuel,Queens,40.757303,-73.870708,False,0.0,0.0,0.0
fuel_station_bp_0271,BP (BP),fuel,Queens,40.76041,-73.862,False,0.0,0.0,0.0
fuel_station_sunoco_0272,Sunoco (Sunoco),fuel,Queens,40.709314,-73.795826,False,0.0,0.0,0.0
fuel_station_costco_gasoline_0273,Costco Gasoline (Costco),fuel,Bronx,40.897828,-73.79306,False,0.0,0.0,0.0
fuel_station_mobil_0274,Mobil (Mobil),fuel,Manhattan,40.755974,-73.997876,False,0.0,0.0,0.0
fuel_station_gulf_0275,Gulf (Gulf),fuel,Manhattan,40.728557,-73.950116,False,0.0,0.0,0.0
fuel_station_bp_gas_0276,BP Gas (BP),fuel,Queens,40.707465,-73.751649,False,0.0,0.0,0.0
fuel_station_bp_0277,BP (BP),fuel,Queens,40.736772,-73.856771,False,0.0,0.0,0.2
fuel_station_bp_0278,BP (BP),fuel,Brooklyn,40.91436,-74.000464,False,0.0,0.0,0.0
fuel_station_gulf_0279,Gulf (Gulf),fuel,Bronx,40.895155,-73.881556,False,0.0,0.0,0.0
fuel_station_mobil_0280,Mobil (Mobil),fuel,Queens,40.703987,-73.814743,False,0.0,0.0,0.0
fuel_station_bp_0281,BP (BP),fuel,Manhattan,40.745082,-73.948115,False,0.0,0.0,0.0
fuel_station_lukoil_0282,Lukoil (Lukoil),fuel,Queens,40.759682,-73.927644,False,0.0,0.0,0.0
fuel_station_lukoil_0283,Lukoil (Lukoil),fuel,Bronx,40.855312,-73.901756,False,0.0,0.0,0.0
fuel_station_mobil_0284,Mobil (Mobil),fuel,NJ (external),40.697722,-74.217301,False,0.0,0.0,0.0
fuel_station_bp_0285,BP (BP),fuel,Queens,40.750019,-73.89884,False,0.0,0.0,0.0
fuel_station_shell_0286,Shell (Shell),fuel,Queens,40.754351,-73.895078,False,0.0,0.0,0.2
fuel_station_gulf_0287,Gulf (Gulf),fuel,NJ (external),40.694446,-74.156211,False,0.0,0.0,0.0
fuel_station_unknown_gas_station_0288,Unknown Gas Station,fuel,Bronx,40.919086,-73.7861,False,0.0,0.0,0.0
fuel_station_millennium_gas_2000_0289,Millennium Gas 2000,fuel,NJ (external),40.910501,-74.189568,False,0.0,0.0,0.0
fuel_station_polygon_gas_0290,Polygon Gas,fuel,NJ (external),40.914086,-74.196997,False,0.0,0.0,0.0
fuel_station_coastal_0291,Coastal,fuel,NJ (external),40.915213,-74.16768,False,0.0,0.0,0.0
fuel_station_k_g_petroleum_0292,K&G Petroleum,fuel,NJ (external),40.905317,-74.169907,False,0.0,0.0,0.0
fuel_station_delta_0293,Delta,fuel,NJ (external),40.817229,-74.221461,False,0.0,0.0,0.0
fuel_station_bp_0294,BP (BP),fuel,NJ (external),40.731312,-74.177361,False,0.0,0.0,0.0
fuel_station_shell_0295,Shell (Shell),fuel,Queens,40.752222,-73.929473,False,0.0,0.0,0.0
fuel_station_sunoco_0296,Sunoco (Sunoco),fuel,NJ (external),40.792143,-74.056059,False,0.0,0.0,0.0
fuel_station_unknown_gas_station_0297,Unknown Gas Station,fuel,Queens,40.652959,-73.724479,False,0.0,0.0,0.0
fuel_station_exxon_0298,Exxon (Exxon),fuel,NJ (external),40.790748,-74.054142,False,0.0,0.0,0.0
fuel_station_gulf_gas_station_0299,Gulf Gas Station,fuel,NJ (external),40.86475,-74.143656,False,0.0,0.0,0.0
fuel_station_mobil_0300,Mobil (Mobil),fuel,Brooklyn,40.67315,-73.999001,False,0.0,0.0,0.0
fuel_station_mobil_0301,Mobil (Mobil),fuel,Manhattan,40.867054,-73.953874,False,0.0,0.0,0.0
fuel_station_unknown_gas_station_0302,Unknown Gas Station,fuel,NJ (external),40.867006,-74.066623,False,0.0,0.0,0.0
fuel_station_bp_0303,BP (BP),fuel,NJ (external),40.868867,-74.070738,False,0.0,0.0,0.0
fuel_station_exxon_0304,Exxon (Exxon),fuel,NJ (external),40.865404,-74.075076,False,0.0,0.0,0.0
fuel_station_blue_star_0305,Blue Star,fuel,NJ (external),40.758989,-74.044157,False,0.0,0.0,0.0
fuel_station_exxon_0306,Exxon (Exxon),fuel,NJ (external),40.759309,-74.037543,False,0.0,0.0,0.0
fuel_station_unknown_gas_station_0307,Unknown Gas Station,fuel,NJ (external),40.863626,-74.065097,False,0.0,0.0,0.0
fuel_station_delta_0308,Delta (Delta),fuel,NJ (external),40.761691,-74.042556,False,0.0,0.0,0.0
fuel_station_mobil_0309,Mobil (Mobil),fuel,Queens,40.790119,-73.704486,False,0.0,0.0,0.0
fuel_station_bp_0310,BP (BP),fuel,Queens,40.783008,-73.715239,False,0.0,0.0,0.0
fuel_station_76_0311,76 (76),fuel,Bronx,40.842592,-73.708214,False,0.0,0.0,0.0
fuel_station_shell_0312,Shell (Shell),fuel,Bronx,40.840774,-73.70509,False,0.0,0.0,0.0
fuel_station_delta_0313,Delta,fuel,NJ (external),40.817771,-74.222962,False,0.0,0.0,0.0
fuel_station_givngo_0314,GivnGo,fuel,Queens,40.729134,-73.70017,False,0.0,0.0,0.0
fuel_station_bp_0315,BP (BP),fuel,NJ (external),40.763182,-74.048699,False,0.0,0.0,0.0
fuel_station_unknown_gas_station_0316,Unknown Gas Station,fuel,NJ (external),40.772475,-74.03592,False,0.0,0.0,0.0
fuel_station_exxon_0317,Exxon (Exxon),fuel,NJ (external),40.773889,-74.033872,False,0.0,0.0,0.0
fuel_station_unknown_gas_station_0318,Unknown Gas Station,fuel,Queens,40.726394,-73.714926,False,0.0,0.0,0.0
fuel_station_conoco_0319,Conoco (Conoco),fuel,Queens,40.725409,-73.719946,False,0.0,0.0,0.0
fuel_station_speedway_0320,Speedway (Speedway),fuel,Brooklyn,40.77704,-74.028555,False,0.0,0.0,0.0
fuel_station_exxon_0321,Exxon (Exxon),fuel,Queens,40.707923,-73.708138,False,0.0,0.0,0.0
fuel_station_unknown_gas_station_0322,Unknown Gas Station,fuel,Queens,40.782279,-73.73388,False,0.0,0.0,0.0
fuel_station_shell_0323,Shell (Shell),fuel,Queens,40.794265,-73.733967,False,0.0,0.0,0.0
fuel_station_gulf_0324,Gulf (Gulf),fuel,Brooklyn,40.582388,-73.959617,False,0.0,0.0,0.6
fuel_station_sunoco_0325,Sunoco (Sunoco),fuel,Brooklyn,40.82235,-74.029568,False,0.0,0.0,0.0
fuel_station_shell_0326,Shell (Shell),fuel,Manhattan,40.796776,-73.934446,False,0.0,0.0,0.0
fuel_station_shell_0327,Shell (Shell),fuel,Manhattan,40.783096,-73.945204,False,0.0,0.0,0.0
fuel_station_exxon_0328,Exxon (Exxon),fuel,Manhattan,40.849728,-73.996857,False,0.0,0.0,0.0
fuel_station_usa_0329,USA,fuel,Queens,40.72706,-73.709542,False,0.0,0.0,0.0
fuel_station_shell_0330,Shell (Shell),fuel,Staten Island,40.626144,-74.243308,False,0.0,0.0,0.0
fuel_station_exxon_0331,Exxon (Exxon),fuel,Staten Island,40.626998,-74.243406,False,0.0,0.0,0.0
fuel_station_bp_0332,BP (BP),fuel,NJ (external),40.69813,-74.242968,False,0.0,0.0,0.0
fuel_station_mobil_0333,Mobil (Mobil),fuel,NJ (external),40.789734,-74.05265,False,0.0,0.0,0.0
fuel_station_unknown_gas_station_0334,Unknown Gas Station,fuel,Queens,40.644577,-73.703509,False,0.0,0.0,0.0
fuel_station_sunoco_0335,Sunoco (Sunoco),fuel,Queens,40.643656,-73.703751,False,0.0,0.0,0.0
fuel_station_amoco_0336,Amoco (Amoco),fuel,Queens,40.66498,-73.735489,False,0.0,0.0,0.0
fuel_station_mobil_0337,Mobil (Mobil),fuel,Brooklyn,40.694496,-73.983465,False,0.0,0.0,0.0
fuel_station_unknown_gas_station_0338,Unknown Gas Station,fuel,NJ (external),40.861854,-74.063906,False,0.0,0.0,0.0
fuel_station_bp_0339,BP (BP),fuel,NJ (external),40.75238,-74.052231,False,0.0,0.0,0.0
fuel_station_fuel_one_0340,Fuel One,fuel,NJ (external),40.66983,-74.201785,False,0.0,0.0,0.0
fuel_station_shell_0341,Shell (Shell),fuel,NJ (external),40.91173,-74.154906,False,0.0,0.0,0.0
fuel_station_delta_0342,Delta (Delta),fuel,NJ (external),40.882265,-74.167913,False,0.0,0.0,0.0
fuel_station_gulf_0343,Gulf (Gulf),fuel,NJ (external),40.911995,-74.177909,False,0.0,0.0,0.0
fuel_station_bp_0344,BP (BP),fuel,NJ (external),40.918913,-74.1632,False,0.0,0.0,0.0
fuel_station_sunoco_0345,Sunoco (Sunoco),fuel,NJ (external),40.865281,-74.160394,False,0.0,0.0,0.0
fuel_station_citgo_0346,Citgo (Citgo),fuel,NJ (external),40.865156,-74.161156,False,0.0,0.0,0.0
fuel_station_delta_0347,Delta (Delta),fuel,NJ (external),40.909076,-74.152066,False,0.0,0.0,0.0
fuel_station_lukoil_0348,Lukoil (Lukoil),fuel,NJ (external),40.842732,-74.208283,False,0.0,0.0,0.0
fuel_station_exxon_0349,Exxon (Exxon),fuel,NJ (external),40.810106,-74.213429,False,0.0,0.0,0.0
fuel_station_delta_0350,Delta,fuel,NJ (external),40.707431,-74.100263,False,0.0,0.0,0.0
fuel_station_speedway_0351,Speedway (Speedway),fuel,NJ (external),40.731804,-74.039217,False,0.0,0.0,0.0
fuel_station_unknown_gas_station_0352,Unknown Gas Station,fuel,Queens,40.582548,-73.834779,False,0.0,0.0,0.8
fuel_station_mobil_0353,Mobil (Mobil),fuel,Manhattan,40.752464,-73.939091,False,0.0,0.0,0.0
fuel_station_unknown_gas_station_0354,Unknown Gas Station,fuel,Brooklyn,40.634946,-73.928289,False,0.0,0.0,0.0
fuel_station_unknown_gas_station_0355,Unknown Gas Station,fuel,Brooklyn,40.640974,-73.918996,False,0.0,0.0,0.2
fuel_station_exxon_0356,Exxon (Exxon),fuel,Manhattan,40.777673,-74.013985,False,0.0,0.0,0.0
fuel_station_shell_0357,Shell (Shell),fuel,Queens,40.702608,-73.815728,False,0.0,0.0,0.0
fuel_station_bp_0358,bp (BP),fuel,Queens,40.763477,-73.914445,False,0.0,0.0,0.0
fuel_station_bp_0359,bp (BP),fuel,Queens,40.7636,-73.914711,False,0.0,0.0,0.0
fuel_station_unknown_gas_station_0360,Unknown Gas Station,fuel,Bronx,40.814654,-73.858832,False,0.0,0.0,0.0
fuel_station_sunoco_0361,Sunoco (Sunoco),fuel,Queens,40.767902,-73.90105,False,0.0,0.0,0.0
fuel_station_shell_0362,Shell (Shell),fuel,Queens,40.763061,-73.876917,False,0.0,0.0,0.0
fuel_station_costco_gasoline_0363,Costco Gasoline (Costco),fuel,NJ (external),40.89116,-74.251172,False,0.0,0.0,0.0
fuel_station_gulf_0364,Gulf (Gulf),fuel,Queens,40.779446,-73.906368,False,0.0,0.0,0.0
fuel_station_shell_0365,Shell (Shell),fuel,Queens,40.626818,-73.7363,False,0.0,0.0,0.0
fuel_station_bp_0366,BP (BP),fuel,Bronx,40.859938,-73.902536,False,0.0,0.0,0.0
fuel_station_unknown_gas_station_0367,Unknown Gas Station,fuel,Manhattan,40.813349,-73.992137,False,0.0,0.0,0.0
fuel_station_amoco_0368,Amoco (Amoco),fuel,Brooklyn,40.635762,-74.022758,False,0.0,0.0,0.0
fuel_station_bp_0369,BP (BP),fuel,Staten Island,40.546684,-74.158429,False,0.0,0.0,0.0
fuel_station_sunoco_0370,Sunoco (Sunoco),fuel,NJ (external),40.820471,-74.120854,False,0.0,0.0,0.0
fuel_station_delta_0371,Delta (Delta),fuel,Manhattan,40.852358,-74.000362,False,0.0,0.0,0.0
fuel_station_amoco_0372,Amoco (Amoco),fuel,Brooklyn,40.662572,-73.931213,False,0.0,0.0,0.0
fuel_station_shell_0373,Shell (Shell),fuel,Brooklyn,40.661234,-73.920604,False,0.6,0.6,0.6
fuel_station_bj_s_gas_0374,BJ's Gas (BJ's Wholesale Club),fuel,NJ (external),40.891611,-74.261679,False,0.0,0.0,0.0
fuel_station_valero_0375,Valero (Valero),fuel,NJ (external),40.65994,-74.263286,False,0.0,0.0,0.0
fuel_station_unknown_gas_station_0376,Unknown Gas Station,fuel,Brooklyn,40.652322,-73.922315,False,0.0,0.0,0.0
fuel_station_mobil_0377,Mobil (Mobil),fuel,Brooklyn,40.664235,-73.948586,False,0.0,0.0,0.0
fuel_station_conoco_0378,Conoco,fuel,Queens,40.685328,-73.881873,False,0.0,0.0,0.0
fuel_station_shell_0379,Shell (Shell),fuel,Queens,40.633363,-73.889922,False,0.0,0.0,0.0
fuel_station_exxon_0380,Exxon (Exxon),fuel,NJ (external),40.731072,-74.110086,False,0.0,0.0,0.0
fuel_station_lukoil_0381,Lukoil (Lukoil),fuel,NJ (external),40.82046,-74.100614,False,0.0,0.0,0.0
fuel_station_unknown_gas_station_0382,Unknown Gas Station,fuel,Brooklyn,40.632195,-73.936667,False,0.0,0.0,0.0
fuel_station_citgo_0383,Citgo (Citgo),fuel,NJ (external),40.818339,-74.065639,False,0.0,0.0,0.0
fuel_station_bp_0384,BP (BP),fuel,NJ (external),40.772598,-74.042622,False,0.0,0.0,0.0
fuel_station_citgo_0385,Citgo (Citgo),fuel,Queens,40.74043,-73.789827,False,0.0,0.0,0.0
fuel_station_lukoil_0386,Lukoil (Lukoil),fuel,NJ (external),40.659248,-74.215528,False,0.0,0.0,0.0
fuel_station_dalta_0387,Dalta,fuel,NJ (external),40.691736,-74.269017,False,0.0,0.0,0.0
fuel_station_phillips_66_0388,Phillips 66 (Phillips 66),fuel,NJ (external),40.703783,-74.233664,False,0.0,0.0,0.0
fuel_station_wawa_0389,Wawa (Wawa),fuel,NJ (external),40.788184,-74.174318,False,0.0,0.0,0.0
fuel_station_bp_0390,BP (BP),fuel,Queens,40.735884,-73.746985,False,0.0,0.0,0.0
fuel_station_unknown_gas_station_0391,Unknown Gas Station,fuel,NJ (external),40.892805,-74.157502,False,0.0,0.0,0.0
fuel_station_citgo_0392,Citgo (Citgo),fuel,NJ (external),40.754801,-74.162475,False,0.0,0.0,0.0
fuel_station_exxon_0393,Exxon (Exxon),fuel,NJ (external),40.754186,-74.162608,False,0.0,0.0,0.0
fuel_station_delta_0394,Delta (Delta),fuel,NJ (external),40.66257,-74.258828,False,0.0,0.0,0.0
fuel_station_unknown_gas_station_0395,Unknown Gas Station,fuel,NJ (external),40.727217,-74.223854,False,0.0,0.0,0.0
fuel_station_unknown_gas_station_0396,Unknown Gas Station,fuel,NJ (external),40.727148,-74.224556,False,0.0,0.0,0.0
fuel_station_gulf_0397,gulf (Gulf),fuel,NJ (external),40.725408,-74.224954,False,0.0,0.0,0.0
fuel_station_valero_0398,Valero,fuel,NJ (external),40.719137,-74.162549,False,0.0,0.0,0.0
fuel_station_unknown_gas_station_0399,Unknown Gas Station,fuel,NJ (external),40.723172,-74.25058,False,0.0,0.0,0.0
fuel_station_quickchek_0400,QuickChek (QuickChek),fuel,NJ (external),40.89631,-74.236102,False,0.0,0.0,0.0
fuel_station_unknown_gas_station_0401,Unknown Gas Station,fuel,Queens,40.785226,-73.840047,False,0.0,0.0,0.0
fuel_station_allegiance_0402,Allegiance (Allegiance),fuel,Brooklyn,40.580912,-73.964076,False,0.0,0.0,0.8
fuel_station_bp_0403,BP (BP),fuel,Queens,40.760052,-73.731954,False,0.0,0.0,0.0
fuel_station_sunoco_0404,Sunoco (Sunoco),fuel,Queens,40.737746,-73.795617,False,0.0,0.0,0.0
fuel_station_sunoco_0405,Sunoco (Sunoco),fuel,Queens,40.712218,-73.918586,False,0.0,0.0,0.0
fuel_station_shell_0406,Shell (Shell),fuel,Brooklyn,40.645507,-73.985433,False,0.0,0.0,0.0
fuel_station_bp_0407,BP (BP),fuel,Brooklyn,40.699377,-73.914394,False,0.0,0.0,0.0
fuel_station_emporium_1_0408,Emporium 1,fuel,Brooklyn,40.644929,-74.021006,False,0.0,0.0,0.0
fuel_station_bolla_0409,Bolla,fuel,Manhattan,40.720575,-73.944284,False,0.0,0.0,0.0
fuel_station_unknown_gas_station_0410,Unknown Gas Station,fuel,Bronx,40.917655,-73.786208,False,0.0,0.0,0.0
fuel_station_unknown_gas_station_0411,Unknown Gas Station,fuel,NJ (external),40.835084,-74.260369,False,0.0,0.0,0.0
fuel_station_unknown_gas_station_0412,Unknown Gas Station,fuel,NJ (external),40.831884,-74.138248,False,0.0,0.0,0.0
fuel_station_exxon_0413,Exxon (Exxon),fuel,NJ (external),40.825114,-74.231695,False,0.0,0.0,0.0
fuel_station_fuel4_0414,Fuel4 (Fuel4),fuel,NJ (external),40.831402,-74.227834,False,0.0,0.0,0.0
fuel_station_exxon_0415,Exxon (Exxon),fuel,NJ (external),40.845966,-74.228222,False,0.0,0.0,0.0
fuel_station_amoco_0416,Amoco (Amoco),fuel,Bronx,40.913086,-73.844317,False,0.0,0.0,0.0
fuel_station_delta_0417,Delta (Delta),fuel,NJ (external),40.853494,-74.230095,False,0.0,0.0,0.0
fuel_station_lukoil_0418,Lukoil (Lukoil),fuel,NJ (external),40.832733,-74.248468,False,0.0,0.0,0.0
fuel_station_unknown_gas_station_0419,Unknown Gas Station,fuel,NJ (external),40.876171,-74.135768,False,0.0,0.0,0.0
fuel_station_delta_gas_station_0420,Delta Gas Station. (Delta),fuel,Manhattan,40.867231,-73.958776,False,0.0,0.0,0.0
fuel_station_delta_0421,Delta (Delta),fuel,Manhattan,40.868488,-73.972798,False,0.0,0.0,0.0
fuel_station_pilot_0422,Pilot (Pilot),fuel,NJ (external),40.719613,-74.125709,False,0.0,0.0,0.0
fuel_station_exxon_0423,Exxon (Exxon),fuel,Manhattan,40.814124,-73.984189,False,0.0,0.0,0.0
fuel_station_sunoco_0424,Sunoco (Sunoco),fuel,Staten Island,40.524319,-74.234433,False,0.0,0.0,0.0
fuel_station_bp_0425,BP (BP),fuel,Brooklyn,40.67651,-73.909335,False,0.0,0.0,0.0
fuel_station_76_0426,76 (76),fuel,Bronx,40.904422,-73.867772,False,0.0,0.0,0.0
fuel_station_sunoco_0427,Sunoco,fuel,Brooklyn,40.657172,-74.004188,False,0.0,0.0,0.0
fuel_station_unknown_gas_station_0428,Unknown Gas Station,fuel,Queens,40.689333,-73.72231,False,0.0,0.0,0.0
fuel_station_shell_0429,Shell (Shell),fuel,Brooklyn,40.693215,-73.955681,False,0.0,0.0,0.0
fuel_station_exxon_0430,Exxon (Exxon),fuel,Staten Island,40.644116,-74.212353,False,0.0,0.0,0.0
fuel_station_allegiance_0431,Allegiance,fuel,Brooklyn,40.613705,-73.953894,False,0.0,0.0,0.0
fuel_station_unknown_gas_station_0432,Unknown Gas Station,fuel,NJ (external),40.855239,-74.230345,False,0.0,0.0,0.0
fuel_station_unknown_gas_station_0433,Unknown Gas Station,fuel,NJ (external),40.724651,-74.221464,False,0.0,0.0,0.0
fuel_station_mobil_0434,Mobil (Mobil),fuel,NJ (external),40.724613,-74.228027,False,0.0,0.0,0.0
fuel_station_delta_0435,DELTA,fuel,NJ (external),40.83763,-74.115568,False,0.0,0.0,0.0
fuel_station_fuel_4_0436,Fuel 4,fuel,NJ (external),40.7319,-74.040829,False,0.0,0.0,0.0
fuel_station_unknown_gas_station_0437,Unknown Gas Station,fuel,NJ (external),40.851078,-74.113309,False,0.0,0.0,0.0
fuel_station_bp_0438,BP (BP),fuel,Bronx,40.916634,-73.812929,False,0.0,0.0,0.0
fuel_station_mobil_0439,Mobil (Mobil),fuel,Staten Island,40.595199,-74.250419,False,0.0,0.0,0.0
fuel_station_bp_0440,BP (BP),fuel,Staten Island,40.59559,-74.252983,False,0.0,0.0,0.0
fuel_station_enrite_0441,Enrite,fuel,NJ (external),40.677158,-74.090107,False,0.0,0.0,0.0
fuel_station_bp_0442,BP (BP),fuel,NJ (external),40.821626,-74.100536,False,0.0,0.0,0.0
fuel_station_gulf_0443,Gulf (Gulf),fuel,Manhattan,40.867867,-73.973058,False,0.0,0.0,0.0
fuel_station_exxon_0444,Exxon (Exxon),fuel,Manhattan,40.868207,-73.973679,False,0.0,0.0,0.0
fuel_station_delta_0445,Delta (Delta),fuel,NJ (external),40.731668,-74.155383,False,0.0,0.0,0.0
fuel_station_unknown_gas_station_0446,Unknown Gas Station,fuel,NJ (external),40.85352,-74.03781,False,0.0,0.0,0.0
fuel_station_unknown_gas_station_0447,Unknown Gas Station,fuel,NJ (external),40.852441,-74.034235,False,0.0,0.0,0.0
fuel_station_quickchek_0448,QuickChek (QuickChek),fuel,Staten Island,40.607092,-74.260813,False,0.0,0.0,0.0
fuel_station_unknown_gas_station_0449,Unknown Gas Station,fuel,Staten Island,40.59308,-74.245704,False,0.0,0.0,0.0
fuel_station_shell_0450,Shell (Shell),fuel,NJ (external),40.778687,-74.176881,False,0.0,0.0,0.0
fuel_station_sunoco_0451,Sunoco (Sunoco),fuel,NJ (external),40.699198,-74.251544,False,0.0,0.0,0.0
fuel_station_unknown_gas_station_0452,Unknown Gas Station,fuel,Brooklyn,40.598158,-73.99731,False,0.0,0.0,0.0
fuel_station_unknown_gas_station_0453,Unknown Gas Station,fuel,Bronx,40.919172,-73.901067,False,0.0,0.0,0.0
fuel_station_bp_0454,BP (BP),fuel,NJ (external),40.897153,-74.096478,False,0.0,0.0,0.0
fuel_station_shell_0455,Shell,fuel,Bronx,40.906022,-73.858284,False,0.0,0.0,0.0
fuel_station_delta_0456,Delta,fuel,Bronx,40.904905,-73.858976,False,0.0,0.0,0.0
fuel_station_delta_0457,Delta (Delta),fuel,NJ (external),40.766024,-74.179954,False,0.0,0.0,0.0
fuel_station_fuelway_0458,Fuelway,fuel,NJ (external),40.789117,-74.162563,False,0.0,0.0,0.0
fuel_station_verona_fuel_0459,Verona Fuel,fuel,NJ (external),40.779601,-74.156037,False,0.0,0.0,0.0
fuel_station_exxon_0460,Exxon (Exxon),fuel,NJ (external),40.745508,-74.223425,False,0.0,0.0,0.0
fuel_station_citgo_0461,Citgo (Citgo),fuel,Bronx,40.87537,-73.872796,False,0.0,0.0,0.0
fuel_station_wawa_0462,Wawa (Wawa),fuel,NJ (external),40.696348,-74.254302,False,0.0,0.0,0.0
fuel_station_unknown_gas_station_0463,Unknown Gas Station,fuel,NJ (external),40.784371,-74.15388,False,0.0,0.0,0.0
fuel_station_citgo_0464,Citgo (Citgo),fuel,NJ (external),40.818532,-74.065807,False,0.0,0.0,0.0
fuel_station_unknown_gas_station_0465,Unknown Gas Station,fuel,NJ (external),40.787507,-74.150104,False,0.0,0.0,0.0
fuel_station_unknown_gas_station_0466,Unknown Gas Station,fuel,Brooklyn,40.598032,-73.996243,False,0.0,0.0,0.0
fuel_station_wawa_0467,Wawa (Wawa),fuel,NJ (external),40.881113,-74.119391,False,0.0,0.0,0.0
fuel_station_shell_0468,Shell (Shell),fuel,NJ (external),40.856874,-74.069226,False,0.0,0.0,0.0
fuel_station_quickchek_0469,QuickChek (QuickChek),fuel,Manhattan,40.844828,-74.009423,False,0.0,0.0,0.0
fuel_station_mobil_0470,Mobil (Mobil),fuel,Queens,40.738313,-73.814573,False,0.0,0.0,0.0
fuel_station_unknown_gas_station_0471,Unknown Gas Station,fuel,NJ (external),40.790083,-74.195332,False,0.0,0.0,0.0
fuel_station_bp_0472,BP (BP),fuel,Brooklyn,40.677161,-73.930031,False,0.0,0.0,0.0
fuel_station_unknown_gas_station_0473,Unknown Gas Station,fuel,Manhattan,40.877404,-73.982293,False,0.0,0.0,0.0
fuel_station_unknown_gas_station_0474,Unknown Gas Station,fuel,NJ (external),40.837587,-74.185307,False,0.0,0.0,0.0
fuel_station_sinclair_0475,Sinclair,fuel,Queens,40.677228,-73.778288,False,0.0,0.0,0.0
fuel_station_global_0476,Global (Global),fuel,Manhattan,40.83021,-73.94066,False,0.0,0.0,0.0
fuel_station_unknown_gas_station_0477,Unknown Gas Station,fuel,Queens,40.73878,-73.70044,False,0.0,0.0,0.0
fuel_station_shell_0478,Shell (Shell),fuel,NJ (external),40.875661,-74.040502,False,0.0,0.0,0.0
fuel_station_lukoil_0479,Lukoil (Lukoil),fuel,Brooklyn,40.76976,-74.027008,False,0.0,0.0,0.0
fuel_station_exxon_0480,Exxon (Exxon),fuel,Staten Island,40.617269,-74.250905,False,0.0,0.0,0.0
fuel_station_enrite_0481,Enrite,fuel,NJ (external),40.797629,-74.200472,False,0.0,0.0,0.0
fuel_station_delta_0482,Delta (Delta),fuel,Brooklyn,40.916249,-74.025662,False,0.0,0.0,0.0
fuel_station_unknown_gas_station_0483,Unknown Gas Station,fuel,NJ (external),40.865261,-74.223856,False,0.0,0.0,0.0
fuel_station_shell_0484,Shell (Shell),fuel,NJ (external),40.828859,-74.179392,False,0.0,0.0,0.0
fuel_station_delta_0485,Delta (Delta),fuel,NJ (external),40.771637,-74.184346,False,0.0,0.0,0.0
fuel_station_quickchek_0486,QuickChek (QuickChek),fuel,Manhattan,40.845237,-74.009907,False,0.0,0.0,0.0
fuel_station_delta_0487,Delta (Delta),fuel,NJ (external),40.786258,-74.155093,False,0.0,0.0,0.0
fuel_station_enrite_0488,Enrite,fuel,NJ (external),40.801263,-74.14682,False,0.0,0.0,0.0
fuel_station_quickchek_0489,QuickChek (QuickChek),fuel,NJ (external),40.787321,-74.150201,False,0.0,0.0,0.0
fuel_station_shell_0490,Shell (Shell),fuel,NJ (external),40.778803,-74.189336,False,0.0,0.0,0.0
fuel_station_shell_0491,Shell (Shell),fuel,Bronx,40.838783,-73.703583,False,0.0,0.0,0.0
fuel_station_bp_0492,BP (BP),fuel,NJ (external),40.664412,-74.211323,False,0.0,0.0,0.0
fuel_station_millenium_0493,Millenium,fuel,NJ (external),40.782067,-74.16267,False,0.0,0.0,0.0
fuel_station_exxon_0494,Exxon (Exxon),fuel,NJ (external),40.765682,-74.165186,False,0.0,0.0,0.0
fuel_station_wawa_0495,Wawa (Wawa),fuel,NJ (external),40.769976,-74.225724,False,0.0,0.0,0.0
fuel_station_exxon_0496,Exxon (Exxon),fuel,NJ (external),40.74659,-74.261514,False,0.0,0.0,0.0
fuel_station_delta_0497,Delta (Delta),fuel,NJ (external),40.786203,-74.155092,False,0.0,0.0,0.0
fuel_station_sunoco_0498,Sunoco (Sunoco),fuel,NJ (external),40.776596,-74.187825,False,0.0,0.0,0.0
fuel_station_7_eleven_0499,7-Eleven (7-Eleven),fuel,NJ (external),40.778047,-74.18883,False,0.0,0.0,0.0
fuel_station_delta_0500,Delta (Delta),fuel,NJ (external),40.783666,-74.161792,False,0.0,0.0,0.0
fuel_station_unknown_gas_station_0501,Unknown Gas Station,fuel,Manhattan,40.815618,-73.989602,False,0.0,0.0,0.0
fuel_station_bp_0502,BP (BP),fuel,Brooklyn,40.663434,-73.954161,False,0.0,0.0,0.0
fuel_station_exxon_0503,Exxon (Exxon),fuel,Manhattan,40.850956,-73.935593,False,0.0,0.0,0.0
fuel_station_american_0504,American,fuel,Queens,40.77072,-73.893173,False,0.0,0.0,0.0
fuel_station_unknown_gas_station_0505,Unknown Gas Station,fuel,NJ (external),40.65374,-74.126499,False,0.0,0.0,0.0
fuel_station_mobil_0506,Mobil (Mobil),fuel,Queens,40.758559,-73.833978,False,0.0,0.0,0.0
fuel_station_shell_gas_station_0507,Shell Gas Station (Shell),fuel,Queens,40.764287,-73.823654,False,0.0,0.0,0.0
fuel_station_gulf_0508,Gulf (Gulf),fuel,Manhattan,40.733605,-73.952461,False,0.0,0.0,0.2
fuel_station_bp_0509,BP (BP),fuel,Manhattan,40.730907,-73.951345,False,0.2,0.2,0.6
fuel_station_bp_0510,BP (BP),fuel,Manhattan,40.739331,-73.934292,False,0.0,0.0,0.0
fuel_station_bp_0511,BP (BP),fuel,Queens,40.687195,-73.70248,False,0.0,0.0,0.0
fuel_station_unknown_gas_station_0512,Unknown Gas Station,fuel,Manhattan,40.853577,-73.934387,False,0.0,0.0,0.0
fuel_station_unknown_gas_station_0513,Unknown Gas Station,fuel,Brooklyn,40.621391,-74.020405,False,0.0,0.0,0.0
fuel_station_speedway_0514,Speedway (Speedway),fuel,Queens,40.697798,-73.802906,False,0.0,0.0,0.0
fuel_station_unknown_gas_station_0515,Unknown Gas Station,fuel,Bronx,40.896329,-73.867352,False,0.0,0.0,0.0
fuel_station_unknown_gas_station_0516,Unknown Gas Station,fuel,Bronx,40.868055,-73.858925,False,0.0,0.0,0.0
fuel_station_unknown_gas_station_0517,Unknown Gas Station,fuel,Bronx,40.832665,-73.898558,False,0.0,0.0,0.0
fuel_station_citgo_0518,Citgo (Citgo),fuel,Brooklyn,40.582931,-73.985965,False,0.0,0.0,0.0
fuel_station_unknown_gas_station_0519,Unknown Gas Station,fuel,Bronx,40.824877,-73.909968,False,0.0,0.0,0.0
fuel_station_sunoco_0520,Sunoco (Sunoco),fuel,Brooklyn,40.664485,-73.99765,False,0.0,0.0,0.0
fuel_station_unknown_gas_station_0521,Unknown Gas Station,fuel,Brooklyn,40.622544,-73.937212,False,0.0,0.0,0.6
fuel_station_unknown_gas_station_0522,Unknown Gas Station,fuel,Brooklyn,40.621537,-73.975049,False,0.0,0.0,0.0
fuel_station_bp_0523,BP (BP),fuel,Brooklyn,40.63824,-74.020637,False,0.0,0.0,0.0
fuel_station_seventh_avenue_0524,SEVENTH AVENUE,fuel,Brooklyn,40.634002,-74.014288,False,0.0,0.0,0.0
fuel_station_unknown_gas_station_0525,Unknown Gas Station,fuel,Brooklyn,40.634347,-74.014742,False,0.0,0.0,0.0
fuel_station_unknown_gas_station_0526,Unknown Gas Station,fuel,Brooklyn,40.662377,-73.919272,False,0.0,0.0,0.0
fuel_station_bp_0527,BP (BP),fuel,Brooklyn,40.636858,-73.968454,False,0.0,0.0,0.6
fuel_station_citgo_0528,Citgo,fuel,Brooklyn,40.643273,-73.969598,False,0.0,0.0,0.0
fuel_station_unknown_gas_station_0529,Unknown Gas Station,fuel,Brooklyn,40.642019,-73.969295,False,0.0,0.0,0.0
fuel_station_bp_0530,BP (BP),fuel,Brooklyn,40.64783,-73.971643,False,0.0,0.0,0.0
fuel_station_shell_0531,Shell (Shell),fuel,Brooklyn,40.581631,-73.960291,False,0.0,0.0,0.2
fuel_station_bp_0532,BP (BP),fuel,Brooklyn,40.592635,-73.9611,False,0.0,0.0,0.0
fuel_station_shell_0533,Shell (Shell),fuel,Brooklyn,40.643967,-73.970497,False,0.0,0.0,0.0
fuel_station_unknown_gas_station_0534,Unknown Gas Station,fuel,Brooklyn,40.651894,-73.90927,False,0.0,0.0,0.0
fuel_station_bp_0535,BP (BP),fuel,Brooklyn,40.60037,-73.961021,False,0.0,0.0,0.0
fuel_station_allegiance_0536,Allegiance,fuel,Brooklyn,40.578934,-73.987639,False,0.0,0.0,0.8
fuel_station_unknown_gas_station_0537,Unknown Gas Station,fuel,Brooklyn,40.616645,-73.944562,False,0.0,0.0,0.0
fuel_station_bp_0538,BP (BP),fuel,Queens,40.635682,-73.703281,False,0.0,0.0,0.0
fuel_station_sunoco_0539,Sunoco (Sunoco),fuel,NJ (external),40.893088,-74.12267,False,0.0,0.0,0.0
fuel_station_unknown_gas_station_0540,Unknown Gas Station,fuel,Queens,40.622442,-73.747114,False,0.0,0.0,0.0
fuel_station_sunoco_0541,Sunoco (Sunoco),fuel,Manhattan,40.752033,-73.944713,False,0.0,0.0,0.0
fuel_station_bp_0542,BP (BP),fuel,Queens,40.726905,-73.907141,False,0.0,0.0,0.6
fuel_station_mobil_0543,Mobil (Mobil),fuel,Queens,40.713974,-73.80749,False,0.0,0.0,0.0
fuel_station_sunoco_0544,Sunoco (Sunoco),fuel,Queens,40.759449,-73.800076,False,0.0,0.0,0.0
fuel_station_mobil_0545,Mobil (Mobil),fuel,Queens,40.764916,-73.819021,False,0.0,0.0,0.0
fuel_station_bp_0546,BP (BP),fuel,Queens,40.753988,-73.897718,False,0.0,0.0,0.0
fuel_station_gas_trac_0547,Gas Trac,fuel,Queens,40.753386,-73.911192,False,0.0,0.0,0.0
fuel_station_citgo_0548,Citgo (Citgo),fuel,Queens,40.764694,-73.788055,False,0.0,0.0,0.0
fuel_station_unknown_gas_station_0549,Unknown Gas Station,fuel,Queens,40.744204,-73.775535,False,0.0,0.0,0.0
fuel_station_bp_0550,BP (BP),fuel,Manhattan,40.75905,-73.937937,False,0.0,0.0,0.0
fuel_station_bp_0551,BP (BP),fuel,Queens,40.690712,-73.72569,False,0.0,0.0,0.0
fuel_station_sunoco_0552,Sunoco (Sunoco),fuel,Brooklyn,40.595953,-73.960688,False,0.0,0.0,0.0
fuel_station_bp_0553,BP (BP),fuel,Queens,40.695886,-73.7433,False,0.0,0.0,0.0
fuel_station_exxon_0554,Exxon (Exxon),fuel,Queens,40.728026,-73.906743,False,0.6,0.6,0.6
fuel_station_sunoco_0555,Sunoco (Sunoco),fuel,Staten Island,40.559302,-74.264817,False,0.0,0.0,0.0
fuel_station_shell_0556,Shell (Shell),fuel,Queens,40.66546,-73.701557,False,0.0,0.0,0.0
fuel_station_gulf_0557,Gulf (Gulf),fuel,Queens,40.782234,-73.803454,False,0.0,0.0,0.0
fuel_station_bp_0558,BP (BP),fuel,NJ (external),40.89857,-74.237441,False,0.0,0.0,0.0
fuel_station_mobil_0559,Mobil (Mobil),fuel,Queens,40.767977,-73.9069,False,0.0,0.0,0.0
fuel_station_shell_0560,Shell (Shell),fuel,Queens,40.768081,-73.90756,False,0.0,0.0,0.0
fuel_station_shell_0561,Shell (Shell),fuel,Queens,40.765946,-73.724624,False,0.0,0.0,0.0
fuel_station_unknown_gas_station_0562,Unknown Gas Station,fuel,Bronx,40.887338,-73.791317,False,0.0,0.0,0.0
fuel_station_bp_0563,BP (BP),fuel,Queens,40.738748,-73.802221,False,0.0,0.0,0.0
fuel_station_bp_0564,BP (BP),fuel,Queens,40.67724,-73.898662,False,0.0,0.0,0.0
fuel_station_citgo_0565,Citgo (Citgo),fuel,Brooklyn,40.694156,-73.961379,False,0.0,0.0,0.0
fuel_station_unknown_gas_station_0566,Unknown Gas Station,fuel,Queens,40.673442,-73.70958,False,0.0,0.0,0.0
fuel_station_bp_0567,BP (BP),fuel,Queens,40.730532,-73.872048,False,0.0,0.0,0.0
fuel_station_mobil_0568,Mobil (Mobil),fuel,Manhattan,40.764824,-73.931758,False,0.0,0.0,0.0
fuel_station_citgo_0569,Citgo (Citgo),fuel,Brooklyn,40.614077,-73.96351,False,0.0,0.0,0.0
fuel_station_speedway_0570,Speedway (Speedway),fuel,Brooklyn,40.634877,-73.967916,False,0.0,0.0,0.2
fuel_station_mobil_0571,Mobil (Mobil),fuel,Brooklyn,40.648508,-73.971805,False,0.0,0.0,0.0
fuel_station_unknown_gas_station_0572,Unknown Gas Station,fuel,Staten Island,40.612831,-74.122786,False,0.0,0.0,0.0
fuel_station_unknown_gas_station_0573,Unknown Gas Station,fuel,Brooklyn,40.61854,-74.020859,False,0.0,0.0,0.0
fuel_station_mobil_0574,Mobil (Mobil),fuel,Brooklyn,40.61224,-74.011392,False,0.0,0.0,0.6
fuel_station_unknown_gas_station_0575,Unknown Gas Station,fuel,Bronx,40.846746,-73.901905,False,0.0,0.0,0.0
fuel_station_unknown_gas_station_0576,Unknown Gas Station,fuel,Bronx,40.845944,-73.902346,False,0.2,0.2,0.2
fuel_station_unknown_gas_station_0577,Unknown Gas Station,fuel,Bronx,40.846952,-73.900976,False,0.0,0.0,0.0
fuel_station_unknown_gas_station_0578,Unknown Gas Station,fuel,Bronx,40.810861,-73.928015,False,0.0,0.0,0.0
fuel_station_mobil_0579,Mobil (Mobil),fuel,Bronx,40.849292,-73.916529,False,0.0,0.0,0.0
fuel_station_unknown_gas_station_0580,Unknown Gas Station,fuel,Queens,40.782728,-73.808274,False,0.0,0.0,0.0
fuel_station_unknown_gas_station_0581,Unknown Gas Station,fuel,Queens,40.698983,-73.888552,False,0.0,0.0,0.0
fuel_station_quickchek_0582,QuickChek (QuickChek),fuel,NJ (external),40.659736,-74.110033,False,0.0,0.0,0.0
fuel_station_sunoco_0583,Sunoco (Sunoco),fuel,NJ (external),40.912473,-74.242338,False,0.0,0.0,0.0
fuel_station_fuel4_0584,Fuel4,fuel,Brooklyn,40.884007,-73.988832,False,0.0,0.0,0.0
fuel_station_wawa_0585,Wawa (Wawa),fuel,NJ (external),40.722874,-74.252342,False,0.0,0.0,0.0
fuel_station_speedway_0586,Speedway (Speedway),fuel,NJ (external),40.729476,-74.170125,False,0.0,0.0,0.0
fuel_station_unknown_gas_station_0587,Unknown Gas Station,fuel,Queens,40.761431,-73.763367,False,0.0,0.0,0.0
fuel_station_bp_0588,BP (BP),fuel,Queens,40.713397,-73.916536,False,0.0,0.0,0.0
fuel_station_emporium_0589,Emporium,fuel,Brooklyn,40.697622,-73.969477,False,0.0,0.0,0.0
fuel_station_bp_0590,BP (BP),fuel,Brooklyn,40.651718,-74.006587,False,0.0,0.0,0.0
fuel_station_bp_0591,BP (BP),fuel,Queens,40.585824,-73.822748,False,0.0,0.0,0.8
fuel_station_bp_0592,BP (BP),fuel,Manhattan,40.803079,-73.933728,False,0.0,0.0,0.0
fuel_station_shell_0593,Shell (Shell),fuel,Brooklyn,40.638049,-73.97934,False,0.0,0.0,0.6
fuel_station_mobil_0594,Mobil (Mobil),fuel,NJ (external),40.732478,-74.157373,False,0.0,0.0,0.0
fuel_station_unknown_gas_station_0595,Unknown Gas Station,fuel,Staten Island,40.609616,-74.030363,False,0.0,0.0,0.0
fuel_station_fuel_4_0596,Fuel 4 (Fuel 4),fuel,NJ (external),40.741994,-74.156069,False,0.0,0.0,0.0
fuel_station_bp_0597,BP (BP),fuel,Manhattan,40.714063,-73.933554,False,0.0,0.0,0.6
fuel_station_citgo_0598,Citgo (Citgo),fuel,Manhattan,40.700068,-73.961321,False,0.0,0.0,0.2
fuel_station_shell_0599,Shell (Shell),fuel,Queens,40.730396,-73.887821,False,0.0,0.0,0.0
fuel_station_mobil_0600,Mobil (Mobil),fuel,Staten Island,40.560695,-74.169255,False,0.0,0.0,0.0
fuel_station_citgo_0601,Citgo (Citgo),fuel,NJ (external),40.73427,-74.129135,False,0.0,0.0,0.0
fuel_station_unknown_gas_station_0602,Unknown Gas Station,fuel,Bronx,40.813537,-73.909391,False,0.0,0.0,0.0
fuel_station_delta_0603,Delta (Delta),fuel,NJ (external),40.72839,-74.171148,False,0.0,0.0,0.0
fuel_station_gas_sale_0604,Gas Sale,fuel,Queens,40.739602,-73.793248,False,0.0,0.0,0.0
fuel_station_mobil_0605,Mobil (Mobil),fuel,Queens,40.739797,-73.792501,False,0.0,0.0,0.0
fuel_station_76_0606,76 (76),fuel,Bronx,40.907915,-73.811716,False,0.0,0.0,0.0
fuel_station_bp_0607,BP (BP),fuel,Manhattan,40.704975,-73.949898,False,0.0,0.0,0.0
fuel_station_bp_0608,BP (BP),fuel,Manhattan,40.813816,-73.930665,False,0.0,0.0,0.0
fuel_station_mobil_0609,Mobil (Mobil),fuel,Staten Island,40.609271,-74.063059,False,0.0,0.0,0.2
fuel_station_delta_0610,Delta (Delta),fuel,NJ (external),40.908076,-74.092353,False,0.0,0.0,0.0
fuel_station_unknown_gas_station_0611,Unknown Gas Station,fuel,Bronx,40.807273,-73.923751,False,0.0,0.0,0.0
fuel_station_unknown_gas_station_0612,Unknown Gas Station,fuel,Bronx,40.836851,-73.921632,False,0.0,0.0,0.0
fuel_station_unknown_gas_station_0613,Unknown Gas Station,fuel,Bronx,40.847358,-73.912228,False,0.0,0.0,0.0
fuel_station_unknown_gas_station_0614,Unknown Gas Station,fuel,Queens,40.786219,-73.837701,False,0.0,0.0,0.0
fuel_station_unknown_gas_station_0615,Unknown Gas Station,fuel,Queens,40.761422,-73.86791,False,0.0,0.0,0.0
fuel_station_bp_0616,BP (BP),fuel,Queens,40.726869,-73.810422,False,0.0,0.0,0.0
fuel_station_shell_0617,Shell (Shell),fuel,Queens,40.718384,-73.815656,False,0.0,0.0,0.0
fuel_station_speedway_0618,Speedway (Speedway),fuel,Brooklyn,40.657202,-74.000909,False,0.0,0.0,0.0
fuel_station_mobil_0619,Mobil (Mobil),fuel,Queens,40.743181,-73.915324,False,0.0,0.0,0.0
fuel_station_bp_0620,BP (BP),fuel,Brooklyn,40.669794,-73.919702,False,0.0,0.0,0.0
fuel_station_unknown_gas_station_0621,Unknown Gas Station,fuel,Brooklyn,40.668622,-73.921537,False,0.0,0.0,0.0
fuel_station_exxon_0622,Exxon (Exxon),fuel,Bronx,40.859209,-73.891362,False,0.0,0.0,0.0
fuel_station_mobil_0623,Mobil (Mobil),fuel,Queens,40.738804,-73.792381,False,0.0,0.0,0.0
fuel_station_unknown_gas_station_0624,Unknown Gas Station,fuel,Bronx,40.815027,-73.89709,False,0.0,0.0,0.0
fuel_station_mobil_0625,Mobil (Mobil),fuel,Manhattan,40.82096,-73.938214,False,0.0,0.0,0.0
fuel_station_sunoco_0626,Sunoco (Sunoco),fuel,Bronx,40.845769,-73.914133,False,0.0,0.0,0.0
fuel_station_unknown_gas_station_0627,Unknown Gas Station,fuel,Queens,40.657376,-73.892451,False,0.0,0.0,0.0
fuel_station_unknown_gas_station_0628,Unknown Gas Station,fuel,Queens,40.648979,-73.891974,False,0.0,0.0,0.0
fuel_station_shell_0629,Shell (Shell),fuel,Bronx,40.855717,-73.855202,False,0.0,0.0,0.0
fuel_station_unknown_gas_station_0630,Unknown Gas Station,fuel,Queens,40.633954,-73.890344,False,0.0,0.0,0.0
fuel_station_unknown_gas_station_0631,Unknown Gas Station,fuel,Bronx,40.866831,-73.838612,False,0.0,0.0,0.0
fuel_station_mobil_0632,Mobil (Mobil),fuel,Bronx,40.868449,-73.833529,False,0.0,0.0,0.6
fuel_station_unknown_gas_station_0633,Unknown Gas Station,fuel,Bronx,40.87316,-73.854185,False,0.0,0.0,0.0
fuel_station_shell_0634,Shell (Shell),fuel,Queens,40.702776,-73.854803,False,0.0,0.0,0.0
fuel_station_bp_0635,BP (BP),fuel,Queens,40.702872,-73.855715,False,0.0,0.0,0.0
fuel_station_hess_0636,Hess (Hess),fuel,Queens,40.696054,-73.744016,False,0.0,0.0,0.0
fuel_station_36_0637,36,fuel,Queens,40.690501,-73.762535,False,0.0,0.0,0.0
fuel_station_bp_0638,BP (BP),fuel,Queens,40.696198,-73.804949,False,0.0,0.0,0.0
fuel_station_7_eleven_0639,7-Eleven (7-Eleven),fuel,Brooklyn,40.639311,-74.022835,False,0.0,0.0,0.0
fuel_station_mobil_0640,Mobil (Mobil),fuel,Bronx,40.819951,-73.809956,False,0.0,0.0,0.0
fuel_station_shell_0641,Shell (Shell),fuel,NJ (external),40.815821,-74.113034,False,0.0,0.0,0.0
fuel_station_unknown_gas_station_0642,Unknown Gas Station,fuel,NJ (external),40.811954,-74.116411,False,0.0,0.0,0.0
fuel_station_unknown_gas_station_0643,Unknown Gas Station,fuel,NJ (external),40.824602,-74.111048,False,0.0,0.0,0.0
fuel_station_sunoco_0644,Sunoco (Sunoco),fuel,NJ (external),40.825177,-74.110357,False,0.0,0.0,0.0
fuel_station_unknown_gas_station_0645,Unknown Gas Station,fuel,NJ (external),40.824998,-74.109991,False,0.0,0.0,0.0
fuel_station_unknown_gas_station_0646,Unknown Gas Station,fuel,NJ (external),40.891774,-74.073342,False,0.0,0.0,0.0
fuel_station_delta_0647,Delta (Delta),fuel,Manhattan,40.86559,-73.984877,False,0.0,0.0,0.0
fuel_station_delta_0648,Delta (Delta),fuel,Manhattan,40.863238,-73.987093,False,0.0,0.0,0.0
fuel_station_bp_0649,BP (BP),fuel,Manhattan,40.798046,-73.933622,False,0.0,0.0,0.0
fuel_station_bp_0650,BP,fuel,Queens,40.665145,-73.733282,False,0.0,0.0,0.0
fuel_station_mobil_0651,Mobil (Mobil),fuel,Queens,40.692028,-73.779167,False,0.0,0.0,0.0
fuel_station_unknown_gas_station_0652,Unknown Gas Station,fuel,NJ (external),40.9054,-74.065934,False,0.0,0.0,0.0
fuel_station_bp_0653,BP (BP),fuel,Queens,40.733967,-73.724837,False,0.0,0.0,0.0
fuel_station_unknown_gas_station_0654,Unknown Gas Station,fuel,NJ (external),40.72516,-74.238544,False,0.0,0.0,0.0
fuel_station_7_eleven_0655,7-Eleven (7-Eleven),fuel,NJ (external),40.813746,-74.109538,False,0.0,0.0,0.0
fuel_station_bp_0656,BP (BP),fuel,Bronx,40.866324,-73.91799,False,0.0,0.0,0.0
fuel_station_mobil_0657,Mobil (Mobil),fuel,Queens,40.781453,-73.822609,False,0.0,0.0,0.0
fuel_station_unknown_gas_station_0658,Unknown Gas Station,fuel,Queens,40.769739,-73.79291,False,0.0,0.0,0.0
fuel_station_unknown_gas_station_0659,Unknown Gas Station,fuel,Queens,40.692407,-73.719512,False,0.0,0.0,0.0
fuel_station_unknown_gas_station_0660,Unknown Gas Station,fuel,Queens,40.693737,-73.718123,False,0.0,0.0,0.0
fuel_station_conoco_0661,Conoco (Conoco),fuel,Queens,40.670224,-73.717379,False,0.0,0.0,0.0
fuel_station_unknown_gas_station_0662,Unknown Gas Station,fuel,Queens,40.670148,-73.708136,False,0.0,0.0,0.0
fuel_station_citgo_0663,Citgo (Citgo),fuel,Queens,40.673032,-73.724126,False,0.0,0.0,0.0
fuel_station_bp_0664,BP (BP),fuel,Queens,40.668496,-73.711141,False,0.0,0.0,0.0
fuel_station_unknown_gas_station_0665,Unknown Gas Station,fuel,Queens,40.677672,-73.709881,False,0.0,0.0,0.0
fuel_station_bp_0666,BP (BP),fuel,Queens,40.680729,-73.792509,False,0.0,0.0,0.0
fuel_station_citgo_0667,Citgo (Citgo),fuel,Queens,40.666537,-73.779395,False,0.0,0.0,0.0
fuel_station_unknown_gas_station_0668,Unknown Gas Station,fuel,Queens,40.694364,-73.827956,False,0.0,0.0,0.0
fuel_station_bp_0669,BP (BP),fuel,Queens,40.667121,-73.789702,False,0.0,0.0,0.0
fuel_station_exxon_0670,Exxon (Exxon),fuel,Queens,40.680278,-73.840562,False,0.0,0.0,0.0
fuel_station_bp_0671,BP (BP),fuel,Bronx,40.815668,-73.928227,False,0.0,0.0,0.0
fuel_station_exxon_0672,Exxon (Exxon),fuel,Queens,40.69231,-73.810148,False,0.0,0.0,0.0
fuel_station_unknown_gas_station_0673,Unknown Gas Station,fuel,NJ (external),40.814051,-74.109278,False,0.0,0.0,0.0
fuel_station_bp_0674,BP (BP),fuel,Bronx,40.843581,-73.897499,False,0.0,0.0,0.0
fuel_station_gulf_0675,Gulf,fuel,Bronx,40.859286,-73.867131,False,0.0,0.0,0.0
fuel_station_bp_0676,BP (BP),fuel,Manhattan,40.701686,-73.937281,False,0.0,0.0,0.0
fuel_station_exxon_0677,Exxon (Exxon),fuel,Manhattan,40.745864,-73.933948,False,0.0,0.0,0.0
fuel_station_shell_0678,Shell (Shell),fuel,Brooklyn,40.580358,-73.985874,False,0.0,0.0,0.0
fuel_station_unknown_gas_station_0679,Unknown Gas Station,fuel,Queens,40.665886,-73.884189,False,0.0,0.0,0.6
fuel_station_bp_0680,BP (BP),fuel,Queens,40.71969,-73.89107,False,0.0,0.0,0.2
fuel_station_mobile_0681,Mobile (Mobil),fuel,Queens,40.719411,-73.890844,False,0.0,0.0,0.2
fuel_station_gas_sale_0682,Gas Sale,fuel,Queens,40.722049,-73.88596,False,0.0,0.0,0.0
fuel_station_citgo_0683,Citgo (Citgo),fuel,Queens,40.714343,-73.901303,False,0.0,0.0,0.0
fuel_station_bp_0684,BP (BP),fuel,Bronx,40.857189,-73.891296,False,0.0,0.0,0.0
fuel_station_citgo_0685,Citgo (Citgo),fuel,Staten Island,40.542753,-74.145963,False,0.0,0.0,0.0
fuel_station_mobile_0686,Mobile (Mobil),fuel,Staten Island,40.54196,-74.146023,False,0.0,0.0,0.0
fuel_station_bp_0687,BP (BP),fuel,Staten Island,40.612718,-74.132509,False,0.0,0.0,0.0
fuel_station_speedway_0688,Speedway (Speedway),fuel,Manhattan,40.866419,-73.974256,False,0.0,0.0,0.0
fuel_station_citgo_0689,Citgo (Citgo),fuel,Staten Island,40.602012,-74.120416,False,0.0,0.0,0.0
fuel_station_gastrac_0690,GasTrac,fuel,Queens,40.721035,-73.904373,False,0.0,0.0,0.0
fuel_station_gas_sale_0691,GAS SALE,fuel,Queens,40.714742,-73.859626,False,0.0,0.0,0.6
fuel_station_gulf_0692,Gulf (Gulf),fuel,Queens,40.742494,-73.869964,False,0.0,0.0,0.0
fuel_station_bp_0693,BP,fuel,Brooklyn,40.631505,-74.002617,False,0.0,0.0,0.6
fuel_station_conoco_0694,Conoco (Conoco),fuel,Queens,40.753593,-73.91319,False,0.0,0.0,0.0
fuel_station_mobil_0695,Mobil (Mobil),fuel,Brooklyn,40.582794,-73.959764,False,0.0,0.0,0.8
fuel_station_mobil_0696,Mobil (Mobil),fuel,Queens,40.758123,-73.793578,False,0.0,0.0,0.0
fuel_station_exxon_mobile_0697,Exxon Mobile,fuel,Queens,40.666626,-73.752767,False,0.0,0.0,0.0
fuel_station_shell_0698,Shell (Shell),fuel,Manhattan,40.757382,-73.939539,False,0.0,0.0,0.0
fuel_station_corocan_0699,Corocan,fuel,Queens,40.665194,-73.732574,False,0.0,0.0,0.0
fuel_station_amoco_0700,Amoco (Amoco),fuel,Queens,40.69432,-73.828498,False,0.0,0.0,0.0
fuel_station_lukoil_0701,Lukoil,fuel,Manhattan,40.824758,-74.008559,False,0.0,0.0,0.0
fuel_station_sunoco_0702,Sunoco,fuel,Brooklyn,40.676622,-73.92153,False,0.0,0.0,0.0
fuel_station_gulf_0703,Gulf (Gulf),fuel,Queens,40.71735,-73.817582,False,0.0,0.0,0.0
fuel_station_shell_0704,Shell (Shell),fuel,Bronx,40.858423,-73.885496,False,0.0,0.0,0.0
fuel_station_exxon_0705,Exxon (Exxon),fuel,Queens,40.682559,-73.851368,False,0.0,0.0,0.2
fuel_station_speedway_0706,Speedway (Speedway),fuel,Queens,40.674332,-73.842844,False,0.0,0.0,0.0
fuel_station_unknown_gas_station_0707,Unknown Gas Station,fuel,Queens,40.69181,-73.834942,False,0.0,0.0,0.0
fuel_station_gulf_0708,Gulf (Gulf),fuel,Bronx,40.839928,-73.871271,False,0.0,0.0,0.0
fuel_station_unknown_gas_station_0709,Unknown Gas Station,fuel,Bronx,40.844873,-73.846228,False,0.0,0.0,0.0
fuel_station_unknown_gas_station_0710,Unknown Gas Station,fuel,Bronx,40.839614,-73.874107,False,0.0,0.0,0.0
fuel_station_unknown_gas_station_0711,Unknown Gas Station,fuel,Bronx,40.836576,-73.870675,False,0.0,0.0,0.0
fuel_station_bp_0712,BP (BP),fuel,Bronx,40.819344,-73.929396,False,0.0,0.0,0.0
fuel_station_american_quick_start_auto_cent_0713,American Quick Start Auto Center,fuel,Brooklyn,40.68052,-74.008845,False,0.0,0.0,0.0
fuel_station_unknown_gas_station_0714,Unknown Gas Station,fuel,NJ (external),40.654791,-74.124479,False,0.0,0.0,0.0
fuel_station_unknown_gas_station_0715,Unknown Gas Station,fuel,NJ (external),40.664728,-74.124478,False,0.0,0.0,0.0
fuel_station_bp_0716,BP (BP),fuel,NJ (external),40.65769,-74.118268,False,0.0,0.0,0.0
fuel_station_unknown_gas_station_0717,Unknown Gas Station,fuel,NJ (external),40.685225,-74.10953,False,0.0,0.0,0.0
fuel_station_lukeoil_0718,LukeOil (LukeOil),fuel,NJ (external),40.822931,-74.155915,False,0.0,0.0,0.0
fuel_station_unknown_gas_station_0719,Unknown Gas Station,fuel,NJ (external),40.703885,-74.090498,False,0.0,0.0,0.0
fuel_station_unknown_gas_station_0720,Unknown Gas Station,fuel,NJ (external),40.680554,-74.104002,False,0.0,0.0,0.0
fuel_station_bp_0721,BP (BP),fuel,Queens,40.665225,-73.725967,False,0.0,0.0,0.0
fuel_station_unknown_gas_station_0722,Unknown Gas Station,fuel,Bronx,40.82138,-73.92114,False,0.0,0.0,0.0
fuel_station_unknown_gas_station_0723,Unknown Gas Station,fuel,Queens,40.662189,-73.710412,False,0.0,0.0,0.0
fuel_station_unknown_gas_station_0724,Unknown Gas Station,fuel,Manhattan,40.817603,-73.956537,False,0.0,0.0,0.0
fuel_station_conoco_0725,Conoco (Conoco),fuel,Queens,40.703569,-73.821733,False,0.0,0.0,0.0
fuel_station_mobil_0726,Mobil (Mobil),fuel,Manhattan,40.80028,-73.994485,False,0.0,0.0,0.0
fuel_station_unknown_gas_station_0727,Unknown Gas Station,fuel,Queens,40.706486,-73.817198,False,0.0,0.0,0.0
fuel_station_mobil_0728,Mobil (Mobil),fuel,Bronx,40.832655,-73.82829,False,0.0,0.0,0.0
fuel_station_shell_0729,Shell (Shell),fuel,Bronx,40.867978,-73.833409,False,0.0,0.0,0.0
fuel_station_mobil_0730,Mobil (Mobil),fuel,Queens,40.737699,-73.852472,False,0.0,0.0,0.0
fuel_station_gas___diesel_sale_0731,Gas & Diesel Sale,fuel,Queens,40.746842,-73.856526,False,0.0,0.0,0.6
fuel_station_atlantic_0732,Atlantic,fuel,Manhattan,40.756277,-73.939952,False,0.0,0.0,0.0
fuel_station_bp_0733,BP (BP),fuel,Queens,40.704374,-73.816002,False,0.0,0.0,0.0
fuel_station_unknown_gas_station_0734,Unknown Gas Station,fuel,Queens,40.690702,-73.840726,False,0.0,0.0,0.0
fuel_station_gulf_0735,Gulf,fuel,Queens,40.709721,-73.774478,False,0.6,0.6,0.6
fuel_station_49_quality_24h_0736,49 Quality 24h (49 Mini Mart),fuel,Queens,40.672925,-73.788584,False,0.0,0.0,0.0
fuel_station_unknown_gas_station_0737,Unknown Gas Station,fuel,Queens,40.726429,-73.821371,False,0.0,0.0,0.0
fuel_station_unknown_gas_station_0738,Unknown Gas Station,fuel,Queens,40.676218,-73.867955,False,0.0,0.0,0.0
fuel_station_unknown_gas_station_0739,Unknown Gas Station,fuel,Bronx,40.842122,-73.92288,False,0.0,0.0,0.0
fuel_station_bp_0740,BP,fuel,Queens,40.745228,-73.867739,False,0.0,0.0,0.2
fuel_station_unknown_gas_station_0741,Unknown Gas Station,fuel,Queens,40.796636,-73.886454,False,0.0,0.0,0.0
fuel_station_bp_0742,BP (BP),fuel,Queens,40.667582,-73.766358,False,0.0,0.0,0.0
fuel_station_conoco_0743,Conoco,fuel,Queens,40.67319,-73.764278,False,0.0,0.0,0.0
fuel_station_costco_gasoline_0744,Costco Gasoline (Costco),fuel,Staten Island,40.571528,-74.169413,False,0.0,0.0,0.0
fuel_station_allegiance_0745,Allegiance,fuel,Queens,40.672921,-73.871642,False,0.0,0.0,0.2
fuel_station_unknown_gas_station_0746,Unknown Gas Station,fuel,Brooklyn,40.901318,-73.999578,False,0.0,0.0,0.0
fuel_station_shell_0747,Shell (Shell),fuel,NJ (external),40.775278,-74.237164,False,0.0,0.0,0.0
fuel_station_exxon_0748,Exxon (Exxon),fuel,NJ (external),40.661132,-74.116958,False,0.0,0.0,0.0
fuel_station_fuel_1_0749,Fuel 1,fuel,NJ (external),40.661506,-74.267184,False,0.0,0.0,0.0
fuel_station_gulf_0750,Gulf (Gulf),fuel,NJ (external),40.845598,-74.162764,False,0.0,0.0,0.0
fuel_station_delta_0751,Delta (Delta),fuel,Manhattan,40.809432,-74.001597,False,0.0,0.0,0.0
fuel_station_sunoco_0752,Sunoco (Sunoco),fuel,Queens,40.583048,-73.834932,False,0.0,0.0,0.8
fuel_station_amoco_0753,Amoco (Amoco),fuel,Queens,40.773394,-73.733495,False,0.0,0.0,0.0
fuel_station_bp_0754,Bp (BP),fuel,Brooklyn,40.610278,-74.006882,False,0.0,0.0,0.0
fuel_station_bp_0755,BP (BP),fuel,Brooklyn,40.632285,-74.012449,False,0.0,0.0,0.0
fuel_station_bp_0756,BP,fuel,Queens,40.726098,-73.897834,False,0.0,0.0,0.0
fuel_station_shell_0757,Shell (Shell),fuel,NJ (external),40.807658,-74.210048,False,0.0,0.0,0.0
fuel_station_natural_gas_fueling_station_0758,Natural Gas Fueling Station,fuel,Queens,40.646428,-73.798263,False,0.0,0.0,0.0
fuel_station_mobil_0759,Mobil (Mobil),fuel,Staten Island,40.632483,-74.137199,False,0.0,0.0,0.0
fuel_station_speedway_0760,Speedway (Speedway),fuel,Staten Island,40.626682,-74.160117,False,0.0,0.0,0.0
fuel_station_exxon_0761,Exxon (Exxon),fuel,Staten Island,40.625683,-74.151718,False,0.0,0.0,0.0
fuel_station_citgo_0762,Citgo (Citgo),fuel,Staten Island,40.624942,-74.149165,False,0.0,0.0,0.0
fuel_station_citgo_0763,Citgo (Citgo),fuel,Staten Island,40.562473,-74.157088,False,0.0,0.0,0.0
fuel_station_unknown_gas_station_0764,Unknown Gas Station,fuel,Bronx,40.83207,-73.909996,False,0.0,0.0,0.2
fuel_station_bp_0765,BP (BP),fuel,Bronx,40.822375,-73.885484,False,0.0,0.0,0.0
fuel_station_unknown_gas_station_0766,Unknown Gas Station,fuel,Brooklyn,40.64478,-73.910723,False,0.0,0.0,0.2
fuel_station_shell_0767,Shell (Shell),fuel,Staten Island,40.528039,-74.239524,False,0.0,0.0,0.0
fuel_station_plato_service_station_0768,Plato Service Station,fuel,Queens,40.730963,-73.885874,False,0.0,0.0,0.0
fuel_station_gulf_0769,Gulf,fuel,Queens,40.747187,-73.925306,False,0.0,0.0,0.0
fuel_station_bp_0770,BP (BP),fuel,Brooklyn,40.596286,-73.984861,False,0.0,0.0,0.2
fuel_station_unknown_gas_station_0771,Unknown Gas Station,fuel,NJ (external),40.748527,-74.144498,False,0.0,0.0,0.0
fuel_station_enrite_0772,Enrite,fuel,NJ (external),40.747123,-74.150444,False,0.0,0.0,0.0
fuel_station_unknown_gas_station_0773,Unknown Gas Station,fuel,Brooklyn,40.644394,-73.910904,False,0.0,0.0,0.0
fuel_station_unknown_gas_station_0774,Unknown Gas Station,fuel,Queens,40.698559,-73.888432,False,0.0,0.0,0.0
fuel_station_sunoco_0775,Sunoco (Sunoco),fuel,Bronx,40.830936,-73.851045,False,0.0,0.0,0.0
fuel_station_shell_0776,Shell (Shell),fuel,Queens,40.712751,-73.905209,False,0.0,0.0,0.0
fuel_station_shell_0777,Shell (Shell),fuel,Manhattan,40.810704,-73.954206,False,0.0,0.0,0.0
fuel_station_mobil_0778,Mobil (Mobil),fuel,Manhattan,40.738991,-74.003482,False,0.0,0.0,0.0
fuel_station_sunoco_0779,Sunoco (Sunoco),fuel,Bronx,40.90747,-73.903694,False,0.0,0.0,0.0
fuel_station_mobil_0780,Mobil (Mobil),fuel,Queens,40.730271,-73.861716,False,0.0,0.0,0.0
fuel_station_mobil_0781,Mobil (Mobil),fuel,Manhattan,40.83295,-73.945354,False,0.0,0.0,0.0
fuel_station_gulf_0782,Gulf (Gulf),fuel,Queens,40.769734,-73.918164,False,0.0,0.0,0.0
fuel_station_bp_gas_station_0783,BP Gas Station (BP),fuel,Queens,40.770122,-73.918946,False,0.0,0.0,0.0
fuel_station_shell_0784,Shell (Shell),fuel,Staten Island,40.559308,-74.197565,False,0.0,0.0,0.0
fuel_station_bp_0785,BP (BP),fuel,Queens,40.74182,-73.904022,False,0.0,0.0,0.2
fuel_station_getty_0786,Getty (Getty),fuel,Brooklyn,40.643376,-73.900764,False,0.0,0.0,0.0
fuel_station_bp_0787,BP (BP),fuel,Brooklyn,40.648193,-73.905437,False,0.0,0.0,0.0
fuel_station_hess_0788,Hess (Hess),fuel,Queens,40.694037,-73.896934,False,0.0,0.0,0.0
fuel_station_unknown_gas_station_0789,Unknown Gas Station,fuel,NJ (external),40.867502,-74.10265,False,0.0,0.0,0.0
fuel_station_mobil_0790,Mobil (Mobil),fuel,Staten Island,40.607436,-74.162775,False,0.0,0.0,0.0
fuel_station_shell_0791,Shell (Shell),fuel,Brooklyn,40.881849,-73.986634,False,0.0,0.0,0.0
fuel_station_exxon_0792,Exxon (Exxon),fuel,Brooklyn,40.883562,-73.988082,False,0.0,0.0,0.0
fuel_station_unknown_gas_station_0793,Unknown Gas Station,fuel,NJ (external),40.912444,-74.042444,False,0.0,0.0,0.0
fuel_station_bp_0794,BP (BP),fuel,NJ (external),40.915173,-74.05001,False,0.0,0.0,0.0
fuel_station_star_0795,Star (Star),fuel,NJ (external),40.705286,-74.098314,False,0.0,0.0,0.0
fuel_station_bp_0796,BP (BP),fuel,NJ (external),40.721163,-74.081374,False,0.0,0.0,0.0
fuel_station_unknown_gas_station_0797,Unknown Gas Station,fuel,Bronx,40.824083,-73.914181,False,0.0,0.0,0.0
fuel_station_mobil_0798,Mobil (Mobil),fuel,Queens,40.75522,-73.890543,False,0.0,0.0,0.0
fuel_station_bp_0799,BP (BP),fuel,Queens,40.755115,-73.89132,False,0.0,0.0,0.0
fuel_station_sunoco_0800,Sunoco (Sunoco),fuel,NJ (external),40.732182,-74.044075,False,0.0,0.0,0.0
fuel_station_bp_0801,BP (BP),fuel,NJ (external),40.732101,-74.043091,False,0.0,0.0,0.0
fuel_station_citgo_0802,Citgo (Citgo),fuel,Manhattan,40.759784,-73.937198,False,0.0,0.0,0.2
fuel_station_exxon_0803,Exxon (Exxon),fuel,NJ (external),40.730125,-74.044226,False,0.0,0.0,0.0
fuel_station_pride_gas_0804,Pride Gas,fuel,Queens,40.691109,-73.86773,False,0.0,0.0,0.0
fuel_station_exxon_0805,Exxon (Exxon),fuel,Manhattan,40.866299,-73.973638,False,0.0,0.0,0.0
fuel_station_shell_0806,Shell (Shell),fuel,Queens,40.76948,-73.886278,False,0.0,0.0,0.0
fuel_station_mobil_0807,Mobil (Mobil),fuel,Manhattan,40.865044,-73.955333,False,0.0,0.0,0.0
fuel_station_mobil_0808,Mobil (Mobil),fuel,Bronx,40.885598,-73.900104,False,0.0,0.0,0.0
fuel_station_unknown_gas_station_0809,Unknown Gas Station,fuel,Queens,40.702222,-73.879754,False,0.0,0.0,0.0
fuel_station_bp_0810,BP (BP),fuel,Queens,40.739364,-73.814756,False,0.0,0.0,0.0
fuel_station_unknown_gas_station_0811,Unknown Gas Station,fuel,NJ (external),40.828581,-74.186302,False,0.0,0.0,0.0
fuel_station_unknown_gas_station_0812,Unknown Gas Station,fuel,Queens,40.704461,-73.876625,False,0.0,0.0,0.0
fuel_station_exxon_0813,Exxon (Exxon),fuel,NJ (external),40.735199,-74.043582,False,0.0,0.0,0.0
fuel_station_valero_0814,Valero (Valero),fuel,NJ (external),40.736904,-74.037955,False,0.0,0.0,0.0
fuel_station_mobil_0815,Mobil (Mobil),fuel,Staten Island,40.645266,-74.108407,False,0.0,0.0,0.0
fuel_station_sunoco_0816,Sunoco (Sunoco),fuel,NJ (external),40.835899,-74.180555,False,0.0,0.0,0.0
fuel_station_unknown_gas_station_0817,Unknown Gas Station,fuel,Queens,40.705965,-73.876632,False,0.0,0.0,0.2
fuel_station_exxon_0818,Exxon (Exxon),fuel,NJ (external),40.828359,-74.09367,False,0.0,0.0,0.0
fuel_station_citgo_0819,Citgo (Citgo),fuel,Bronx,40.866939,-73.922712,False,0.0,0.0,0.0
fuel_station_lukoil_0820,Lukoil,fuel,NJ (external),40.803535,-74.169788,False,0.0,0.0,0.0
fuel_station_delta_0821,Delta,fuel,NJ (external),40.80277,-74.169486,False,0.0,0.0,0.0
fuel_station_bp_0822,BP (BP),fuel,Queens,40.667258,-73.809805,False,0.0,0.0,0.0
fuel_station_sunoco_0823,Sunoco (Sunoco),fuel,Bronx,40.903581,-73.867324,False,0.0,0.0,0.0
fuel_station_bp_0824,BP,fuel,Staten Island,40.510643,-74.268986,False,0.0,0.0,0.0
fuel_station_unknown_gas_station_0825,Unknown Gas Station,fuel,Manhattan,40.71061,-73.949061,False,0.0,0.0,0.0
fuel_station_sunoco_0826,Sunoco (Sunoco),fuel,NJ (external),40.769473,-74.065103,False,0.0,0.0,0.0
fuel_station_sunoco_0827,Sunoco (Sunoco),fuel,Brooklyn,40.640268,-74.019439,False,0.0,0.0,0.0
fuel_station_gulf_0828,Gulf (Gulf),fuel,NJ (external),40.85495,-74.042465,False,0.0,0.0,0.0
fuel_station_lukoil_0829,Lukoil (Lukoil),fuel,NJ (external),40.854825,-74.041863,False,0.0,0.0,0.0
fuel_station_enrite_0830,Enrite (Enrite),fuel,NJ (external),40.854439,-74.041816,False,0.0,0.0,0.0
fuel_station_speedway_0831,Speedway (Speedway),fuel,Queens,40.743675,-73.925958,False,0.0,0.0,0.0
fuel_station_bp_0832,BP (BP),fuel,Queens,40.763458,-73.914612,False,0.0,0.0,0.0
fuel_station_citgo_0833,Citgo (Citgo),fuel,Manhattan,40.744538,-73.950663,False,0.0,0.0,0.0
fuel_station_sunoco_0834,Sunoco (Sunoco),fuel,Bronx,40.870447,-73.914813,False,0.0,0.0,0.0
fuel_station_sunoco_0835,Sunoco (Sunoco),fuel,Bronx,40.913754,-73.776347,False,0.0,0.0,0.0
fuel_station_delta_0836,Delta (Delta),fuel,Manhattan,40.846983,-73.970773,False,0.0,0.0,0.0
fuel_station_sunoco_0837,Sunoco (Sunoco),fuel,Manhattan,40.85564,-73.967042,False,0.0,0.0,0.0
fuel_station_mobil_0838,Mobil (Mobil),fuel,Queens,40.760172,-73.897746,False,0.0,0.0,0.0
fuel_station_citgo_0839,Citgo (Citgo),fuel,Queens,40.764714,-73.88395,False,0.0,0.0,0.6
fuel_station_bp_0840,BP (BP),fuel,Queens,40.764684,-73.886761,False,0.0,0.0,0.0
fuel_station_mobil_0841,Mobil (Exxon),fuel,Manhattan,40.737553,-73.930583,False,0.0,0.0,0.0
fuel_station_speedway_0842,Speedway (Speedway),fuel,Staten Island,40.619336,-74.069785,False,0.0,0.0,0.0
fuel_station_delta_0843,Delta (Delta),fuel,Staten Island,40.63725,-74.264695,False,0.0,0.0,0.0
fuel_station_exxon_0844,Exxon (Exxon),fuel,Staten Island,40.636748,-74.264393,False,0.0,0.0,0.0
fuel_station_speedway_0845,Speedway (Speedway),fuel,Staten Island,40.635802,-74.265296,False,0.0,0.0,0.0
fuel_station_sonamax_0846,Sonamax,fuel,Manhattan,40.730434,-73.948109,False,0.0,0.0,0.0
fuel_station_lukoil_0847,Lukoil (Lukoil),fuel,NJ (external),40.719104,-74.07761,False,0.0,0.0,0.0
fuel_station_conoco_0848,Conoco (Conoco),fuel,Queens,40.770049,-73.902417,False,0.0,0.0,0.0
fuel_station_unknown_gas_station_0849,Unknown Gas Station,fuel,Queens,40.591869,-73.803112,False,0.0,0.0,0.8
fuel_station_bp_0850,BP (BP),fuel,Manhattan,40.73515,-73.974516,False,0.0,0.0,0.8
fuel_station_citgo_0851,Citgo (Citgo),fuel,Staten Island,40.612364,-74.130384,False,0.0,0.0,0.2
fuel_station_bp_0852,BP (BP),fuel,NJ (external),40.684125,-74.100974,False,0.0,0.0,0.0
fuel_station_delta_gas_station_0853,Delta Gas Station (Delta),fuel,NJ (external),40.684593,-74.103839,False,0.0,0.0,0.0
fuel_station_shell_0854,Shell (Shell),fuel,NJ (external),40.67587,-74.104546,False,0.0,0.0,0.0
fuel_station_speedway_0855,Speedway (Speedway),fuel,NJ (external),40.720092,-74.093687,False,0.0,0.0,0.0
fuel_station_sunoco_gas_station_0856,Sunoco Gas Station (Sunoco),fuel,NJ (external),40.833414,-74.053604,False,0.0,0.0,0.0
fuel_station_citgo_0857,Citgo (Citgo),fuel,Queens,40.759857,-73.914269,False,0.0,0.0,0.0
fuel_station_gulf_0858,Gulf (Gulf),fuel,Bronx,40.834707,-73.848746,False,0.0,0.0,0.0
fuel_station_shea_fuel_0859,Shea Fuel,fuel,Queens,40.762095,-73.842256,False,0.0,0.0,0.0
fuel_station_gulf_0860,Gulf (Gulf),fuel,Queens,40.679891,-73.761345,False,0.0,0.0,0.0
fuel_station_gas_go_0861,Gas Go,fuel,Queens,40.680154,-73.761801,False,0.0,0.0,0.0
fuel_station_gulf_0862,Gulf (Gulf),fuel,Queens,40.679199,-73.749136,False,0.0,0.0,0.0
fuel_station_sunco_0863,Sunco,fuel,Queens,40.746441,-73.893217,False,0.0,0.0,0.0
fuel_station_exxon_0864,Exxon (Exxon),fuel,Queens,40.753972,-73.805146,False,0.0,0.0,0.0
fuel_station_unknown_gas_station_0865,Unknown Gas Station,fuel,Queens,40.754025,-73.804672,False,0.0,0.0,0.0
fuel_station_mobil_0866,Mobil (Mobil),fuel,Bronx,40.820478,-73.92672,False,0.0,0.0,0.0
fuel_station_sunoco_0867,Sunoco (Sunoco),fuel,Queens,40.667978,-73.708289,False,0.0,0.0,0.0
fuel_station_sunoco_0868,Sunoco (Sunoco),fuel,Queens,40.68883,-73.785403,False,0.0,0.0,0.0
fuel_station_sunoco_0869,Sunoco (Sunoco),fuel,Queens,40.710578,-73.852565,False,0.0,0.0,0.0
fuel_station_citgo_0870,Citgo (Citgo),fuel,Queens,40.752312,-73.905076,False,0.0,0.0,0.2
fuel_station_conoco_0871,Conoco,fuel,Queens,40.697592,-73.785412,False,0.0,0.0,0.0
fuel_station_sunoco_0872,Sunoco (Sunoco),fuel,Queens,40.672458,-73.84289,False,0.0,0.0,0.0
fuel_station_sunoco_0873,Sunoco (Sunoco),fuel,Queens,40.662439,-73.792871,False,0.0,0.0,0.0
fuel_station_the_wave_0874,The Wave,fuel,Queens,40.655286,-73.72661,False,0.0,0.0,0.8
fuel_station_unknown_gas_station_0875,Unknown Gas Station,fuel,NJ (external),40.765215,-74.21646,False,0.0,0.0,0.0
fuel_station_mobil_0876,Mobil (Mobil),fuel,Queens,40.752765,-73.910705,False,0.0,0.0,0.0
fuel_station_sunco_0877,Sunco,fuel,Queens,40.746517,-73.893222,False,0.0,0.0,0.0
fuel_station_gulf_0878,Gulf (Gulf),fuel,Manhattan,40.734623,-73.938069,False,0.0,0.0,0.0
fuel_station_gulf_0879,Gulf (Gulf),fuel,Bronx,40.833044,-73.863173,False,0.0,0.0,0.0
fuel_station_bp_0880,BP (BP),fuel,Bronx,40.835519,-73.870371,False,0.0,0.0,0.0
fuel_station_citgo_0881,Citgo (Citgo),fuel,Staten Island,40.543973,-74.16277,False,0.0,0.0,0.0
fuel_station_bp_0882,BP (BP),fuel,Staten Island,40.557997,-74.20671,False,0.0,0.0,0.0
fuel_station_sunoco_0883,Sunoco (Sunoco),fuel,Staten Island,40.558819,-74.198199,False,0.0,0.0,0.0
fuel_station_sunoco_0884,Sunoco (Sunoco),fuel,Staten Island,40.560443,-74.162936,False,0.0,0.0,0.0
fuel_station_unknown_gas_station_0885,Unknown Gas Station,fuel,NJ (external),40.731123,-74.207539,False,0.0,0.0,0.0
fuel_station_sunoco_0886,Sunoco (Sunoco),fuel,Bronx,40.849942,-73.787349,False,0.0,0.0,0.0
fuel_station_mobil_0887,Mobil,fuel,Queens,40.732921,-73.82549,False,0.0,0.0,0.0
fuel_station_bp_0888,BP (BP),fuel,Staten Island,40.636075,-74.076223,False,0.0,0.0,0.0
fuel_station_sunoco_0889,Sunoco (Sunoco),fuel,Queens,40.674777,-73.808761,False,0.0,0.0,0.0
fuel_station_gulf_0890,Gulf (Gulf),fuel,Staten Island,40.58841,-74.167482,False,0.0,0.0,0.0
fuel_station_bp_0891,BP (BP),fuel,Staten Island,40.606846,-74.161929,False,0.0,0.0,0.0
fuel_station_shell_0892,Shell (Shell),fuel,Staten Island,40.575897,-74.119272,False,0.0,0.0,0.0
fuel_station_bp_0893,BP (BP),fuel,Brooklyn,40.582431,-73.986433,False,0.0,0.0,0.0
fuel_station_speedway_0894,Speedway (Speedway),fuel,Staten Island,40.570574,-74.109221,False,0.0,0.0,0.0
fuel_station_mobil_0895,Mobil (Mobil),fuel,Staten Island,40.578053,-74.101828,False,0.0,0.0,0.2
fuel_station_delta_0896,Delta (Delta),fuel,Staten Island,40.63711,-74.081212,False,0.0,0.0,0.0
fuel_station_citgo_0897,Citgo (Citgo),fuel,Staten Island,40.616486,-74.103881,False,0.0,0.0,0.0
fuel_station_citgo_0898,Citgo (Citgo),fuel,Staten Island,40.644626,-74.095701,False,0.0,0.0,0.0
fuel_station_shell_0899,Shell (Shell),fuel,Staten Island,40.626153,-74.130981,False,0.0,0.0,0.0
fuel_station_mobil_0900,Mobil (Mobil),fuel,Staten Island,40.636352,-74.075592,False,0.0,0.0,0.0
fuel_station_unknown_gas_station_0901,Unknown Gas Station,fuel,Staten Island,40.615532,-74.084498,False,0.0,0.0,0.2
fuel_station_citgo_0902,Citgo (Citgo),fuel,Staten Island,40.613644,-74.087084,False,0.0,0.0,0.0
fuel_station_mobil_0903,Mobil (Mobil),fuel,Staten Island,40.609617,-74.090304,False,0.0,0.0,0.0
fuel_station_bp_0904,BP (BP),fuel,Staten Island,40.609432,-74.089635,False,0.0,0.0,0.0
fuel_station_bp_0905,BP (BP),fuel,Staten Island,40.599961,-74.091837,False,0.0,0.0,0.0
fuel_station_exxon_0906,Exxon (Exxon),fuel,Staten Island,40.586193,-74.104658,False,0.0,0.0,0.0
fuel_station_bp_0907,BP (BP),fuel,Staten Island,40.623112,-74.083611,False,0.0,0.0,0.0
fuel_station_gulf_0908,Gulf (Gulf),fuel,Queens,40.694115,-73.812572,False,0.0,0.0,0.0
fuel_station_unknown_gas_station_0909,Unknown Gas Station,fuel,Queens,40.700933,-73.890716,False,0.0,0.0,0.0
fuel_station_unknown_gas_station_0910,Unknown Gas Station,fuel,Bronx,40.881124,-73.838253,False,0.0,0.0,0.0
fuel_station_citgo_0911,Citgo (Citgo),fuel,Bronx,40.856467,-73.869026,False,0.0,0.0,0.0
fuel_station_bp_0912,BP (BP),fuel,Bronx,40.858583,-73.884964,False,0.0,0.0,0.0
fuel_station_mobil_0913,Mobil (Mobil),fuel,Bronx,40.857021,-73.881596,False,0.0,0.0,0.0
fuel_station_bp_0914,BP (BP),fuel,Staten Island,40.579059,-74.101496,False,0.0,0.0,0.0
fuel_station_citgo_0915,Citgo (Citgo),fuel,Staten Island,40.630482,-74.107557,False,0.0,0.0,0.6
fuel_station_unknown_gas_station_0916,Unknown Gas Station,fuel,NJ (external),40.737093,-74.208191,False,0.0,0.0,0.0
fuel_station_bj_s_gas_0917,BJ's Gas (BJ's Wholesale Club),fuel,Queens,40.662298,-73.723824,False,0.0,0.0,0.0
fuel_station_exxon_0918,Exxon (Exxon),fuel,Manhattan,40.786103,-74.011048,False,0.0,0.0,0.0
fuel_station_sunoco_0919,Sunoco (Sunoco),fuel,Staten Island,40.642532,-74.114216,False,0.0,0.0,0.0
fuel_station_delta_0920,Delta (Delta),fuel,NJ (external),40.718571,-74.183732,False,0.0,0.0,0.0
fuel_station_metro_gas___diesel_0921,Metro Gas & Diesel (METRO),fuel,NJ (external),40.78716,-74.15931,False,0.0,0.0,0.0
fuel_station_valero_0922,Valero (Valero),fuel,Staten Island,40.512735,-74.265554,False,0.0,0.0,0.0
fuel_station_valero_0923,Valero (Valero),fuel,NJ (external),40.652541,-74.223501,False,0.0,0.0,0.0
fuel_station_sunoco_0924,Sunoco (Sunoco),fuel,Queens,40.660039,-73.703467,False,0.0,0.0,0.0
fuel_station_sunoco_0925,Sunoco (Sunoco),fuel,Manhattan,40.841293,-73.996359,False,0.0,0.0,0.0
fuel_station_sunoco_0926,Sunoco (Sunoco),fuel,NJ (external),40.758865,-74.186676,False,0.0,0.0,0.0
fuel_station_sunoco_0927,Sunoco (Sunoco),fuel,Manhattan,40.829783,-74.010161,False,0.0,0.0,0.0
fuel_station_sunoco_0928,Sunoco (Sunoco),fuel,Brooklyn,40.587968,-73.931469,False,0.0,0.0,0.0
fuel_station_sunoco_0929,Sunoco (Sunoco),fuel,NJ (external),40.90611,-74.129382,False,0.0,0.0,0.0
fuel_station_sunoco_0930,Sunoco (Sunoco),fuel,Brooklyn,40.60146,-74.004739,False,0.0,0.0,0.0
fuel_station_unknown_gas_station_0931,Unknown Gas Station,fuel,Brooklyn,40.698594,-73.90388,False,0.0,0.0,0.6
fuel_station_fuel_1_0932,Fuel 1,fuel,NJ (external),40.721905,-74.233717,False,0.0,0.0,0.0
fuel_station_sunoco_0933,Sunoco (Sunoco),fuel,Brooklyn,40.753074,-74.029629,False,0.0,0.0,0.0
fuel_station_phillips_66_0934,Phillips 66 (Phillips 66),fuel,NJ (external),40.734549,-74.131765,False,0.0,0.0,0.0
fuel_station_unknown_gas_station_0935,Unknown Gas Station,fuel,NJ (external),40.734322,-74.13466,False,0.0,0.0,0.0
fuel_station_citgo_0936,Citgo (Citgo),fuel,Bronx,40.836695,-73.838358,False,0.0,0.0,0.0
fuel_station_citgo_0937,Citgo (Citgo),fuel,Bronx,40.835912,-73.838907,False,0.0,0.0,0.8
fuel_station_unknown_gas_station_0938,Unknown Gas Station,fuel,NJ (external),40.780979,-74.181161,False,0.0,0.0,0.0
fuel_station_171_0939,171 (Gulf),fuel,Bronx,40.894862,-73.882572,False,0.0,0.0,0.0
fuel_station_sunoco_0940,Sunoco (Sunoco),fuel,NJ (external),40.790124,-74.254829,False,0.0,0.0,0.0
fuel_station_exxon_0941,Exxon (Exxon),fuel,Manhattan,40.841836,-73.98002,False,0.0,0.0,0.0
fuel_station_bp_0942,BP (BP),fuel,NJ (external),40.893119,-74.075169,False,0.0,0.0,0.0
fuel_station_unknown_gas_station_0943,Unknown Gas Station,fuel,Queens,40.792805,-73.813067,False,0.0,0.0,0.0
fuel_station_rio_0944,Rio,fuel,Staten Island,40.57439,-74.116711,False,0.0,0.0,0.0
fuel_station_shell_0945,Shell (Shell),fuel,Staten Island,40.612721,-74.124919,False,0.0,0.0,0.2
fuel_station_shell_0946,Shell (Shell),fuel,Staten Island,40.588703,-74.090507,False,0.6,0.6,0.6
fuel_station_exxon_0947,Exxon (Exxon),fuel,NJ (external),40.768598,-74.146014,False,0.0,0.0,0.0
fuel_station_gulf_0948,Gulf (Gulf),fuel,Queens,40.769191,-73.721396,False,0.0,0.0,0.0
fuel_station_bp_0949,BP (BP),fuel,Queens,40.78061,-73.733153,False,0.0,0.0,0.0
fuel_station_exxon_0950,Exxon (Exxon),fuel,NJ (external),40.743591,-74.062549,False,0.0,0.0,0.0
fuel_station_fuel_4_0951,Fuel 4,fuel,NJ (external),40.744188,-74.063019,False,0.0,0.0,0.0
fuel_station_sunoco_0952,Sunoco (Sunoco),fuel,NJ (external),40.756909,-74.166471,False,0.0,0.0,0.0
fuel_station_fuel_4_0953,Fuel 4,fuel,NJ (external),40.810964,-74.13715,False,0.0,0.0,0.0
fuel_station_exxon_0954,Exxon (Exxon),fuel,NJ (external),40.849079,-74.075163,False,0.0,0.0,0.0
fuel_station_valero_0955,Valero (Valero),fuel,NJ (external),40.863084,-74.064475,False,0.0,0.0,0.0
fuel_station_sunoco_0956,Sunoco (Sunoco),fuel,NJ (external),40.839331,-74.083834,False,0.0,0.0,0.0
fuel_station_bp_0957,BP (BP),fuel,NJ (external),40.857934,-74.068434,False,0.0,0.0,0.0
fuel_station_citgo_0958,Citgo (Citgo),fuel,NJ (external),40.89286,-74.074657,False,0.0,0.0,0.0
fuel_station_bj’s_gas_0959,BJ’s Gas (BJ's Wholesale Club),fuel,NJ (external),40.821605,-74.096847,False,0.0,0.0,0.0
fuel_station_7_eleven_0960,7-Eleven (7-Eleven),fuel,Staten Island,40.626069,-74.131631,False,0.0,0.0,0.0
fuel_station_unknown_gas_station_0961,Unknown Gas Station,fuel,NJ (external),40.911416,-74.174998,False,0.0,0.0,0.0
fuel_station_shell_0962,Shell (Shell),fuel,NJ (external),40.76803,-74.045124,False,0.0,0.0,0.0
fuel_station_delta_0963,Delta (Delta),fuel,NJ (external),40.75659,-74.05434,False,0.0,0.0,0.0
fuel_station_delta_0964,Delta (Delta),fuel,NJ (external),40.758167,-74.053327,False,0.0,0.0,0.0
fuel_station_7_eleven_0965,7-Eleven (7-Eleven),fuel,NJ (external),40.750359,-74.060071,False,0.0,0.0,0.0
fuel_station_delta_0966,Delta (Delta),fuel,NJ (external),40.70997,-74.232344,False,0.0,0.0,0.0
fuel_station_bp_0967,BP (BP),fuel,NJ (external),40.753036,-74.211647,False,0.0,0.0,0.0
fuel_station_shell_0968,Shell (Shell),fuel,NJ (external),40.720494,-74.230945,False,0.0,0.0,0.0
fuel_station_exxon_0969,Exxon (Exxon),fuel,Brooklyn,40.641083,-73.993993,False,0.0,0.0,0.0
fuel_station_citgo_0970,Citgo (Citgo),fuel,Staten Island,40.589351,-74.194214,False,0.0,0.0,0.0
fuel_station_fuel4_0971,Fuel4 (Fuel4),fuel,NJ (external),40.870328,-74.181228,False,0.0,0.0,0.0
fuel_station_bp_0972,BP (BP),fuel,NJ (external),40.905318,-74.210376,False,0.0,0.0,0.0
fuel_station_unknown_gas_station_0973,Unknown Gas Station,fuel,NJ (external),40.719315,-74.125008,False,0.0,0.0,0.0
fuel_station_unknown_gas_station_0974,Unknown Gas Station,fuel,NJ (external),40.65427,-74.212284,False,0.0,0.0,0.0
fuel_station_lukoil_0975,Lukoil (Lukoil),fuel,Manhattan,40.828207,-73.972383,False,0.0,0.0,0.0
fuel_station_gulf_0976,Gulf (Gulf),fuel,Queens,40.725016,-73.771796,False,0.0,0.0,0.0
fuel_station_bp_0977,BP (BP),fuel,Brooklyn,40.613746,-73.996033,False,0.0,0.0,0.0
fuel_station_delta_0978,Delta (Delta),fuel,NJ (external),40.888991,-74.247224,False,0.0,0.0,0.0
fuel_station_fuel_4_0979,Fuel 4,fuel,NJ (external),40.889052,-74.247173,False,0.0,0.0,0.0
fuel_station_fuel4_0980,Fuel4 (Fuel4),fuel,NJ (external),40.885736,-74.2456,False,0.0,0.0,0.0
fuel_station_enrite_0981,Enrite,fuel,NJ (external),40.877315,-74.217768,False,0.0,0.0,0.0
fuel_station_shell_0982,Shell (Shell),fuel,NJ (external),40.889979,-74.217344,False,0.0,0.0,0.0
fuel_station_bp_0983,BP (BP),fuel,Queens,40.6963,-73.804963,False,0.0,0.0,0.0
fuel_station_gulf_0984,Gulf (Gulf),fuel,NJ (external),40.893353,-74.203002,False,0.0,0.0,0.0
fuel_station_unknown_gas_station_0985,Unknown Gas Station,fuel,Bronx,40.862994,-73.920241,False,0.0,0.0,0.0
fuel_station_sunoco_0986,Sunoco,fuel,NJ (external),40.890867,-74.187776,False,0.0,0.0,0.0
fuel_station_gas_star_0987,Gas Star,fuel,NJ (external),40.90083,-74.199449,False,0.0,0.0,0.0
fuel_station_lukoil_0988,Lukoil (Lukoil),fuel,NJ (external),40.901989,-74.191325,False,0.0,0.0,0.0
fuel_station_gas_depot_0989,Gas Depot,fuel,NJ (external),40.897317,-74.185604,False,0.0,0.0,0.0
fuel_station_mobil_0990,Mobil (Mobil),fuel,Queens,40.765033,-73.8617,False,0.0,0.0,0.0
fuel_station_gulf_0991,Gulf (Gulf),fuel,Queens,40.767695,-73.865158,False,0.0,0.0,0.6
fuel_station_exxon_0992,Exxon (Exxon),fuel,NJ (external),40.889399,-74.248476,False,0.0,0.0,0.0
fuel_station_sunoco_0993,Sunoco (Sunoco),fuel,NJ (external),40.838636,-74.156516,False,0.0,0.0,0.0
fuel_station_bp_0994,BP (BP),fuel,NJ (external),40.828032,-74.135476,False,0.0,0.0,0.0
fuel_station_lukoil_0995,Lukoil (Lukoil),fuel,NJ (external),40.903826,-74.03077,False,0.0,0.0,0.0
fuel_station_lukoil_0996,Lukoil (Lukoil),fuel,NJ (external),40.903526,-74.031397,False,0.0,0.0,0.0
fuel_station_exxon_0997,Exxon (Exxon),fuel,NJ (external),40.79021,-74.051653,False,0.0,0.0,0.0
fuel_station_shell_0998,Shell (Shell),fuel,Brooklyn,40.676978,-74.002568,False,0.0,0.0,0.0
fuel_station_bp_0999,BP (BP),fuel,Manhattan,40.700237,-73.94754,False,0.0,0.0,0.0
fuel_station_eliot_exxon_1000,Eliot Exxon (Exxon),fuel,Queens,40.713911,-73.90193,False,0.0,0.0,0.0
fuel_station_gas_sale_1001,Gas Sale,fuel,Queens,40.737798,-73.880839,False,0.0,0.0,0.0
fuel_station_speedway_1002,Speedway (Speedway),fuel,Queens,40.738813,-73.885953,False,0.0,0.0,0.0
fuel_station_bp_1003,BP (BP),fuel,Queens,40.754011,-73.897769,False,0.0,0.0,0.0
fuel_station_unknown_gas_station_1004,Unknown Gas Station,fuel,Manhattan,40.752554,-73.93921,False,0.0,0.0,0.0
fuel_station_shell_1005,Shell,fuel,Bronx,40.826805,-73.858318,False,0.0,0.0,0.0
fuel_station_unknown_gas_station_1006,Unknown Gas Station,fuel,Bronx,40.823356,-73.883481,False,0.0,0.0,0.0
fuel_station_mobil_1007,Mobil (Mobil),fuel,Bronx,40.816639,-73.892227,False,0.0,0.0,0.0
fuel_station_exxon_1008,Exxon (Exxon),fuel,NJ (external),40.832805,-74.14414,False,0.0,0.0,0.0
fuel_station_hillside_ave_mobil_mart_1009,Hillside Ave Mobil Mart (Mobil),fuel,Queens,40.709452,-73.797482,False,0.0,0.0,0.0
fuel_station_speedway_1010,Speedway (Speedway),fuel,Brooklyn,40.754082,-74.029288,False,0.0,0.0,0.0
fuel_station_sunoco_1011,Sunoco (Sunoco),fuel,Staten Island,40.557563,-74.263086,False,0.0,0.0,0.0
fuel_station_mobil_1012,Mobil (Mobil),fuel,Brooklyn,40.610325,-73.962074,False,0.0,0.0,0.0
fuel_station_bp_1013,BP (BP),fuel,Brooklyn,40.609007,-73.973738,False,0.0,0.0,0.0
fuel_station_unknown_gas_station_1014,Unknown Gas Station,fuel,Brooklyn,40.639941,-73.983024,False,0.0,0.0,0.0
fuel_station_sunoco_1015,Sunoco (Sunoco),fuel,Brooklyn,40.606372,-73.987448,False,0.0,0.0,0.0
fuel_station_sunoco_1016,Sunoco (Sunoco),fuel,Brooklyn,40.627362,-73.966022,False,0.0,0.0,0.0
fuel_station_bp_1017,BP (BP),fuel,Brooklyn,40.622014,-73.98769,False,0.0,0.0,0.0
fuel_station_exxon_1018,Exxon (Exxon),fuel,NJ (external),40.691774,-74.184737,False,0.0,0.0,0.0
fuel_station_mobil_1019,Mobil (Mobil),fuel,Brooklyn,40.592255,-73.90815,False,0.0,0.0,0.6
fuel_station_exxon_1020,Exxon (Exxon),fuel,Brooklyn,40.615826,-73.913846,False,0.0,0.0,0.2
fuel_station_sunoco_1021,Sunoco (Sunoco),fuel,Brooklyn,40.61468,-73.927776,False,0.0,0.0,0.2
fuel_station_us_gas_1022,US GAS,fuel,NJ (external),40.913782,-74.26596,False,0.0,0.0,0.0
fuel_station_mobil_1023,Mobil (Mobil),fuel,Queens,40.781978,-73.71735,False,0.0,0.0,0.0
fuel_station_exxon_1024,Exxon (Exxon),fuel,Queens,40.782309,-73.716868,False,0.0,0.0,0.0
fuel_station_bp_1025,BP (BP),fuel,Queens,40.78153,-73.716989,False,0.0,0.0,0.0
fuel_station_shell_1026,Shell,fuel,Brooklyn,40.65033,-73.955504,False,0.0,0.0,0.0
fuel_station_speedway_1027,Speedway (Speedway),fuel,Brooklyn,40.649733,-73.955572,False,0.0,0.0,0.0
fuel_station_bp_1028,BP (BP),fuel,Brooklyn,40.753989,-74.028962,False,0.0,0.0,0.0
fuel_station_lukoil_1029,Lukoil (Lukoil),fuel,NJ (external),40.745333,-74.166763,False,0.0,0.0,0.0
fuel_station_gulf_1030,Gulf (Gulf),fuel,Brooklyn,40.680902,-74.003346,False,0.0,0.0,0.0
fuel_station_bp_1031,BP (BP),fuel,Brooklyn,40.678427,-73.944488,False,0.0,0.0,0.2
fuel_station_allegiance_1032,Allegiance,fuel,Brooklyn,40.6395,-73.954386,False,0.0,0.0,0.0
fuel_station_bp_1033,BP (BP),fuel,Brooklyn,40.601721,-73.935492,False,0.0,0.0,0.0
fuel_station_speedway_1034,Speedway (Speedway),fuel,NJ (external),40.713626,-74.193488,False,0.0,0.0,0.0
fuel_station_citgo_1035,Citgo (Citgo),fuel,Brooklyn,40.592496,-73.940088,False,0.0,0.0,0.0
fuel_station_bp_1036,BP (BP),fuel,Brooklyn,40.647059,-73.980617,False,0.0,0.0,0.0
fuel_station_shell_1037,Shell (Shell),fuel,Brooklyn,40.652938,-74.002733,False,0.0,0.0,0.0
fuel_station_unknown_gas_station_1038,Unknown Gas Station,fuel,Brooklyn,40.644713,-73.929291,False,0.0,0.0,0.0
fuel_station_unknown_gas_station_1039,Unknown Gas Station,fuel,Queens,40.778627,-73.804978,False,0.0,0.0,0.0
fuel_station_unknown_gas_station_1040,Unknown Gas Station,fuel,Brooklyn,40.576287,-73.976096,False,0.0,0.0,0.0
fuel_station_shell_1041,Shell,fuel,Brooklyn,40.67907,-73.952813,False,0.0,0.0,0.0
fuel_station_unknown_gas_station_1042,Unknown Gas Station,fuel,Brooklyn,40.596893,-73.950514,False,0.0,0.0,0.0
fuel_station_unknown_gas_station_1043,Unknown Gas Station,fuel,Brooklyn,40.6961,-73.905357,False,0.0,0.0,0.0
fuel_station_citgo_1044,Citgo (Citgo),fuel,Staten Island,40.583606,-74.095008,False,0.0,0.0,0.6
fuel_station_bp_1045,BP (BP),fuel,Manhattan,40.852591,-73.984603,False,0.0,0.0,0.0
fuel_station_unknown_gas_station_1046,Unknown Gas Station,fuel,Queens,40.682312,-73.850278,False,0.0,0.0,0.0
fuel_station_unknown_gas_station_1047,Unknown Gas Station,fuel,Queens,40.684801,-73.859581,False,0.0,0.0,0.0
fuel_station_unknown_gas_station_1048,Unknown Gas Station,fuel,Queens,40.674736,-73.803528,False,0.0,0.0,0.0
fuel_station_unknown_gas_station_1049,Unknown Gas Station,fuel,Queens,40.68011,-73.839256,False,0.0,0.0,0.0
fuel_station_unknown_gas_station_1050,Unknown Gas Station,fuel,Queens,40.677296,-73.824913,False,0.0,0.0,0.0
fuel_station_mobil_1051,Mobil (Mobil),fuel,Queens,40.667212,-73.834154,False,0.0,0.0,0.0
fuel_station_speedway_1052,Speedway (Speedway),fuel,Queens,40.667265,-73.810738,False,0.0,0.0,0.0
fuel_station_shell_1053,Shell (Shell),fuel,Queens,40.776373,-73.728341,False,0.0,0.0,0.0
fuel_station_unknown_gas_station_1054,Unknown Gas Station,fuel,Bronx,40.811409,-73.928077,False,0.0,0.0,0.0
fuel_station_sunoco_1055,Sunoco (Sunoco),fuel,NJ (external),40.717008,-74.055355,False,0.0,0.0,0.0
fuel_station_unknown_gas_station_1056,Unknown Gas Station,fuel,NJ (external),40.765348,-74.044181,False,0.0,0.0,0.0
fuel_station_gulf_1057,Gulf (Gulf),fuel,Queens,40.738678,-73.849193,False,0.0,0.0,0.2
fuel_station_lukoil_1058,Lukoil (Lukoil),fuel,Queens,40.655162,-73.83837,False,0.0,0.0,0.0
fuel_station_bp_1059,BP (BP),fuel,Queens,40.74065,-73.900095,False,0.0,0.0,0.0
fuel_station_unknown_gas_station_1060,Unknown Gas Station,fuel,Queens,40.682828,-73.852389,False,0.0,0.0,0.2
fuel_station_unknown_gas_station_1061,Unknown Gas Station,fuel,Queens,40.595797,-73.770982,False,0.0,0.8,0.8
fuel_station_exxon_1062,Exxon (Exxon),fuel,NJ (external),40.812407,-74.194306,False,0.0,0.0,0.0
fuel_station_sunoco_1063,Sunoco (Sunoco),fuel,Brooklyn,40.82281,-74.028905,False,0.0,0.0,0.0
fuel_station_unknown_gas_station_1064,Unknown Gas Station,fuel,Brooklyn,40.821978,-74.029624,False,0.0,0.0,0.0
fuel_station_delta_1065,Delta (Delta),fuel,Manhattan,40.831644,-74.009903,False,0.0,0.0,0.0
fuel_station_bp_1066,BP (BP),fuel,Queens,40.60653,-73.754389,False,0.0,0.0,0.0
fuel_station_unknown_gas_station_1067,Unknown Gas Station,fuel,Queens,40.594089,-73.789472,False,0.0,0.8,0.8
fuel_station_sunoco_1068,Sunoco (Sunoco),fuel,Staten Island,40.621934,-74.168769,False,0.0,0.0,0.0
fuel_station_bp_1069,BP (BP),fuel,Staten Island,40.593865,-74.08645,False,0.0,0.0,0.0
fuel_station_exxon_1070,Exxon (Exxon),fuel,NJ (external),40.802481,-74.247879,False,0.0,0.0,0.0
fuel_station_shell_1071,Shell (Shell),fuel,Staten Island,40.553098,-74.142666,False,0.0,0.0,0.0
fuel_station_unknown_gas_station_1072,Unknown Gas Station,fuel,Bronx,40.804633,-73.921714,False,0.0,0.0,0.0
fuel_station_unknown_gas_station_1073,Unknown Gas Station,fuel,Bronx,40.870752,-73.877901,False,0.0,0.0,0.0
fuel_station_bp_1074,BP (BP),fuel,Bronx,40.870466,-73.878636,False,0.0,0.0,0.0
fuel_station_unknown_gas_station_1075,Unknown Gas Station,fuel,Bronx,40.843933,-73.902767,False,0.6,0.6,0.6
fuel_station_bp_1076,BP (BP),fuel,NJ (external),40.812894,-74.194495,False,0.0,0.0,0.0
fuel_station_unknown_gas_station_1077,Unknown Gas Station,fuel,Bronx,40.85298,-73.897927,False,0.0,0.0,0.0
fuel_station_unknown_gas_station_1078,Unknown Gas Station,fuel,Queens,40.673048,-73.789584,False,0.0,0.0,0.0
fuel_station_unknown_gas_station_1079,Unknown Gas Station,fuel,Brooklyn,40.621498,-73.917239,False,0.0,0.0,0.0
fuel_station_unknown_gas_station_1080,Unknown Gas Station,fuel,Bronx,40.879425,-73.837461,False,0.0,0.0,0.0
fuel_station_unknown_gas_station_1081,Unknown Gas Station,fuel,Bronx,40.864755,-73.835636,False,0.0,0.0,0.0
fuel_station_unknown_gas_station_1082,Unknown Gas Station,fuel,Bronx,40.865101,-73.849365,False,0.0,0.0,0.0
fuel_station_unknown_gas_station_1083,Unknown Gas Station,fuel,Bronx,40.8653,-73.859047,False,0.0,0.0,0.0
fuel_station_emporium_1084,Emporium,fuel,Queens,40.746496,-73.856375,False,0.0,0.0,0.6
fuel_station_unknown_gas_station_1085,Unknown Gas Station,fuel,Queens,40.752341,-73.852818,False,0.0,0.0,0.0
fuel_station_speedway_1086,Speedway (Speedway),fuel,Staten Island,40.632419,-74.238312,False,0.0,0.0,0.0
fuel_station_speedway_1087,Speedway (Speedway),fuel,NJ (external),40.789537,-74.050782,False,0.0,0.0,0.0
fuel_station_speedway_1088,Speedway (Speedway),fuel,NJ (external),40.674625,-74.198938,False,0.0,0.0,0.0
fuel_station_speedway_1089,Speedway (Speedway),fuel,NJ (external),40.74559,-74.164578,False,0.0,0.0,0.0
fuel_station_unknown_gas_station_1090,Unknown Gas Station,fuel,Queens,40.688573,-73.875322,False,0.0,0.0,0.0
fuel_station_gulf_1091,Gulf (Gulf),fuel,Bronx,40.917484,-73.839805,False,0.0,0.0,0.0
fuel_station_conoco_1092,Conoco (Conoco),fuel,Bronx,40.917167,-73.840872,False,0.0,0.0,0.0
fuel_station_unknown_gas_station_1093,Unknown Gas Station,fuel,Bronx,40.908241,-73.830064,False,0.0,0.0,0.0
fuel_station_unknown_gas_station_1094,Unknown Gas Station,fuel,Brooklyn,40.607953,-73.925146,False,0.0,0.0,0.6
fuel_station_unknown_gas_station_1095,Unknown Gas Station,fuel,Bronx,40.904317,-73.835136,False,0.0,0.0,0.0
fuel_station_unknown_gas_station_1096,Unknown Gas Station,fuel,Bronx,40.911662,-73.823006,False,0.0,0.0,0.0
fuel_station_unknown_gas_station_1097,Unknown Gas Station,fuel,Bronx,40.877967,-73.867604,False,0.0,0.0,0.0
fuel_station_unknown_gas_station_1098,Unknown Gas Station,fuel,Bronx,40.877405,-73.867633,False,0.0,0.0,0.0
fuel_station_american_gas_1099,American Gas,fuel,Queens,40.712451,-73.897528,False,0.0,0.0,0.0
fuel_station_sunoco_1100,Sunoco (Sunoco),fuel,Queens,40.714109,-73.929655,False,0.0,0.0,0.0
fuel_station_mobil_1101,Mobil (Mobil),fuel,Queens,40.738061,-73.848355,False,0.0,0.0,0.0
fuel_station_bp_1102,BP (BP),fuel,Queens,40.682542,-73.806354,False,0.0,0.0,0.0
fuel_station_speedway_1103,Speedway (Speedway),fuel,Queens,40.658898,-73.840257,False,0.0,0.0,0.8
fuel_station_mobil_1104,Mobil (Mobil),fuel,Brooklyn,40.578642,-73.985525,False,0.0,0.0,0.8
fuel_station_speedway_1105,Speedway (Speedway),fuel,Brooklyn,40.578728,-73.984908,False,0.0,0.0,0.8
fuel_station_speedway_1106,Speedway (Speedway),fuel,Brooklyn,40.611585,-73.924987,False,0.0,0.0,0.0
fuel_station_speedway_1107,Speedway (Speedway),fuel,Bronx,40.899428,-73.857496,False,0.0,0.0,0.0
fuel_station_mobil_1108,Mobil (Mobil),fuel,Brooklyn,40.600826,-73.934407,False,0.0,0.0,0.0
fuel_station_unknown_gas_station_1109,Unknown Gas Station,fuel,Brooklyn,40.630979,-73.919897,False,0.0,0.0,0.0
fuel_station_unknown_gas_station_1110,Unknown Gas Station,fuel,Bronx,40.90947,-73.84609,False,0.0,0.0,0.0
fuel_station_unknown_gas_station_1111,Unknown Gas Station,fuel,Bronx,40.845062,-73.90217,False,0.6,0.6,0.6
fuel_station_unknown_gas_station_1112,Unknown Gas Station,fuel,Bronx,40.835811,-73.890053,False,0.0,0.0,0.0
fuel_station_conoco_1113,Conoco (Conoco),fuel,Queens,40.653115,-73.886256,False,0.0,0.0,0.0
fuel_station_unknown_gas_station_1114,Unknown Gas Station,fuel,Bronx,40.826206,-73.861878,False,0.0,0.0,0.0
fuel_station_valero_1115,Valero (Valero),fuel,NJ (external),40.795186,-74.199247,False,0.0,0.0,0.0
fuel_station_valero_1116,Valero (Valero),fuel,NJ (external),40.797884,-74.191705,False,0.0,0.0,0.0
fuel_station_citgo_1117,Citgo (Citgo),fuel,Queens,40.714074,-73.859065,False,0.0,0.0,0.0
fuel_station_bp_1118,BP (BP),fuel,Manhattan,40.744321,-73.932278,False,0.0,0.0,0.0
fuel_station_lukoil_1119,Lukoil (Lukoil),fuel,Brooklyn,40.850472,-74.025726,False,0.0,0.0,0.0
fuel_station_speedway_1120,Speedway (Speedway),fuel,Queens,40.729713,-73.744207,False,0.0,0.0,0.0
fuel_station_exxon_1121,Exxon (Exxon),fuel,Queens,40.726219,-73.789804,False,0.0,0.0,0.6
fuel_station_speedway_1122,Speedway (Speedway),fuel,NJ (external),40.727226,-74.22383,False,0.0,0.0,0.0
fuel_station_exxon_1123,Exxon (Exxon),fuel,NJ (external),40.728805,-74.170806,False,0.0,0.0,0.0
fuel_station_mobil_1124,Mobil (Mobil),fuel,NJ (external),40.72235,-74.180345,False,0.0,0.0,0.0
fuel_station_exxon_1125,Exxon (Exxon),fuel,Manhattan,40.844201,-74.012749,False,0.0,0.0,0.0
fuel_station_unknown_gas_station_1126,Unknown Gas Station,fuel,Bronx,40.851363,-73.894932,False,0.0,0.0,0.0
fuel_station_unknown_gas_station_1127,Unknown Gas Station,fuel,Bronx,40.848168,-73.883385,False,0.0,0.0,0.0
fuel_station_unknown_gas_station_1128,Unknown Gas Station,fuel,Bronx,40.83456,-73.866241,False,0.0,0.0,0.0
fuel_station_7_eleven_1129,7-Eleven (7-Eleven),fuel,NJ (external),40.850138,-74.113812,False,0.0,0.0,0.0
fuel_station_enrite_1130,enrite,fuel,NJ (external),40.851959,-74.084148,False,0.0,0.0,0.0
fuel_station_unknown_gas_station_1131,Unknown Gas Station,fuel,Queens,40.721426,-73.866097,False,0.0,0.0,0.0
fuel_station_bp_1132,BP,fuel,Queens,40.69778,-73.762,False,0.0,0.0,0.0
fuel_station_unknown_gas_station_1133,Unknown Gas Station,fuel,Bronx,40.871944,-73.890985,False,0.0,0.0,0.0
fuel_station_unknown_gas_station_1134,Unknown Gas Station,fuel,Queens,40.756997,-73.870177,False,0.0,0.0,0.0
fuel_station_mobil_1135,Mobil (Mobil),fuel,Manhattan,40.79569,-73.973762,False,0.0,0.0,0.0
fuel_station_shell_1136,Shell (Shell),fuel,Staten Island,40.629428,-74.113669,False,0.0,0.0,0.0
fuel_station_conoco_1137,Conoco (Conoco),fuel,NJ (external),40.898647,-74.16341,False,0.0,0.0,0.0
fuel_station_mobil_1138,Mobil (Mobil),fuel,Queens,40.658721,-73.891298,False,0.0,0.0,0.0
fuel_station_bp_1139,BP (BP),fuel,Queens,40.659056,-73.890722,False,0.0,0.0,0.0
fuel_station_shell_1140,Shell (Shell),fuel,Queens,40.66677,-73.757944,False,0.0,0.0,0.0
fuel_station_bp_1141,BP (BP),fuel,Queens,40.743699,-73.717887,False,0.0,0.0,0.2
fuel_station_lukoil_1142,Lukoil (Lukoil),fuel,NJ (external),40.809974,-74.260072,False,0.0,0.0,0.0
fuel_station_exxon_1143,Exxon (Exxon),fuel,NJ (external),40.792989,-74.269233,False,0.0,0.0,0.0
fuel_station_unknown_gas_station_1144,Unknown Gas Station,fuel,Bronx,40.873711,-73.889464,False,0.0,0.0,0.0
fuel_station_76_1145,76 (76),fuel,Bronx,40.854318,-73.854806,False,0.0,0.0,0.0
fuel_station_shell_1146,Shell (Shell),fuel,Staten Island,40.615951,-74.104138,False,0.0,0.0,0.0
fuel_station_unknown_gas_station_1147,Unknown Gas Station,fuel,Queens,40.718896,-73.902674,False,0.0,0.0,0.0
fuel_station_bp_1148,BP (BP),fuel,Queens,40.652906,-73.886707,False,0.0,0.0,0.0
fuel_station_bp_1149,BP (BP),fuel,Brooklyn,40.587731,-73.949475,False,0.0,0.0,0.0
fuel_station_unknown_gas_station_1150,Unknown Gas Station,fuel,Manhattan,40.718372,-73.947804,False,0.0,0.0,0.6
fuel_station_unknown_gas_station_1151,Unknown Gas Station,fuel,Bronx,40.869163,-73.907342,False,0.0,0.0,0.0
fuel_station_mobil_1152,Mobil (Mobil),fuel,Bronx,40.910563,-73.889313,False,0.0,0.0,0.0
fuel_station_fuel_4_1153,Fuel 4,fuel,Manhattan,40.854277,-73.984764,False,0.0,0.0,0.0
fuel_station_bp_1154,BP,fuel,Manhattan,40.857479,-73.981864,False,0.0,0.0,0.0
fuel_station_gulf_express_of_fort_lee_1155,Gulf Express of Fort Lee,fuel,Manhattan,40.857004,-73.982387,False,0.0,0.0,0.0
fuel_station_bp_1156,BP (BP),fuel,Queens,40.752672,-73.702508,False,0.0,0.0,0.0
fuel_station_unknown_gas_station_1157,Unknown Gas Station,fuel,Queens,40.705576,-73.926908,False,0.0,0.0,0.0
fuel_station_conoco_1158,Conoco (Conoco),fuel,Queens,40.764827,-73.812708,False,0.0,0.0,0.0
fuel_station_unknown_gas_station_1159,Unknown Gas Station,fuel,Queens,40.688638,-73.720291,False,0.0,0.0,0.0
fuel_station_unknown_gas_station_1160,Unknown Gas Station,fuel,Queens,40.688356,-73.719243,False,0.0,0.0,0.0
fuel_station_quickchek_1161,QuickChek (QuickChek),fuel,NJ (external),40.683862,-74.09981,False,0.0,0.0,0.0
fuel_station_delta_1162,Delta (Delta),fuel,NJ (external),40.868426,-74.191269,False,0.0,0.0,0.0
fuel_station_bp_1163,BP (BP),fuel,Brooklyn,40.661466,-73.960967,False,0.0,0.0,0.0
fuel_station_bp_1164,BP (BP),fuel,Staten Island,40.644399,-74.211704,False,0.0,0.0,0.0
fuel_station_mobil_1165,Mobil (Mobil),fuel,Staten Island,40.610342,-74.147311,False,0.0,0.0,0.2
fuel_station_spirit_1166,Spirit,fuel,Manhattan,40.718216,-73.940643,False,0.0,0.0,0.0
fuel_station_shell_1167,Shell (Shell),fuel,Manhattan,40.821979,-73.940529,False,0.0,0.0,0.0
fuel_station_delta_1168,Delta (Delta),fuel,NJ (external),40.831876,-74.228108,False,0.0,0.0,0.0
fuel_station_sunoco_1169,Sunoco (Sunoco),fuel,NJ (external),40.66368,-74.250489,False,0.0,0.0,0.0
fuel_station_unknown_gas_station_1170,Unknown Gas Station,fuel,Brooklyn,40.627039,-73.941849,False,0.0,0.0,0.0
fuel_station_mobil_1171,Mobil (Mobil),fuel,NJ (external),40.703716,-74.195029,False,0.0,0.0,0.0
fuel_station_unknown_gas_station_1172,Unknown Gas Station,fuel,Brooklyn,40.629332,-73.944269,False,0.0,0.0,0.0
fuel_station_mobil_1173,Mobil (Mobil),fuel,Staten Island,40.549778,-74.221465,False,0.0,0.0,0.0
fuel_station_sunoco_1174,Sunoco (Sunoco),fuel,Staten Island,40.624769,-74.143744,False,0.0,0.0,0.0
fuel_station_allegiance_1175,Allegiance,fuel,Staten Island,40.626804,-74.161224,False,0.0,0.0,0.0
fuel_station_costco_gasoline_1176,Costco Gasoline (Costco Gasoline),fuel,NJ (external),40.672688,-74.105343,False,0.0,0.0,0.0
fuel_station_bp_1177,BP (BP),fuel,Bronx,40.914267,-73.889843,False,0.0,0.0,0.0
fuel_station_mobil_1178,Mobil (Mobil),fuel,Queens,40.676413,-73.890052,False,0.0,0.0,0.0
fuel_station_shell_1179,Shell (Shell),fuel,Staten Island,40.536388,-74.151184,False,0.0,0.0,0.0
fuel_station_speedway_1180,Speedway (Speedway),fuel,NJ (external),40.763235,-74.227003,False,0.0,0.0,0.0
fuel_terminal_bayonne_terminal_complex,Bayonne Terminal Complex,fuel,NJ (external),40.662,-74.096,True,0.0,0.0,0.0
fuel_terminal_tremley_point_terminal__linden__nj,"Tremley Point Terminal (Linden, NJ)",fuel,Staten Island,40.628,-74.22,True,0.0,0.0,0.0
fuel_terminal_perth_amboy_terminal,Perth Amboy Terminal,fuel,Staten Island,40.508,-74.264,True,0.0,0.0,0.0
fuel_terminal_bronx_terminal__hunts_point,Bronx Terminal (Hunts Point),fuel,Bronx,40.81,-73.88,True,0.0,0.0,0.0
fuel_terminal_brooklyn_terminal__gowanus,Brooklyn Terminal (Gowanus),fuel,Brooklyn,40.673,-73.99,True,0.0,0.0,0.0
fuel_terminal_staten_island_terminal__howland_hook,Staten Island Terminal (Howland Hook),fuel,Staten Island,40.642,-74.17,True,0.0,0.0,0.0
