node_id,scenario,peak_depth_m,arrival_h,cross_h,recede_h,duration_h,duration_thr_h,time_to_peak_h
power_howard_beach,syn_ts_173_2_0p8859,0.0550625436007976,2.4629990390557426,2.4629990390557426,3.7185497150552957,1.2555506759995532,1.2555506759995532,0.8861438132554951
power_howland_hook,syn_ts_173_2_0p8859,0.4646375179290771,1.2236588899640601,1.2236588899640601,5.044177816306147,3.8205189263420865,3.8205189263420865,2.1254839623471775
telecom_cluster_00066,syn_ts_173_2_0p8859,1.8933875560760496,0.0,0.0,6.784093952452893,6.784093952452893,6.784093952452893,3.3491428523112377
telecom_cluster_00072,syn_ts_173_2_0p8859,1.8076624870300293,0.0,0.0,6.784093952452893,6.784093952452893,6.784093952452893,3.3491428523112377
telecom_cluster_00073,syn_ts_173_2_0p8859,1.8076624870300293,0.0,0.0,6.784093952452893,6.784093952452893,6.784093952452893,3.3491428523112377
telecom_cluster_00238,syn_ts_173_2_0p8859,0.6456124782562256,0.8596213437951782,0.8596213437951782,5.415797424983889,4.5561760811887115,4.5561760811887115,2.4895215085160594
telecom_cluster_00274,syn_ts_173_2_0p8859,1.9029124975204468,0.0,0.0,6.784093952452893,6.784093952452893,6.784093952452893,3.3491428523112377
telecom_cluster_00275,syn_ts_173_2_0p8859,1.1790125370025637,0.0,0.0,6.448542009266387,6.448542009266387,6.448542009266387,3.3491428523112377
telecom_cluster_00292,syn_ts_173_2_0p8859,0.0931625440716743,2.2794135812848406,2.2794135812848406,3.9748544961156798,1.6954409148308391,1.6954409148308391,1.069729271026397
telecom_cluster_00293,syn_ts_173_2_0p8859,0.3408124446868896,1.4847297633327117,1.4847297633327117,4.755524103113614,3.2707943397809025,3.2707943397809025,1.864413088978526
telecom_cluster_00416,syn_ts_173_2_0p8859,2.2362875938415527,0.0,0.0,6.784093952452893,6.784093952452893,6.784093952452893,3.3491428523112377
telecom_cluster_00493,syn_ts_173_2_0p8859,0.5884624719619751,0.9724158086802895,0.9724158086802895,5.307249558132922,4.334833749452632,4.334833749452632,2.376727043630948
telecom_cluster_00586,syn_ts_173_2_0p8859,0.2646125555038452,1.6897974655906813,1.6897974655906813,4.559543380344236,2.8697459147535547,2.8697459147535547,1.6593453867205563
telecom_cluster_00616,syn_ts_173_2_0p8859,0.0550625436007976,2.4629990390557426,2.4629990390557426,3.7185497150552957,1.2555506759995532,1.2555506759995532,0.8861438132554951
telecom_cluster_00714,syn_ts_173_2_0p8859,0.2646125555038452,1.6897974655906813,1.6897974655906813,4.559543380344236,2.8697459147535547,2.8697459147535547,1.6593453867205563
telecom_cluster_00753,syn_ts_173_2_0p8859,0.2646125555038452,1.6897974655906813,1.6897974655906813,4.559543380344236,2.8697459147535547,2.8697459147535547,1.6593453867205563
telecom_cluster_00832,syn_ts_173_2_0p8859,0.4551124572753906,1.2437413808411995,1.2437413808411995,5.023365178561941,3.779623797720742,3.779623797720742,2.105401471470038
telecom_cluster_00833,syn_ts_173_2_0p8859,0.0741125419735908,2.371206319145477,2.371206319145477,3.8466845379563837,1.4754782188109066,1.4754782188109066,0.9779365331657606
telecom_cluster_00840,syn_ts_173_2_0p8859,3.522162675857544,0.0,0.0,6.784093952452893,6.784093952452893,6.784093952452893,3.3491428523112377
telecom_cluster_00879,syn_ts_173_2_0p8859,0.2550874948501587,1.7155648184024124,1.7155648184024124,4.535045598374403,2.8194807799719905,2.8194807799719905,1.6335780339088253
telecom_cluster_00887,syn_ts_173_2_0p8859,3.1697375774383545,0.0,0.0,6.784093952452893,6.784093952452893,6.784093952452893,3.3491428523112377
telecom_cluster_01096,syn_ts_173_2_0p8859,0.1407874971628189,2.089585083129891,2.089585083129891,4.195057286503541,2.10547220337365,2.10547220337365,1.2595577691813467
telecom_cluster_01183,syn_ts_173_2_0p8859,0.1503125578165054,2.0536427306351044,2.0536427306351044,4.22400991425979,2.170367183624686,2.170367183624686,1.2955001216761333
telecom_cluster_01202,syn_ts_173_2_0p8859,1.4076125621795654,0.0,0.0,6.784093952452893,6.784093952452893,6.784093952452893,3.3491428523112377
telecom_cluster_01237,syn_ts_173_2_0p8859,0.3693875074386596,1.4244825420403204,1.4244825420403204,4.829017142425256,3.4045346003849355,3.4045346003849355,1.9246603102709172
telecom_cluster_01703,syn_ts_173_2_0p8859,0.2074625641107559,1.8444005746893282,1.8444005746893282,4.397724593742097,2.553324019052768,2.553324019052768,1.5047422776219095
telecom_cluster_01704,syn_ts_173_2_0p8859,0.0264874808490276,2.6006884330526248,2.6006884330526248,3.5268436369566256,0.9261552039040009,0.9261552039040009,0.7484544192586129
telecom_cluster_01749,syn_ts_173_2_0p8859,1.7505124807357788,0.0,0.0,6.784093952452893,6.784093952452893,6.784093952452893,3.3491428523112377
telecom_cluster_01751,syn_ts_173_2_0p8859,0.1503125578165054,2.0536427306351044,2.0536427306351044,4.22400991425979,2.170367183624686,2.170367183624686,1.2955001216761333
telecom_cluster_01863,syn_ts_173_2_0p8859,0.3979624509811401,1.3642355720869555,1.3642355720869555,4.898490133527881,3.5342545614409255,3.5342545614409255,1.9849072802242822
telecom_cluster_01868,syn_ts_173_2_0p8859,1.5219124555587769,0.0,0.0,6.784093952452893,6.784093952452893,6.784093952452893,3.3491428523112377
telecom_cluster_01897,syn_ts_173_2_0p8859,0.7027624845504761,0.7468268789100668,0.7468268789100668,5.524345291834856,4.777518412924789,4.777518412924789,2.6023159734011707
telecom_cluster_01898,syn_ts_173_2_0p8859,0.7218124866485596,0.71490816772227,0.71490816772227,5.560527914118511,4.845619746396241,4.845619746396241,2.634234684588968
telecom_cluster_01929,syn_ts_173_2_0p8859,1.007562518119812,0.24228253745342374,0.24228253745342374,6.110298231601159,5.8680156941477355,5.8680156941477355,3.1068603148578138
telecom_cluster_01966,syn_ts_173_2_0p8859,1.86481249332428,0.0,0.0,6.784093952452893,6.784093952452893,6.784093952452893,3.3491428523112377
telecom_cluster_01967,syn_ts_173_2_0p8859,0.4836875200271606,1.1834941595488082,1.1834941595488082,5.0858028313175,3.902308671768692,3.902308671768692,2.1656486927624297
telecom_cluster_02179,syn_ts_173_2_0p8859,0.2074625641107559,1.8444005746893282,1.8444005746893282,4.397724593742097,2.553324019052768,2.553324019052768,1.5047422776219095
telecom_cluster_02221,syn_ts_173_2_0p8859,0.0455374829471111,2.5088956951919887,2.5088956951919887,3.6546474224362853,1.1457517272442965,1.1457517272442965,0.8402471571192489
telecom_cluster_02225,syn_ts_173_2_0p8859,0.6932375431060791,0.7656258387518413,0.7656258387518413,5.506254093903113,4.740628255151272,4.740628255151272,2.5835170135593963
telecom_cluster_02226,syn_ts_173_2_0p8859,1.464762568473816,0.0,0.0,6.784093952452893,6.784093952452893,6.784093952452893,3.3491428523112377
telecom_cluster_02268,syn_ts_173_2_0p8859,0.1407874971628189,2.089585083129891,2.089585083129891,4.195057286503541,2.10547220337365,2.10547220337365,1.2595577691813467
telecom_cluster_02479,syn_ts_173_2_0p8859,1.4076125621795654,0.0,0.0,6.784093952452893,6.784093952452893,6.784093952452893,3.3491428523112377
telecom_cluster_02525,syn_ts_173_2_0p8859,0.6551375389099121,0.8408221486752488,0.8408221486752488,5.433888849335801,4.593066700660552,4.593066700660552,2.508320703635989
telecom_cluster_02576,syn_ts_173_2_0p8859,0.0264874808490276,2.6006884330526248,2.6006884330526248,3.5268436369566256,0.9261552039040009,0.9261552039040009,0.7484544192586129
telecom_cluster_02635,syn_ts_173_2_0p8859,0.4551124572753906,1.2437413808411995,1.2437413808411995,5.023365178561941,3.779623797720742,3.779623797720742,2.105401471470038
telecom_cluster_02734,syn_ts_173_2_0p8859,0.2646125555038452,1.6897974655906813,1.6897974655906813,4.559543380344236,2.8697459147535547,2.8697459147535547,1.6593453867205563
telecom_cluster_02741,syn_ts_173_2_0p8859,0.0550625436007976,2.4629990390557426,2.4629990390557426,3.7185497150552957,1.2555506759995532,1.2555506759995532,0.8861438132554951
telecom_cluster_02763,syn_ts_173_2_0p8859,0.2646125555038452,1.6897974655906813,1.6897974655906813,4.559543380344236,2.8697459147535547,2.8697459147535547,1.6593453867205563
telecom_cluster_02764,syn_ts_173_2_0p8859,0.2646125555038452,1.6897974655906813,1.6897974655906813,4.559543380344236,2.8697459147535547,2.8697459147535547,1.6593453867205563
telecom_cluster_02793,syn_ts_173_2_0p8859,0.3027124404907226,1.5867290218046268,1.5867290218046268,4.657533588429996,3.0708045666253696,3.0708045666253696,1.7624138305066108
telecom_cluster_02794,syn_ts_173_2_0p8859,0.1407874971628189,2.089585083129891,2.089585083129891,4.195057286503541,2.10547220337365,2.10547220337365,1.2595577691813467
telecom_cluster_02812,syn_ts_173_2_0p8859,0.2646125555038452,1.6897974655906813,1.6897974655906813,4.559543380344236,2.8697459147535547,2.8697459147535547,1.6593453867205563
telecom_cluster_02813,syn_ts_173_2_0p8859,0.2646125555038452,1.6897974655906813,1.6897974655906813,4.559543380344236,2.8697459147535547,2.8697459147535547,1.6593453867205563
telecom_cluster_02839,syn_ts_173_2_0p8859,0.2074625641107559,1.8444005746893282,1.8444005746893282,4.397724593742097,2.553324019052768,2.553324019052768,1.5047422776219095
telecom_cluster_02844,syn_ts_173_2_0p8859,0.6456124782562256,0.8596213437951782,0.8596213437951782,5.415797424983889,4.5561760811887115,4.5561760811887115,2.4895215085160594
telecom_cluster_02863,syn_ts_173_2_0p8859,0.2646125555038452,1.6897974655906813,1.6897974655906813,4.559543380344236,2.8697459147535547,2.8697459147535547,1.6593453867205563
telecom_cluster_02891,syn_ts_173_2_0p8859,0.1312625557184219,2.125526985794229,2.125526985794229,4.166105021099021,2.040578035304792,2.040578035304792,1.2236158665170085
telecom_cluster_02918,syn_ts_173_2_0p8859,0.2646125555038452,1.6897974655906813,1.6897974655906813,4.559543380344236,2.8697459147535547,2.8697459147535547,1.6593453867205563
telecom_cluster_02947,syn_ts_173_2_0p8859,0.2265125662088394,1.7928661915528228,1.7928661915528228,4.455629486902865,2.662763295350042,2.662763295350042,1.5562766607584149
telecom_cluster_02980,syn_ts_173_2_0p8859,0.2646125555038452,1.6897974655906813,1.6897974655906813,4.559543380344236,2.8697459147535547,2.8697459147535547,1.6593453867205563
telecom_cluster_03010,syn_ts_173_2_0p8859,0.5979875326156616,0.9536166135603602,0.9536166135603602,5.325340982484835,4.3717243689244745,4.3717243689244745,2.3955262387508776
telecom_cluster_03042,syn_ts_173_2_0p8859,0.5313124656677246,1.085210273565401,1.085210273565401,5.189865238607356,4.104654965041956,4.104654965041956,2.2639325787458366
telecom_cluster_03043,syn_ts_173_2_0p8859,0.1884125620126724,1.9098742203168544,1.9098742203168544,4.3398197005813275,2.429945480264473,2.429945480264473,1.4392686319943833
telecom_cluster_03071,syn_ts_173_2_0p8859,0.0264874808490276,2.6006884330526248,2.6006884330526248,3.5268436369566256,0.9261552039040009,0.9261552039040009,0.7484544192586129
telecom_cluster_03146,syn_ts_173_2_0p8859,0.0836374834179878,2.325310237421087,2.325310237421087,3.9107691160111506,1.5854588785900638,1.5854588785900638,1.0238326148901509
telecom_cluster_03197,syn_ts_173_2_0p8859,0.8456374406814575,0.5101484762325492,0.5101484762325492,5.797250750236808,5.287102274004258,5.287102274004258,2.8389943760786887
telecom_cluster_03207,syn_ts_173_2_0p8859,1.312362551689148,0.0,0.0,6.7118304101413315,6.7118304101413315,6.7118304101413315,3.3491428523112377
telecom_cluster_03214,syn_ts_173_2_0p8859,0.2169875055551529,1.8186335443645538,1.8186335443645538,4.426676859146617,2.608043314782063,2.608043314782063,1.5305093079466838
telecom_cluster_03250,syn_ts_173_2_0p8859,3.674562454223633,0.0,0.0,6.784093952452893,6.784093952452893,6.784093952452893,3.3491428523112377
telecom_cluster_03261,syn_ts_173_2_0p8859,0.2550874948501587,1.7155648184024124,1.7155648184024124,4.535045598374403,2.8194807799719905,2.8194807799719905,1.6335780339088253
telecom_cluster_03262,syn_ts_173_2_0p8859,0.7599124908447266,0.6519051553981826,0.6519051553981826,5.632893158685823,4.98098800328764,4.98098800328764,2.697237696913055
telecom_cluster_03307,syn_ts_173_2_0p8859,1.3314125537872314,0.0,0.0,6.749443038837752,6.749443038837752,6.749443038837752,3.3491428523112377
telecom_cluster_03371,syn_ts_173_2_0p8859,0.9123125076293944,0.39989310610183315,0.39989310610183315,5.92513206027918,5.525238954177347,5.525238954177347,2.9492497462094045
telecom_cluster_03400,syn_ts_173_2_0p8859,0.1217374876141548,2.161469366403419,2.161469366403419,4.13715237069579,1.975683004292371,1.975683004292371,1.1876734859078186
telecom_cluster_03401,syn_ts_173_2_0p8859,0.1884125620126724,1.9098742203168544,1.9098742203168544,4.3398197005813275,2.429945480264473,2.429945480264473,1.4392686319943833
telecom_cluster_03500,syn_ts_173_2_0p8859,0.6360875368118286,0.8784203036369527,0.8784203036369527,5.397706227052145,4.519285923415193,4.519285923415193,2.470722548674285
telecom_cluster_03524,syn_ts_173_2_0p8859,0.0550625436007976,2.4629990390557426,2.4629990390557426,3.7185497150552957,1.2555506759995532,1.2555506759995532,0.8861438132554951
telecom_cluster_03618,syn_ts_173_2_0p8859,0.3217624425888061,1.5351946386681214,1.5351946386681214,4.706528845771805,3.1713342071036834,3.1713342071036834,1.8139482136431162
telecom_cluster_03651,syn_ts_173_2_0p8859,1.0647125244140625,0.1477029655097128,0.1477029655097128,6.223031971651542,6.075329006141829,6.075329006141829,3.201439886801525
telecom_cluster_03674,syn_ts_173_2_0p8859,2.5717499256134033,0.0,0.0,6.784093952452893,6.784093952452893,6.784093952452893,3.3491428523112377
telecom_cluster_03708,syn_ts_173_2_0p8859,1.169487476348877,0.0,0.0,6.429735577233813,6.429735577233813,6.429735577233813,3.3491428523112377
telecom_cluster_03799,syn_ts_173_2_0p8859,0.3979624509811401,1.3642355720869555,1.3642355720869555,4.898490133527881,3.5342545614409255,3.5342545614409255,1.9849072802242822
telecom_cluster_03925,syn_ts_173_2_0p8859,0.6360875368118286,0.8784203036369527,0.8784203036369527,5.397706227052145,4.519285923415193,4.519285923415193,2.470722548674285
telecom_cluster_03926,syn_ts_173_2_0p8859,0.4074875116348266,1.3441530812098164,1.3441530812098164,4.919302771272085,3.5751496900622692,3.5751496900622692,2.004989771101421
telecom_cluster_03951,syn_ts_173_2_0p8859,0.6551375389099121,0.8408221486752488,0.8408221486752488,5.433888849335801,4.593066700660552,4.593066700660552,2.508320703635989
telecom_cluster_04006,syn_ts_173_2_0p8859,0.2265125662088394,1.7928661915528228,1.7928661915528228,4.455629486902865,2.662763295350042,2.662763295350042,1.5562766607584149
telecom_cluster_04034,syn_ts_173_2_0p8859,0.2265125662088394,1.7928661915528228,1.7928661915528228,4.455629486902865,2.662763295350042,2.662763295350042,1.5562766607584149
subway_w_8_st_ny_aquarium_fq,syn_ts_173_2_0p8859,0.1598374992609024,2.017700827970766,2.017700827970766,4.25296217966431,2.235261351693544,2.235261351693544,1.3314420243404714
subway_ocean_pkwy_q,syn_ts_173_2_0p8859,0.1217374876141548,2.161469366403419,2.161469366403419,4.13715237069579,1.975683004292371,1.975683004292371,1.1876734859078186
water_owls_head_wwtp,syn_ts_173_2_0p8859,0.9123125076293944,0.39989310610183315,0.39989310610183315,5.92513206027918,5.525238954177347,5.525238954177347,2.9492497462094045
water_brooklyn_navy_yard_admiral_row,syn_ts_173_2_0p8859,0.4074875116348266,1.3441530812098164,1.3441530812098164,4.919302771272085,3.5751496900622692,3.5751496900622692,2.004989771101421
water_hunts_point_wwtp,syn_ts_173_2_0p8859,0.6360875368118286,0.8784203036369527,0.8784203036369527,5.397706227052145,4.519285923415193,4.519285923415193,2.470722548674285
water_spring_creek_park,syn_ts_173_2_0p8859,1.13138747215271,0.037360230217223525,0.037360230217223525,6.354554550801244,6.31719432058402,6.31719432058402,3.311782622094014
water_throgs_neck_sewage_pump_station,syn_ts_173_2_0p8859,0.0741125419735908,2.371206319145477,2.371206319145477,3.8466845379563837,1.4754782188109066,1.4754782188109066,0.9779365331657606
water_marble_hill_sewage_pump_statn,syn_ts_173_2_0p8859,0.2836625576019287,1.6382630824541757,1.6382630824541757,4.608538637686045,2.970275555231869,2.970275555231869,1.710879769857062
water_lew_fidler_park_dep_pier,syn_ts_173_2_0p8859,0.3122375011444092,1.5609616689928958,1.5609616689928958,4.682031370399829,3.1210697014069337,3.1210697014069337,1.7881811833183419
fuel_station_gulf_0324,syn_ts_173_2_0p8859,0.1884125620126724,1.9098742203168544,1.9098742203168544,4.3398197005813275,2.429945480264473,2.429945480264473,1.4392686319943833
fuel_station_allegiance_0402,syn_ts_173_2_0p8859,0.1026874855160713,2.2335174995604508,2.2335174995604508,4.038939074170447,1.805421574609996,1.805421574609996,1.115625352750787
fuel_station_shell_0531,syn_ts_173_2_0p8859,0.0931625440716743,2.2794135812848406,2.2794135812848406,3.9748544961156798,1.6954409148308391,1.6954409148308391,1.069729271026397
fuel_station_allegiance_0536,syn_ts_173_2_0p8859,1.1028125286102295,0.0846499175472388,0.0846499175472388,6.298187798351797,6.213537880804558,6.213537880804558,3.264492934763999
fuel_station_mobil_0695,syn_ts_173_2_0p8859,0.0360125415027141,2.5547917769163786,2.5547917769163786,3.590745929575636,1.0359541526592575,1.0359541526592575,0.794351075394859
fuel_station_bp_0850,syn_ts_173_2_0p8859,0.2836625576019287,1.6382630824541757,1.6382630824541757,4.608538637686045,2.970275555231869,2.970275555231869,1.710879769857062
fuel_station_citgo_0937,syn_ts_173_2_0p8859,1.350462555885315,0.0,0.0,6.784093952452893,6.784093952452893,6.784093952452893,3.3491428523112377
fuel_station_unknown_gas_station_1040,syn_ts_173_2_0p8859,0.1598374992609024,2.017700827970766,2.017700827970766,4.25296217966431,2.235261351693544,2.235261351693544,1.3314420243404714
fuel_station_lukoil_1058,syn_ts_173_2_0p8859,4.503237724304199,0.0,0.0,6.784093952452893,6.784093952452893,6.784093952452893,3.3491428523112377
fuel_station_speedway_1103,syn_ts_173_2_0p8859,0.1122125461697578,2.197411269067757,2.197411269067757,4.103024454274975,1.9056131852072182,1.9056131852072182,1.1517315832434805
fuel_station_mobil_1104,syn_ts_173_2_0p8859,0.1788875013589859,1.9458165728116412,1.9458165728116412,4.310867072825079,2.365050500013438,2.365050500013438,1.4033262794995964
fuel_station_speedway_1105,syn_ts_173_2_0p8859,0.3503375053405761,1.4646472724555726,1.4646472724555726,4.780021885083447,3.3153746126278745,3.3153746126278745,1.884495579855665
power_howard_beach,syn_ts_662_3_0p9973,0.0444281622767448,6.95351134447779,6.95351134447779,7.853769089357101,0.900257744879311,0.900257744879311,0.5141123570927641
power_howland_hook,syn_ts_662_3_0p9973,0.4540031552314758,5.146564544848747,5.146564544848747,9.196603388561668,4.050038843712921,4.050038843712921,2.321059156721807
telecom_cluster_00066,syn_ts_662_3_0p9973,1.8827531337738037,0.0,0.0,9.81719391764157,9.81719391764157,9.81719391764157,7.467623701570554
telecom_cluster_00072,syn_ts_662_3_0p9973,1.7970281839370728,0.0,0.0,9.81719391764157,9.81719391764157,9.81719391764157,7.467623701570554
telecom_cluster_00073,syn_ts_662_3_0p9973,1.7970281839370728,0.0,0.0,9.81719391764157,9.81719391764157,9.81719391764157,7.467623701570554
telecom_cluster_00238,syn_ts_662_3_0p9973,0.6349781155586243,4.672216515903993,4.672216515903993,9.56086615250006,4.8886496365960665,4.8886496365960665,2.795407185666561
telecom_cluster_00274,syn_ts_662_3_0p9973,1.892278075218201,0.0,0.0,9.81719391764157,9.81719391764157,9.81719391764157,7.467623701570554
telecom_cluster_00275,syn_ts_662_3_0p9973,1.1683781147003174,3.4464344521095605,3.4464344521095605,9.81719391764157,6.370759465532009,6.370759465532009,4.021189249460994
telecom_cluster_00292,syn_ts_662_3_0p9973,0.0825281664729118,6.585680083789304,6.585680083789304,8.184914803972983,1.599234720183679,1.599234720183679,0.8819436177812499
telecom_cluster_00293,syn_ts_662_3_0p9973,0.3301780819892883,5.536177098615697,5.536177098615697,8.914934391174723,3.378757292559026,3.378757292559026,1.931446602954857
telecom_cluster_00416,syn_ts_662_3_0p9973,2.225653171539306,0.0,0.0,9.81719391764157,9.81719391764157,9.81719391764157,7.467623701570554
telecom_cluster_00493,syn_ts_662_3_0p9973,0.5778281092643738,4.809428608954326,4.809428608954326,9.44583574472803,4.636407135773704,4.636407135773704,2.6581950926162285
telecom_cluster_00586,syn_ts_662_3_0p9973,0.2539781928062439,5.775938179663454,5.775938179663454,8.704135882459074,2.92819770279562,2.92819770279562,1.6916855219071003
telecom_cluster_00616,syn_ts_662_3_0p9973,0.0444281622767448,6.95351134447779,6.95351134447779,7.853769089357101,0.900257744879311,0.900257744879311,0.5141123570927641
telecom_cluster_00714,syn_ts_662_3_0p9973,0.2539781928062439,5.775938179663454,5.775938179663454,8.704135882459074,2.92819770279562,2.92819770279562,1.6916855219071003
telecom_cluster_00753,syn_ts_662_3_0p9973,0.2539781928062439,5.775938179663454,5.775938179663454,8.704135882459074,2.92819770279562,2.92819770279562,1.6916855219071003
telecom_cluster_00832,syn_ts_662_3_0p9973,0.4444780945777893,5.176534914410406,5.176534914410406,9.177431547554152,4.000896633143745,4.000896633143745,2.291088787160148
telecom_cluster_00833,syn_ts_662_3_0p9973,0.0634781643748283,6.733069152422634,6.733069152422634,8.019341747045832,1.286272594623198,1.286272594623198,0.7345545491479202
telecom_cluster_00840,syn_ts_662_3_0p9973,3.511528253555298,0.0,0.0,9.81719391764157,9.81719391764157,9.81719391764157,7.467623701570554
telecom_cluster_00879,syn_ts_662_3_0p9973,0.2444531321525573,5.805908549225113,5.805908549225113,8.677785879358888,2.871877330133775,2.871877330133775,1.6617151523454412
telecom_cluster_00887,syn_ts_662_3_0p9973,3.1591031551361084,0.0,0.0,9.81719391764157,9.81719391764157,9.81719391764157,7.467623701570554
telecom_cluster_01096,syn_ts_662_3_0p9973,0.1301531195640564,6.355984146041146,6.355984146041146,8.361587961356944,2.0056038153157987,2.0056038153157987,1.1116395555294085
telecom_cluster_01183,syn_ts_662_3_0p9973,0.1396781802177429,6.310044620709341,6.310044620709341,8.387937939818883,2.077893319109542,2.077893319109542,1.157579080861213
telecom_cluster_01202,syn_ts_662_3_0p9973,1.3969781398773191,2.8433209994539888,2.8433209994539888,9.81719391764157,6.973872918187581,6.973872918187581,4.624302702116566
telecom_cluster_01237,syn_ts_662_3_0p9973,0.3587531447410583,5.446266365019822,5.446266365019822,8.99398414463281,3.547717779612988,3.547717779612988,2.0213573365507322
telecom_cluster_01703,syn_ts_662_3_0p9973,0.1968281865119934,6.0344091935636515,6.0344091935636515,8.546036853195014,2.5116276596313627,2.5116276596313627,1.4332145080069028
telecom_cluster_01704,syn_ts_662_3_0p9973,0.0158530995249748,7.284175322291605,7.284175322291605,7.605410076920891,0.32123475462928575,0.32123475462928575,0.18344837927894897
telecom_cluster_01749,syn_ts_662_3_0p9973,1.7398781776428225,0.0,0.0,9.81719391764157,9.81719391764157,9.81719391764157,7.467623701570554
telecom_cluster_01751,syn_ts_662_3_0p9973,0.1396781802177429,6.310044620709341,6.310044620709341,8.387937939818883,2.077893319109542,2.077893319109542,1.157579080861213
telecom_cluster_01863,syn_ts_662_3_0p9973,0.3873280882835388,5.356356006513051,5.356356006513051,9.06240122133488,3.7060452148218292,3.7060452148218292,2.111267695057503
telecom_cluster_01868,syn_ts_662_3_0p9973,1.5112781524658203,0.0,0.0,9.81719391764157,7.685516879521003,7.685516879521003,7.467623701570554
telecom_cluster_01897,syn_ts_662_3_0p9973,0.6921281218528748,4.5350044228536595,4.5350044228536595,9.675896635397143,5.140892212543483,5.140892212543483,2.9326192787168948
telecom_cluster_01898,syn_ts_662_3_0p9973,0.7111781239509583,4.489267058503549,4.489267058503549,9.71424012969617,5.224973071192622,5.224973071192622,2.9783566430670056
telecom_cluster_01929,syn_ts_662_3_0p9973,0.9969281554222108,3.8282413408150586,3.8282413408150586,9.81719391764157,5.988952576826511,5.988952576826511,3.6393823607554956
telecom_cluster_01966,syn_ts_662_3_0p9973,1.8541781902313232,0.0,0.0,9.81719391764157,9.81719391764157,9.81719391764157,7.467623701570554
telecom_cluster_01967,syn_ts_662_3_0p9973,0.4730531573295593,5.086624180814532,5.086624180814532,9.23494683063476,4.148322649820228,4.148322649820228,2.3809995207560224
telecom_cluster_02179,syn_ts_662_3_0p9973,0.1968281865119934,6.0344091935636515,6.0344091935636515,8.546036853195014,2.5116276596313627,2.5116276596313627,1.4332145080069028
telecom_cluster_02221,syn_ts_662_3_0p9973,0.0349031016230583,7.063733130236449,7.063733130236449,7.770982285900247,0.7072491556637974,0.7072491556637974,0.403890571334105
telecom_cluster_02225,syn_ts_662_3_0p9973,0.6826031804084778,4.557872961923253,4.557872961923253,9.656725008218762,5.09885204629551,5.09885204629551,2.9097507396473015
telecom_cluster_02226,syn_ts_662_3_0p9973,1.4541281461715698,0.0,0.0,9.81719391764157,7.255169645562746,7.255169645562746,7.467623701570554
telecom_cluster_02268,syn_ts_662_3_0p9973,0.1301531195640564,6.355984146041146,6.355984146041146,8.361587961356944,2.0056038153157987,2.0056038153157987,1.1116395555294085
telecom_cluster_02479,syn_ts_662_3_0p9973,1.3969781398773191,2.8433209994539888,2.8433209994539888,9.81719391764157,6.973872918187581,6.973872918187581,4.624302702116566
telecom_cluster_02525,syn_ts_662_3_0p9973,0.6445031762123108,4.649347690623475,4.649347690623475,9.580038019620707,4.9306903289972315,4.9306903289972315,2.818276010947079
telecom_cluster_02576,syn_ts_662_3_0p9973,0.0158530995249748,7.284175322291605,7.284175322291605,7.605410076920891,0.32123475462928575,0.32123475462928575,0.18344837927894897
telecom_cluster_02635,syn_ts_662_3_0p9973,0.4444780945777893,5.176534914410406,5.176534914410406,9.177431547554152,4.000896633143745,4.000896633143745,2.291088787160148
telecom_cluster_02734,syn_ts_662_3_0p9973,0.2539781928062439,5.775938179663454,5.775938179663454,8.704135882459074,2.92819770279562,2.92819770279562,1.6916855219071003
telecom_cluster_02741,syn_ts_662_3_0p9973,0.0444281622767448,6.95351134447779,6.95351134447779,7.853769089357101,0.900257744879311,0.900257744879311,0.5141123570927641
telecom_cluster_02763,syn_ts_662_3_0p9973,0.2539781928062439,5.775938179663454,5.775938179663454,8.704135882459074,2.92819770279562,2.92819770279562,1.6916855219071003
telecom_cluster_02764,syn_ts_662_3_0p9973,0.2539781928062439,5.775938179663454,5.775938179663454,8.704135882459074,2.92819770279562,2.92819770279562,1.6916855219071003
telecom_cluster_02793,syn_ts_662_3_0p9973,0.2920780777931213,5.656057826684127,5.656057826684127,8.809534939750161,3.1534771130660344,3.1534771130660344,1.8115658748864272
telecom_cluster_02794,syn_ts_662_3_0p9973,0.1301531195640564,6.355984146041146,6.355984146041146,8.361587961356944,2.0056038153157987,2.0056038153157987,1.1116395555294085
telecom_cluster_02812,syn_ts_662_3_0p9973,0.2539781928062439,5.775938179663454,5.775938179663454,8.704135882459074,2.92819770279562,2.92819770279562,1.6916855219071003
telecom_cluster_02813,syn_ts_662_3_0p9973,0.2539781928062439,5.775938179663454,5.775938179663454,8.704135882459074,2.92819770279562,2.92819770279562,1.6916855219071003
telecom_cluster_02839,syn_ts_662_3_0p9973,0.1968281865119934,6.0344091935636515,6.0344091935636515,8.546036853195014,2.5116276596313627,2.5116276596313627,1.4332145080069028
telecom_cluster_02844,syn_ts_662_3_0p9973,0.6349781155586243,4.672216515903993,4.672216515903993,9.56086615250006,4.8886496365960665,4.8886496365960665,2.795407185666561
telecom_cluster_02863,syn_ts_662_3_0p9973,0.2539781928062439,5.775938179663454,5.775938179663454,8.704135882459074,2.92819770279562,2.92819770279562,1.6916855219071003
telecom_cluster_02891,syn_ts_662_3_0p9973,0.1206281706690788,6.401923132358845,6.401923132358845,8.335238292062547,1.9333151597037022,1.9333151597037022,1.0657005692117094
telecom_cluster_02918,syn_ts_662_3_0p9973,0.2539781928062439,5.775938179663454,5.775938179663454,8.704135882459074,2.92819770279562,2.92819770279562,1.6916855219071003
telecom_cluster_02947,syn_ts_662_3_0p9973,0.2158781886100769,5.942530717848422,5.942530717848422,8.598736529616367,2.6562058117679452,2.6562058117679452,1.525092983722132
telecom_cluster_02980,syn_ts_662_3_0p9973,0.2539781928062439,5.775938179663454,5.775938179663454,8.704135882459074,2.92819770279562,2.92819770279562,1.6916855219071003
telecom_cluster_03010,syn_ts_662_3_0p9973,0.5873531699180603,4.786559783673808,4.786559783673808,9.46500759879016,4.678447815116352,4.678447815116352,2.681063917896746
telecom_cluster_03042,syn_ts_662_3_0p9973,0.5206781029701233,4.946640702004659,4.946640702004659,9.330805340181547,4.3841646381768875,4.3841646381768875,2.520982999565895
telecom_cluster_03043,syn_ts_662_3_0p9973,0.1777781844139099,6.126287669278882,6.126287669278882,8.493337194109216,2.3670495248303345,2.3670495248303345,1.3413360322916725
telecom_cluster_03071,syn_ts_662_3_0p9973,0.0158530995249748,7.284175322291605,7.284175322291605,7.605410076920891,0.32123475462928575,0.32123475462928575,0.18344837927894897
telecom_cluster_03146,syn_ts_662_3_0p9973,0.0730031058192253,6.631619609121109,6.631619609121109,8.102127757455753,1.4705081483346438,1.4705081483346438,0.8360040924494454
telecom_cluster_03197,syn_ts_662_3_0p9973,0.8350030779838562,4.191974333333289,4.191974333333289,9.81719391764157,5.62521958430828,5.62521958430828,3.275649368237265
telecom_cluster_03207,syn_ts_662_3_0p9973,1.301728129386902,3.107709361012745,3.107709361012745,9.81719391764157,6.709484556628825,6.709484556628825,4.359914340557809
telecom_cluster_03214,syn_ts_662_3_0p9973,0.2063531279563903,5.988470243180226,5.988470243180226,8.572386526516182,2.583916283335956,2.583916283335956,1.4791534583903285
telecom_cluster_03250,syn_ts_662_3_0p9973,3.6639280319213863,0.0,0.0,9.81719391764157,9.81719391764157,9.81719391764157,7.467623701570554
telecom_cluster_03261,syn_ts_662_3_0p9973,0.2444531321525573,5.805908549225113,5.805908549225113,8.677785879358888,2.871877330133775,2.871877330133775,1.6617151523454412
telecom_cluster_03262,syn_ts_662_3_0p9973,0.7492781281471252,4.397792329803327,4.397792329803327,9.790927118294226,5.393134788490899,5.393134788490899,3.0698313717672274
telecom_cluster_03307,syn_ts_662_3_0p9973,1.3207781314849854,3.0548316887009936,3.0548316887009936,9.81719391764157,6.762362228940576,6.762362228940576,4.412792012869561
telecom_cluster_03371,syn_ts_662_3_0p9973,0.9016781449317932,4.04035635272662,4.04035635272662,9.81719391764157,5.776837564914949,5.776837564914949,3.427267348843934
telecom_cluster_03400,syn_ts_662_3_0p9973,0.1111031100153923,6.447862657690649,6.447862657690649,8.308888313600608,1.861025655909959,1.861025655909959,1.019761043879905
telecom_cluster_03401,syn_ts_662_3_0p9973,0.1777781844139099,6.126287669278882,6.126287669278882,8.493337194109216,2.3670495248303345,2.3670495248303345,1.3413360322916725
telecom_cluster_03500,syn_ts_662_3_0p9973,0.6254531741142273,4.695085054973586,4.695085054973586,9.541694535154482,4.846609480180896,4.846609480180896,2.772538646596968
telecom_cluster_03524,syn_ts_662_3_0p9973,0.0444281622767448,6.95351134447779,6.95351134447779,7.853769089357101,0.900257744879311,0.900257744879311,0.5141123570927641
telecom_cluster_03618,syn_ts_662_3_0p9973,0.3111280798912048,5.596117462649912,5.596117462649912,8.862234665462443,3.2661172028125316,3.2661172028125316,1.8715062389206425
telecom_cluster_03651,syn_ts_662_3_0p9973,1.0540781021118164,3.7009724664034347,3.7009724664034347,9.81719391764157,6.116221451238134,6.116221451238134,3.7666512351671195
telecom_cluster_03674,syn_ts_662_3_0p9973,2.5717499256134033,0.0,0.0,9.81719391764157,9.81719391764157,9.81719391764157,7.467623701570554
telecom_cluster_03708,syn_ts_662_3_0p9973,1.1588530540466309,3.467646086036029,3.467646086036029,9.81719391764157,6.34954783160554,6.34954783160554,3.999977615534525
telecom_cluster_03799,syn_ts_662_3_0p9973,0.3873280882835388,5.356356006513051,5.356356006513051,9.06240122133488,3.7060452148218292,3.7060452148218292,2.111267695057503
telecom_cluster_03925,syn_ts_662_3_0p9973,0.6254531741142273,4.695085054973586,4.695085054973586,9.541694535154482,4.846609480180896,4.846609480180896,2.772538646596968
telecom_cluster_03926,syn_ts_662_3_0p9973,0.3968531489372253,5.326385636951392,5.326385636951392,9.081573062342397,3.7551874253910045,3.7551874253910045,2.141238064619162
telecom_cluster_03951,syn_ts_662_3_0p9973,0.6445031762123108,4.649347690623475,4.649347690623475,9.580038019620707,4.9306903289972315,4.9306903289972315,2.818276010947079
telecom_cluster_04006,syn_ts_662_3_0p9973,0.2158781886100769,5.942530717848422,5.942530717848422,8.598736529616367,2.6562058117679452,2.6562058117679452,1.525092983722132
telecom_cluster_04034,syn_ts_662_3_0p9973,0.2158781886100769,5.942530717848422,5.942530717848422,8.598736529616367,2.6562058117679452,2.6562058117679452,1.525092983722132
subway_w_8_st_ny_aquarium_fq,syn_ts_662_3_0p9973,0.1492031216621399,6.2641056703259155,6.2641056703259155,8.414287588502111,2.1501819181761954,2.1501819181761954,1.2035180312446387
subway_ocean_pkwy_q,syn_ts_662_3_0p9973,0.1111031100153923,6.447862657690649,6.447862657690649,8.308888313600608,1.861025655909959,1.861025655909959,1.019761043879905
water_owls_head_wwtp,syn_ts_662_3_0p9973,0.9016781449317932,4.04035635272662,4.04035635272662,9.81719391764157,5.776837564914949,5.776837564914949,3.427267348843934
water_brooklyn_navy_yard_admiral_row,syn_ts_662_3_0p9973,0.3968531489372253,5.326385636951392,5.326385636951392,9.081573062342397,3.7551874253910045,3.7551874253910045,2.141238064619162
water_hunts_point_wwtp,syn_ts_662_3_0p9973,0.6254531741142273,4.695085054973586,4.695085054973586,9.541694535154482,4.846609480180896,4.846609480180896,2.772538646596968
water_spring_creek_park,syn_ts_662_3_0p9973,1.120753049850464,3.5524920908006536,3.5524920908006536,9.81719391764157,6.264701826840916,6.264701826840916,3.9151316107699006
water_throgs_neck_sewage_pump_station,syn_ts_662_3_0p9973,0.0634781643748283,6.733069152422634,6.733069152422634,8.019341747045832,1.286272594623198,1.286272594623198,0.7345545491479202
water_marble_hill_sewage_pump_statn,syn_ts_662_3_0p9973,0.2730281949043274,5.715997815629239,5.715997815629239,8.756835558880427,3.0408377432511884,3.0408377432511884,1.7516258859413156
water_lew_fidler_park_dep_pier,syn_ts_662_3_0p9973,0.3016031384468078,5.626087457122468,5.626087457122468,8.835884967495964,3.2097975103734964,3.2097975103734964,1.8415362444480863
fuel_station_gulf_0324,syn_ts_662_3_0p9973,0.1777781844139099,6.126287669278882,6.126287669278882,8.493337194109216,2.3670495248303345,2.3670495248303345,1.3413360322916725
fuel_station_allegiance_0402,syn_ts_662_3_0p9973,0.0920531079173088,6.539741133405879,6.539741133405879,8.256188686455442,1.716447553049563,1.716447553049563,0.9278825681646756
fuel_station_shell_0531,syn_ts_662_3_0p9973,0.0825281664729118,6.585680083789304,6.585680083789304,8.184914803972983,1.599234720183679,1.599234720183679,0.8819436177812499
fuel_station_allegiance_0536,syn_ts_662_3_0p9973,1.0921781063079834,3.61612646163881,3.61612646163881,9.81719391764157,6.201067456002759,6.201067456002759,3.8514972399317444
fuel_station_mobil_0695,syn_ts_662_3_0p9973,0.0253781601786613,7.173953536532945,7.173953536532945,7.688196637391037,0.5142431008580921,0.5142431008580921,0.293670165037609
fuel_station_bp_0850,syn_ts_662_3_0p9973,0.2730281949043274,5.715997815629239,5.715997815629239,8.756835558880427,3.0408377432511884,3.0408377432511884,1.7516258859413156
fuel_station_citgo_0937,syn_ts_662_3_0p9973,1.3398281335830688,3.0019540163892424,3.0019540163892424,9.81719391764157,6.815239901252327,6.815239901252327,4.465669685181312
fuel_station_unknown_gas_station_1040,syn_ts_662_3_0p9973,0.1492031216621399,6.2641056703259155,6.2641056703259155,8.414287588502111,2.1501819181761954,2.1501819181761954,1.2035180312446387
fuel_station_lukoil_1058,syn_ts_662_3_0p9973,4.492603302001953,0.0,0.0,9.81719391764157,9.81719391764157,9.81719391764157,7.467623701570554
fuel_station_speedway_1103,syn_ts_662_3_0p9973,0.1015781685709953,6.493801608074074,6.493801608074074,8.28253866491738,1.7887370568433063,1.7887370568433063,0.9738220934964801
fuel_station_mobil_1104,syn_ts_662_3_0p9973,0.1682531237602234,6.172227194610685,6.172227194610685,8.46698721564728,2.294760021036594,2.294760021036594,1.295396506959869
fuel_station_speedway_1105,syn_ts_662_3_0p9973,0.3397031426429748,5.506206729054037,5.506206729054037,8.941284418920528,3.4350776898664908,3.4350776898664908,1.961416972516517
power_east_13th_street,syn_ts_192_7_1p0240,0.0739478468894958,2.393830679467872,2.393830679467872,3.6452914999246833,1.2514608204568112,1.2514608204568112,0.4899049797576476
power_howard_beach,syn_ts_192_7_1p0240,0.1501478552818298,1.9073148860205122,1.9073148860205122,4.072027153430929,2.1647122674104162,2.1647122674104162,0.9764207732050074
power_unknown129920,syn_ts_192_7_1p0240,0.0644227862358093,2.456940346676098,2.456940346676098,3.571893808955051,1.1149534622789532,1.1149534622789532,0.4267953125494217
power_howland_hook,syn_ts_192_7_1p0240,0.5597228407859802,0.765583894333976,0.765583894333976,5.201541157550108,4.435957263216132,4.435957263216132,2.1181517648915436
telecom_cluster_00066,syn_ts_192_7_1p0240,1.988472819328308,0.0,0.0,7.724781522860085,7.724781522860085,7.724781522860085,2.8837356592255197
telecom_cluster_00072,syn_ts_192_7_1p0240,1.9027478694915771,0.0,0.0,7.724781522860085,7.724781522860085,7.724781522860085,2.8837356592255197
telecom_cluster_00073,syn_ts_192_7_1p0240,1.9027478694915771,0.0,0.0,7.724781522860085,7.724781522860085,7.724781522860085,2.8837356592255197
telecom_cluster_00238,syn_ts_192_7_1p0240,0.7406978011131287,0.38737377979885906,0.38737377979885906,5.59824385771463,5.210870077915771,5.210870077915771,2.4963618794266607
telecom_cluster_00274,syn_ts_192_7_1p0240,1.997997760772705,0.0,0.0,7.724781522860085,7.724781522860085,7.724781522860085,2.8837356592255197
telecom_cluster_00275,syn_ts_192_7_1p0240,1.2740978002548218,0.0,0.0,6.791186248405311,6.791186248405311,6.791186248405311,2.8837356592255197
telecom_cluster_00292,syn_ts_192_7_1p0240,0.1882478594779968,1.7932362818079353,1.7932362818079353,4.1930394502333925,2.399803168425457,2.399803168425457,1.0904993774175844
telecom_cluster_00293,syn_ts_192_7_1p0240,0.4358977675437927,1.0516742361226745,1.0516742361226745,4.906157210398142,3.8544829742754674,3.8544829742754674,1.8320614231028451
telecom_cluster_00416,syn_ts_192_7_1p0240,2.3313727378845215,0.0,0.0,7.724781522860085,7.724781522860085,7.724781522860085,2.8837356592255197
telecom_cluster_00493,syn_ts_192_7_1p0240,0.6835477948188782,0.5068103930030277,0.5068103930030277,5.4728989916430155,4.966088598639988,4.966088598639988,2.376925266222492
telecom_cluster_00586,syn_ts_192_7_1p0240,0.3596978783607483,1.2798611742514627,1.2798611742514627,4.7010045860797405,3.421143411828278,3.421143411828278,1.603874484974057
telecom_cluster_00616,syn_ts_192_7_1p0240,0.1501478552818298,1.9073148860205122,1.9073148860205122,4.072027153430929,2.1647122674104162,2.1647122674104162,0.9764207732050074
telecom_cluster_00652,syn_ts_192_7_1p0240,0.0453727804124355,2.5831559954442236,2.5831559954442236,3.425099316906066,0.8419433214618426,0.8419433214618426,0.3005796637812961
telecom_cluster_00695,syn_ts_192_7_1p0240,0.0453727804124355,2.5831559954442236,2.5831559954442236,3.425099316906066,0.8419433214618426,0.8419433214618426,0.3005796637812961
telecom_cluster_00714,syn_ts_192_7_1p0240,0.3596978783607483,1.2798611742514627,1.2798611742514627,4.7010045860797405,3.421143411828278,3.421143411828278,1.603874484974057
telecom_cluster_00753,syn_ts_192_7_1p0240,0.3596978783607483,1.2798611742514627,1.2798611742514627,4.7010045860797405,3.421143411828278,3.421143411828278,1.603874484974057
telecom_cluster_00832,syn_ts_192_7_1p0240,0.5501977801322937,0.7854892111944034,0.7854892111944034,5.180667337335313,4.39517812614091,4.39517812614091,2.0982464480311163
telecom_cluster_00833,syn_ts_192_7_1p0240,0.1691978573799133,1.8502755839142238,1.8502755839142238,4.132533301832161,2.282257717917937,2.282257717917937,1.033460075311296
telecom_cluster_00840,syn_ts_192_7_1p0240,3.6172478199005127,0.0,0.0,7.724781522860085,7.724781522860085,7.724781522860085,2.8837356592255197
telecom_cluster_00879,syn_ts_192_7_1p0240,0.3501728177070617,1.308383005019214,1.308383005019214,4.675360307448289,3.3669773024290746,3.3669773024290746,1.5753526542063057
telecom_cluster_00887,syn_ts_192_7_1p0240,3.2648227214813232,0.0,0.0,7.724781522860085,7.724781522860085,7.724781522860085,2.8837356592255197
telecom_cluster_01096,syn_ts_192_7_1p0240,0.2358728051185608,1.6506382050097712,1.6506382050097712,4.344304631921665,2.693666426911894,2.693666426911894,1.2330974542157485
telecom_cluster_01183,syn_ts_192_7_1p0240,0.2453978657722473,1.6221183754890696,1.6221183754890696,4.374557895437089,2.7524395199480196,2.7524395199480196,1.26161728373645
telecom_cluster_01202,syn_ts_192_7_1p0240,1.5026978254318235,0.0,0.0,7.372275901771145,7.372275901771145,7.372275901771145,2.8837356592255197
telecom_cluster_01218,syn_ts_192_7_1p0240,0.0644227862358093,2.456940346676098,2.456940346676098,3.571893808955051,1.1149534622789532,1.1149534622789532,0.4267953125494217
telecom_cluster_01237,syn_ts_192_7_1p0240,0.4644728302955627,0.9661038219649688,0.9661038219649688,4.983089725345854,4.016985903380886,4.016985903380886,1.9176318372605508
telecom_cluster_01693,syn_ts_192_7_1p0240,0.0739478468894958,2.393830679467872,2.393830679467872,3.6452914999246833,1.2514608204568112,1.2514608204568112,0.4899049797576476
telecom_cluster_01703,syn_ts_192_7_1p0240,0.3025478720664978,1.450990495687476,1.450990495687476,4.547139877130958,3.0961493814434817,3.0961493814434817,1.4327451635380437
telecom_cluster_01704,syn_ts_192_7_1p0240,0.1215727925300598,2.078260535146315,2.078260535146315,3.9812677415142734,1.9030072063679584,1.9030072063679584,0.8054751240792046
telecom_cluster_01749,syn_ts_192_7_1p0240,1.8455978631973269,0.0,0.0,7.724781522860085,7.724781522860085,7.724781522860085,2.8837356592255197
telecom_cluster_01751,syn_ts_192_7_1p0240,0.2453978657722473,1.6221183754890696,1.6221183754890696,4.374557895437089,2.7524395199480196,2.7524395199480196,1.26161728373645
telecom_cluster_01863,syn_ts_192_7_1p0240,0.4930477738380432,0.9049203649920639,0.9049203649920639,5.055425199774869,4.150504834782805,4.150504834782805,1.9788152942334558
telecom_cluster_01868,syn_ts_192_7_1p0240,1.6169978380203247,0.0,0.0,7.669958924172783,7.669958924172783,7.669958924172783,2.8837356592255197
telecom_cluster_01869,syn_ts_192_7_1p0240,0.0263227801769971,2.709355946466672,2.709355946466672,3.198919856959025,0.48956391049235304,0.48956391049235304,0.17437971275884756
telecom_cluster_01897,syn_ts_192_7_1p0240,0.7978478074073792,0.2679347739543811,0.2679347739543811,5.724001963061115,5.456067189106734,5.456067189106734,2.6158008852711387
telecom_cluster_01898,syn_ts_192_7_1p0240,0.8168978095054626,0.22812075438369211,0.22812075438369211,5.765921331509944,5.5378005771262515,5.5378005771262515,2.6556149048418276
telecom_cluster_01929,syn_ts_192_7_1p0240,1.1026477813720703,0.0,0.0,6.395495533603483,6.395495533603483,6.395495533603483,2.8837356592255197
telecom_cluster_01966,syn_ts_192_7_1p0240,1.9598978757858276,0.0,0.0,7.724781522860085,7.724781522860085,7.724781522860085,2.8837356592255197
telecom_cluster_01967,syn_ts_192_7_1p0240,0.5787728428840637,0.7257735097347557,0.7257735097347557,5.243288536736922,4.517515027002166,4.517515027002166,2.157962149490764
telecom_cluster_02107,syn_ts_192_7_1p0240,0.0644227862358093,2.456940346676098,2.456940346676098,3.571893808955051,1.1149534622789532,1.1149534622789532,0.4267953125494217
telecom_cluster_02179,syn_ts_192_7_1p0240,0.3025478720664978,1.450990495687476,1.450990495687476,4.547139877130958,3.0961493814434817,3.0961493814434817,1.4327451635380437
telecom_cluster_02221,syn_ts_192_7_1p0240,0.1406227946281433,1.952023452897583,1.952023452897583,4.041773889915505,2.089750437017922,2.089750437017922,0.9317122063279366
telecom_cluster_02225,syn_ts_192_7_1p0240,0.7883228659629822,0.2878416591675349,0.2878416591675349,5.703042409996217,5.415200750828682,5.415200750828682,2.5958940000579847
telecom_cluster_02226,syn_ts_192_7_1p0240,1.5598478317260742,0.0,0.0,7.5211174129719645,7.5211174129719645,7.5211174129719645,2.8837356592255197
telecom_cluster_02267,syn_ts_192_7_1p0240,0.0929978489875793,2.267612134889813,2.267612134889813,3.7920859632675303,1.5244738283777175,1.5244738283777175,0.6161235243357068
telecom_cluster_02268,syn_ts_192_7_1p0240,0.2358728051185608,1.6506382050097712,1.6506382050097712,4.344304631921665,2.693666426911894,2.693666426911894,1.2330974542157485
telecom_cluster_02316,syn_ts_192_7_1p0240,0.0739478468894958,2.393830679467872,2.393830679467872,3.6452914999246833,1.2514608204568112,1.2514608204568112,0.4899049797576476
telecom_cluster_02479,syn_ts_192_7_1p0240,1.5026978254318235,0.0,0.0,7.372275901771145,7.372275901771145,7.372275901771145,2.8837356592255197
telecom_cluster_02525,syn_ts_192_7_1p0240,0.7502228617668152,0.367467553031653,0.367467553031653,5.619203673098561,5.251736120066908,5.251736120066908,2.5162681061938668
telecom_cluster_02576,syn_ts_192_7_1p0240,0.1215727925300598,2.078260535146315,2.078260535146315,3.9812677415142734,1.9030072063679584,1.9030072063679584,0.8054751240792046
telecom_cluster_02582,syn_ts_192_7_1p0240,0.0263227801769971,2.709355946466672,2.709355946466672,3.198919856959025,0.48956391049235304,0.48956391049235304,0.17437971275884756
telecom_cluster_02635,syn_ts_192_7_1p0240,0.5501977801322937,0.7854892111944034,0.7854892111944034,5.180667337335313,4.39517812614091,4.39517812614091,2.0982464480311163
telecom_cluster_02692,syn_ts_192_7_1p0240,0.0167977195233106,2.7724563230086585,2.7724563230086585,3.084868507507774,0.3124121844991157,0.3124121844991157,0.11127933621686115
telecom_cluster_02734,syn_ts_192_7_1p0240,0.3596978783607483,1.2798611742514627,1.2798611742514627,4.7010045860797405,3.421143411828278,3.421143411828278,1.603874484974057
telecom_cluster_02741,syn_ts_192_7_1p0240,0.1501478552818298,1.9073148860205122,1.9073148860205122,4.072027153430929,2.1647122674104162,2.1647122674104162,0.9764207732050074
telecom_cluster_02763,syn_ts_192_7_1p0240,0.3596978783607483,1.2798611742514627,1.2798611742514627,4.7010045860797405,3.421143411828278,3.421143411828278,1.603874484974057
telecom_cluster_02764,syn_ts_192_7_1p0240,0.3596978783607483,1.2798611742514627,1.2798611742514627,4.7010045860797405,3.421143411828278,3.421143411828278,1.603874484974057
telecom_cluster_02793,syn_ts_192_7_1p0240,0.3977977633476257,1.16576788367816,1.16576788367816,4.80358073776562,3.6378128540874606,3.6378128540874606,1.7179677755473597
telecom_cluster_02794,syn_ts_192_7_1p0240,0.2358728051185608,1.6506382050097712,1.6506382050097712,4.344304631921665,2.693666426911894,2.693666426911894,1.2330974542157485
telecom_cluster_02812,syn_ts_192_7_1p0240,0.3596978783607483,1.2798611742514627,1.2798611742514627,4.7010045860797405,3.421143411828278,3.421143411828278,1.603874484974057
telecom_cluster_02813,syn_ts_192_7_1p0240,0.3596978783607483,1.2798611742514627,1.2798611742514627,4.7010045860797405,3.421143411828278,3.421143411828278,1.603874484974057
telecom_cluster_02839,syn_ts_192_7_1p0240,0.3025478720664978,1.450990495687476,1.450990495687476,4.547139877130958,3.0961493814434817,3.0961493814434817,1.4327451635380437
telecom_cluster_02844,syn_ts_192_7_1p0240,0.7406978011131287,0.38737377979885906,0.38737377979885906,5.59824385771463,5.210870077915771,5.210870077915771,2.4963618794266607
telecom_cluster_02863,syn_ts_192_7_1p0240,0.3596978783607483,1.2798611742514627,1.2798611742514627,4.7010045860797405,3.421143411828278,3.421143411828278,1.603874484974057
telecom_cluster_02891,syn_ts_192_7_1p0240,0.2263478636741638,1.679157677595358,1.679157677595358,4.314051747035856,2.6348940694404983,2.6348940694404983,1.2045779816301616
telecom_cluster_02918,syn_ts_192_7_1p0240,0.3596978783607483,1.2798611742514627,1.2798611742514627,4.7010045860797405,3.421143411828278,3.421143411828278,1.603874484974057
telecom_cluster_02947,syn_ts_192_7_1p0240,0.3215978741645813,1.3939474280284356,1.3939474280284356,4.598428113447219,3.2044806854187833,3.2044806854187833,1.489788231197084
telecom_cluster_02980,syn_ts_192_7_1p0240,0.3596978783607483,1.2798611742514627,1.2798611742514627,4.7010045860797405,3.421143411828278,3.421143411828278,1.603874484974057
telecom_cluster_03010,syn_ts_192_7_1p0240,0.6930728554725647,0.4869041662358216,0.4869041662358216,5.49377281185781,5.006868645621989,5.006868645621989,2.396831492989698
telecom_cluster_03042,syn_ts_192_7_1p0240,0.6263977885246277,0.6262470062071963,0.6262470062071963,5.3476568540825715,4.721409847875375,4.721409847875375,2.2574886530183234
telecom_cluster_03043,syn_ts_192_7_1p0240,0.2834978699684143,1.5080335633465163,1.5080335633465163,4.495570192239553,2.9875366288930367,2.9875366288930367,1.3757020958790034
telecom_cluster_03071,syn_ts_192_7_1p0240,0.1215727925300598,2.078260535146315,2.078260535146315,3.9812677415142734,1.9030072063679584,1.9030072063679584,0.8054751240792046
telecom_cluster_03146,syn_ts_192_7_1p0240,0.1787227988243103,1.8217561113286367,1.8217561113286367,4.16278618671797,2.341030075389333,2.341030075389333,1.061979547896883
telecom_cluster_03197,syn_ts_192_7_1p0240,0.9407227635383606,0.0,0.0,6.038397095267811,6.038397095267811,6.038397095267811,2.8837356592255197
telecom_cluster_03207,syn_ts_192_7_1p0240,1.4074478149414062,0.0,0.0,7.126389410728859,7.126389410728859,7.126389410728859,2.8837356592255197
telecom_cluster_03214,syn_ts_192_7_1p0240,0.3120728135108948,1.4224691403372949,1.4224691403372949,4.572783834815767,3.150314694478472,3.150314694478472,1.4612665188882248
telecom_cluster_03250,syn_ts_192_7_1p0240,3.7696478366851807,0.0,0.0,7.724781522860085,7.724781522860085,7.724781522860085,2.8837356592255197
telecom_cluster_03261,syn_ts_192_7_1p0240,0.3501728177070617,1.308383005019214,1.308383005019214,4.675360307448289,3.3669773024290746,3.3669773024290746,1.5753526542063057
telecom_cluster_03262,syn_ts_192_7_1p0240,0.8549978137016296,0.14849271524231417,0.14849271524231417,5.8497600684076,5.701267353165286,5.701267353165286,2.7352429439832053
telecom_cluster_03307,syn_ts_192_7_1p0240,1.4264978170394895,0.0,0.0,7.174275576775079,7.174275576775079,7.174275576775079,2.8837356592255197
telecom_cluster_03370,syn_ts_192_7_1p0240,0.1025227904319763,2.204497617395047,2.204497617395047,3.865482735640745,1.6609851182456978,1.6609851182456978,0.6792380418304726
telecom_cluster_03371,syn_ts_192_7_1p0240,1.0073977708816528,0.0,0.0,6.185319437732245,6.185319437732245,6.185319437732245,2.8837356592255197
telecom_cluster_03400,syn_ts_192_7_1p0240,0.2168228030204773,1.7076775071160597,1.7076775071160597,4.2837984835204335,2.5761209764043738,2.5761209764043738,1.17605815210946
telecom_cluster_03401,syn_ts_192_7_1p0240,0.2834978699684143,1.5080335633465163,1.5080335633465163,4.495570192239553,2.9875366288930367,2.9875366288930367,1.3757020958790034
telecom_cluster_03500,syn_ts_192_7_1p0240,0.7311728596687317,0.40727975743304257,0.40727975743304257,5.577284304649733,5.17000454721669,5.17000454721669,2.476455901792477
telecom_cluster_03524,syn_ts_192_7_1p0240,0.1501478552818298,1.9073148860205122,1.9073148860205122,4.072027153430929,2.1647122674104162,2.1647122674104162,0.9764207732050074
telecom_cluster_03564,syn_ts_192_7_1p0240,0.0834727883338928,2.3307218020980387,2.3307218020980387,3.7186882722978982,1.3879664701998595,1.3879664701998595,0.553013857127481
telecom_cluster_03618,syn_ts_192_7_1p0240,0.4168477654457092,1.1087210599004171,1.1087210599004171,4.854868974081881,3.7461479141814635,3.7461479141814635,1.7750145993251025
telecom_cluster_03651,syn_ts_192_7_1p0240,1.1597977876663208,0.0,0.0,6.521601191126225,6.521601191126225,6.521601191126225,2.8837356592255197
telecom_cluster_03674,syn_ts_192_7_1p0240,2.5717499256134033,0.0,0.0,7.724781522860085,7.724781522860085,7.724781522860085,2.8837356592255197
telecom_cluster_03708,syn_ts_192_7_1p0240,1.2645727396011353,0.0,0.0,6.767243015553455,6.767243015553455,6.767243015553455,2.8837356592255197
telecom_cluster_03799,syn_ts_192_7_1p0240,0.4930477738380432,0.9049203649920639,0.9049203649920639,5.055425199774869,4.150504834782805,4.150504834782805,1.9788152942334558
telecom_cluster_03925,syn_ts_192_7_1p0240,0.7311728596687317,0.40727975743304257,0.40727975743304257,5.577284304649733,5.17000454721669,5.17000454721669,2.476455901792477
telecom_cluster_03926,syn_ts_192_7_1p0240,0.5025728344917297,0.8850150481316365,0.8850150481316365,5.076299019989664,4.191283971858027,4.191283971858027,1.998720611093883
telecom_cluster_03951,syn_ts_192_7_1p0240,0.7502228617668152,0.367467553031653,0.367467553031653,5.619203673098561,5.251736120066908,5.251736120066908,2.5162681061938668
telecom_cluster_04006,syn_ts_192_7_1p0240,0.3215978741645813,1.3939474280284356,1.3939474280284356,4.598428113447219,3.2044806854187833,3.2044806854187833,1.489788231197084
telecom_cluster_04034,syn_ts_192_7_1p0240,0.3215978741645813,1.3939474280284356,1.3939474280284356,4.598428113447219,3.2044806854187833,3.2044806854187833,1.489788231197084
subway_w_8_st_ny_aquarium_fq,syn_ts_192_7_1p0240,0.2549228072166443,1.593598343314416,1.593598343314416,4.404810780322897,2.8112124370084812,2.8112124370084812,1.2901373159111036
subway_ocean_pkwy_q,syn_ts_192_7_1p0240,0.2168228030204773,1.7076775071160597,1.7076775071160597,4.2837984835204335,2.5761209764043738,2.5761209764043738,1.17605815210946
subway_coney_island_stillwell_av_dfnq,syn_ts_192_7_1p0240,0.054897841066122,2.520049248728381,2.520049248728381,3.4984970078756987,0.9784477591473175,0.9784477591473175,0.36368641049713846
subway_howard_beach_jfk_airport_a,syn_ts_192_7_1p0240,0.0453727804124355,2.5831559954442236,2.5831559954442236,3.425099316906066,0.8419433214618426,0.8419433214618426,0.3005796637812961
subway_smith_9_sts_fg,syn_ts_192_7_1p0240,0.0453727804124355,2.5831559954442236,2.5831559954442236,3.425099316906066,0.8419433214618426,0.8419433214618426,0.3005796637812961
water_owls_head_wwtp,syn_ts_192_7_1p0240,1.0073977708816528,0.0,0.0,6.185319437732245,6.185319437732245,6.185319437732245,2.8837356592255197
water_brooklyn_navy_yard_admiral_row,syn_ts_192_7_1p0240,0.5025728344917297,0.8850150481316365,0.8850150481316365,5.076299019989664,4.191283971858027,4.191283971858027,1.998720611093883
water_hunts_point_wwtp,syn_ts_192_7_1p0240,0.7311728596687317,0.40727975743304257,0.40727975743304257,5.577284304649733,5.17000454721669,5.17000454721669,2.476455901792477
water_spring_creek_park,syn_ts_192_7_1p0240,1.2264727354049685,0.0,0.0,6.671470683461013,6.671470683461013,6.671470683461013,2.8837356592255197
water_throgs_neck_sewage_pump_station,syn_ts_192_7_1p0240,0.1691978573799133,1.8502755839142238,1.8502755839142238,4.132533301832161,2.282257717917937,2.282257717917937,1.033460075311296
water_marble_hill_sewage_pump_statn,syn_ts_192_7_1p0240,0.3787478804588318,1.22281435047372,1.22281435047372,4.752292822396002,3.529478471922282,3.529478471922282,1.6609213087517998
water_lew_fidler_park_dep_pier,syn_ts_192_7_1p0240,0.4073228240013122,1.1372442932981972,1.1372442932981972,4.829225016397071,3.691980723098874,3.691980723098874,1.7464913659273225
fuel_station_gulf_0324,syn_ts_192_7_1p0240,0.2834978699684143,1.5080335633465163,1.5080335633465163,4.495570192239553,2.9875366288930367,2.9875366288930367,1.3757020958790034
fuel_station_allegiance_0402,syn_ts_192_7_1p0240,0.1977728009223938,1.7647168092223482,1.7647168092223482,4.2232923351192015,2.4585755258968534,2.4585755258968534,1.1190188500031715
fuel_station_shell_0531,syn_ts_192_7_1p0240,0.1882478594779968,1.7932362818079353,1.7932362818079353,4.1930394502333925,2.399803168425457,2.399803168425457,1.0904993774175844
fuel_station_allegiance_0536,syn_ts_192_7_1p0240,1.1978977918624878,0.0,0.0,6.60567162947472,6.60567162947472,6.60567162947472,2.8837356592255197
fuel_station_mobil_0695,syn_ts_192_7_1p0240,0.1310978531837463,2.0151415990447514,2.0151415990447514,4.011521005029697,1.9963794059849453,1.9963794059849453,0.8685940601807682
fuel_station_american_quick_start_auto_cent_0713,syn_ts_192_7_1p0240,0.0358478389680385,2.6462555822640934,2.6462555822640934,3.3129711841073006,0.6667156018432072,0.6667156018432072,0.23748007696142626
fuel_station_bp_0850,syn_ts_192_7_1p0240,0.3787478804588318,1.22281435047372,1.22281435047372,4.752292822396002,3.529478471922282,3.529478471922282,1.6609213087517998
fuel_station_citgo_0937,syn_ts_192_7_1p0240,1.4455478191375732,0.0,0.0,7.223434390570327,7.223434390570327,7.223434390570327,2.8837356592255197
fuel_station_unknown_gas_station_1040,syn_ts_192_7_1p0240,0.2549228072166443,1.593598343314416,1.593598343314416,4.404810780322897,2.8112124370084812,2.8112124370084812,1.2901373159111036
fuel_station_lukoil_1058,syn_ts_192_7_1p0240,4.598322868347168,0.0,0.0,7.724781522860085,7.724781522860085,7.724781522860085,2.8837356592255197
fuel_station_speedway_1103,syn_ts_192_7_1p0240,0.2072978615760803,1.7361969797016468,1.7361969797016468,4.2535455986346244,2.517348618932978,2.517348618932978,1.147538679523873
fuel_station_mobil_1104,syn_ts_192_7_1p0240,0.2739728093147278,1.5365552756553755,1.5365552756553755,4.465316928724129,2.9287616530687535,2.9287616530687535,1.3471803835701441
fuel_station_speedway_1105,syn_ts_192_7_1p0240,0.4454228281974792,1.0231506457427115,1.0231506457427115,4.931801489029594,3.9086508432868823,3.9086508432868823,1.8605850134828081
power_bruckner,syn_ts_156_15_1p066,0.3527546525001526,11.463727091135524,11.463727091135524,14.725515290395908,3.2617881992603834,3.2617881992603834,0.9370966628369839
power_east_83rd_street,syn_ts_156_15_1p066,0.12415461987257,12.071005623626718,12.071005623626718,13.813983861379109,1.742978237752391,1.742978237752391,0.32981813034579055
power_east_13th_street,syn_ts_156_15_1p066,0.6194546818733215,10.828270946817835,10.828270946817835,15.420651580638694,4.592380633820859,4.592380633820859,1.5725528071546737
power_east_36th_street,syn_ts_156_15_1p066,0.4194296002388,11.286604349938823,11.286604349938823,14.94056387355044,3.6539595236116167,3.6539595236116167,1.114219404033685
power_160th_avenue,syn_ts_156_15_1p066,0.2289295643568039,11.792669816772792,11.792669816772792,14.32613875292054,2.5334689361477487,2.5334689361477487,0.6081539371997167
power_howard_beach,syn_ts_156_15_1p066,0.6956546902656555,10.68106793805674,10.68106793805674,15.583246746344843,4.902178808288102,4.902178808288102,1.719755815915768
power_unknown129920,syn_ts_156_15_1p066,0.609929621219635,10.846671438057093,10.846671438057093,15.400327057741357,4.553655619684264,4.553655619684264,1.554152315915415
power_naughton,syn_ts_156_15_1p066,0.3146546483039856,11.5649401765853,11.5649401765853,14.602630275882154,3.0376900992968547,3.0376900992968547,0.8358835773872091
power_seaside,syn_ts_156_15_1p066,0.2956047654151916,11.61554640262938,11.61554640262938,14.541188153114351,2.9256417504849708,2.9256417504849708,0.7852773513431277
power_howland_hook,syn_ts_156_15_1p066,1.1052296161651611,0.0,0.0,16.39816942918838,10.3908329891556,10.3908329891556,12.400823753972508
telecom_cluster_00020,syn_ts_156_15_1p066,0.381329596042633,11.387817435388598,11.387817435388598,14.817678859036686,3.429861423648088,3.429861423648088,1.0130063185839102
telecom_cluster_00021,syn_ts_156_15_1p066,0.4099045395851135,11.31190777964167,11.31190777964167,14.909842427677464,3.5979346480357943,3.5979346480357943,1.0889159743308383
telecom_cluster_00024,syn_ts_156_15_1p066,0.3337047696113586,11.514333317179606,11.514333317179606,14.664073167628104,3.1497398504484977,3.1497398504484977,0.8864904367929025
telecom_cluster_00026,syn_ts_156_15_1p066,0.495629608631134,11.084178179039275,11.084178179039275,15.156434309182137,4.072256130142861,4.072256130142861,1.3166455749332329
telecom_cluster_00027,syn_ts_156_15_1p066,0.047954611480236,12.273431794526264,12.273431794526264,13.36501921069092,1.0915874161646553,1.0915874161646553,0.12739195944624448
telecom_cluster_00030,syn_ts_156_15_1p066,0.0193796679377555,12.349341450273192,12.349341450273192,12.873020787729557,0.5236793374563646,0.5236793374563646,0.05148230369931639
telecom_cluster_00032,syn_ts_156_15_1p066,0.2956047654151916,11.61554640262938,11.61554640262938,14.541188153114351,2.9256417504849708,2.9256417504849708,0.7852773513431277
telecom_cluster_00033,syn_ts_156_15_1p066,0.2384546250104904,11.767366387069947,11.767366387069947,14.356860198793514,2.5894938117235675,2.5894938117235675,0.6334573669025616
telecom_cluster_00066,syn_ts_156_15_1p066,2.533979654312134,0.0,0.0,20.49230691350449,20.49230691350449,20.49230691350449,12.400823753972508
telecom_cluster_00072,syn_ts_156_15_1p066,2.4482545852661133,0.0,0.0,20.49230691350449,20.49230691350449,20.49230691350449,12.400823753972508
telecom_cluster_00073,syn_ts_156_15_1p066,2.4482545852661133,0.0,0.0,20.49230691350449,20.49230691350449,20.49230691350449,12.400823753972508
telecom_cluster_00085,syn_ts_156_15_1p066,0.2003546208143234,11.86857947251972,11.86857947251972,14.233975184279762,2.3653957117600424,2.3653957117600424,0.5322442814527886
telecom_cluster_00099,syn_ts_156_15_1p066,0.0574796721339225,12.248128364823419,12.248128364823419,13.421140143212973,1.1730117783895544,1.1730117783895544,0.15269538914908942
telecom_cluster_00117,syn_ts_156_15_1p066,0.0574796721339225,12.248128364823419,12.248128364823419,13.421140143212973,1.1730117783895544,1.1730117783895544,0.15269538914908942
telecom_cluster_00119,syn_ts_156_15_1p066,0.0574796721339225,12.248128364823419,12.248128364823419,13.421140143212973,1.1730117783895544,1.1730117783895544,0.15269538914908942
telecom_cluster_00153,syn_ts_156_15_1p066,0.0574796721339225,12.248128364823419,12.248128364823419,13.421140143212973,1.1730117783895544,1.1730117783895544,0.15269538914908942
telecom_cluster_00170,syn_ts_156_15_1p066,0.4194296002388,11.286604349938823,11.286604349938823,14.94056387355044,3.6539595236116167,3.6539595236116167,1.114219404033685
telecom_cluster_00192,syn_ts_156_15_1p066,0.2956047654151916,11.61554640262938,11.61554640262938,14.541188153114351,2.9256417504849708,2.9256417504849708,0.7852773513431277
telecom_cluster_00238,syn_ts_156_15_1p066,1.2862045764923096,0.0,0.0,16.734798183814863,11.792680652318223,11.792680652318223,12.400823753972508
telecom_cluster_00272,syn_ts_156_15_1p066,0.1813047379255294,11.919185698563801,11.919185698563801,14.15070800786906,2.2315223093052587,2.2315223093052587,0.4816380554087072
telecom_cluster_00274,syn_ts_156_15_1p066,2.5435047149658203,0.0,0.0,20.49230691350449,20.49230691350449,20.49230691350449,12.400823753972508
telecom_cluster_00275,syn_ts_156_15_1p066,1.8196046352386477,0.0,0.0,18.0117347464986,18.0117347464986,18.0117347464986,12.400823753972508
telecom_cluster_00292,syn_ts_156_15_1p066,0.7337546944618225,10.607466433676192,10.607466433676192,15.664544329197916,5.057077895521724,5.057077895521724,1.793357320296316
telecom_cluster_00293,syn_ts_156_15_1p066,0.9814046025276184,0.510366044011819,0.510366044011819,16.167844415954153,8.821448619667882,8.821448619667882,11.890457709960689
telecom_cluster_00415,syn_ts_156_15_1p066,0.2479796856641769,11.7420629573671,11.7420629573671,14.38758164466649,2.64551868729939,2.64551868729939,0.6587607966054083
telecom_cluster_00416,syn_ts_156_15_1p066,2.8768796920776367,0.0,0.0,20.49230691350449,20.49230691350449,20.49230691350449,12.400823753972508
telecom_cluster_00493,syn_ts_156_15_1p066,1.229054570198059,0.0,0.0,16.628494331552915,11.338550475165444,11.338550475165444,12.400823753972508
telecom_cluster_00569,syn_ts_156_15_1p066,0.3337047696113586,11.514333317179606,11.514333317179606,14.664073167628104,3.1497398504484977,3.1497398504484977,0.8864904367929025
telecom_cluster_00571,syn_ts_156_15_1p066,0.0289047285914421,12.324038020570345,12.324038020570345,13.105104505648391,0.7810664850780462,0.7810664850780462,0.0767857334021631
telecom_cluster_00586,syn_ts_156_15_1p066,0.905204713344574,1.0210661001282788,1.0210661001282788,16.02610616801093,7.659045998185337,7.659045998185337,11.37975765384423
telecom_cluster_00615,syn_ts_156_15_1p066,0.0384295508265495,12.29873522422911,12.29873522422911,13.308898278168865,1.0101630539397544,1.0101630539397544,0.10208852974339777
telecom_cluster_00616,syn_ts_156_15_1p066,0.6956546902656555,10.68106793805674,10.68106793805674,15.583246746344843,4.902178808288102,4.902178808288102,1.719755815915768
telecom_cluster_00652,syn_ts_156_15_1p066,0.5908796191215515,10.883472190247367,10.883472190247367,15.359678266314821,4.476206076067454,4.476206076067454,1.517351563725141
telecom_cluster_00695,syn_ts_156_15_1p066,0.5908796191215515,10.883472190247367,10.883472190247367,15.359678266314821,4.476206076067454,4.476206076067454,1.517351563725141
telecom_cluster_00714,syn_ts_156_15_1p066,0.905204713344574,1.0210661001282788,1.0210661001282788,16.02610616801093,7.659045998185337,7.659045998185337,11.37975765384423
telecom_cluster_00738,syn_ts_156_15_1p066,0.4670546650886535,11.160087834786204,11.160087834786204,15.094170333937166,3.9340824991509624,3.9340824991509624,1.2407359191863048
telecom_cluster_00753,syn_ts_156_15_1p066,0.905204713344574,1.0210661001282788,1.0210661001282788,16.02610616801093,7.659045998185337,7.659045998185337,11.37975765384423
telecom_cluster_00783,syn_ts_156_15_1p066,0.5242045521736145,11.012274938057447,11.012274938057447,15.217407369137872,4.2051324310804254,4.2051324310804254,1.3885488159150619
telecom_cluster_00784,syn_ts_156_15_1p066,0.0574796721339225,12.248128364823419,12.248128364823419,13.421140143212973,1.1730117783895544,1.1730117783895544,0.15269538914908942
telecom_cluster_00792,syn_ts_156_15_1p066,0.2003546208143234,11.86857947251972,11.86857947251972,14.233975184279762,2.3653957117600424,2.3653957117600424,0.5322442814527886
telecom_cluster_00832,syn_ts_156_15_1p066,1.0957045555114746,0.0,0.0,16.380452009608366,10.309369531270988,10.309369531270988,12.400823753972508
telecom_cluster_00833,syn_ts_156_15_1p066,0.714704692363739,10.644267185866466,10.644267185866466,15.623895537771379,4.979628351904912,4.979628351904912,1.756556568106042
telecom_cluster_00840,syn_ts_156_15_1p066,4.162754535675049,0.0,0.0,20.49230691350449,20.49230691350449,20.49230691350449,12.400823753972508
telecom_cluster_00871,syn_ts_156_15_1p066,0.4765797257423401,11.134784405083359,11.134784405083359,15.115785772123736,3.9810013670403777,3.9810013670403777,1.2660393488891497
telecom_cluster_00879,syn_ts_156_15_1p066,0.8956796526908875,1.08490410648896,1.08490410648896,16.008388748430917,7.513744533940043,7.513744533940043,11.315919647483549
telecom_cluster_00887,syn_ts_156_15_1p066,3.8103296756744385,0.0,0.0,20.49230691350449,20.49230691350449,20.49230691350449,12.400823753972508
telecom_cluster_00923,syn_ts_156_15_1p066,0.3051295876502991,11.590243606288144,11.590243606288144,14.57190883000918,2.981665223721036,2.981665223721036,0.8105801476843641
telecom_cluster_00943,syn_ts_156_15_1p066,0.1717796772718429,11.944489128266648,11.944489128266648,14.094587075347004,2.150097947080356,2.150097947080356,0.4563346257058605
telecom_cluster_00944,syn_ts_156_15_1p066,0.0955796763300895,12.146915279373644,12.146915279373644,13.645622468557068,1.498707189183424,1.498707189183424,0.25390847459886423
telecom_cluster_01020,syn_ts_156_15_1p066,0.1336796730756759,12.045702213716421,12.045702213716421,13.87010475000291,1.82440253628649,1.82440253628649,0.35512154025608744
telecom_cluster_01046,syn_ts_156_15_1p066,0.533729612827301,10.993874446818188,10.993874446818188,15.23773189203521,4.243857445217023,4.243857445217023,1.4069493071543206
telecom_cluster_01096,syn_ts_156_15_1p066,0.7813796401023865,10.515464668344631,10.515464668344631,15.76616618058019,5.250701512235558,5.250701512235558,1.8853590856278775
telecom_cluster_01183,syn_ts_156_15_1p066,0.790904700756073,10.497064177105372,10.497064177105372,15.786490703477527,5.289426526372155,5.289426526372155,1.9037595768671363
telecom_cluster_01202,syn_ts_156_15_1p066,2.0482046604156494,0.0,0.0,20.49230691350449,19.139342108453526,19.139342108453526,12.400823753972508
telecom_cluster_01218,syn_ts_156_15_1p066,0.609929621219635,10.846671438057093,10.846671438057093,15.400327057741357,4.553655619684264,4.553655619684264,1.554152315915415
telecom_cluster_01237,syn_ts_156_15_1p066,1.0099796056747437,0.3188532233604723,0.3188532233604723,16.220996342085126,9.257350284659816,9.257350284659816,12.081970530612036
telecom_cluster_01668,syn_ts_156_15_1p066,0.1908295601606369,11.893882902222566,11.893882902222566,14.203253738406787,2.30937083618422,2.30937083618422,0.5069408517499419
telecom_cluster_01684,syn_ts_156_15_1p066,0.3718047738075256,11.413120231729833,11.413120231729833,14.786958182141857,3.3738379504120246,3.3738379504120246,0.9877035222426755
telecom_cluster_01693,syn_ts_156_15_1p066,0.6194546818733215,10.828270946817835,10.828270946817835,15.420651580638694,4.592380633820859,4.592380633820859,1.5725528071546737
telecom_cluster_01696,syn_ts_156_15_1p066,0.3527546525001526,11.463727091135524,11.463727091135524,14.725515290395908,3.2617881992603834,3.2617881992603834,0.9370966628369839
telecom_cluster_01697,syn_ts_156_15_1p066,0.495629608631134,11.084178179039275,11.084178179039275,15.156434309182137,4.072256130142861,4.072256130142861,1.3166455749332329
telecom_cluster_01698,syn_ts_156_15_1p066,0.495629608631134,11.084178179039275,11.084178179039275,15.156434309182137,4.072256130142861,4.072256130142861,1.3166455749332329
telecom_cluster_01699,syn_ts_156_15_1p066,0.495629608631134,11.084178179039275,11.084178179039275,15.156434309182137,4.072256130142861,4.072256130142861,1.3166455749332329
telecom_cluster_01701,syn_ts_156_15_1p066,0.1908295601606369,11.893882902222566,11.893882902222566,14.203253738406787,2.30937083618422,2.30937083618422,0.5069408517499419
telecom_cluster_01703,syn_ts_156_15_1p066,0.8480547070503235,10.38666192053455,10.38666192053455,15.908437077757139,5.521775157222589,5.521775157222589,2.0141618334379583
telecom_cluster_01704,syn_ts_156_15_1p066,0.6670796275138855,10.736269181486271,10.736269181486271,15.522273432020969,4.786004250534697,4.786004250534697,1.664554572486237
telecom_cluster_01716,syn_ts_156_15_1p066,0.495629608631134,11.084178179039275,11.084178179039275,15.156434309182137,4.072256130142861,4.072256130142861,1.3166455749332329
telecom_cluster_01749,syn_ts_156_15_1p066,2.3911046981811523,0.0,0.0,20.49230691350449,20.49230691350449,20.49230691350449,12.400823753972508
telecom_cluster_01750,syn_ts_156_15_1p066,0.3908546566963196,11.362514005685751,11.362514005685751,14.84840030490966,3.4858862992239086,3.4858862992239086,1.038309748286757
telecom_cluster_01751,syn_ts_156_15_1p066,0.790904700756073,10.497064177105372,10.497064177105372,15.786490703477527,5.289426526372155,5.289426526372155,1.9037595768671363
telecom_cluster_01826,syn_ts_156_15_1p066,0.4480045437812805,11.210694694191895,11.210694694191895,15.032727442191218,3.822032747999323,3.822032747999323,1.1901290597806131
telecom_cluster_01827,syn_ts_156_15_1p066,0.3718047738075256,11.413120231729833,11.413120231729833,14.786958182141857,3.3738379504120246,3.3738379504120246,0.9877035222426755
telecom_cluster_01861,syn_ts_156_15_1p066,0.047954611480236,12.273431794526264,12.273431794526264,13.36501921069092,1.0915874161646553,1.0915874161646553,0.12739195944624448
telecom_cluster_01863,syn_ts_156_15_1p066,1.038554549217224,0.12734080218602611,0.12734080218602611,16.274148157346414,9.693251040403773,9.693251040403773,12.273482951786482
telecom_cluster_01868,syn_ts_156_15_1p066,2.1625046730041504,0.0,0.0,20.49230691350449,20.49230691350449,20.49230691350449,12.400823753972508
telecom_cluster_01869,syn_ts_156_15_1p066,0.571829617023468,10.920272942437641,10.920272942437641,15.319029474888284,4.398756532450642,4.398756532450642,1.480550811534867
telecom_cluster_01897,syn_ts_156_15_1p066,1.34335458278656,0.0,0.0,16.841102036076812,12.249720168430304,12.249720168430304,12.400823753972508
telecom_cluster_01898,syn_ts_156_15_1p066,1.3624045848846436,0.0,0.0,16.876536653497464,12.402066673801,12.402066673801,12.400823753972508
telecom_cluster_01899,syn_ts_156_15_1p066,0.4289546608924866,11.261300920235978,11.261300920235978,14.971285319423414,3.7099843991874355,3.7099843991874355,1.13952283373653
telecom_cluster_01920,syn_ts_156_15_1p066,0.0574796721339225,12.248128364823419,12.248128364823419,13.421140143212973,1.1730117783895544,1.1730117783895544,0.15269538914908942
telecom_cluster_01921,syn_ts_156_15_1p066,0.0574796721339225,12.248128364823419,12.248128364823419,13.421140143212973,1.1730117783895544,1.1730117783895544,0.15269538914908942
telecom_cluster_01929,syn_ts_156_15_1p066,1.648154616355896,0.0,0.0,17.531039286436368,14.996662250116065,14.996662250116065,12.400823753972508
telecom_cluster_01946,syn_ts_156_15_1p066,0.1813047379255294,11.919185698563801,11.919185698563801,14.15070800786906,2.2315223093052587,2.2315223093052587,0.4816380554087072
telecom_cluster_01948,syn_ts_156_15_1p066,0.0289047285914421,12.324038020570345,12.324038020570345,13.105104505648391,0.7810664850780462,0.7810664850780462,0.0767857334021631
telecom_cluster_01949,syn_ts_156_15_1p066,0.047954611480236,12.273431794526264,12.273431794526264,13.36501921069092,1.0915874161646553,1.0915874161646553,0.12739195944624448
telecom_cluster_01952,syn_ts_156_15_1p066,0.0574796721339225,12.248128364823419,12.248128364823419,13.421140143212973,1.1730117783895544,1.1730117783895544,0.15269538914908942
telecom_cluster_01966,syn_ts_156_15_1p066,2.5054047107696533,0.0,0.0,20.49230691350449,20.49230691350449,20.49230691350449,12.400823753972508
telecom_cluster_01967,syn_ts_156_15_1p066,1.1242796182632446,0.0,0.0,16.433604046609027,10.55375888538266,10.55375888538266,12.400823753972508
telecom_cluster_02034,syn_ts_156_15_1p066,0.0574796721339225,12.248128364823419,12.248128364823419,13.421140143212973,1.1730117783895544,1.1730117783895544,0.15269538914908942
telecom_cluster_02087,syn_ts_156_15_1p066,0.4480045437812805,11.210694694191895,11.210694694191895,15.032727442191218,3.822032747999323,3.822032747999323,1.1901290597806131
telecom_cluster_02105,syn_ts_156_15_1p066,0.2575047612190246,11.716759488079154,11.716759488079154,14.418303138600598,2.701543650521444,2.701543650521444,0.6840642658933547
telecom_cluster_02107,syn_ts_156_15_1p066,0.609929621219635,10.846671438057093,10.846671438057093,15.400327057741357,4.553655619684264,4.553655619684264,1.554152315915415
telecom_cluster_02128,syn_ts_156_15_1p066,0.457529604434967,11.18539126448905,11.18539126448905,15.063448888064192,3.878057623575142,3.878057623575142,1.215432489483458
telecom_cluster_02179,syn_ts_156_15_1p066,0.8480547070503235,10.38666192053455,10.38666192053455,15.908437077757139,5.521775157222589,5.521775157222589,2.0141618334379583
telecom_cluster_02221,syn_ts_156_15_1p066,0.686129629611969,10.699468429296,10.699468429296,15.562922223447504,4.863453794151505,4.863453794151505,1.7013553246765092
telecom_cluster_02222,syn_ts_156_15_1p066,0.495629608631134,11.084178179039275,11.084178179039275,15.156434309182137,4.072256130142861,4.072256130142861,1.3166455749332329
telecom_cluster_02225,syn_ts_156_15_1p066,1.333829641342163,0.0,0.0,16.823384838236176,12.173547392414687,12.173547392414687,12.400823753972508
telecom_cluster_02226,syn_ts_156_15_1p066,2.1053545475006104,0.0,0.0,20.49230691350449,20.4404143963769,20.4404143963769,12.400823753972508
telecom_cluster_02267,syn_ts_156_15_1p066,0.638504683971405,10.79147019462756,10.79147019462756,15.461300372065232,4.669830177437671,4.669830177437671,1.6093535593449477
telecom_cluster_02268,syn_ts_156_15_1p066,0.7813796401023865,10.515464668344631,10.515464668344631,15.76616618058019,5.250701512235558,5.250701512235558,1.8853590856278775
telecom_cluster_02316,syn_ts_156_15_1p066,0.6194546818733215,10.828270946817835,10.828270946817835,15.420651580638694,4.592380633820859,4.592380633820859,1.5725528071546737
telecom_cluster_02478,syn_ts_156_15_1p066,0.381329596042633,11.387817435388598,11.387817435388598,14.817678859036686,3.429861423648088,3.429861423648088,1.0130063185839102
telecom_cluster_02479,syn_ts_156_15_1p066,2.0482046604156494,0.0,0.0,20.49230691350449,19.139342108453526,19.139342108453526,12.400823753972508
telecom_cluster_02523,syn_ts_156_15_1p066,0.5432546734809875,10.975473955578929,10.975473955578929,15.258056414932547,4.282582459353618,4.282582459353618,1.4253497983935794
telecom_cluster_02525,syn_ts_156_15_1p066,1.295729637145996,0.0,0.0,16.752515603394876,11.868854381673298,11.868854381673298,12.400823753972508
telecom_cluster_02576,syn_ts_156_15_1p066,0.6670796275138855,10.736269181486271,10.736269181486271,15.522273432020969,4.786004250534697,4.786004250534697,1.664554572486237
telecom_cluster_02580,syn_ts_156_15_1p066,0.3908546566963196,11.362514005685751,11.362514005685751,14.84840030490966,3.4858862992239086,3.4858862992239086,1.038309748286757
telecom_cluster_02582,syn_ts_156_15_1p066,0.571829617023468,10.920272942437641,10.920272942437641,15.319029474888284,4.398756532450642,4.398756532450642,1.480550811534867
telecom_cluster_02583,syn_ts_156_15_1p066,0.4861045479774475,11.109481608742122,11.109481608742122,15.136109786284798,4.026628177542676,4.026628177542676,1.2913421452303862
telecom_cluster_02634,syn_ts_156_15_1p066,0.2860797047615051,11.640849832332226,11.640849832332226,14.510466707241376,2.86961687490915,2.86961687490915,0.7599739216402828
telecom_cluster_02635,syn_ts_156_15_1p066,1.0957045555114746,0.0,0.0,16.380452009608366,10.309369531270988,10.309369531270988,12.400823753972508
telecom_cluster_02683,syn_ts_156_15_1p066,0.3908546566963196,11.362514005685751,11.362514005685751,14.84840030490966,3.4858862992239086,3.4858862992239086,1.038309748286757
telecom_cluster_02692,syn_ts_156_15_1p066,0.5623045563697815,10.9386734336769,10.9386734336769,15.298704951990947,4.360031518314047,4.360031518314047,1.462150320295608
telecom_cluster_02734,syn_ts_156_15_1p066,0.905204713344574,1.0210661001282788,1.0210661001282788,16.02610616801093,7.659045998185337,7.659045998185337,11.37975765384423
telecom_cluster_02741,syn_ts_156_15_1p066,0.6956546902656555,10.68106793805674,10.68106793805674,15.583246746344843,4.902178808288102,4.902178808288102,1.719755815915768
telecom_cluster_02750,syn_ts_156_15_1p066,0.5051546692848206,11.05887474933643,11.05887474933643,15.176758832079473,4.117884082743043,4.117884082743043,1.3419490046360778
telecom_cluster_02763,syn_ts_156_15_1p066,0.905204713344574,1.0210661001282788,1.0210661001282788,16.02610616801093,7.659045998185337,7.659045998185337,11.37975765384423
telecom_cluster_02764,syn_ts_156_15_1p066,0.905204713344574,1.0210661001282788,1.0210661001282788,16.02610616801093,7.659045998185337,7.659045998185337,11.37975765384423
telecom_cluster_02786,syn_ts_156_15_1p066,0.0765295550227165,12.197522138779338,12.197522138779338,13.53338060351296,1.3358584647336222,1.3358584647336222,0.2033016151931708
telecom_cluster_02793,syn_ts_156_15_1p066,0.9433045983314514,0.7657164715469479,0.7657164715469479,16.096975181112853,8.240246399678629,8.240246399678629,11.63510728242556
telecom_cluster_02794,syn_ts_156_15_1p066,0.7813796401023865,10.515464668344631,10.515464668344631,15.76616618058019,5.250701512235558,5.250701512235558,1.8853590856278775
telecom_cluster_02812,syn_ts_156_15_1p066,0.905204713344574,1.0210661001282788,1.0210661001282788,16.02610616801093,7.659045998185337,7.659045998185337,11.37975765384423
telecom_cluster_02813,syn_ts_156_15_1p066,0.905204713344574,1.0210661001282788,1.0210661001282788,16.02610616801093,7.659045998185337,7.659045998185337,11.37975765384423
telecom_cluster_02832,syn_ts_156_15_1p066,0.5432546734809875,10.975473955578929,10.975473955578929,15.258056414932547,4.282582459353618,4.282582459353618,1.4253497983935794
telecom_cluster_02839,syn_ts_156_15_1p066,0.8480547070503235,10.38666192053455,10.38666192053455,15.908437077757139,5.521775157222589,5.521775157222589,2.0141618334379583
telecom_cluster_02844,syn_ts_156_15_1p066,1.2862045764923096,0.0,0.0,16.734798183814863,11.792680652318223,11.792680652318223,12.400823753972508
telecom_cluster_02863,syn_ts_156_15_1p066,0.905204713344574,1.0210661001282788,1.0210661001282788,16.02610616801093,7.659045998185337,7.659045998185337,11.37975765384423
telecom_cluster_02891,syn_ts_156_15_1p066,0.7718546986579895,10.533864929295646,10.533864929295646,15.74584191205099,5.211976982755344,5.211976982755344,1.8669588246768622
telecom_cluster_02900,syn_ts_156_15_1p066,0.4003797173500061,11.337210575982905,11.337210575982905,14.879121750782636,3.541911174799731,3.541911174799731,1.0636131779896036
telecom_cluster_02901,syn_ts_156_15_1p066,0.2479796856641769,11.7420629573671,11.7420629573671,14.38758164466649,2.64551868729939,2.64551868729939,0.6587607966054083
telecom_cluster_02918,syn_ts_156_15_1p066,0.905204713344574,1.0210661001282788,1.0210661001282788,16.02610616801093,7.659045998185337,7.659045998185337,11.37975765384423
telecom_cluster_02947,syn_ts_156_15_1p066,0.867104709148407,1.2764165276634076,1.2764165276634076,15.949085869183675,6.958878427814285,6.958878427814285,11.124407226309101
telecom_cluster_02955,syn_ts_156_15_1p066,0.1908295601606369,11.893882902222566,11.893882902222566,14.203253738406787,2.30937083618422,2.30937083618422,0.5069408517499419
telecom_cluster_02957,syn_ts_156_15_1p066,0.2956047654151916,11.61554640262938,11.61554640262938,14.541188153114351,2.9256417504849708,2.9256417504849708,0.7852773513431277
telecom_cluster_02980,syn_ts_156_15_1p066,0.905204713344574,1.0210661001282788,1.0210661001282788,16.02610616801093,7.659045998185337,7.659045998185337,11.37975765384423
telecom_cluster_03010,syn_ts_156_15_1p066,1.2385796308517456,0.0,0.0,16.646211751132928,11.411814865561217,11.411814865561217,12.400823753972508
telecom_cluster_03042,syn_ts_156_15_1p066,1.1719045639038086,0.0,0.0,16.522190479290963,10.939258703724228,10.939258703724228,12.400823753972508
telecom_cluster_03043,syn_ts_156_15_1p066,0.82900470495224,10.423462672724824,10.423462672724824,15.867788286330601,5.444325613605777,5.444325613605777,1.9773610812476843
telecom_cluster_03071,syn_ts_156_15_1p066,0.6670796275138855,10.736269181486271,10.736269181486271,15.522273432020969,4.786004250534697,4.786004250534697,1.664554572486237
telecom_cluster_03098,syn_ts_156_15_1p066,0.3527546525001526,11.463727091135524,11.463727091135524,14.725515290395908,3.2617881992603834,3.2617881992603834,0.9370966628369839
telecom_cluster_03146,syn_ts_156_15_1p066,0.724229633808136,10.625866924915451,10.625866924915451,15.64421980630058,5.018352881385129,5.018352881385129,1.7749568290570572
telecom_cluster_03197,syn_ts_156_15_1p066,1.4862295389175415,0.0,0.0,17.15749234670029,13.442949272879076,13.442949272879076,12.400823753972508
telecom_cluster_03207,syn_ts_156_15_1p066,1.952954649925232,0.0,0.0,18.51874891138179,18.51874891138179,18.51874891138179,12.400823753972508
telecom_cluster_03214,syn_ts_156_15_1p066,0.8575796484947205,1.3402545340240888,1.3402545340240888,15.928761346286338,6.064606777137197,6.064606777137197,11.06056921994842
telecom_cluster_03250,syn_ts_156_15_1p066,4.315154552459717,0.0,0.0,20.49230691350449,20.49230691350449,20.49230691350449,12.400823753972508
telecom_cluster_03261,syn_ts_156_15_1p066,0.8956796526908875,1.08490410648896,1.08490410648896,16.008388748430917,7.513744533940043,7.513744533940043,11.315919647483549
telecom_cluster_03262,syn_ts_156_15_1p066,1.4005045890808103,0.0,0.0,16.959732412432356,12.719086208635979,12.719086208635979,12.400823753972508
telecom_cluster_03306,syn_ts_156_15_1p066,0.3718047738075256,11.413120231729833,11.413120231729833,14.786958182141857,3.3738379504120246,3.3738379504120246,0.9877035222426755
telecom_cluster_03307,syn_ts_156_15_1p066,1.9720046520233152,0.0,0.0,18.5911795063651,18.5911795063651,18.5911795063651,12.400823753972508
telecom_cluster_03328,syn_ts_156_15_1p066,0.533729612827301,10.993874446818188,10.993874446818188,15.23773189203521,4.243857445217023,4.243857445217023,1.4069493071543206
telecom_cluster_03370,syn_ts_156_15_1p066,0.648029625415802,10.773069933676545,10.773069933676545,15.48162464059443,4.7085547069178855,4.7085547069178855,1.627753820295963
telecom_cluster_03371,syn_ts_156_15_1p066,1.5529046058654783,0.0,0.0,17.311305873357902,14.005954773161882,14.005954773161882,12.400823753972508
telecom_cluster_03380,syn_ts_156_15_1p066,0.0765295550227165,12.197522138779338,12.197522138779338,13.53338060351296,1.3358584647336222,1.3358584647336222,0.2033016151931708
telecom_cluster_03400,syn_ts_156_15_1p066,0.762329638004303,10.552265420534903,10.552265420534903,15.725517389153653,5.17325196861875,5.17325196861875,1.8485583334376052
telecom_cluster_03401,syn_ts_156_15_1p066,0.82900470495224,10.423462672724824,10.423462672724824,15.867788286330601,5.444325613605777,5.444325613605777,1.9773610812476843
telecom_cluster_03500,syn_ts_156_15_1p066,1.2766796350479126,0.0,0.0,16.717080985974224,11.7165078763026,11.7165078763026,12.400823753972508
telecom_cluster_03524,syn_ts_156_15_1p066,0.6956546902656555,10.68106793805674,10.68106793805674,15.583246746344843,4.902178808288102,4.902178808288102,1.719755815915768
telecom_cluster_03564,syn_ts_156_15_1p066,0.6289796233177185,10.80987068586682,10.80987068586682,15.440975849167895,4.631105163301076,4.631105163301076,1.590953068105689
telecom_cluster_03570,syn_ts_156_15_1p066,0.2670295834541321,11.691456691737919,11.691456691737919,14.449023815495428,2.757567123757509,2.757567123757509,0.7093670622345893
telecom_cluster_03571,syn_ts_156_15_1p066,0.457529604434967,11.18539126448905,11.18539126448905,15.063448888064192,3.878057623575142,3.878057623575142,1.215432489483458
telecom_cluster_03588,syn_ts_156_15_1p066,0.3622797131538391,11.43842366143268,11.43842366143268,14.756236736268882,3.3178130748362022,3.3178130748362022,0.9624000925398288
telecom_cluster_03618,syn_ts_156_15_1p066,0.9623546004295348,0.6380412577793834,0.6380412577793834,16.1324097985335,8.530847509673253,8.530847509673253,11.762782496193125
telecom_cluster_03651,syn_ts_156_15_1p066,1.7053046226501465,0.0,0.0,17.662879334283446,15.711266091638649,15.711266091638649,12.400823753972508
telecom_cluster_03674,syn_ts_156_15_1p066,2.5717499256134033,0.0,0.0,20.49230691350449,20.49230691350449,20.49230691350449,12.400823753972508
telecom_cluster_03688,syn_ts_156_15_1p066,0.1717796772718429,11.944489128266648,11.944489128266648,14.094587075347004,2.150097947080356,2.150097947080356,0.4563346257058605
telecom_cluster_03708,syn_ts_156_15_1p066,1.810079574584961,0.0,0.0,17.975519222382303,17.975519222382303,17.975519222382303,12.400823753972508
telecom_cluster_03766,syn_ts_156_15_1p066,0.4194296002388,11.286604349938823,11.286604349938823,14.94056387355044,3.6539595236116167,3.6539595236116167,1.114219404033685
telecom_cluster_03799,syn_ts_156_15_1p066,1.038554549217224,0.12734080218602611,0.12734080218602611,16.274148157346414,9.693251040403773,9.693251040403773,12.273482951786482
telecom_cluster_03925,syn_ts_156_15_1p066,1.2766796350479126,0.0,0.0,16.717080985974224,11.7165078763026,11.7165078763026,12.400823753972508
telecom_cluster_03926,syn_ts_156_15_1p066,1.0480796098709106,0.06350279582534347,0.06350279582534347,16.291865576926426,9.83855250464907,9.83855250464907,12.337320958147165
telecom_cluster_03951,syn_ts_156_15_1p066,1.295729637145996,0.0,0.0,16.752515603394876,11.868854381673298,11.868854381673298,12.400823753972508
telecom_cluster_04005,syn_ts_156_15_1p066,0.086054615676403,12.17221870907649,12.17221870907649,13.589501536035014,1.4172828269585231,1.4172828269585231,0.22860504489601752
telecom_cluster_04006,syn_ts_156_15_1p066,0.867104709148407,1.2764165276634076,1.2764165276634076,15.949085869183675,6.958878427814285,6.958878427814285,11.124407226309101
telecom_cluster_04034,syn_ts_156_15_1p066,0.867104709148407,1.2764165276634076,1.2764165276634076,15.949085869183675,6.958878427814285,6.958878427814285,11.124407226309101
hospital_bellevue_hospital_center,syn_ts_156_15_1p066,0.343229591846466,11.489030520838371,11.489030520838371,14.694793844522934,3.205763323684563,3.205763323684563,0.9117932331341372
hospital_coney_island_hospital,syn_ts_156_15_1p066,0.3337047696113586,11.514333317179606,11.514333317179606,14.664073167628104,3.1497398504484977,3.1497398504484977,0.8864904367929025
hospital_metropolitan_hospital_center,syn_ts_156_15_1p066,0.1813047379255294,11.919185698563801,11.919185698563801,14.15070800786906,2.2315223093052587,2.2315223093052587,0.4816380554087072
subway_tottenville_sir,syn_ts_156_15_1p066,0.343229591846466,11.489030520838371,11.489030520838371,14.694793844522934,3.205763323684563,3.205763323684563,0.9117932331341372
subway_richmond_valley_sir,syn_ts_156_15_1p066,0.3908546566963196,11.362514005685751,11.362514005685751,14.84840030490966,3.4858862992239086,3.4858862992239086,1.038309748286757
subway_w_8_st_ny_aquarium_fq,syn_ts_156_15_1p066,0.80042964220047,10.478663916154357,10.478663916154357,15.806814972006727,5.32815105585237,5.32815105585237,1.9221598378181515
subway_ocean_pkwy_q,syn_ts_156_15_1p066,0.762329638004303,10.552265420534903,10.552265420534903,15.725517389153653,5.17325196861875,5.17325196861875,1.8485583334376052
subway_coney_island_stillwell_av_dfnq,syn_ts_156_15_1p066,0.600404679775238,10.865071699008109,10.865071699008109,15.380002789212158,4.514931090204049,4.514931090204049,1.5357520549643997
subway_brighton_beach_bq,syn_ts_156_15_1p066,0.2289295643568039,11.792669816772792,11.792669816772792,14.32613875292054,2.5334689361477487,2.5334689361477487,0.6081539371997167
subway_neptune_av_f,syn_ts_156_15_1p066,0.2860797047615051,11.640849832332226,11.640849832332226,14.510466707241376,2.86961687490915,2.86961687490915,0.7599739216402828
subway_clifton_sir,syn_ts_156_15_1p066,0.2479796856641769,11.7420629573671,11.7420629573671,14.38758164466649,2.64551868729939,2.64551868729939,0.6587607966054083
subway_stapleton_sir,syn_ts_156_15_1p066,0.3527546525001526,11.463727091135524,11.463727091135524,14.725515290395908,3.2617881992603834,3.2617881992603834,0.9370966628369839
subway_howard_beach_jfk_airport_a,syn_ts_156_15_1p066,0.5908796191215515,10.883472190247367,10.883472190247367,15.359678266314821,4.476206076067454,4.476206076067454,1.517351563725141
subway_smith_9_sts_fg,syn_ts_156_15_1p066,0.5908796191215515,10.883472190247367,10.883472190247367,15.359678266314821,4.476206076067454,4.476206076067454,1.517351563725141
subway_south_ferry_1,syn_ts_156_15_1p066,0.4099045395851135,11.31190777964167,11.31190777964167,14.909842427677464,3.5979346480357943,3.5979346480357943,1.0889159743308383
subway_whitehall_st_south_ferry_rw,syn_ts_156_15_1p066,0.1432047337293625,12.020398784013576,12.020398784013576,13.926225682524965,1.905826898511389,1.905826898511389,0.3804249699589324
subway_canal_st_ace,syn_ts_156_15_1p066,0.0289047285914421,12.324038020570345,12.324038020570345,13.105104505648391,0.7810664850780462,0.7810664850780462,0.0767857334021631
subway_canal_st_1,syn_ts_156_15_1p066,0.0289047285914421,12.324038020570345,12.324038020570345,13.105104505648391,0.7810664850780462,0.7810664850780462,0.0767857334021631
water_owls_head_wwtp,syn_ts_156_15_1p066,1.5529046058654783,0.0,0.0,17.311305873357902,14.005954773161882,14.005954773161882,12.400823753972508
water_brooklyn_navy_yard_admiral_row,syn_ts_156_15_1p066,1.0480796098709106,0.06350279582534347,0.06350279582534347,16.291865576926426,9.83855250464907,9.83855250464907,12.337320958147165
water_hunts_point_wwtp,syn_ts_156_15_1p066,1.2766796350479126,0.0,0.0,16.717080985974224,11.7165078763026,11.7165078763026,12.400823753972508
water_zerega_industrial_park,syn_ts_156_15_1p066,0.4099045395851135,11.31190777964167,11.31190777964167,14.909842427677464,3.5979346480357943,3.5979346480357943,1.0889159743308383
water_manhattan_sewage_pump_station,syn_ts_156_15_1p066,0.4480045437812805,11.210694694191895,11.210694694191895,15.032727442191218,3.822032747999323,3.822032747999323,1.1901290597806131
water_coney_island_wpcp,syn_ts_156_15_1p066,0.1336796730756759,12.045702213716421,12.045702213716421,13.87010475000291,1.82440253628649,1.82440253628649,0.35512154025608744
water_gowanus_pumping_station,syn_ts_156_15_1p066,0.3622797131538391,11.43842366143268,11.43842366143268,14.756236736268882,3.3178130748362022,3.3178130748362022,0.9624000925398288
water_spring_creek_park,syn_ts_156_15_1p066,1.771979570388794,0.0,0.0,17.830658032415677,17.17243936780984,17.17243936780984,12.400823753972508
water_destratification_facility,syn_ts_156_15_1p066,0.1908295601606369,11.893882902222566,11.893882902222566,14.203253738406787,2.30937083618422,2.30937083618422,0.5069408517499419
water_mason_avenue_pumping_station,syn_ts_156_15_1p066,0.3146546483039856,11.5649401765853,11.5649401765853,14.602630275882154,3.0376900992968547,3.0376900992968547,0.8358835773872091
water_grand_canal_court_park,syn_ts_156_15_1p066,0.0289047285914421,12.324038020570345,12.324038020570345,13.105104505648391,0.7810664850780462,0.7810664850780462,0.0767857334021631
water_throgs_neck_sewage_pump_station,syn_ts_156_15_1p066,0.714704692363739,10.644267185866466,10.644267185866466,15.623895537771379,4.979628351904912,4.979628351904912,1.756556568106042
water_marble_hill_sewage_pump_statn,syn_ts_156_15_1p066,0.9242547154426576,0.8933908863607143,0.8933908863607143,16.06154078543158,7.949647108179962,7.949647108179962,11.507432867611794
water_lew_fidler_park_dep_pier,syn_ts_156_15_1p066,0.952829658985138,0.7018784651862666,0.7018784651862666,16.114692600692866,8.385547863923922,8.385547863923922,11.698945288786241
water_newtown_creek_wwtp,syn_ts_156_15_1p066,0.3241797089576721,11.539636746882453,11.539636746882453,14.63335172175513,3.093714974872677,3.093714974872677,0.8611870070900558
fuel_station_gulf_0324,syn_ts_156_15_1p066,0.82900470495224,10.423462672724824,10.423462672724824,15.867788286330601,5.444325613605777,5.444325613605777,1.9773610812476843
fuel_station_shell_0327,syn_ts_156_15_1p066,0.533729612827301,10.993874446818188,10.993874446818188,15.23773189203521,4.243857445217023,4.243857445217023,1.4069493071543206
fuel_station_allegiance_0402,syn_ts_156_15_1p066,0.7432796359062195,10.589066172725177,10.589066172725177,15.684868597727116,5.0958024250019385,5.0958024250019385,1.8117575812473312
fuel_station_shell_0531,syn_ts_156_15_1p066,0.7337546944618225,10.607466433676192,10.607466433676192,15.664544329197916,5.057077895521724,5.057077895521724,1.793357320296316
fuel_station_allegiance_0536,syn_ts_156_15_1p066,1.7434046268463137,0.0,0.0,17.750772699514833,16.538242733601585,16.538242733601585,12.400823753972508
fuel_station_bp_0597,syn_ts_156_15_1p066,0.0384295508265495,12.29873522422911,12.29873522422911,13.308898278168865,1.0101630539397544,1.0101630539397544,0.10208852974339777
fuel_station_shell_0678,syn_ts_156_15_1p066,0.3527546525001526,11.463727091135524,11.463727091135524,14.725515290395908,3.2617881992603834,3.2617881992603834,0.9370966628369839
fuel_station_mobil_0695,syn_ts_156_15_1p066,0.676604688167572,10.717868690247014,10.717868690247014,15.542597954918305,4.824729264671291,4.824729264671291,1.682955063725494
fuel_station_american_quick_start_auto_cent_0713,syn_ts_156_15_1p066,0.5813546776771545,10.901872451198383,10.901872451198383,15.33935399778562,4.437481546587238,4.437481546587238,1.4989513027741257
fuel_station_speedway_0842,syn_ts_156_15_1p066,0.0955796763300895,12.146915279373644,12.146915279373644,13.645622468557068,1.498707189183424,1.498707189183424,0.25390847459886423
fuel_station_sonamax_0846,syn_ts_156_15_1p066,0.0955796763300895,12.146915279373644,12.146915279373644,13.645622468557068,1.498707189183424,1.498707189183424,0.25390847459886423
fuel_station_bp_0850,syn_ts_156_15_1p066,0.9242547154426576,0.8933908863607143,0.8933908863607143,16.06154078543158,7.949647108179962,7.949647108179962,11.507432867611794
fuel_station_mobil_0895,syn_ts_156_15_1p066,0.3146546483039856,11.5649401765853,11.5649401765853,14.602630275882154,3.0376900992968547,3.0376900992968547,0.8358835773872091
fuel_station_bp_0914,syn_ts_156_15_1p066,0.3146546483039856,11.5649401765853,11.5649401765853,14.602630275882154,3.0376900992968547,3.0376900992968547,0.8358835773872091
fuel_station_sunoco_0928,syn_ts_156_15_1p066,0.3051295876502991,11.590243606288144,11.590243606288144,14.57190883000918,2.981665223721036,2.981665223721036,0.8105801476843641
fuel_station_citgo_0936,syn_ts_156_15_1p066,0.1432047337293625,12.020398784013576,12.020398784013576,13.926225682524965,1.905826898511389,1.905826898511389,0.3804249699589324
fuel_station_citgo_0937,syn_ts_156_15_1p066,1.991054654121399,0.0,0.0,18.663610101348414,18.663610101348414,18.663610101348414,12.400823753972508
fuel_station_mobil_1019,syn_ts_156_15_1p066,0.3718047738075256,11.413120231729833,11.413120231729833,14.786958182141857,3.3738379504120246,3.3738379504120246,0.9877035222426755
fuel_station_unknown_gas_station_1040,syn_ts_156_15_1p066,0.80042964220047,10.478663916154357,10.478663916154357,15.806814972006727,5.32815105585237,5.32815105585237,1.9221598378181515
fuel_station_citgo_1044,syn_ts_156_15_1p066,0.3146546483039856,11.5649401765853,11.5649401765853,14.602630275882154,3.0376900992968547,3.0376900992968547,0.8358835773872091
fuel_station_lukoil_1058,syn_ts_156_15_1p066,5.143829822540283,0.0,0.0,20.49230691350449,20.49230691350449,20.49230691350449,12.400823753972508
fuel_station_speedway_1103,syn_ts_156_15_1p066,0.752804696559906,10.570665681485918,10.570665681485918,15.705193120624454,5.134527439138536,5.134527439138536,1.83015807248659
fuel_station_mobil_1104,syn_ts_156_15_1p066,0.8194796442985535,10.441863163964083,10.441863163964083,15.847463763433264,5.405600599469182,5.405600599469182,1.9589605900084255
fuel_station_speedway_1105,syn_ts_156_15_1p066,0.9909296631813048,0.44652803765113774,0.44652803765113774,16.185561835534166,8.966750083913173,8.966750083913173,11.95429571632137
fuel_station_bp_1149,syn_ts_156_15_1p066,0.495629608631134,11.084178179039275,11.084178179039275,15.156434309182137,4.072256130142861,4.072256130142861,1.3166455749332329
power_howard_beach,syn_ts_810_14_1p1460,0.0547100231051445,3.293148573556603,3.293148573556603,5.092946893962135,1.799798320405532,1.799798320405532,0.564262782182825
power_howland_hook,syn_ts_810_14_1p1460,0.4642850160598755,1.4835698843557796,1.4835698843557796,6.471325610423917,4.987755726068137,4.987755726068137,2.373841471383648
telecom_cluster_00066,syn_ts_810_14_1p1460,1.8930349349975584,0.0,0.0,11.646029736014782,11.646029736014782,11.646029736014782,3.857411355739428
telecom_cluster_00072,syn_ts_810_14_1p1460,1.8073099851608276,0.0,0.0,11.646029736014782,11.646029736014782,11.646029736014782,3.857411355739428
telecom_cluster_00073,syn_ts_810_14_1p1460,1.8073099851608276,0.0,0.0,11.646029736014782,11.646029736014782,11.646029736014782,3.857411355739428
telecom_cluster_00238,syn_ts_810_14_1p1460,0.6452599763870239,0.9702073551568169,0.9702073551568169,6.958793380477181,5.988586025320364,5.988586025320364,2.887204000582611
telecom_cluster_00274,syn_ts_810_14_1p1460,1.9025599956512451,0.0,0.0,11.646029736014782,11.646029736014782,11.646029736014782,3.857411355739428
telecom_cluster_00275,syn_ts_810_14_1p1460,1.1786599159240725,0.0,0.0,8.492032529048426,8.492032529048426,8.492032529048426,3.857411355739428
telecom_cluster_00292,syn_ts_810_14_1p1460,0.0928100273013114,3.0266869102360827,3.0266869102360827,5.246412022442688,2.2197251122066053,2.2197251122066053,0.8307244455033453
telecom_cluster_00293,syn_ts_810_14_1p1460,0.340459942817688,1.8869097211545298,1.8869097211545298,6.104154344681218,4.217244623526688,4.217244623526688,1.9705016345848982
telecom_cluster_00416,syn_ts_810_14_1p1460,2.2359349727630615,0.0,0.0,11.646029736014782,11.646029736014782,11.646029736014782,3.857411355739428
telecom_cluster_00493,syn_ts_810_14_1p1460,0.5881099700927734,1.1139689749805006,1.1139689749805006,6.804856139234371,5.69088716425387,5.69088716425387,2.7434423807589274
telecom_cluster_00586,syn_ts_810_14_1p1460,0.2642600536346435,2.1527257700609055,2.1527257700609055,5.876459782764904,3.7237340127039986,3.7237340127039986,1.7046855856785226
telecom_cluster_00616,syn_ts_810_14_1p1460,0.0547100231051445,3.293148573556603,3.293148573556603,5.092946893962135,1.799798320405532,1.799798320405532,0.564262782182825
telecom_cluster_00714,syn_ts_810_14_1p1460,0.2642600536346435,2.1527257700609055,2.1527257700609055,5.876459782764904,3.7237340127039986,3.7237340127039986,1.7046855856785226
telecom_cluster_00753,syn_ts_810_14_1p1460,0.2642600536346435,2.1527257700609055,2.1527257700609055,5.876459782764904,3.7237340127039986,3.7237340127039986,1.7046855856785226
telecom_cluster_00832,syn_ts_810_14_1p1460,0.4547599554061889,1.5120009151359073,1.5120009151359073,6.445669243001147,4.93366832786524,4.93366832786524,2.345410440603521
telecom_cluster_00833,syn_ts_810_14_1p1460,0.073760025203228,3.1599177418963427,3.1599177418963427,5.1696794582024115,2.009761716306069,2.009761716306069,0.6974936138430854
telecom_cluster_00840,syn_ts_810_14_1p1460,3.5218100547790527,0.0,0.0,11.646029736014782,11.646029736014782,11.646029736014782,3.857411355739428
telecom_cluster_00879,syn_ts_810_14_1p1460,0.254734992980957,2.185953036080604,2.185953036080604,5.84799773989293,3.6620447038123265,3.6620447038123265,1.6714583196588242
telecom_cluster_00887,syn_ts_810_14_1p1460,3.1693849563598633,0.0,0.0,11.646029736014782,11.646029736014782,11.646029736014782,3.857411355739428
telecom_cluster_01096,syn_ts_810_14_1p1460,0.1404349654912948,2.714063118293047,2.714063118293047,5.438243162947902,2.7241800446548554,2.7241800446548554,1.1433482374463813
telecom_cluster_01183,syn_ts_810_14_1p1460,0.1499600261449813,2.6695355418668703,2.6695355418668703,5.4766096851529085,2.807074143286038,2.807074143286038,1.1878758138725578
telecom_cluster_01202,syn_ts_810_14_1p1460,1.4072599411010742,0.0,0.0,9.333044814867165,9.333044814867165,9.333044814867165,3.857411355739428
telecom_cluster_01237,syn_ts_810_14_1p1460,0.369035005569458,1.7872283389456773,1.7872283389456773,6.189540117085244,4.402311778139566,4.402311778139566,2.0701830167937505
telecom_cluster_01703,syn_ts_810_14_1p1460,0.2071100324392318,2.4023717551419197,2.4023717551419197,5.70568854964226,3.3033167945003403,3.3033167945003403,1.4550396005975084
telecom_cluster_01704,syn_ts_810_14_1p1460,0.0261349603533744,3.5847619669764907,3.5847619669764907,4.977847807516852,1.3930858405403614,1.3930858405403614,0.2726493887629373
telecom_cluster_01749,syn_ts_810_14_1p1460,1.7501599788665771,0.0,0.0,11.646029736014782,11.646029736014782,11.646029736014782,3.857411355739428
telecom_cluster_01751,syn_ts_810_14_1p1460,0.1499600261449813,2.6695355418668703,2.6695355418668703,5.4766096851529085,2.807074143286038,2.807074143286038,1.1878758138725578
telecom_cluster_01863,syn_ts_810_14_1p1460,0.3976099491119385,1.6875473725870667,1.6875473725870667,6.274925533277375,4.587378160690308,4.587378160690308,2.1698639831523616
telecom_cluster_01868,syn_ts_810_14_1p1460,1.5215599536895752,0.0,0.0,11.646029736014782,10.270802157324601,10.270802157324601,3.857411355739428
telecom_cluster_01897,syn_ts_810_14_1p1460,0.7024099826812744,0.8284484433464879,0.8284484433464879,7.112730621719992,6.284282178373504,6.284282178373504,3.0289629123929402
telecom_cluster_01898,syn_ts_810_14_1p1460,0.7214599847793579,0.781195472743045,0.781195472743045,7.164043035467595,6.38284756272455,6.38284756272455,3.076215882996383
telecom_cluster_01929,syn_ts_810_14_1p1460,1.0072100162506104,0.09145779784781684,0.09145779784781684,7.947660197041268,7.85620239919345,7.85620239919345,3.7659535578916112
telecom_cluster_01966,syn_ts_810_14_1p1460,1.864459991455078,0.0,0.0,11.646029736014782,11.646029736014782,11.646029736014782,3.857411355739428
telecom_cluster_01967,syn_ts_810_14_1p1460,0.483335018157959,1.4267081786192928,1.4267081786192928,6.5226380241715205,5.095929845552227,5.095929845552227,2.4307031771201353
telecom_cluster_02179,syn_ts_810_14_1p1460,0.2071100324392318,2.4023717551419197,2.4023717551419197,5.70568854964226,3.3033167945003403,3.3033167945003403,1.4550396005975084
telecom_cluster_02221,syn_ts_810_14_1p1460,0.0451849624514579,3.3860254333163393,3.3860254333163393,5.054580371757129,1.6685549384407894,1.6685549384407894,0.47138592242308874
telecom_cluster_02225,syn_ts_810_14_1p1460,0.6928850412368774,0.852074780800639,0.852074780800639,7.0870745753951585,6.234999794594519,6.234999794594519,3.005336574938789
telecom_cluster_02226,syn_ts_810_14_1p1460,1.4644099473953247,0.0,0.0,9.62659701168784,9.62659701168784,9.62659701168784,3.857411355739428
telecom_cluster_02268,syn_ts_810_14_1p1460,0.1404349654912948,2.714063118293047,2.714063118293047,5.438243162947902,2.7241800446548554,2.7241800446548554,1.1433482374463813
telecom_cluster_02479,syn_ts_810_14_1p1460,1.4072599411010742,0.0,0.0,9.333044814867165,9.333044814867165,9.333044814867165,3.857411355739428
telecom_cluster_02525,syn_ts_810_14_1p1460,0.6547850370407104,0.9465807220075251,0.9465807220075251,6.984449747899951,6.037869025892427,6.037869025892427,2.910830633731903
telecom_cluster_02576,syn_ts_810_14_1p1460,0.0261349603533744,3.5847619669764907,3.5847619669764907,4.977847807516852,1.3930858405403614,1.3930858405403614,0.2726493887629373
telecom_cluster_02635,syn_ts_810_14_1p1460,0.4547599554061889,1.5120009151359073,1.5120009151359073,6.445669243001147,4.93366832786524,4.93366832786524,2.345410440603521
telecom_cluster_02734,syn_ts_810_14_1p1460,0.2642600536346435,2.1527257700609055,2.1527257700609055,5.876459782764904,3.7237340127039986,3.7237340127039986,1.7046855856785226
telecom_cluster_02741,syn_ts_810_14_1p1460,0.0547100231051445,3.293148573556603,3.293148573556603,5.092946893962135,1.799798320405532,1.799798320405532,0.564262782182825
telecom_cluster_02763,syn_ts_810_14_1p1460,0.2642600536346435,2.1527257700609055,2.1527257700609055,5.876459782764904,3.7237340127039986,3.7237340127039986,1.7046855856785226
telecom_cluster_02764,syn_ts_810_14_1p1460,0.2642600536346435,2.1527257700609055,2.1527257700609055,5.876459782764904,3.7237340127039986,3.7237340127039986,1.7046855856785226
telecom_cluster_02793,syn_ts_810_14_1p1460,0.302359938621521,2.0198179535328387,2.0198179535328387,5.990306885617113,3.9704889320842747,3.9704889320842747,1.8375934022065894
telecom_cluster_02794,syn_ts_810_14_1p1460,0.1404349654912948,2.714063118293047,2.714063118293047,5.438243162947902,2.7241800446548554,2.7241800446548554,1.1433482374463813
telecom_cluster_02812,syn_ts_810_14_1p1460,0.2642600536346435,2.1527257700609055,2.1527257700609055,5.876459782764904,3.7237340127039986,3.7237340127039986,1.7046855856785226
telecom_cluster_02813,syn_ts_810_14_1p1460,0.2642600536346435,2.1527257700609055,2.1527257700609055,5.876459782764904,3.7237340127039986,3.7237340127039986,1.7046855856785226
telecom_cluster_02839,syn_ts_810_14_1p1460,0.2071100324392318,2.4023717551419197,2.4023717551419197,5.70568854964226,3.3033167945003403,3.3033167945003403,1.4550396005975084
telecom_cluster_02844,syn_ts_810_14_1p1460,0.6452599763870239,0.9702073551568169,0.9702073551568169,6.958793380477181,5.988586025320364,5.988586025320364,2.887204000582611
telecom_cluster_02863,syn_ts_810_14_1p1460,0.2642600536346435,2.1527257700609055,2.1527257700609055,5.876459782764904,3.7237340127039986,3.7237340127039986,1.7046855856785226
telecom_cluster_02891,syn_ts_810_14_1p1460,0.1309100240468979,2.760225299023013,2.760225299023013,5.399877120912632,2.6396518218896188,2.6396518218896188,1.097186056716415
telecom_cluster_02918,syn_ts_810_14_1p1460,0.2642600536346435,2.1527257700609055,2.1527257700609055,5.876459782764904,3.7237340127039986,3.7237340127039986,1.7046855856785226
telecom_cluster_02947,syn_ts_810_14_1p1460,0.2261600345373153,2.313317159566936,2.313317159566936,5.762612279174312,3.449295119607376,3.449295119607376,1.5440941961724919
telecom_cluster_02980,syn_ts_810_14_1p1460,0.2642600536346435,2.1527257700609055,2.1527257700609055,5.876459782764904,3.7237340127039986,3.7237340127039986,1.7046855856785226
telecom_cluster_03010,syn_ts_810_14_1p1460,0.59763503074646,1.0883396338178541,1.0883396338178541,6.830512506657142,5.742172872839287,5.742172872839287,2.769071721921574
telecom_cluster_03042,syn_ts_810_14_1p1460,0.530959963798523,1.2845540921899608,1.2845540921899608,6.65091889799156,5.3663648058016,5.3663648058016,2.5728572635494675
telecom_cluster_03043,syn_ts_810_14_1p1460,0.1880600303411483,2.491426350716903,2.491426350716903,5.6300748136334615,3.1386484629165583,3.1386484629165583,1.3659850050225248
telecom_cluster_03071,syn_ts_810_14_1p1460,0.0261349603533744,3.5847619669764907,3.5847619669764907,4.977847807516852,1.3930858405403614,1.3930858405403614,0.2726493887629373
telecom_cluster_03146,syn_ts_810_14_1p1460,0.0832849666476249,3.09330274292582,3.09330274292582,5.208045500237682,2.114742757311862,2.114742757311862,0.7641086128136081
telecom_cluster_03197,syn_ts_810_14_1p1460,0.8452849388122559,0.4771172221406145,0.4771172221406145,7.502413950008207,7.025296727867593,7.025296727867593,3.3802941335988135
telecom_cluster_03207,syn_ts_810_14_1p1460,1.3120099306106567,0.0,0.0,8.966535892305824,8.966535892305824,8.966535892305824,3.857411355739428
telecom_cluster_03214,syn_ts_810_14_1p1460,0.2166349738836288,2.357844735993113,2.357844735993113,5.734150236302338,3.376305500309225,3.376305500309225,1.4995666197463149
telecom_cluster_03250,syn_ts_810_14_1p1460,3.6742098331451416,0.0,0.0,11.646029736014782,11.646029736014782,11.646029736014782,3.857411355739428
telecom_cluster_03261,syn_ts_810_14_1p1460,0.254734992980957,2.185953036080604,2.185953036080604,5.84799773989293,3.6620447038123265,3.6620447038123265,1.6714583196588242
telecom_cluster_03262,syn_ts_810_14_1p1460,0.7595599889755249,0.686689531536159,0.686689531536159,7.2678936540024175,6.581204122466259,6.581204122466259,3.170721824203269
telecom_cluster_03307,syn_ts_810_14_1p1460,1.3310599327087402,0.0,0.0,9.039837676818093,9.039837676818093,9.039837676818093,3.857411355739428
telecom_cluster_03371,syn_ts_810_14_1p1460,0.9119600057601928,0.31831619921929155,0.31831619921929155,7.684818914567732,7.366502715348441,7.366502715348441,3.5390951565201365
telecom_cluster_03400,syn_ts_810_14_1p1460,0.1213849708437919,2.8268410796052996,2.8268410796052996,5.361510628718235,2.534669549112935,2.534669549112935,1.0305702761341284
telecom_cluster_03401,syn_ts_810_14_1p1460,0.1880600303411483,2.491426350716903,2.491426350716903,5.6300748136334615,3.1386484629165583,3.1386484629165583,1.3659850050225248
telecom_cluster_03500,syn_ts_810_14_1p1460,0.635735034942627,0.993833692610968,0.993833692610968,6.933137334152348,5.93930364154138,5.93930364154138,2.86357766312846
telecom_cluster_03524,syn_ts_810_14_1p1460,0.0547100231051445,3.293148573556603,3.293148573556603,5.092946893962135,1.799798320405532,1.799798320405532,0.564262782182825
telecom_cluster_03618,syn_ts_810_14_1p1460,0.3214099407196045,1.9533638373436841,1.9533638373436841,6.047230615149165,4.093866777805481,4.093866777805481,1.904047518395744
telecom_cluster_03651,syn_ts_810_14_1p1460,1.0643600225448608,0.0,0.0,8.129117767211198,8.129117767211198,8.129117767211198,3.857411355739428
telecom_cluster_03674,syn_ts_810_14_1p1460,2.5717499256134033,0.0,0.0,11.646029736014782,11.646029736014782,11.646029736014782,3.857411355739428
telecom_cluster_03708,syn_ts_810_14_1p1460,1.1691349744796753,0.0,0.0,8.461789789938088,8.461789789938088,8.461789789938088,3.857411355739428
telecom_cluster_03799,syn_ts_810_14_1p1460,0.3976099491119385,1.6875473725870667,1.6875473725870667,6.274925533277375,4.587378160690308,4.587378160690308,2.1698639831523616
telecom_cluster_03925,syn_ts_810_14_1p1460,0.635735034942627,0.993833692610968,0.993833692610968,6.933137334152348,5.93930364154138,5.93930364154138,2.86357766312846
telecom_cluster_03926,syn_ts_810_14_1p1460,0.407135009765625,1.6543201065673687,1.6543201065673687,6.3033875761493485,4.64906746958198,4.64906746958198,2.2030912491720596
telecom_cluster_03951,syn_ts_810_14_1p1460,0.6547850370407104,0.9465807220075251,0.9465807220075251,6.984449747899951,6.037869025892427,6.037869025892427,2.910830633731903
telecom_cluster_04006,syn_ts_810_14_1p1460,0.2261600345373153,2.313317159566936,2.313317159566936,5.762612279174312,3.449295119607376,3.449295119607376,1.5440941961724919
telecom_cluster_04034,syn_ts_810_14_1p1460,0.2261600345373153,2.313317159566936,2.313317159566936,5.762612279174312,3.449295119607376,3.449295119607376,1.5440941961724919
subway_w_8_st_ny_aquarium_fq,syn_ts_810_14_1p1460,0.1594849675893783,2.6250085227180633,2.6250085227180633,5.51497572718818,2.8899672044701163,2.8899672044701163,1.2324028330213648
subway_ocean_pkwy_q,syn_ts_810_14_1p1460,0.1213849708437919,2.8268410796052996,2.8268410796052996,5.361510628718235,2.534669549112935,2.534669549112935,1.0305702761341284
water_owls_head_wwtp,syn_ts_810_14_1p1460,0.9119600057601928,0.31831619921929155,0.31831619921929155,7.684818914567732,7.366502715348441,7.366502715348441,3.5390951565201365
water_brooklyn_navy_yard_admiral_row,syn_ts_810_14_1p1460,0.407135009765625,1.6543201065673687,1.6543201065673687,6.3033875761493485,4.64906746958198,4.64906746958198,2.2030912491720596
water_hunts_point_wwtp,syn_ts_810_14_1p1460,0.635735034942627,0.993833692610968,0.993833692610968,6.933137334152348,5.93930364154138,5.93930364154138,2.86357766312846
water_spring_creek_park,syn_ts_810_14_1p1460,1.1310349702835083,0.0,0.0,8.340818076491468,8.340818076491468,8.340818076491468,3.857411355739428
water_throgs_neck_sewage_pump_station,syn_ts_810_14_1p1460,0.073760025203228,3.1599177418963427,3.1599177418963427,5.1696794582024115,2.009761716306069,2.009761716306069,0.6974936138430854
water_marble_hill_sewage_pump_statn,syn_ts_810_14_1p1460,0.283310055732727,2.0862716538717514,2.0862716538717514,5.933383512296956,3.8471118584252046,3.8471118584252046,1.7711397018676767
water_lew_fidler_park_dep_pier,syn_ts_810_14_1p1460,0.3118849992752075,1.9865906875131405,1.9865906875131405,6.018768928489087,4.032178240975947,4.032178240975947,1.8708206682262876
fuel_station_gulf_0324,syn_ts_810_14_1p1460,0.1880600303411483,2.491426350716903,2.491426350716903,5.6300748136334615,3.1386484629165583,3.1386484629165583,1.3659850050225248
fuel_station_allegiance_0402,syn_ts_810_14_1p1460,0.1023349687457084,2.96007191126556,2.96007191126556,5.284778064477958,2.3247061532123983,2.3247061532123983,0.897339444473868
fuel_station_shell_0531,syn_ts_810_14_1p1460,0.0928100273013114,3.0266869102360827,3.0266869102360827,5.246412022442688,2.2197251122066053,2.2197251122066053,0.8307244455033453
fuel_station_allegiance_0536,syn_ts_810_14_1p1460,1.1024600267410278,0.0,0.0,8.25008948065782,8.25008948065782,8.25008948065782,3.857411355739428
fuel_station_mobil_0695,syn_ts_810_14_1p1460,0.035660021007061,3.485393078329135,3.485393078329135,5.016214329721858,1.5308212513927235,1.5308212513927235,0.37201827741029314
fuel_station_bp_0850,syn_ts_810_14_1p1460,0.283310055732727,2.0862716538717514,2.0862716538717514,5.933383512296956,3.8471118584252046,3.8471118584252046,1.7711397018676767
fuel_station_citgo_0937,syn_ts_810_14_1p1460,1.3501099348068235,0.0,0.0,9.113139461330361,9.113139461330361,9.113139461330361,3.857411355739428
fuel_station_unknown_gas_station_1040,syn_ts_810_14_1p1460,0.1594849675893783,2.6250085227180633,2.6250085227180633,5.51497572718818,2.8899672044701163,2.8899672044701163,1.2324028330213648
fuel_station_lukoil_1058,syn_ts_810_14_1p1460,4.502884864807129,0.0,0.0,11.646029736014782,11.646029736014782,11.646029736014782,3.857411355739428
fuel_station_speedway_1103,syn_ts_810_14_1p1460,0.1118600293993949,2.8934560785758223,2.8934560785758223,5.3231445866829645,2.429688508107142,2.429688508107142,0.9639552771636057
fuel_station_mobil_1104,syn_ts_810_14_1p1460,0.1785349696874618,2.5359539271430798,2.5359539271430798,5.591708291428455,3.0557543642853755,3.0557543642853755,1.3214574285963483
fuel_station_speedway_1105,syn_ts_810_14_1p1460,0.3499850034713745,1.8536824551348319,1.8536824551348319,6.132616387553192,4.27893393241836,4.27893393241836,2.003728900604596
power_east_13th_street,syn_ts_708_13_1p1567,0.2069342285394668,6.4676256346485,6.4676256346485,9.310453018723857,2.842827384075357,2.842827384075357,1.7861141765349737
power_howard_beach,syn_ts_708_13_1p1567,0.2831342220306396,6.165539354922165,6.165539354922165,9.474584923126628,3.3090455682044624,3.3090455682044624,2.0882004562613083
power_unknown129920,syn_ts_708_13_1p1567,0.1974091678857803,6.507942865827459,6.507942865827459,9.289936398275293,2.7819935324478333,2.7819935324478333,1.7457969453560143
power_howland_hook,syn_ts_708_13_1p1567,0.69270920753479,5.215982269275463,5.215982269275463,10.34984893733044,5.133866668054978,5.133866668054978,3.037757541908011
telecom_cluster_00026,syn_ts_708_13_1p1567,0.0831091478466987,6.991746644010415,6.991746644010415,8.692716389972546,1.700969745962131,1.700969745962131,1.2619931671730589
telecom_cluster_00066,syn_ts_708_13_1p1567,2.1214592456817627,0.0,0.0,11.265019108807005,11.265019108807005,11.265019108807005,8.253739811183474
telecom_cluster_00072,syn_ts_708_13_1p1567,2.035734176635742,0.0,0.0,11.265019108807005,11.265019108807005,11.265019108807005,8.253739811183474
telecom_cluster_00073,syn_ts_708_13_1p1567,2.035734176635742,0.0,0.0,11.265019108807005,11.265019108807005,11.265019108807005,8.253739811183474
telecom_cluster_00238,syn_ts_708_13_1p1567,0.8736841678619385,4.870867011035542,4.870867011035542,10.698627651086262,5.8277606400507205,5.8277606400507205,3.382872800147932
telecom_cluster_00274,syn_ts_708_13_1p1567,2.130984306335449,0.0,0.0,11.265019108807005,11.265019108807005,11.265019108807005,8.253739811183474
telecom_cluster_00275,syn_ts_708_13_1p1567,1.4070842266082764,3.8357034173643627,3.8357034173643627,11.265019108807005,7.429315691442643,7.429315691442643,4.418036393819111
telecom_cluster_00292,syn_ts_708_13_1p1567,0.3212342262268066,6.077208450379479,6.077208450379479,9.55680075776769,3.4795923073882102,3.4795923073882102,2.1765313608039945
telecom_cluster_00293,syn_ts_708_13_1p1567,0.5688841342926025,5.503057847226377,5.503057847226377,10.093267079109443,4.590209231883066,4.590209231883066,2.7506819639570965
telecom_cluster_00416,syn_ts_708_13_1p1567,2.4643592834472656,0.0,0.0,11.265019108807005,11.265019108807005,11.265019108807005,8.253739811183474
telecom_cluster_00493,syn_ts_708_13_1p1567,0.816534161567688,4.97612473039815,4.97612473039815,10.588998180250778,5.612873449852628,5.612873449852628,3.2776150807853233
telecom_cluster_00586,syn_ts_708_13_1p1567,0.4926842451095581,5.679719379937388,5.679719379937388,9.927760137944007,4.24804075800662,4.24804075800662,2.574020431246086
telecom_cluster_00616,syn_ts_708_13_1p1567,0.2831342220306396,6.165539354922165,6.165539354922165,9.474584923126628,3.3090455682044624,3.3090455682044624,2.0882004562613083
telecom_cluster_00652,syn_ts_708_13_1p1567,0.1783591657876968,6.5885768236018745,6.5885768236018745,9.195820176844041,2.6072433532421666,2.6072433532421666,1.6651629875815992
telecom_cluster_00695,syn_ts_708_13_1p1567,0.1783591657876968,6.5885768236018745,6.5885768236018745,9.195820176844041,2.6072433532421666,2.6072433532421666,1.6651629875815992
telecom_cluster_00714,syn_ts_708_13_1p1567,0.4926842451095581,5.679719379937388,5.679719379937388,9.927760137944007,4.24804075800662,4.24804075800662,2.574020431246086
telecom_cluster_00738,syn_ts_708_13_1p1567,0.0545342080295085,7.11269731261205,7.11269731261205,8.541785600221319,1.429088287609269,1.429088287609269,1.1410424985714238
telecom_cluster_00753,syn_ts_708_13_1p1567,0.4926842451095581,5.679719379937388,5.679719379937388,9.927760137944007,4.24804075800662,4.24804075800662,2.574020431246086
telecom_cluster_00783,syn_ts_708_13_1p1567,0.1116840913891792,6.870795959640546,6.870795959640546,8.843647199400491,1.9728512397599456,1.9728512397599456,1.3829438515429278
telecom_cluster_00832,syn_ts_708_13_1p1567,0.6831841468811035,5.238065133598316,5.238065133598316,10.330461657723943,5.092396524125626,5.092396524125626,3.0156746775851575
telecom_cluster_00833,syn_ts_708_13_1p1567,0.3021842241287231,6.121373902650823,6.121373902650823,9.515647766023756,3.3942738633729332,3.3942738633729332,2.132365908532651
telecom_cluster_00840,syn_ts_708_13_1p1567,3.750234365463257,0.0,0.0,11.265019108807005,11.265019108807005,11.265019108807005,8.253739811183474
telecom_cluster_00871,syn_ts_708_13_1p1567,0.0640592649579048,7.072380097201324,7.072380097201324,8.592096270123882,1.519716172922558,1.519716172922558,1.1813597139821495
telecom_cluster_00879,syn_ts_708_13_1p1567,0.4831591844558716,5.701802244260241,5.701802244260241,9.907124128315301,4.20532188405506,4.20532188405506,2.5519375669232325
telecom_cluster_00887,syn_ts_708_13_1p1567,3.3978092670440674,0.0,0.0,11.265019108807005,11.265019108807005,11.265019108807005,8.253739811183474
telecom_cluster_01046,syn_ts_708_13_1p1567,0.1212091520428657,6.830478728461586,6.830478728461586,8.89395788897977,2.0634791605181837,2.0634791605181837,1.4232610827218872
telecom_cluster_01096,syn_ts_708_13_1p1567,0.3688591718673706,5.966794957888302,5.966794957888302,9.659683108365883,3.6928881504775806,3.6928881504775806,2.2869448532951715
telecom_cluster_01183,syn_ts_708_13_1p1567,0.3783842325210571,5.944712093565449,5.944712093565449,9.680259732999486,3.7355476394340377,3.7355476394340377,2.309027717618025
telecom_cluster_01202,syn_ts_708_13_1p1567,1.6356842517852783,0.0,0.0,11.265019108807005,8.399617676080913,8.399617676080913,8.253739811183474
telecom_cluster_01218,syn_ts_708_13_1p1567,0.1974091678857803,6.507942865827459,6.507942865827459,9.289936398275293,2.7819935324478333,2.7819935324478333,1.7457969453560143
telecom_cluster_01237,syn_ts_708_13_1p1567,0.5974591970443726,5.43680953063218,5.43680953063218,10.155351152068913,4.718541621436733,4.718541621436733,2.8169302805512935
telecom_cluster_01693,syn_ts_708_13_1p1567,0.2069342285394668,6.4676256346485,6.4676256346485,9.310453018723857,2.842827384075357,2.842827384075357,1.7861141765349737
telecom_cluster_01697,syn_ts_708_13_1p1567,0.0831091478466987,6.991746644010415,6.991746644010415,8.692716389972546,1.700969745962131,1.700969745962131,1.2619931671730589
telecom_cluster_01698,syn_ts_708_13_1p1567,0.0831091478466987,6.991746644010415,6.991746644010415,8.692716389972546,1.700969745962131,1.700969745962131,1.2619931671730589
telecom_cluster_01699,syn_ts_708_13_1p1567,0.0831091478466987,6.991746644010415,6.991746644010415,8.692716389972546,1.700969745962131,1.700969745962131,1.2619931671730589
telecom_cluster_01703,syn_ts_708_13_1p1567,0.4355342388153076,5.812215736751418,5.812215736751418,9.803944854971267,3.9917291182198484,3.9917291182198484,2.4415240744320554
telecom_cluster_01704,syn_ts_708_13_1p1567,0.2545591592788696,6.266041055577155,6.266041055577155,9.413035318553236,3.146994262976081,3.146994262976081,1.9876987556063188
telecom_cluster_01716,syn_ts_708_13_1p1567,0.0831091478466987,6.991746644010415,6.991746644010415,8.692716389972546,1.700969745962131,1.700969745962131,1.2619931671730589
telecom_cluster_01749,syn_ts_708_13_1p1567,1.9785841703414917,0.0,0.0,11.265019108807005,11.265019108807005,11.265019108807005,8.253739811183474
telecom_cluster_01751,syn_ts_708_13_1p1567,0.3783842325210571,5.944712093565449,5.944712093565449,9.680259732999486,3.7355476394340377,3.7355476394340377,2.309027717618025
telecom_cluster_01826,syn_ts_708_13_1p1567,0.0354840867221355,7.193331774969968,7.193331774969968,8.44116422106276,1.2478324460927919,1.2478324460927919,1.0604080362135058
telecom_cluster_01863,syn_ts_708_13_1p1567,0.626034140586853,5.370561490412347,5.370561490412347,10.214138707999634,4.8435772175872875,4.8435772175872875,2.883178320771127
telecom_cluster_01868,syn_ts_708_13_1p1567,1.7499841451644895,0.0,0.0,11.265019108807005,9.14491581868013,9.14491581868013,8.253739811183474
telecom_cluster_01869,syn_ts_708_13_1p1567,0.1593091636896133,6.669210781376289,6.669210781376289,9.095199427340429,2.42598864596414,2.42598864596414,1.584529029807185
telecom_cluster_01897,syn_ts_708_13_1p1567,0.930834174156189,4.765609291672934,4.765609291672934,10.808295860113914,6.042686568440979,6.042686568440979,3.4881305195105394
telecom_cluster_01898,syn_ts_708_13_1p1567,0.9498841762542723,4.730523385218731,4.730523385218731,10.844898569693024,6.114375184474293,6.114375184474293,3.5232164259647423
telecom_cluster_01899,syn_ts_708_13_1p1567,0.0164342038333416,7.663078004156084,7.663078004156084,8.340544101214094,0.6774660970580104,0.6774660970580104,0.5906618070273897
telecom_cluster_01929,syn_ts_708_13_1p1567,1.235634207725525,4.204234788405691,4.204234788405691,11.265019108807005,7.060784320401313,7.060784320401313,4.049505022777782
telecom_cluster_01966,syn_ts_708_13_1p1567,2.0928843021392822,0.0,0.0,11.265019108807005,11.265019108807005,11.265019108807005,8.253739811183474
telecom_cluster_01967,syn_ts_708_13_1p1567,0.7117592096328735,5.17181681700412,5.17181681700412,10.38842052139463,5.2166037043905105,5.2166037043905105,3.0819229941793536
telecom_cluster_02087,syn_ts_708_13_1p1567,0.0354840867221355,7.193331774969968,7.193331774969968,8.44116422106276,1.2478324460927919,1.2478324460927919,1.0604080362135058
telecom_cluster_02107,syn_ts_708_13_1p1567,0.1974091678857803,6.507942865827459,6.507942865827459,9.289936398275293,2.7819935324478333,2.7819935324478333,1.7457969453560143
telecom_cluster_02128,syn_ts_708_13_1p1567,0.045009147375822,7.153014543791009,7.153014543791009,8.491474910642038,1.338460366851029,1.338460366851029,1.1007252673924643
telecom_cluster_02179,syn_ts_708_13_1p1567,0.4355342388153076,5.812215736751418,5.812215736751418,9.803944854971267,3.9917291182198484,3.9917291182198484,2.4415240744320554
telecom_cluster_02221,syn_ts_708_13_1p1567,0.2736091613769531,6.187622219245019,6.187622219245019,9.454068302678063,3.2664460834330447,3.2664460834330447,2.066117591938455
telecom_cluster_02222,syn_ts_708_13_1p1567,0.0831091478466987,6.991746644010415,6.991746644010415,8.692716389972546,1.700969745962131,1.700969745962131,1.2619931671730589
telecom_cluster_02225,syn_ts_708_13_1p1567,0.921309232711792,4.783152135121413,4.783152135121413,10.790017939654518,6.006865804533105,6.006865804533105,3.4705876760620606
telecom_cluster_02226,syn_ts_708_13_1p1567,1.6928342580795288,0.0,0.0,11.265019108807005,8.744215406510412,8.744215406510412,8.253739811183474
telecom_cluster_02267,syn_ts_708_13_1p1567,0.2259842306375503,6.386991676874086,6.386991676874086,9.351486002848684,2.9644943259745986,2.9644943259745986,1.866748134309388
telecom_cluster_02268,syn_ts_708_13_1p1567,0.3688591718673706,5.966794957888302,5.966794957888302,9.659683108365883,3.6928881504775806,3.6928881504775806,2.2869448532951715
telecom_cluster_02316,syn_ts_708_13_1p1567,0.2069342285394668,6.4676256346485,6.4676256346485,9.310453018723857,2.842827384075357,2.842827384075357,1.7861141765349737
telecom_cluster_02479,syn_ts_708_13_1p1567,1.6356842517852783,0.0,0.0,11.265019108807005,8.399617676080913,8.399617676080913,8.253739811183474
telecom_cluster_02523,syn_ts_708_13_1p1567,0.1307342201471328,6.7901614657461575,6.7901614657461575,8.944268617912485,2.1541071521663273,2.1541071521663273,1.4635783454373161
telecom_cluster_02525,syn_ts_708_13_1p1567,0.883209228515625,4.853323948029818,4.853323948029818,10.71690580030275,5.863581852272933,5.863581852272933,3.400415863153656
telecom_cluster_02576,syn_ts_708_13_1p1567,0.2545591592788696,6.266041055577155,6.266041055577155,9.413035318553236,3.146994262976081,3.146994262976081,1.9876987556063188
telecom_cluster_02582,syn_ts_708_13_1p1567,0.1593091636896133,6.669210781376289,6.669210781376289,9.095199427340429,2.42598864596414,2.42598864596414,1.584529029807185
telecom_cluster_02583,syn_ts_708_13_1p1567,0.0735840871930122,7.032063875189374,7.032063875189374,8.642405700393267,1.6103418252038928,1.6103418252038928,1.2216759359940994
telecom_cluster_02635,syn_ts_708_13_1p1567,0.6831841468811035,5.238065133598316,5.238065133598316,10.330461657723943,5.092396524125626,5.092396524125626,3.0156746775851575
telecom_cluster_02692,syn_ts_708_13_1p1567,0.1497841030359268,6.709528012555248,6.709528012555248,9.04488873776115,2.335360725205902,2.335360725205902,1.5442117986282256
telecom_cluster_02734,syn_ts_708_13_1p1567,0.4926842451095581,5.679719379937388,5.679719379937388,9.927760137944007,4.24804075800662,4.24804075800662,2.574020431246086
telecom_cluster_02741,syn_ts_708_13_1p1567,0.2831342220306396,6.165539354922165,6.165539354922165,9.474584923126628,3.3090455682044624,3.3090455682044624,2.0882004562613083
telecom_cluster_02750,syn_ts_708_13_1p1567,0.0926342085003852,6.951429412831455,6.951429412831455,8.743027079551826,1.7915976667203708,1.7915976667203708,1.3023103983520183
telecom_cluster_02763,syn_ts_708_13_1p1567,0.4926842451095581,5.679719379937388,5.679719379937388,9.927760137944007,4.24804075800662,4.24804075800662,2.574020431246086
telecom_cluster_02764,syn_ts_708_13_1p1567,0.4926842451095581,5.679719379937388,5.679719379937388,9.927760137944007,4.24804075800662,4.24804075800662,2.574020431246086
telecom_cluster_02793,syn_ts_708_13_1p1567,0.5307841300964355,5.591388751769064,5.591388751769064,10.01048848783148,4.4190997360624165,4.4190997360624165,2.6623510594144095
telecom_cluster_02794,syn_ts_708_13_1p1567,0.3688591718673706,5.966794957888302,5.966794957888302,9.659683108365883,3.6928881504775806,3.6928881504775806,2.2869448532951715
telecom_cluster_02812,syn_ts_708_13_1p1567,0.4926842451095581,5.679719379937388,5.679719379937388,9.927760137944007,4.24804075800662,4.24804075800662,2.574020431246086
telecom_cluster_02813,syn_ts_708_13_1p1567,0.4926842451095581,5.679719379937388,5.679719379937388,9.927760137944007,4.24804075800662,4.24804075800662,2.574020431246086
telecom_cluster_02832,syn_ts_708_13_1p1567,0.1307342201471328,6.7901614657461575,6.7901614657461575,8.944268617912485,2.1541071521663273,2.1541071521663273,1.4635783454373161
telecom_cluster_02839,syn_ts_708_13_1p1567,0.4355342388153076,5.812215736751418,5.812215736751418,9.803944854971267,3.9917291182198484,3.9917291182198484,2.4415240744320554
telecom_cluster_02844,syn_ts_708_13_1p1567,0.8736841678619385,4.870867011035542,4.870867011035542,10.698627651086262,5.8277606400507205,5.8277606400507205,3.382872800147932
telecom_cluster_02863,syn_ts_708_13_1p1567,0.4926842451095581,5.679719379937388,5.679719379937388,9.927760137944007,4.24804075800662,4.24804075800662,2.574020431246086
telecom_cluster_02891,syn_ts_708_13_1p1567,0.3593342304229736,5.988877545836792,5.988877545836792,9.639106741255555,3.6502291954187625,3.6502291954187625,2.2648622653466814
telecom_cluster_02918,syn_ts_708_13_1p1567,0.4926842451095581,5.679719379937388,5.679719379937388,9.927760137944007,4.24804075800662,4.24804075800662,2.574020431246086
telecom_cluster_02947,syn_ts_708_13_1p1567,0.4545842409133911,5.768050284480075,5.768050284480075,9.84521661596218,4.077166331482105,4.077166331482105,2.485689526703399
telecom_cluster_02980,syn_ts_708_13_1p1567,0.4926842451095581,5.679719379937388,5.679719379937388,9.927760137944007,4.24804075800662,4.24804075800662,2.574020431246086
telecom_cluster_03010,syn_ts_708_13_1p1567,0.8260592222213745,4.958581667392426,4.958581667392426,10.6072375912751,5.648655923882673,5.648655923882673,3.2951581437910473
telecom_cluster_03042,syn_ts_708_13_1p1567,0.7593841552734375,5.081382449760758,5.081382449760758,10.479592122271896,5.398209672511138,5.398209672511138,3.1723573614227156
telecom_cluster_03043,syn_ts_708_13_1p1567,0.4164842367172241,5.856381189022762,5.856381189022762,9.762673093980352,3.90629190495759,3.90629190495759,2.397358622160712
telecom_cluster_03071,syn_ts_708_13_1p1567,0.2545591592788696,6.266041055577155,6.266041055577155,9.413035318553236,3.146994262976081,3.146994262976081,1.9876987556063188
telecom_cluster_03146,syn_ts_708_13_1p1567,0.3117091655731201,6.099291314702332,6.099291314702332,9.536224133134086,3.436932818431754,3.436932818431754,2.154448496481142
telecom_cluster_03197,syn_ts_708_13_1p1567,1.0737091302871704,4.502465103045036,4.502465103045036,11.08316303584831,6.5806979328032735,6.5806979328032735,3.751274708138437
telecom_cluster_03207,syn_ts_708_13_1p1567,1.5404342412948608,0.0,0.0,11.265019108807005,7.825288125365081,7.825288125365081,8.253739811183474
telecom_cluster_03214,syn_ts_708_13_1p1567,0.4450591802597046,5.790133148802928,5.790133148802928,9.824580606333475,4.034447457530547,4.034447457530547,2.4636066623805455
telecom_cluster_03250,syn_ts_708_13_1p1567,3.9026341438293457,0.0,0.0,11.265019108807005,11.265019108807005,11.265019108807005,8.253739811183474
telecom_cluster_03261,syn_ts_708_13_1p1567,0.4831591844558716,5.701802244260241,5.701802244260241,9.907124128315301,4.20532188405506,4.20532188405506,2.5519375669232325
telecom_cluster_03262,syn_ts_708_13_1p1567,0.9879841804504396,4.660351572310326,4.660351572310326,10.918183491700528,6.257831919390203,6.257831919390203,3.593388238873148
telecom_cluster_03307,syn_ts_708_13_1p1567,1.5594842433929443,0.0,0.0,11.265019108807005,7.940154035508247,7.940154035508247,8.253739811183474
telecom_cluster_03328,syn_ts_708_13_1p1567,0.1212091520428657,6.830478728461586,6.830478728461586,8.89395788897977,2.0634791605181837,2.0634791605181837,1.4232610827218872
telecom_cluster_03370,syn_ts_708_13_1p1567,0.2355091720819473,6.346674950278631,6.346674950278631,9.372002366524946,3.0253274162463146,3.0253274162463146,1.9070648609048426
telecom_cluster_03371,syn_ts_708_13_1p1567,1.1403841972351074,4.379664320676705,4.379664320676705,11.211710680630157,6.832046359953452,6.832046359953452,3.874075490506769
telecom_cluster_03400,syn_ts_708_13_1p1567,0.3498091697692871,6.010960410159645,6.010960410159645,9.618530116621951,3.6075697064623062,3.6075697064623062,2.242779401023829
telecom_cluster_03401,syn_ts_708_13_1p1567,0.4164842367172241,5.856381189022762,5.856381189022762,9.762673093980352,3.90629190495759,3.90629190495759,2.397358622160712
telecom_cluster_03500,syn_ts_708_13_1p1567,0.8641592264175415,4.888409854484021,4.888409854484021,10.680349730626867,5.791939876142846,5.791939876142846,3.365329956699453
telecom_cluster_03524,syn_ts_708_13_1p1567,0.2831342220306396,6.165539354922165,6.165539354922165,9.474584923126628,3.3090455682044624,3.3090455682044624,2.0882004562613083
telecom_cluster_03564,syn_ts_708_13_1p1567,0.2164591699838638,6.427308908053045,6.427308908053045,9.330969382400118,2.903660474347073,2.903660474347073,1.8264309031304284
telecom_cluster_03571,syn_ts_708_13_1p1567,0.045009147375822,7.153014543791009,7.153014543791009,8.491474910642038,1.338460366851029,1.338460366851029,1.1007252673924643
telecom_cluster_03618,syn_ts_708_13_1p1567,0.549834132194519,5.547223299497721,5.547223299497721,10.051877783470461,4.5046544839727405,4.5046544839727405,2.706516511685753
telecom_cluster_03651,syn_ts_708_13_1p1567,1.2927842140197754,4.092804564297514,4.092804564297514,11.265019108807005,7.172214544509491,7.172214544509491,4.16093524688596
telecom_cluster_03674,syn_ts_708_13_1p1567,2.5717499256134033,0.0,0.0,11.265019108807005,11.265019108807005,11.265019108807005,8.253739811183474
telecom_cluster_03708,syn_ts_708_13_1p1567,1.3975591659545898,3.857128647014049,3.857128647014049,11.265019108807005,7.407890461792956,7.407890461792956,4.396611164169425
telecom_cluster_03799,syn_ts_708_13_1p1567,0.626034140586853,5.370561490412347,5.370561490412347,10.214138707999634,4.8435772175872875,4.8435772175872875,2.883178320771127
telecom_cluster_03925,syn_ts_708_13_1p1567,0.8641592264175415,4.888409854484021,4.888409854484021,10.680349730626867,5.791939876142846,5.791939876142846,3.365329956699453
telecom_cluster_03926,syn_ts_708_13_1p1567,0.6355592012405396,5.348478626089493,5.348478626089493,10.233525987606132,4.885047361516639,4.885047361516639,2.9052611850939805
telecom_cluster_03951,syn_ts_708_13_1p1567,0.883209228515625,4.853323948029818,4.853323948029818,10.71690580030275,5.863581852272933,5.863581852272933,3.400415863153656
telecom_cluster_04006,syn_ts_708_13_1p1567,0.4545842409133911,5.768050284480075,5.768050284480075,9.84521661596218,4.077166331482105,4.077166331482105,2.485689526703399
telecom_cluster_04034,syn_ts_708_13_1p1567,0.4545842409133911,5.768050284480075,5.768050284480075,9.84521661596218,4.077166331482105,4.077166331482105,2.485689526703399
subway_w_8_st_ny_aquarium_fq,syn_ts_708_13_1p1567,0.3879091739654541,5.922629505616959,5.922629505616959,9.700836100109816,3.7782065944928576,3.7782065944928576,2.331110305566515
subway_ocean_pkwy_q,syn_ts_708_13_1p1567,0.3498091697692871,6.010960410159645,6.010960410159645,9.618530116621951,3.6075697064623062,3.6075697064623062,2.242779401023829
subway_coney_island_stillwell_av_dfnq,syn_ts_708_13_1p1567,0.1878842264413833,6.548259592422915,6.548259592422915,9.246130866423321,2.6978712740004065,2.6978712740004065,1.7054802187605587
subway_howard_beach_jfk_airport_a,syn_ts_708_13_1p1567,0.1783591657876968,6.5885768236018745,6.5885768236018745,9.195820176844041,2.6072433532421666,2.6072433532421666,1.6651629875815992
subway_smith_9_sts_fg,syn_ts_708_13_1p1567,0.1783591657876968,6.5885768236018745,6.5885768236018745,9.195820176844041,2.6072433532421666,2.6072433532421666,1.6651629875815992
water_owls_head_wwtp,syn_ts_708_13_1p1567,1.1403841972351074,4.379664320676705,4.379664320676705,11.211710680630157,6.832046359953452,6.832046359953452,3.874075490506769
water_brooklyn_navy_yard_admiral_row,syn_ts_708_13_1p1567,0.6355592012405396,5.348478626089493,5.348478626089493,10.233525987606132,4.885047361516639,4.885047361516639,2.9052611850939805
water_hunts_point_wwtp,syn_ts_708_13_1p1567,0.8641592264175415,4.888409854484021,4.888409854484021,10.680349730626867,5.791939876142846,5.791939876142846,3.365329956699453
water_manhattan_sewage_pump_station,syn_ts_708_13_1p1567,0.0354840867221355,7.193331774969968,7.193331774969968,8.44116422106276,1.2478324460927919,1.2478324460927919,1.0604080362135058
water_spring_creek_park,syn_ts_708_13_1p1567,1.3594591617584229,3.942829029325099,3.942829029325099,11.265019108807005,7.322190079481906,7.322190079481906,4.310910781858375
water_throgs_neck_sewage_pump_station,syn_ts_708_13_1p1567,0.3021842241287231,6.121373902650823,6.121373902650823,9.515647766023756,3.3942738633729332,3.3942738633729332,2.132365908532651
water_marble_hill_sewage_pump_statn,syn_ts_708_13_1p1567,0.5117342472076416,5.635553927666044,5.635553927666044,9.969099451194493,4.333545523528449,4.333545523528449,2.6181858835174294
water_lew_fidler_park_dep_pier,syn_ts_708_13_1p1567,0.5403091907501221,5.569305887446211,5.569305887446211,10.031183265151968,4.461877377705758,4.461877377705758,2.684433923737263
fuel_station_gulf_0324,syn_ts_708_13_1p1567,0.4164842367172241,5.856381189022762,5.856381189022762,9.762673093980352,3.90629190495759,3.90629190495759,2.397358622160712
fuel_station_shell_0327,syn_ts_708_13_1p1567,0.1212091520428657,6.830478728461586,6.830478728461586,8.89395788897977,2.0634791605181837,2.0634791605181837,1.4232610827218872
fuel_station_allegiance_0402,syn_ts_708_13_1p1567,0.3307591676712036,6.055125862430988,6.055125862430988,9.577377124878018,3.5222512624470292,3.5222512624470292,2.1986139487524854
fuel_station_shell_0531,syn_ts_708_13_1p1567,0.3212342262268066,6.077208450379479,6.077208450379479,9.55680075776769,3.4795923073882102,3.4795923073882102,2.1765313608039945
fuel_station_allegiance_0536,syn_ts_708_13_1p1567,1.3308842182159424,4.007104181986463,4.007104181986463,11.265019108807005,7.257914926820542,7.257914926820542,4.24663562919701
fuel_station_mobil_0695,syn_ts_708_13_1p1567,0.2640842199325561,6.225723824398195,6.225723824398195,9.4335519390018,3.207828114603605,3.207828114603605,2.0280159867852783
fuel_station_american_quick_start_auto_cent_0713,syn_ts_708_13_1p1567,0.1688342243432998,6.628893550197329,6.628893550197329,9.14551011691971,2.51661656672238,2.51661656672238,1.6248462609861445
fuel_station_bp_0850,syn_ts_708_13_1p1567,0.5117342472076416,5.635553927666044,5.635553927666044,9.969099451194493,4.333545523528449,4.333545523528449,2.6181858835174294
fuel_station_citgo_0937,syn_ts_708_13_1p1567,1.5785342454910278,0.0,0.0,11.265019108807005,8.055019945651413,8.055019945651413,8.253739811183474
fuel_station_unknown_gas_station_1040,syn_ts_708_13_1p1567,0.3879091739654541,5.922629505616959,5.922629505616959,9.700836100109816,3.7782065944928576,3.7782065944928576,2.331110305566515
fuel_station_lukoil_1058,syn_ts_708_13_1p1567,4.731309413909912,0.0,0.0,11.265019108807005,11.265019108807005,11.265019108807005,8.253739811183474
fuel_station_speedway_1103,syn_ts_708_13_1p1567,0.3402842283248901,6.033042998108136,6.033042998108136,9.597953749511621,3.5649107514034855,3.5649107514034855,2.220696813075338
fuel_station_mobil_1104,syn_ts_708_13_1p1567,0.4069591760635376,5.878464053345615,5.878464053345615,9.742037084351647,3.863573031006032,3.863573031006032,2.3752757578378585
fuel_station_speedway_1105,syn_ts_708_13_1p1567,0.5784091949462891,5.480974982903524,5.480974982903524,10.113961856429931,4.6329868735264075,4.6329868735264075,2.77276482827995
fuel_station_bp_1149,syn_ts_708_13_1p1567,0.0831091478466987,6.991746644010415,6.991746644010415,8.692716389972546,1.700969745962131,1.700969745962131,1.2619931671730589
power_east_13th_street,syn_ts_914_6_1p2955,0.2224754840135574,7.70209506793058,7.70209506793058,10.46099560408601,2.75890053615543,2.75890053615543,0.9990365433684083
power_east_36th_street,syn_ts_914_6_1p2955,0.0224504023790359,8.598627356289494,8.598627356289494,9.33991581326674,0.7412884569772462,0.7412884569772462,0.10250425500949412
power_howard_beach,syn_ts_914_6_1p2955,0.2986755073070526,7.473096900154178,7.473096900154178,10.678876683447351,3.205779783293173,3.205779783293173,1.2280347111448107
power_unknown129920,syn_ts_914_6_1p2955,0.2129504233598709,7.730720012430296,7.730720012430296,10.419442601069115,2.688722588638819,2.688722588638819,0.9704115988686928
power_howland_hook,syn_ts_914_6_1p2955,0.7082504630088806,6.3570553432359365,6.3570553432359365,11.693269829167203,5.336214485931267,5.336214485931267,2.344076268063052
telecom_cluster_00021,syn_ts_914_6_1p2955,0.0129253417253494,8.642116966397245,8.642116966397245,9.133685673007307,0.491568706610062,0.491568706610062,0.05901464490174391
telecom_cluster_00026,syn_ts_914_6_1p2955,0.0986504107713699,8.250712652575007,8.250712652575007,9.92080968516397,1.6700970325889628,1.6700970325889628,0.4504189587239811
telecom_cluster_00066,syn_ts_914_6_1p2955,2.137000560760498,0.0,0.0,14.1464866121952,14.1464866121952,14.1464866121952,8.701131611298988
telecom_cluster_00072,syn_ts_914_6_1p2955,2.0512754917144775,0.0,0.0,14.1464866121952,14.1464866121952,14.1464866121952,8.701131611298988
telecom_cluster_00073,syn_ts_914_6_1p2955,2.0512754917144775,0.0,0.0,14.1464866121952,14.1464866121952,14.1464866121952,8.701131611298988
telecom_cluster_00170,syn_ts_914_6_1p2955,0.0224504023790359,8.598627356289494,8.598627356289494,9.33991581326674,0.7412884569772462,0.7412884569772462,0.10250425500949412
telecom_cluster_00238,syn_ts_914_6_1p2955,0.889225423336029,5.932063989142578,5.932063989142578,12.109023071851714,6.1769590827091365,6.1769590827091365,2.7690676221564106
telecom_cluster_00274,syn_ts_914_6_1p2955,2.1465253829956055,0.0,0.0,14.1464866121952,14.1464866121952,14.1464866121952,8.701131611298988
telecom_cluster_00275,syn_ts_914_6_1p2955,1.4226254224777222,0.0,0.0,13.330852365905876,9.79315201127385,9.79315201127385,8.701131611298988
telecom_cluster_00292,syn_ts_914_6_1p2955,0.3367755115032196,7.358597838656642,7.358597838656642,10.776400137255433,3.41780229859879,3.41780229859879,1.342533772642346
telecom_cluster_00293,syn_ts_914_6_1p2955,0.5844253897666931,6.647839137042423,6.647839137042423,11.394093755466162,4.746254618423739,4.746254618423739,2.0532924742565655
telecom_cluster_00416,syn_ts_914_6_1p2955,2.479900360107422,0.0,0.0,14.1464866121952,14.1464866121952,14.1464866121952,8.701131611298988
telecom_cluster_00493,syn_ts_914_6_1p2955,0.8320754170417786,6.0662718293737985,6.0662718293737985,11.97828793294446,5.912016103570661,5.912016103570661,2.63485978192519
telecom_cluster_00586,syn_ts_914_6_1p2955,0.5082255005836487,6.843352151480402,6.843352151480402,11.209985779065866,4.366633627585464,4.366633627585464,1.8577794598185866
telecom_cluster_00616,syn_ts_914_6_1p2955,0.2986755073070526,7.473096900154178,7.473096900154178,10.678876683447351,3.205779783293173,3.205779783293173,1.2280347111448107
telecom_cluster_00652,syn_ts_914_6_1p2955,0.1939004212617874,7.815819272931898,7.815819272931898,10.336337115084925,2.520517842153027,2.520517842153027,0.8853123383670907
telecom_cluster_00695,syn_ts_914_6_1p2955,0.1939004212617874,7.815819272931898,7.815819272931898,10.336337115084925,2.520517842153027,2.520517842153027,0.8853123383670907
telecom_cluster_00714,syn_ts_914_6_1p2955,0.5082255005836487,6.843352151480402,6.843352151480402,11.209985779065866,4.366633627585464,4.366633627585464,1.8577794598185866
telecom_cluster_00738,syn_ts_914_6_1p2955,0.0700754672288894,8.381180394324502,8.381180394324502,9.707592662919453,1.3264122685949502,1.3264122685949502,0.31995121697448603
telecom_cluster_00753,syn_ts_914_6_1p2955,0.5082255005836487,6.843352151480402,6.843352151480402,11.209985779065866,4.366633627585464,4.366633627585464,1.8577794598185866
telecom_cluster_00783,syn_ts_914_6_1p2955,0.1272253543138504,8.120244910825514,8.120244910825514,10.045467654115457,1.9252227432899431,1.9252227432899431,0.5808867004734743
telecom_cluster_00832,syn_ts_914_6_1p2955,0.6987254023551941,6.379423456579981,6.379423456579981,11.670256152102295,5.290832695522314,5.290832695522314,2.3217081547190075
telecom_cluster_00833,syn_ts_914_6_1p2955,0.3177255094051361,7.415847369405411,7.415847369405411,10.727638410351393,3.311791040945982,3.311791040945982,1.285284241893578
telecom_cluster_00840,syn_ts_914_6_1p2955,3.765775442123413,0.0,0.0,14.1464866121952,14.1464866121952,14.1464866121952,8.701131611298988
telecom_cluster_00871,syn_ts_914_6_1p2955,0.0796005278825759,8.337690784216752,8.337690784216752,9.781128400979645,1.4434376167628926,1.4434376167628926,0.36344082708223624
telecom_cluster_00879,syn_ts_914_6_1p2955,0.4987004697322845,6.871977006417452,6.871977006417452,11.186972174006906,4.314995167589454,4.314995167589454,1.8291546048815368
telecom_cluster_00887,syn_ts_914_6_1p2955,3.4133503437042236,0.0,0.0,14.1464866121952,14.1464866121952,14.1464866121952,8.701131611298988
telecom_cluster_01046,syn_ts_914_6_1p2955,0.1367504149675369,8.076755300717764,8.076755300717764,10.087020657132351,2.010265356414587,2.010265356414587,0.6243763105812246
telecom_cluster_01096,syn_ts_914_6_1p2955,0.3844004571437835,7.215474190910056,7.215474190910056,10.89830430194729,3.6828301110372337,3.6828301110372337,1.4856574203889323
telecom_cluster_01183,syn_ts_914_6_1p2955,0.3939255177974701,7.186849246410341,7.186849246410341,10.922685317967556,3.735836071557215,3.735836071557215,1.5142823648886479
telecom_cluster_01202,syn_ts_914_6_1p2955,1.651225447654724,0.0,0.0,13.864095985587365,11.988413616493578,11.988413616493578,8.701131611298988
telecom_cluster_01218,syn_ts_914_6_1p2955,0.2129504233598709,7.730720012430296,7.730720012430296,10.419442601069115,2.688722588638819,2.688722588638819,0.9704115988686928
telecom_cluster_01237,syn_ts_914_6_1p2955,0.6130004525184631,6.580735076954638,6.580735076954638,11.46313449863709,4.882399421682453,4.882399421682453,2.1203965343443505
telecom_cluster_01693,syn_ts_914_6_1p2955,0.2224754840135574,7.70209506793058,7.70209506793058,10.46099560408601,2.75890053615543,2.75890053615543,0.9990365433684083
telecom_cluster_01697,syn_ts_914_6_1p2955,0.0986504107713699,8.250712652575007,8.250712652575007,9.92080968516397,1.6700970325889628,1.6700970325889628,0.4504189587239811
telecom_cluster_01698,syn_ts_914_6_1p2955,0.0986504107713699,8.250712652575007,8.250712652575007,9.92080968516397,1.6700970325889628,1.6700970325889628,0.4504189587239811
telecom_cluster_01699,syn_ts_914_6_1p2955,0.0986504107713699,8.250712652575007,8.250712652575007,9.92080968516397,1.6700970325889628,1.6700970325889628,0.4504189587239811
telecom_cluster_01703,syn_ts_914_6_1p2955,0.4510755240917206,7.015100654164039,7.015100654164039,11.068970498679679,4.05386984451564,4.05386984451564,1.6860309571349497
telecom_cluster_01704,syn_ts_914_6_1p2955,0.2701004445552826,7.558971375402661,7.558971375402661,10.605733940523043,3.0467625651203827,3.0467625651203827,1.1421602358963279
telecom_cluster_01716,syn_ts_914_6_1p2955,0.0986504107713699,8.250712652575007,8.250712652575007,9.92080968516397,1.6700970325889628,1.6700970325889628,0.4504189587239811
telecom_cluster_01749,syn_ts_914_6_1p2955,1.994125485420227,0.0,0.0,14.1464866121952,14.1464866121952,14.1464866121952,8.701131611298988
telecom_cluster_01751,syn_ts_914_6_1p2955,0.3939255177974701,7.186849246410341,7.186849246410341,10.922685317967556,3.735836071557215,3.735836071557215,1.5142823648886479
telecom_cluster_01826,syn_ts_914_6_1p2955,0.0510253459215164,8.468159614540001,8.468159614540001,9.56052118679907,1.092361572259069,1.092361572259069,0.2329719967589874
telecom_cluster_01863,syn_ts_914_6_1p2955,0.6415753960609436,6.513631296811202,6.513631296811202,11.53217495378423,5.018543656973028,5.018543656973028,2.187500314487787
telecom_cluster_01868,syn_ts_914_6_1p2955,1.765525460243225,0.0,0.0,14.132290819485767,13.907316380550597,13.907316380550597,8.701131611298988
telecom_cluster_01869,syn_ts_914_6_1p2955,0.1748504191637039,7.90279794886052,7.90279794886052,10.253231629100734,2.350433680240214,2.350433680240214,0.7983336624384689
telecom_cluster_01897,syn_ts_914_6_1p2955,0.9463754296302797,5.7980773419228475,5.7980773419228475,12.23975821075897,6.441680868836122,6.441680868836122,2.903054269376141
telecom_cluster_01898,syn_ts_914_6_1p2955,0.965425431728363,5.756755610428714,5.756755610428714,12.28333659039472,6.526580979966006,6.526580979966006,2.9443760008702746
telecom_cluster_01899,syn_ts_914_6_1p2955,0.0319754630327224,8.555137746181746,8.555137746181746,9.413451551326931,0.8583138051451851,0.8583138051451851,0.14599386511724255
telecom_cluster_01929,syn_ts_914_6_1p2955,1.2511755228042605,0.0,0.0,12.934509839097203,8.365258224684311,8.365258224684311,8.701131611298988
telecom_cluster_01966,syn_ts_914_6_1p2955,2.1084253787994385,0.0,0.0,14.1464866121952,14.1464866121952,14.1464866121952,8.701131611298988
telecom_cluster_01967,syn_ts_914_6_1p2955,0.7273004651069641,6.312319396492196,6.312319396492196,11.738606981298142,5.426287584805946,5.426287584805946,2.3888122148067925
telecom_cluster_02087,syn_ts_914_6_1p2955,0.0510253459215164,8.468159614540001,8.468159614540001,9.56052118679907,1.092361572259069,1.092361572259069,0.2329719967589874
telecom_cluster_02107,syn_ts_914_6_1p2955,0.2129504233598709,7.730720012430296,7.730720012430296,10.419442601069115,2.688722588638819,2.688722588638819,0.9704115988686928
telecom_cluster_02128,syn_ts_914_6_1p2955,0.0605504065752029,8.424670004432251,8.424670004432251,9.63405692485926,1.2093869204270096,1.2093869204270096,0.2764616068667376
telecom_cluster_02179,syn_ts_914_6_1p2955,0.4510755240917206,7.015100654164039,7.015100654164039,11.068970498679679,4.05386984451564,4.05386984451564,1.6860309571349497
telecom_cluster_02221,syn_ts_914_6_1p2955,0.2891504466533661,7.501721844653893,7.501721844653893,10.654495667427085,3.1527738227731916,3.1527738227731916,1.1994097666450951
telecom_cluster_02222,syn_ts_914_6_1p2955,0.0986504107713699,8.250712652575007,8.250712652575007,9.92080968516397,1.6700970325889628,1.6700970325889628,0.4504189587239811
telecom_cluster_02225,syn_ts_914_6_1p2955,0.9368504881858826,5.820223982311052,5.820223982311052,12.21796915729141,6.397745174980358,6.397745174980358,2.880907628987936
telecom_cluster_02226,syn_ts_914_6_1p2955,1.7083754539489746,0.0,0.0,13.998193402536566,12.61787160546843,12.61787160546843,8.701131611298988
telecom_cluster_02267,syn_ts_914_6_1p2955,0.2415254861116409,7.644845537181813,7.644845537181813,10.532591464593166,2.887745927411353,2.887745927411353,1.0562860741171756
telecom_cluster_02268,syn_ts_914_6_1p2955,0.3844004571437835,7.215474190910056,7.215474190910056,10.89830430194729,3.6828301110372337,3.6828301110372337,1.4856574203889323
telecom_cluster_02316,syn_ts_914_6_1p2955,0.2224754840135574,7.70209506793058,7.70209506793058,10.46099560408601,2.75890053615543,2.75890053615543,0.9990365433684083
telecom_cluster_02479,syn_ts_914_6_1p2955,1.651225447654724,0.0,0.0,13.864095985587365,11.988413616493578,11.988413616493578,8.701131611298988
telecom_cluster_02523,syn_ts_914_6_1p2955,0.1462754756212234,8.033265690610014,8.033265690610014,10.128573660149247,2.095307969539233,2.095307969539233,0.6678659206889748
telecom_cluster_02525,syn_ts_914_6_1p2955,0.8987504839897156,5.909695875798533,5.909695875798533,12.130812398019907,6.221116522221374,6.221116522221374,2.791435735500455
telecom_cluster_02576,syn_ts_914_6_1p2955,0.2701004445552826,7.558971375402661,7.558971375402661,10.605733940523043,3.0467625651203827,3.0467625651203827,1.1421602358963279
telecom_cluster_02582,syn_ts_914_6_1p2955,0.1748504191637039,7.90279794886052,7.90279794886052,10.253231629100734,2.350433680240214,2.350433680240214,0.7983336624384689
telecom_cluster_02583,syn_ts_914_6_1p2955,0.0891253501176834,8.294202262682758,8.294202262682758,9.854662298391592,1.560460035708834,1.560460035708834,0.40692934861623087
telecom_cluster_02635,syn_ts_914_6_1p2955,0.6987254023551941,6.379423456579981,6.379423456579981,11.670256152102295,5.290832695522314,5.290832695522314,2.3217081547190075
telecom_cluster_02692,syn_ts_914_6_1p2955,0.1653253585100174,7.94628755896827,7.94628755896827,10.211678626083838,2.2653910671155684,2.2653910671155684,0.7548440523307187
telecom_cluster_02734,syn_ts_914_6_1p2955,0.5082255005836487,6.843352151480402,6.843352151480402,11.209985779065866,4.366633627585464,4.366633627585464,1.8577794598185866
telecom_cluster_02741,syn_ts_914_6_1p2955,0.2986755073070526,7.473096900154178,7.473096900154178,10.678876683447351,3.205779783293173,3.205779783293173,1.2280347111448107
telecom_cluster_02750,syn_ts_914_6_1p2955,0.1081754714250564,8.207223042467257,8.207223042467257,9.962362688180864,1.7551396457136068,1.7551396457136068,0.4939085688317313
telecom_cluster_02763,syn_ts_914_6_1p2955,0.5082255005836487,6.843352151480402,6.843352151480402,11.209985779065866,4.366633627585464,4.366633627585464,1.8577794598185866
telecom_cluster_02764,syn_ts_914_6_1p2955,0.5082255005836487,6.843352151480402,6.843352151480402,11.209985779065866,4.366633627585464,4.366633627585464,1.8577794598185866
telecom_cluster_02793,syn_ts_914_6_1p2955,0.5463253855705261,6.737311030529904,6.737311030529904,11.302039623254117,4.564728592724213,4.564728592724213,1.9638205807690845
telecom_cluster_02794,syn_ts_914_6_1p2955,0.3844004571437835,7.215474190910056,7.215474190910056,10.89830430194729,3.6828301110372337,3.6828301110372337,1.4856574203889323
telecom_cluster_02812,syn_ts_914_6_1p2955,0.5082255005836487,6.843352151480402,6.843352151480402,11.209985779065866,4.366633627585464,4.366633627585464,1.8577794598185866
telecom_cluster_02813,syn_ts_914_6_1p2955,0.5082255005836487,6.843352151480402,6.843352151480402,11.209985779065866,4.366633627585464,4.366633627585464,1.8577794598185866
telecom_cluster_02832,syn_ts_914_6_1p2955,0.1462754756212234,8.033265690610014,8.033265690610014,10.128573660149247,2.095307969539233,2.095307969539233,0.6678659206889748
telecom_cluster_02839,syn_ts_914_6_1p2955,0.4510755240917206,7.015100654164039,7.015100654164039,11.068970498679679,4.05386984451564,4.05386984451564,1.6860309571349497
telecom_cluster_02844,syn_ts_914_6_1p2955,0.889225423336029,5.932063989142578,5.932063989142578,12.109023071851714,6.1769590827091365,6.1769590827091365,2.7690676221564106
telecom_cluster_02863,syn_ts_914_6_1p2955,0.5082255005836487,6.843352151480402,6.843352151480402,11.209985779065866,4.366633627585464,4.366633627585464,1.8577794598185866
telecom_cluster_02891,syn_ts_914_6_1p2955,0.3748755156993866,7.244098777159108,7.244098777159108,10.873923591063516,3.629824813904408,3.629824813904408,1.4570328341398806
telecom_cluster_02918,syn_ts_914_6_1p2955,0.5082255005836487,6.843352151480402,6.843352151480402,11.209985779065866,4.366633627585464,4.366633627585464,1.8577794598185866
telecom_cluster_02947,syn_ts_914_6_1p2955,0.4701255261898041,6.957851123415271,6.957851123415271,11.11773222558372,4.15988110216845,4.15988110216845,1.7432804878837178
telecom_cluster_02980,syn_ts_914_6_1p2955,0.5082255005836487,6.843352151480402,6.843352151480402,11.209985779065866,4.366633627585464,4.366633627585464,1.8577794598185866
telecom_cluster_03010,syn_ts_914_6_1p2955,0.8416004776954651,6.043903716029754,6.043903716029754,12.000077259112652,5.956173543082898,5.956173543082898,2.6572278952692345
telecom_cluster_03042,syn_ts_914_6_1p2955,0.7749254107475281,6.20047966960502,6.20047966960502,11.847552794037204,5.647073124432184,5.647073124432184,2.5006519416939685
telecom_cluster_03043,syn_ts_914_6_1p2955,0.4320255219936371,7.072350184912806,7.072350184912806,11.02020877177564,3.947858586862833,3.947858586862833,1.6287814263861824
telecom_cluster_03071,syn_ts_914_6_1p2955,0.2701004445552826,7.558971375402661,7.558971375402661,10.605733940523043,3.0467625651203827,3.0467625651203827,1.1421602358963279
telecom_cluster_03146,syn_ts_914_6_1p2955,0.3272504508495331,7.387222783156358,7.387222783156358,10.752019121235167,3.3647963380788086,3.3647963380788086,1.3139088281426305
telecom_cluster_03197,syn_ts_914_6_1p2955,1.0892504453659058,5.488164355716842,5.488164355716842,12.565624073311044,7.077459717594202,7.077459717594202,3.2129672555821465
telecom_cluster_03207,syn_ts_914_6_1p2955,1.5559754371643066,0.0,0.0,13.64060029067203,11.026888225613911,11.026888225613911,8.701131611298988
telecom_cluster_03214,syn_ts_914_6_1p2955,0.4606004655361175,6.986476067914986,6.986476067914986,11.093351209563455,4.106875141648469,4.106875141648469,1.7146555433840023
telecom_cluster_03250,syn_ts_914_6_1p2955,3.918175458908081,0.0,0.0,14.1464866121952,14.1464866121952,14.1464866121952,8.701131611298988
telecom_cluster_03261,syn_ts_914_6_1p2955,0.4987004697322845,6.871977006417452,6.871977006417452,11.186972174006906,4.314995167589454,4.314995167589454,1.8291546048815368
telecom_cluster_03262,syn_ts_914_6_1p2955,1.0035254955291748,5.674112018150847,5.674112018150847,12.370331816745404,6.696219798594557,6.696219798594557,3.0270195931481414
telecom_cluster_03307,syn_ts_914_6_1p2955,1.57502543926239,0.0,0.0,13.685299429655096,11.203585691678963,11.203585691678963,8.701131611298988
telecom_cluster_03328,syn_ts_914_6_1p2955,0.1367504149675369,8.076755300717764,8.076755300717764,10.087020657132351,2.010265356414587,2.010265356414587,0.6243763105812246
telecom_cluster_03370,syn_ts_914_6_1p2955,0.2510504424571991,7.616220906151428,7.616220906151428,10.556972213619002,2.9407513074675737,2.9407513074675737,1.0849107051475606
telecom_cluster_03371,syn_ts_914_6_1p2955,1.1559255123138428,0.0,0.0,12.717518292038818,7.6028653830880755,7.6028653830880755,8.701131611298988
telecom_cluster_03400,syn_ts_914_6_1p2955,0.3653504550457001,7.272723721658823,7.272723721658823,10.849542575043248,3.5768188533844247,3.5768188533844247,1.428407889640165
telecom_cluster_03401,syn_ts_914_6_1p2955,0.4320255219936371,7.072350184912806,7.072350184912806,11.02020877177564,3.947858586862833,3.947858586862833,1.6287814263861824
telecom_cluster_03500,syn_ts_914_6_1p2955,0.8797004818916321,5.954431822542274,5.954431822542274,12.087234018384155,6.132802195841881,6.132802195841881,2.7466997887567146
telecom_cluster_03524,syn_ts_914_6_1p2955,0.2986755073070526,7.473096900154178,7.473096900154178,10.678876683447351,3.205779783293173,3.205779783293173,1.2280347111448107
telecom_cluster_03564,syn_ts_914_6_1p2955,0.2320004254579544,7.6734704816815285,7.6734704816815285,10.502548087053306,2.8290776053717774,2.8290776053717774,1.02766112961746
telecom_cluster_03571,syn_ts_914_6_1p2955,0.0605504065752029,8.424670004432251,8.424670004432251,9.63405692485926,1.2093869204270096,1.2093869204270096,0.2764616068667376
telecom_cluster_03618,syn_ts_914_6_1p2955,0.5653753876686096,6.6925750837861635,6.6925750837861635,11.34806668936014,4.655491605573976,4.655491605573976,2.008556527512825
telecom_cluster_03651,syn_ts_914_6_1p2955,1.3083255290985107,0.0,0.0,13.066605363030847,8.824594525340665,8.824594525340665,8.701131611298988
telecom_cluster_03674,syn_ts_914_6_1p2955,2.5717499256134033,0.0,0.0,14.1464866121952,14.1464866121952,14.1464866121952,8.701131611298988
telecom_cluster_03708,syn_ts_914_6_1p2955,1.4131004810333252,0.0,0.0,13.308831897165003,9.705132791995267,9.705132791995267,8.701131611298988
telecom_cluster_03766,syn_ts_914_6_1p2955,0.0224504023790359,8.598627356289494,8.598627356289494,9.33991581326674,0.7412884569772462,0.7412884569772462,0.10250425500949412
telecom_cluster_03799,syn_ts_914_6_1p2955,0.6415753960609436,6.513631296811202,6.513631296811202,11.53217495378423,5.018543656973028,5.018543656973028,2.187500314487787
telecom_cluster_03925,syn_ts_914_6_1p2955,0.8797004818916321,5.954431822542274,5.954431822542274,12.087234018384155,6.132802195841881,6.132802195841881,2.7466997887567146
telecom_cluster_03926,syn_ts_914_6_1p2955,0.6511004567146301,6.491263183467157,6.491263183467157,11.555188630849136,5.063925447381979,5.063925447381979,2.2098684278318315
telecom_cluster_03951,syn_ts_914_6_1p2955,0.8987504839897156,5.909695875798533,5.909695875798533,12.130812398019907,6.221116522221374,6.221116522221374,2.791435735500455
telecom_cluster_04006,syn_ts_914_6_1p2955,0.4701255261898041,6.957851123415271,6.957851123415271,11.11773222558372,4.15988110216845,4.15988110216845,1.7432804878837178
telecom_cluster_04034,syn_ts_914_6_1p2955,0.4701255261898041,6.957851123415271,6.957851123415271,11.11773222558372,4.15988110216845,4.15988110216845,1.7432804878837178
subway_w_8_st_ny_aquarium_fq,syn_ts_914_6_1p2955,0.403450459241867,7.158224660161289,7.158224660161289,10.947066028851332,3.7888413686900426,3.7888413686900426,1.5429069511376996
subway_ocean_pkwy_q,syn_ts_914_6_1p2955,0.3653504550457001,7.272723721658823,7.272723721658823,10.849542575043248,3.5768188533844247,3.5768188533844247,1.428407889640165
subway_coney_island_stillwell_av_dfnq,syn_ts_914_6_1p2955,0.2034254819154739,7.772329662824148,7.772329662824148,10.377890118101819,2.605560455277671,2.605560455277671,0.9288019484748409
subway_howard_beach_jfk_airport_a,syn_ts_914_6_1p2955,0.1939004212617874,7.815819272931898,7.815819272931898,10.336337115084925,2.520517842153027,2.520517842153027,0.8853123383670907
subway_smith_9_sts_fg,syn_ts_914_6_1p2955,0.1939004212617874,7.815819272931898,7.815819272931898,10.336337115084925,2.520517842153027,2.520517842153027,0.8853123383670907
subway_south_ferry_1,syn_ts_914_6_1p2955,0.0129253417253494,8.642116966397245,8.642116966397245,9.133685673007307,0.491568706610062,0.491568706610062,0.05901464490174391
water_owls_head_wwtp,syn_ts_914_6_1p2955,1.1559255123138428,0.0,0.0,12.717518292038818,7.6028653830880755,7.6028653830880755,8.701131611298988
water_brooklyn_navy_yard_admiral_row,syn_ts_914_6_1p2955,0.6511004567146301,6.491263183467157,6.491263183467157,11.555188630849136,5.063925447381979,5.063925447381979,2.2098684278318315
water_hunts_point_wwtp,syn_ts_914_6_1p2955,0.8797004818916321,5.954431822542274,5.954431822542274,12.087234018384155,6.132802195841881,6.132802195841881,2.7466997887567146
water_zerega_industrial_park,syn_ts_914_6_1p2955,0.0129253417253494,8.642116966397245,8.642116966397245,9.133685673007307,0.491568706610062,0.491568706610062,0.05901464490174391
water_manhattan_sewage_pump_station,syn_ts_914_6_1p2955,0.0510253459215164,8.468159614540001,8.468159614540001,9.56052118679907,1.092361572259069,1.092361572259069,0.2329719967589874
water_spring_creek_park,syn_ts_914_6_1p2955,1.3750004768371582,0.0,0.0,13.220749471007691,9.365425596960298,9.365425596960298,8.701131611298988
water_throgs_neck_sewage_pump_station,syn_ts_914_6_1p2955,0.3177255094051361,7.415847369405411,7.415847369405411,10.727638410351393,3.311791040945982,3.311791040945982,1.285284241893578
water_marble_hill_sewage_pump_statn,syn_ts_914_6_1p2955,0.5272755026817322,6.786102620731635,6.786102620731635,11.256012845171888,4.4699102244402535,4.4699102244402535,1.9150289905673539
water_lew_fidler_park_dep_pier,syn_ts_914_6_1p2955,0.5558504462242126,6.714942917185859,6.714942917185859,11.325053300319025,4.610110383133167,4.610110383133167,1.98618869411313
fuel_station_gulf_0324,syn_ts_914_6_1p2955,0.4320255219936371,7.072350184912806,7.072350184912806,11.02020877177564,3.947858586862833,3.947858586862833,1.6287814263861824
fuel_station_shell_0327,syn_ts_914_6_1p2955,0.1367504149675369,8.076755300717764,8.076755300717764,10.087020657132351,2.010265356414587,2.010265356414587,0.6243763105812246
fuel_station_allegiance_0402,syn_ts_914_6_1p2955,0.3463004529476166,7.329973252407591,7.329973252407591,10.800780848139208,3.4708075957316176,3.4708075957316176,1.3711583588913978
fuel_station_shell_0531,syn_ts_914_6_1p2955,0.3367755115032196,7.358597838656642,7.358597838656642,10.776400137255433,3.41780229859879,3.41780229859879,1.342533772642346
fuel_station_allegiance_0536,syn_ts_914_6_1p2955,1.3464255332946775,0.0,0.0,13.154687789188161,9.130837469313118,9.130837469313118,8.701131611298988
fuel_station_mobil_0695,syn_ts_914_6_1p2955,0.2796255052089691,7.530346430902945,7.530346430902945,10.63011495654331,3.099768525640364,3.099768525640364,1.1707851803960434
fuel_station_american_quick_start_auto_cent_0713,syn_ts_914_6_1p2955,0.1843754798173904,7.859308338752769,7.859308338752769,10.294784632117628,2.435476293364858,2.435476293364858,0.8418232725462191
fuel_station_bp_0850,syn_ts_914_6_1p2955,0.5272755026817322,6.786102620731635,6.786102620731635,11.256012845171888,4.4699102244402535,4.4699102244402535,1.9150289905673539
fuel_station_citgo_0937,syn_ts_914_6_1p2955,1.5940754413604736,0.0,0.0,13.729998568638164,11.38028315774402,11.38028315774402,8.701131611298988
fuel_station_unknown_gas_station_1040,syn_ts_914_6_1p2955,0.403450459241867,7.158224660161289,7.158224660161289,10.947066028851332,3.7888413686900426,3.7888413686900426,1.5429069511376996
fuel_station_lukoil_1058,syn_ts_914_6_1p2955,4.746850490570068,0.0,0.0,14.1464866121952,14.1464866121952,14.1464866121952,8.701131611298988
fuel_station_speedway_1103,syn_ts_914_6_1p2955,0.3558255136013031,7.301348307907876,7.301348307907876,10.825161864159474,3.523813556251598,3.523813556251598,1.3997833033911125
fuel_station_mobil_1104,syn_ts_914_6_1p2955,0.4225004613399505,7.100975129412522,7.100975129412522,10.995827755755371,3.89485262634285,3.89485262634285,1.6001564818864669
fuel_station_speedway_1105,syn_ts_914_6_1p2955,0.5939504504203796,6.6254710236983785,6.6254710236983785,11.41710743253107,4.791636408832692,4.791636408832692,2.07566058760061
fuel_station_bp_1149,syn_ts_914_6_1p2955,0.0986504107713699,8.250712652575007,8.250712652575007,9.92080968516397,1.6700970325889628,1.6700970325889628,0.4504189587239811
power_bruckner,syn_ts_436_11_1p3524,0.1596691906452179,8.312609327846042,8.312609327846042,10.13229134796211,1.8196820201160673,1.8196820201160673,1.576838515616167
power_east_13th_street,syn_ts_436_11_1p3524,0.4263692200183868,7.4583250167208,7.4583250167208,10.539600355104916,3.081275338384116,3.081275338384116,2.431122826741409
power_east_36th_street,syn_ts_436_11_1p3524,0.2263441383838653,8.05406313542267,8.05406313542267,10.235339997015641,2.1812768615929716,2.1812768615929716,1.8353847080395393
power_160th_avenue,syn_ts_436_11_1p3524,0.0358441211283206,8.807334585961973,8.807334585961973,9.943649728097926,1.1363151421359525,1.1363151421359525,1.082113257500236
power_howard_beach,syn_ts_436_11_1p3524,0.5025692582130432,7.29143917035413,7.29143917035413,10.639695057910753,3.348255887556623,3.348255887556623,2.5980086731080787
power_unknown129920,syn_ts_436_11_1p3524,0.4168441593647003,7.479185869898113,7.479185869898113,10.526994587163362,3.047808717265249,3.047808717265249,2.410261973564096
power_naughton,syn_ts_436_11_1p3524,0.1215691938996315,8.460350112413684,8.460350112413684,10.073805218079727,1.613455105666043,1.613455105666043,1.4290977310485253
power_seaside,syn_ts_436_11_1p3524,0.1025193110108375,8.534220056883905,8.534220056883905,10.04456233041446,1.5103422735305543,1.5103422735305543,1.355227786578304
power_howland_hook,syn_ts_436_11_1p3524,0.9121442437171936,6.4341561993674485,6.4341561993674485,11.110706931752656,4.676550732385207,4.676550732385207,3.4552916440947605
telecom_cluster_00020,syn_ts_436_11_1p3524,0.1882441341876983,8.20180394888151,8.20180394888151,10.176155862454513,1.9743519135730025,1.9743519135730025,1.6876438945806989
telecom_cluster_00021,syn_ts_436_11_1p3524,0.2168190777301788,8.09099856991698,8.09099856991698,10.220500932454682,2.1295023625377016,2.1295023625377016,1.7984492735452289
telecom_cluster_00024,syn_ts_436_11_1p3524,0.1406193077564239,8.386479272316265,8.386479272316265,10.103048460296844,1.7165691879805784,1.7165691879805784,1.502968571145944
telecom_cluster_00026,syn_ts_436_11_1p3524,0.3025441467761993,7.758581508504988,7.758581508504988,10.35430297892605,2.5957214704210623,2.5957214704210623,2.130866334957221
telecom_cluster_00032,syn_ts_436_11_1p3524,0.1025193110108375,8.534220056883905,8.534220056883905,10.04456233041446,1.5103422735305543,1.5103422735305543,1.355227786578304
telecom_cluster_00033,syn_ts_436_11_1p3524,0.0453691817820072,8.755831753776965,8.755831753776965,9.958053100881179,1.2022213471042136,1.2022213471042136,1.133616089685244
telecom_cluster_00066,syn_ts_436_11_1p3524,2.3408942222595215,0.0,0.0,11.231606683384824,11.231606683384824,11.231606683384824,9.889447843462209
telecom_cluster_00072,syn_ts_436_11_1p3524,2.255169153213501,0.0,0.0,11.231606683384824,11.231606683384824,11.231606683384824,9.889447843462209
telecom_cluster_00073,syn_ts_436_11_1p3524,2.255169153213501,0.0,0.0,11.231606683384824,11.231606683384824,11.231606683384824,9.889447843462209
telecom_cluster_00170,syn_ts_436_11_1p3524,0.2263441383838653,8.05406313542267,8.05406313542267,10.235339997015641,2.1812768615929716,2.1812768615929716,1.8353847080395393
telecom_cluster_00192,syn_ts_436_11_1p3524,0.1025193110108375,8.534220056883905,8.534220056883905,10.04456233041446,1.5103422735305543,1.5103422735305543,1.355227786578304
telecom_cluster_00238,syn_ts_436_11_1p3524,1.0931191444396973,6.117114492633979,6.117114492633979,11.231606683384824,5.114492190750845,5.114492190750845,3.77233335082823
telecom_cluster_00274,syn_ts_436_11_1p3524,2.350419282913208,0.0,0.0,11.231606683384824,11.231606683384824,11.231606683384824,9.889447843462209
telecom_cluster_00275,syn_ts_436_11_1p3524,1.6265192031860352,0.0,0.0,11.231606683384824,6.849939951456034,6.849939951456034,9.889447843462209
telecom_cluster_00292,syn_ts_436_11_1p3524,0.5406692624092102,7.207996279805856,7.207996279805856,10.683046835892483,3.475050556086627,3.475050556086627,2.6814515636563527
telecom_cluster_00293,syn_ts_436_11_1p3524,0.7883191704750061,6.6656177523225635,6.6656177523225635,10.966875915716479,4.301258163393915,4.301258163393915,3.2238300911396456
telecom_cluster_00415,syn_ts_436_11_1p3524,0.0548942424356937,8.718896319282656,8.718896319282656,9.972456473664433,1.253560154381777,1.253560154381777,1.1705515241795528
telecom_cluster_00416,syn_ts_436_11_1p3524,2.6837942600250244,0.0,0.0,11.231606683384824,11.231606683384824,11.231606683384824,9.889447843462209
telecom_cluster_00493,syn_ts_436_11_1p3524,1.0359691381454468,6.217232992287919,6.217232992287919,11.231606683384824,5.014373691096905,5.014373691096905,3.6722148511742905
telecom_cluster_00569,syn_ts_436_11_1p3524,0.1406193077564239,8.386479272316265,8.386479272316265,10.103048460296844,1.7165691879805784,1.7165691879805784,1.502968571145944
telecom_cluster_00586,syn_ts_436_11_1p3524,0.7121192812919617,6.832503272338624,6.832503272338624,10.879030281589825,4.046527009251202,4.046527009251202,3.0569445711235854
telecom_cluster_00616,syn_ts_436_11_1p3524,0.5025692582130432,7.29143917035413,7.29143917035413,10.639695057910753,3.348255887556623,3.348255887556623,2.5980086731080787
telecom_cluster_00652,syn_ts_436_11_1p3524,0.3977941572666168,7.520907315172249,7.520907315172249,10.501783209045612,2.980875893873363,2.980875893873363,2.3685405282899596
telecom_cluster_00695,syn_ts_436_11_1p3524,0.3977941572666168,7.520907315172249,7.520907315172249,10.501783209045612,2.980875893873363,2.980875893873363,2.3685405282899596
telecom_cluster_00714,syn_ts_436_11_1p3524,0.7121192812919617,6.832503272338624,6.832503272338624,10.879030281589825,4.046527009251202,4.046527009251202,3.0569445711235854
telecom_cluster_00738,syn_ts_436_11_1p3524,0.2739692032337188,7.86938688746952,7.86938688746952,10.309534948388816,2.440148060919296,2.440148060919296,2.0200609559926894
telecom_cluster_00753,syn_ts_436_11_1p3524,0.7121192812919617,6.832503272338624,6.832503272338624,10.879030281589825,4.046527009251202,4.046527009251202,3.0569445711235854
telecom_cluster_00783,syn_ts_436_11_1p3524,0.3311190903186798,7.666932504171973,7.666932504171973,10.399469308887774,2.732536804715801,2.732536804715801,2.2225153392902364
telecom_cluster_00832,syn_ts_436_11_1p3524,0.9026191830635072,6.450842720395108,6.450842720395108,11.099561730282607,4.6487190098874995,4.6487190098874995,3.4386051230671013
telecom_cluster_00833,syn_ts_436_11_1p3524,0.5216192603111267,7.249717725079993,7.249717725079993,10.661370946901618,3.4116532218216253,3.4116532218216253,2.639730118382216
telecom_cluster_00840,syn_ts_436_11_1p3524,3.969669342041016,0.0,0.0,11.231606683384824,11.231606683384824,11.231606683384824,9.889447843462209
telecom_cluster_00871,syn_ts_436_11_1p3524,0.2834942638874054,7.83245145297521,7.83245145297521,10.324374012949775,2.491922559974565,2.491922559974565,2.056996390486999
telecom_cluster_00879,syn_ts_436_11_1p3524,0.7025942206382751,6.853364125515936,6.853364125515936,10.868088349664623,4.0147242241486865,4.0147242241486865,3.0360837179462727
telecom_cluster_00887,syn_ts_436_11_1p3524,3.617244243621826,0.0,0.0,11.231606683384824,11.231606683384824,11.231606683384824,9.889447843462209
telecom_cluster_00923,syn_ts_436_11_1p3524,0.1120441332459449,8.497285546907992,8.497285546907992,10.059183591252589,1.5618980443445967,1.5618980443445967,1.3921622965542166
telecom_cluster_01046,syn_ts_436_11_1p3524,0.3406441509723663,7.64607165099466,7.64607165099466,10.414524877825304,2.768453226830644,2.768453226830644,2.243376192467549
telecom_cluster_01096,syn_ts_436_11_1p3524,0.5882942080497742,7.1036927971607575,7.1036927971607575,10.73723649054899,3.6335436933882317,3.6335436933882317,2.7857550463014515
telecom_cluster_01183,syn_ts_436_11_1p3524,0.5978192687034607,7.082831943983445,7.082831943983445,10.748074502865078,3.6652425588816335,3.6652425588816335,2.806615899478764
telecom_cluster_01202,syn_ts_436_11_1p3524,1.855119228363037,0.0,0.0,11.231606683384824,7.958771009569388,7.958771009569388,9.889447843462209
telecom_cluster_01218,syn_ts_436_11_1p3524,0.4168441593647003,7.479185869898113,7.479185869898113,10.526994587163362,3.047808717265249,3.047808717265249,2.410261973564096
telecom_cluster_01237,syn_ts_436_11_1p3524,0.8168942332267761,6.603035453871114,6.603035453871114,11.000008785869545,4.3969733319984305,4.3969733319984305,3.286412389591095
telecom_cluster_01684,syn_ts_436_11_1p3524,0.1787193119525909,8.238738458857423,8.238738458857423,10.161534601616383,1.9227961427589602,1.9227961427589602,1.6507093846047862
telecom_cluster_01693,syn_ts_436_11_1p3524,0.4263692200183868,7.4583250167208,7.4583250167208,10.539600355104916,3.081275338384116,3.081275338384116,2.431122826741409
telecom_cluster_01696,syn_ts_436_11_1p3524,0.1596691906452179,8.312609327846042,8.312609327846042,10.13229134796211,1.8196820201160673,1.8196820201160673,1.576838515616167
telecom_cluster_01697,syn_ts_436_11_1p3524,0.3025441467761993,7.758581508504988,7.758581508504988,10.35430297892605,2.5957214704210623,2.5957214704210623,2.130866334957221
telecom_cluster_01698,syn_ts_436_11_1p3524,0.3025441467761993,7.758581508504988,7.758581508504988,10.35430297892605,2.5957214704210623,2.5957214704210623,2.130866334957221
telecom_cluster_01699,syn_ts_436_11_1p3524,0.3025441467761993,7.758581508504988,7.758581508504988,10.35430297892605,2.5957214704210623,2.5957214704210623,2.130866334957221
telecom_cluster_01703,syn_ts_436_11_1p3524,0.6549692749977112,6.957667608161034,6.957667608161034,10.813379100864326,3.855711492703292,3.855711492703292,2.931780235301175
telecom_cluster_01704,syn_ts_436_11_1p3524,0.4739941656589508,7.354021534075701,7.354021534075701,10.602628721516608,3.248607187440906,3.248607187440906,2.5354263093865077
telecom_cluster_01716,syn_ts_436_11_1p3524,0.3025441467761993,7.758581508504988,7.758581508504988,10.35430297892605,2.5957214704210623,2.5957214704210623,2.130866334957221
telecom_cluster_01749,syn_ts_436_11_1p3524,2.19801926612854,0.0,0.0,11.231606683384824,11.149630309582133,11.149630309582133,9.889447843462209
telecom_cluster_01750,syn_ts_436_11_1p3524,0.1977691948413849,8.164868514387202,8.164868514387202,10.190823174764382,2.025954660377181,2.025954660377181,1.7245793290750075
telecom_cluster_01751,syn_ts_436_11_1p3524,0.5978192687034607,7.082831943983445,7.082831943983445,10.748074502865078,3.6652425588816335,3.6652425588816335,2.806615899478764
telecom_cluster_01826,syn_ts_436_11_1p3524,0.2549190819263458,7.943257756458139,7.943257756458139,10.279856819266898,2.3365990628087596,2.3365990628087596,1.9461900870040703
telecom_cluster_01827,syn_ts_436_11_1p3524,0.1787193119525909,8.238738458857423,8.238738458857423,10.161534601616383,1.9227961427589602,1.9227961427589602,1.6507093846047862
telecom_cluster_01863,syn_ts_436_11_1p3524,0.8454691767692566,6.550961220049047,6.550961220049047,11.033141517799084,4.482180297750038,4.482180297750038,3.3384866234131625
telecom_cluster_01868,syn_ts_436_11_1p3524,1.969419240951538,0.0,0.0,11.231606683384824,8.586230011868526,8.586230011868526,9.889447843462209
telecom_cluster_01869,syn_ts_436_11_1p3524,0.3787441551685333,7.562628760446387,7.562628760446387,10.474746776724558,2.9121180162781712,2.9121180162781712,2.326819083015822
telecom_cluster_01897,syn_ts_436_11_1p3524,1.1502691507339478,6.01699599298004,6.01699599298004,11.231606683384824,5.2146106904047835,5.2146106904047835,3.872451850482169
telecom_cluster_01898,syn_ts_436_11_1p3524,1.1693191528320312,5.98362315976206,5.98362315976206,11.231606683384824,5.247983523622763,5.247983523622763,3.905824683700149
telecom_cluster_01899,syn_ts_436_11_1p3524,0.2358691990375518,8.017127700928361,8.017127700928361,10.250179061576599,2.233051360648238,2.233051360648238,1.872320142533848
telecom_cluster_01929,syn_ts_436_11_1p3524,1.4550691843032837,0.0,0.0,11.231606683384824,6.082218265326424,6.082218265326424,9.889447843462209
telecom_cluster_01966,syn_ts_436_11_1p3524,2.312319278717041,0.0,0.0,11.231606683384824,11.231606683384824,11.231606683384824,9.889447843462209
telecom_cluster_01967,syn_ts_436_11_1p3524,0.9311942458152772,6.400783366149469,6.400783366149469,11.132997195206865,4.732213829057397,4.732213829057397,3.4886644773127404
telecom_cluster_02087,syn_ts_436_11_1p3524,0.2549190819263458,7.943257756458139,7.943257756458139,10.279856819266898,2.3365990628087596,2.3365990628087596,1.9461900870040703
telecom_cluster_02105,syn_ts_436_11_1p3524,0.0644193068146705,8.681960870342746,8.681960870342746,9.986859852080904,1.3048989817381589,1.3048989817381589,1.2074869731194635
telecom_cluster_02107,syn_ts_436_11_1p3524,0.4168441593647003,7.479185869898113,7.479185869898113,10.526994587163362,3.047808717265249,3.047808717265249,2.410261973564096
telecom_cluster_02128,syn_ts_436_11_1p3524,0.2644441425800323,7.906322321963829,7.906322321963829,10.294695883827858,2.3883735618640287,2.3883735618640287,1.9831255214983798
telecom_cluster_02179,syn_ts_436_11_1p3524,0.6549692749977112,6.957667608161034,6.957667608161034,10.813379100864326,3.855711492703292,3.855711492703292,2.931780235301175
telecom_cluster_02221,syn_ts_436_11_1p3524,0.4930441677570343,7.312300088801565,7.312300088801565,10.627840099634355,3.31554001083279,3.31554001083279,2.5771477546606443
telecom_cluster_02222,syn_ts_436_11_1p3524,0.3025441467761993,7.758581508504988,7.758581508504988,10.35430297892605,2.5957214704210623,2.5957214704210623,2.130866334957221
telecom_cluster_02225,syn_ts_436_11_1p3524,1.1407442092895508,6.033682305170361,6.033682305170361,11.231606683384824,5.197924378214463,5.197924378214463,3.8557655382918483
telecom_cluster_02226,syn_ts_436_11_1p3524,1.9122692346572876,0.0,0.0,11.231606683384824,8.272500510718958,8.272500510718958,9.889447843462209
telecom_cluster_02267,syn_ts_436_11_1p3524,0.4454192221164703,7.416603571446663,7.416603571446663,10.564811733222665,3.1482081617760027,3.1482081617760027,2.4728442720155464
telecom_cluster_02268,syn_ts_436_11_1p3524,0.5882942080497742,7.1036927971607575,7.1036927971607575,10.73723649054899,3.6335436933882317,3.6335436933882317,2.7857550463014515
telecom_cluster_02316,syn_ts_436_11_1p3524,0.4263692200183868,7.4583250167208,7.4583250167208,10.539600355104916,3.081275338384116,3.081275338384116,2.431122826741409
telecom_cluster_02478,syn_ts_436_11_1p3524,0.1882441341876983,8.20180394888151,8.20180394888151,10.176155862454513,1.9743519135730025,1.9743519135730025,1.6876438945806989
telecom_cluster_02479,syn_ts_436_11_1p3524,1.855119228363037,0.0,0.0,11.231606683384824,7.958771009569388,7.958771009569388,9.889447843462209
telecom_cluster_02523,syn_ts_436_11_1p3524,0.3501692116260528,7.625210797817347,7.625210797817347,10.429580446762834,2.804369648945487,2.804369648945487,2.2642370456448617
telecom_cluster_02525,syn_ts_436_11_1p3524,1.1026442050933838,6.10042797160632,6.10042797160632,11.231606683384824,5.131178711778504,5.131178711778504,3.7890198718558894
telecom_cluster_02576,syn_ts_436_11_1p3524,0.4739941656589508,7.354021534075701,7.354021534075701,10.602628721516608,3.248607187440906,3.248607187440906,2.5354263093865077
telecom_cluster_02580,syn_ts_436_11_1p3524,0.1977691948413849,8.164868514387202,8.164868514387202,10.190823174764382,2.025954660377181,2.025954660377181,1.7245793290750075
telecom_cluster_02582,syn_ts_436_11_1p3524,0.3787441551685333,7.562628760446387,7.562628760446387,10.474746776724558,2.9121180162781712,2.9121180162781712,2.326819083015822
telecom_cluster_02583,syn_ts_436_11_1p3524,0.2930190861225128,7.795516942999297,7.795516942999297,10.33924740998852,2.5437304669892224,2.5437304669892224,2.0939309004629116
telecom_cluster_02634,syn_ts_436_11_1p3524,0.092994250357151,8.571155491378216,8.571155491378216,10.030069609904702,1.4589141185264864,1.4589141185264864,1.3182923520839935
telecom_cluster_02635,syn_ts_436_11_1p3524,0.9026191830635072,6.450842720395108,6.450842720395108,11.099561730282607,4.6487190098874995,4.6487190098874995,3.4386051230671013
telecom_cluster_02683,syn_ts_436_11_1p3524,0.1977691948413849,8.164868514387202,8.164868514387202,10.190823174764382,2.025954660377181,2.025954660377181,1.7245793290750075
telecom_cluster_02692,syn_ts_436_11_1p3524,0.3692190945148468,7.5834896136236996,7.5834896136236996,10.459691207787028,2.8762015941633283,2.8762015941633283,2.3059582298385095
telecom_cluster_02734,syn_ts_436_11_1p3524,0.7121192812919617,6.832503272338624,6.832503272338624,10.879030281589825,4.046527009251202,4.046527009251202,3.0569445711235854
telecom_cluster_02741,syn_ts_436_11_1p3524,0.5025692582130432,7.29143917035413,7.29143917035413,10.639695057910753,3.348255887556623,3.348255887556623,2.5980086731080787
telecom_cluster_02750,syn_ts_436_11_1p3524,0.3120692074298858,7.721646074010678,7.721646074010678,10.36935854786358,2.647712473852902,2.647712473852902,2.167801769451531
telecom_cluster_02763,syn_ts_436_11_1p3524,0.7121192812919617,6.832503272338624,6.832503272338624,10.879030281589825,4.046527009251202,4.046527009251202,3.0569445711235854
telecom_cluster_02764,syn_ts_436_11_1p3524,0.7121192812919617,6.832503272338624,6.832503272338624,10.879030281589825,4.046527009251202,4.046527009251202,3.0569445711235854
telecom_cluster_02793,syn_ts_436_11_1p3524,0.7502191662788391,6.7490606428708375,6.7490606428708375,10.922797598464921,4.173736955594084,4.173736955594084,3.1403872005913716
telecom_cluster_02794,syn_ts_436_11_1p3524,0.5882942080497742,7.1036927971607575,7.1036927971607575,10.73723649054899,3.6335436933882317,3.6335436933882317,2.7857550463014515
telecom_cluster_02812,syn_ts_436_11_1p3524,0.7121192812919617,6.832503272338624,6.832503272338624,10.879030281589825,4.046527009251202,4.046527009251202,3.0569445711235854
telecom_cluster_02813,syn_ts_436_11_1p3524,0.7121192812919617,6.832503272338624,6.832503272338624,10.879030281589825,4.046527009251202,4.046527009251202,3.0569445711235854
telecom_cluster_02832,syn_ts_436_11_1p3524,0.3501692116260528,7.625210797817347,7.625210797817347,10.429580446762834,2.804369648945487,2.804369648945487,2.2642370456448617
telecom_cluster_02839,syn_ts_436_11_1p3524,0.6549692749977112,6.957667608161034,6.957667608161034,10.813379100864326,3.855711492703292,3.855711492703292,2.931780235301175
telecom_cluster_02844,syn_ts_436_11_1p3524,1.0931191444396973,6.117114492633979,6.117114492633979,11.231606683384824,5.114492190750845,5.114492190750845,3.77233335082823
telecom_cluster_02863,syn_ts_436_11_1p3524,0.7121192812919617,6.832503272338624,6.832503272338624,10.879030281589825,4.046527009251202,4.046527009251202,3.0569445711235854
telecom_cluster_02891,syn_ts_436_11_1p3524,0.5787692666053772,7.124553389257582,7.124553389257582,10.726398613874213,3.601845224616631,3.601845224616631,2.7648944542046268
telecom_cluster_02900,syn_ts_436_11_1p3524,0.2072942554950714,8.127933079892891,8.127933079892891,10.20566223932534,2.077729159432449,2.077729159432449,1.761514763569318
telecom_cluster_02901,syn_ts_436_11_1p3524,0.0548942424356937,8.718896319282656,8.718896319282656,9.972456473664433,1.253560154381777,1.253560154381777,1.1705515241795528
telecom_cluster_02918,syn_ts_436_11_1p3524,0.7121192812919617,6.832503272338624,6.832503272338624,10.879030281589825,4.046527009251202,4.046527009251202,3.0569445711235854
telecom_cluster_02947,syn_ts_436_11_1p3524,0.6740192770957947,6.915946162886898,6.915946162886898,10.835262827772825,3.919316664885927,3.919316664885927,2.9735016805753114
telecom_cluster_02957,syn_ts_436_11_1p3524,0.1025193110108375,8.534220056883905,8.534220056883905,10.04456233041446,1.5103422735305543,1.5103422735305543,1.355227786578304
telecom_cluster_02980,syn_ts_436_11_1p3524,0.7121192812919617,6.832503272338624,6.832503272338624,10.879030281589825,4.046527009251202,4.046527009251202,3.0569445711235854
telecom_cluster_03010,syn_ts_436_11_1p3524,1.0454941987991333,6.200546471260259,6.200546471260259,11.231606683384824,5.031060212124564,5.031060212124564,3.6889013722019497
telecom_cluster_03042,syn_ts_436_11_1p3524,0.9788191914558412,6.317351387523188,6.317351387523188,11.188722784099447,4.871371396576259,4.871371396576259,3.572096455939021
telecom_cluster_03043,syn_ts_436_11_1p3524,0.6359192728996277,6.999389053435171,6.999389053435171,10.791495373955826,3.792106320520655,3.792106320520655,2.8900587900270382
telecom_cluster_03071,syn_ts_436_11_1p3524,0.4739941656589508,7.354021534075701,7.354021534075701,10.602628721516608,3.248607187440906,3.248607187440906,2.5354263093865077
telecom_cluster_03098,syn_ts_436_11_1p3524,0.1596691906452179,8.312609327846042,8.312609327846042,10.13229134796211,1.8196820201160673,1.8196820201160673,1.576838515616167
telecom_cluster_03146,syn_ts_436_11_1p3524,0.5311442017555237,7.228857132983169,7.228857132983169,10.672208823576392,3.4433516905932233,3.4433516905932233,2.66059071047904
telecom_cluster_03197,syn_ts_436_11_1p3524,1.2931441068649292,5.766699848263861,5.766699848263861,11.231606683384824,5.464906835120963,5.464906835120963,4.122747995198348
telecom_cluster_03207,syn_ts_436_11_1p3524,1.7598692178726196,0.0,0.0,11.231606683384824,7.4470568184457315,7.4470568184457315,9.889447843462209
telecom_cluster_03214,syn_ts_436_11_1p3524,0.6644942164421082,6.9368070160642095,6.9368070160642095,10.824320895847624,3.8875138797834143,3.8875138797834143,2.9526408273979996
telecom_cluster_03250,syn_ts_436_11_1p3524,4.122069358825684,0.0,0.0,11.231606683384824,11.231606683384824,11.231606683384824,9.889447843462209
telecom_cluster_03261,syn_ts_436_11_1p3524,0.7025942206382751,6.853364125515936,6.853364125515936,10.868088349664623,4.0147242241486865,4.0147242241486865,3.0360837179462727
telecom_cluster_03262,syn_ts_436_11_1p3524,1.2074191570281982,5.9168774933261,5.9168774933261,11.231606683384824,5.314729190058723,5.314729190058723,3.9725703501361087
telecom_cluster_03306,syn_ts_436_11_1p3524,0.1787193119525909,8.238738458857423,8.238738458857423,10.161534601616383,1.9227961427589602,1.9227961427589602,1.6507093846047862
telecom_cluster_03307,syn_ts_436_11_1p3524,1.7789192199707031,0.0,0.0,11.231606683384824,7.540465008036631,7.540465008036631,9.889447843462209
telecom_cluster_03328,syn_ts_436_11_1p3524,0.3406441509723663,7.64607165099466,7.64607165099466,10.414524877825304,2.768453226830644,2.768453226830644,2.243376192467549
telecom_cluster_03370,syn_ts_436_11_1p3524,0.4549441635608673,7.395742979349839,7.395742979349839,10.577417343398858,3.1816743640490195,3.1816743640490195,2.4937048641123702
telecom_cluster_03371,syn_ts_436_11_1p3524,1.3598191738128662,0.0,0.0,11.231606683384824,5.68213763894254,5.68213763894254,9.889447843462209
telecom_cluster_03400,syn_ts_436_11_1p3524,0.5692442059516907,7.145414242434895,7.145414242434895,10.715560601558124,3.570146359123229,3.570146359123229,2.744033601027314
telecom_cluster_03401,syn_ts_436_11_1p3524,0.6359192728996277,6.999389053435171,6.999389053435171,10.791495373955826,3.792106320520655,3.792106320520655,2.8900587900270382
telecom_cluster_03500,syn_ts_436_11_1p3524,1.0835942029953003,6.1338008048243,6.1338008048243,11.231606683384824,5.097805878560524,5.097805878560524,3.7556470386379095
telecom_cluster_03524,syn_ts_436_11_1p3524,0.5025692582130432,7.29143917035413,7.29143917035413,10.639695057910753,3.348255887556623,3.348255887556623,2.5980086731080787
telecom_cluster_03564,syn_ts_436_11_1p3524,0.4358941614627838,7.437464424623975,7.437464424623975,10.552205965281109,3.1147415406571337,3.1147415406571337,2.4519834188382337
telecom_cluster_03570,syn_ts_436_11_1p3524,0.0739441290497779,8.645026360366835,8.645026360366835,10.001262864338194,1.3562365039713598,1.3562365039713598,1.2444214830953744
telecom_cluster_03571,syn_ts_436_11_1p3524,0.2644441425800323,7.906322321963829,7.906322321963829,10.294695883827858,2.3883735618640287,2.3883735618640287,1.9831255214983798
telecom_cluster_03588,syn_ts_436_11_1p3524,0.1691942512989044,8.275673893351733,8.275673893351733,10.146912974789247,1.8712390814375137,1.8712390814375137,1.6137739501104758
telecom_cluster_03618,syn_ts_436_11_1p3524,0.7692691683769226,6.707339197596701,6.707339197596701,10.944787381688943,4.237448184092242,4.237448184092242,3.182108645865508
telecom_cluster_03651,syn_ts_436_11_1p3524,1.5122191905975342,0.0,0.0,11.231606683384824,6.338125494036293,6.338125494036293,9.889447843462209
telecom_cluster_03674,syn_ts_436_11_1p3524,2.5717499256134033,0.0,0.0,11.231606683384824,11.231606683384824,11.231606683384824,9.889447843462209
telecom_cluster_03708,syn_ts_436_11_1p3524,1.6169941425323486,0.0,0.0,11.231606683384824,6.807288479772407,6.807288479772407,9.889447843462209
telecom_cluster_03766,syn_ts_436_11_1p3524,0.2263441383838653,8.05406313542267,8.05406313542267,10.235339997015641,2.1812768615929716,2.1812768615929716,1.8353847080395393
telecom_cluster_03799,syn_ts_436_11_1p3524,0.8454691767692566,6.550961220049047,6.550961220049047,11.033141517799084,4.482180297750038,4.482180297750038,3.3384866234131625
telecom_cluster_03925,syn_ts_436_11_1p3524,1.0835942029953003,6.1338008048243,6.1338008048243,11.231606683384824,5.097805878560524,5.097805878560524,3.7556470386379095
telecom_cluster_03926,syn_ts_436_11_1p3524,0.8549942374229431,6.534274699021387,6.534274699021387,11.044185853924615,4.509911154903228,4.509911154903228,3.3551731444408217
telecom_cluster_03951,syn_ts_436_11_1p3524,1.1026442050933838,6.10042797160632,6.10042797160632,11.231606683384824,5.131178711778504,5.131178711778504,3.7890198718558894
telecom_cluster_04006,syn_ts_436_11_1p3524,0.6740192770957947,6.915946162886898,6.915946162886898,10.835262827772825,3.919316664885927,3.919316664885927,2.9735016805753114
telecom_cluster_04034,syn_ts_436_11_1p3524,0.6740192770957947,6.915946162886898,6.915946162886898,10.835262827772825,3.919316664885927,3.919316664885927,2.9735016805753114
hospital_bellevue_hospital_center,syn_ts_436_11_1p3524,0.1501441299915313,8.349544762340352,8.349544762340352,10.117669721134973,1.7681249587946208,1.7681249587946208,1.5399030811218566
hospital_coney_island_hospital,syn_ts_436_11_1p3524,0.1406193077564239,8.386479272316265,8.386479272316265,10.103048460296844,1.7165691879805784,1.7165691879805784,1.502968571145944
subway_tottenville_sir,syn_ts_436_11_1p3524,0.1501441299915313,8.349544762340352,8.349544762340352,10.117669721134973,1.7681249587946208,1.7681249587946208,1.5399030811218566
subway_richmond_valley_sir,syn_ts_436_11_1p3524,0.1977691948413849,8.164868514387202,8.164868514387202,10.190823174764382,2.025954660377181,2.025954660377181,1.7245793290750075
subway_w_8_st_ny_aquarium_fq,syn_ts_436_11_1p3524,0.6073442101478577,7.061971351886621,7.061971351886621,10.758912379539854,3.6969410276532333,3.6969410276532333,2.827476491575588
subway_ocean_pkwy_q,syn_ts_436_11_1p3524,0.5692442059516907,7.145414242434895,7.145414242434895,10.715560601558124,3.570146359123229,3.570146359123229,2.744033601027314
subway_coney_island_stillwell_av_dfnq,syn_ts_436_11_1p3524,0.4073192179203033,7.500046461994937,7.500046461994937,10.514388976987167,3.0143425149922303,3.0143425149922303,2.3894013814672723
subway_brighton_beach_bq,syn_ts_436_11_1p3524,0.0358441211283206,8.807334585961973,8.807334585961973,9.943649728097926,1.1363151421359525,1.1363151421359525,1.082113257500236
subway_neptune_av_f,syn_ts_436_11_1p3524,0.092994250357151,8.571155491378216,8.571155491378216,10.030069609904702,1.4589141185264864,1.4589141185264864,1.3182923520839935
subway_clifton_sir,syn_ts_436_11_1p3524,0.0548942424356937,8.718896319282656,8.718896319282656,9.972456473664433,1.253560154381777,1.253560154381777,1.1705515241795528
subway_stapleton_sir,syn_ts_436_11_1p3524,0.1596691906452179,8.312609327846042,8.312609327846042,10.13229134796211,1.8196820201160673,1.8196820201160673,1.576838515616167
subway_howard_beach_jfk_airport_a,syn_ts_436_11_1p3524,0.3977941572666168,7.520907315172249,7.520907315172249,10.501783209045612,2.980875893873363,2.980875893873363,2.3685405282899596
subway_smith_9_sts_fg,syn_ts_436_11_1p3524,0.3977941572666168,7.520907315172249,7.520907315172249,10.501783209045612,2.980875893873363,2.980875893873363,2.3685405282899596
subway_south_ferry_1,syn_ts_436_11_1p3524,0.2168190777301788,8.09099856991698,8.09099856991698,10.220500932454682,2.1295023625377016,2.1295023625377016,1.7984492735452289
water_owls_head_wwtp,syn_ts_436_11_1p3524,1.3598191738128662,0.0,0.0,11.231606683384824,5.68213763894254,5.68213763894254,9.889447843462209
water_brooklyn_navy_yard_admiral_row,syn_ts_436_11_1p3524,0.8549942374229431,6.534274699021387,6.534274699021387,11.044185853924615,4.509911154903228,4.509911154903228,3.3551731444408217
water_hunts_point_wwtp,syn_ts_436_11_1p3524,1.0835942029953003,6.1338008048243,6.1338008048243,11.231606683384824,5.097805878560524,5.097805878560524,3.7556470386379095
water_zerega_industrial_park,syn_ts_436_11_1p3524,0.2168190777301788,8.09099856991698,8.09099856991698,10.220500932454682,2.1295023625377016,2.1295023625377016,1.7984492735452289
water_manhattan_sewage_pump_station,syn_ts_436_11_1p3524,0.2549190819263458,7.943257756458139,7.943257756458139,10.279856819266898,2.3365990628087596,2.3365990628087596,1.9461900870040703
water_gowanus_pumping_station,syn_ts_436_11_1p3524,0.1691942512989044,8.275673893351733,8.275673893351733,10.146912974789247,1.8712390814375137,1.8712390814375137,1.6137739501104758
water_spring_creek_park,syn_ts_436_11_1p3524,1.5788941383361816,0.0,0.0,11.231606683384824,6.636683660632494,6.636683660632494,9.889447843462209
water_mason_avenue_pumping_station,syn_ts_436_11_1p3524,0.1215691938996315,8.460350112413684,8.460350112413684,10.073805218079727,1.613455105666043,1.613455105666043,1.4290977310485253
water_throgs_neck_sewage_pump_station,syn_ts_436_11_1p3524,0.5216192603111267,7.249717725079993,7.249717725079993,10.661370946901618,3.4116532218216253,3.4116532218216253,2.639730118382216
water_marble_hill_sewage_pump_statn,syn_ts_436_11_1p3524,0.7311692833900452,6.790781827064486,6.790781827064486,10.900914008498324,4.110132181433838,4.110132181433838,3.098666016397723
water_lew_fidler_park_dep_pier,syn_ts_436_11_1p3524,0.7597442269325256,6.728199789693525,6.728199789693525,10.933743183786937,4.205543394093413,4.205543394093413,3.1612480537686842
water_newtown_creek_wwtp,syn_ts_436_11_1p3524,0.1310942471027374,8.423414706810574,8.423414706810574,10.088426833469708,1.6650121266591338,1.6650121266591338,1.4660331366516353
fuel_station_gulf_0324,syn_ts_436_11_1p3524,0.6359192728996277,6.999389053435171,6.999389053435171,10.791495373955826,3.792106320520655,3.792106320520655,2.8900587900270382
fuel_station_shell_0327,syn_ts_436_11_1p3524,0.3406441509723663,7.64607165099466,7.64607165099466,10.414524877825304,2.768453226830644,2.768453226830644,2.243376192467549
fuel_station_allegiance_0402,syn_ts_436_11_1p3524,0.5501942038536072,7.1871356877090316,7.1871356877090316,10.69388471256726,3.5067490248582276,3.5067490248582276,2.7023121557531775
fuel_station_shell_0531,syn_ts_436_11_1p3524,0.5406692624092102,7.207996279805856,7.207996279805856,10.683046835892483,3.475050556086627,3.475050556086627,2.6814515636563527
fuel_station_allegiance_0536,syn_ts_436_11_1p3524,1.5503191947937012,0.0,0.0,11.231606683384824,6.5087303131762075,6.5087303131762075,9.889447843462209
fuel_station_shell_0678,syn_ts_436_11_1p3524,0.1596691906452179,8.312609327846042,8.312609327846042,10.13229134796211,1.8196820201160673,1.8196820201160673,1.576838515616167
fuel_station_mobil_0695,syn_ts_436_11_1p3524,0.4835192263126373,7.333160680898389,7.333160680898389,10.615234489458162,3.2820738085597734,3.2820738085597734,2.5562871625638204
fuel_station_american_quick_start_auto_cent_0713,syn_ts_436_11_1p3524,0.3882692158222198,7.541767907269074,7.541767907269074,10.48917759886942,2.9474096916003454,2.9474096916003454,2.347679936193135
fuel_station_bp_0850,syn_ts_436_11_1p3524,0.7311692833900452,6.790781827064486,6.790781827064486,10.900914008498324,4.110132181433838,4.110132181433838,3.098666016397723
fuel_station_mobil_0895,syn_ts_436_11_1p3524,0.1215691938996315,8.460350112413684,8.460350112413684,10.073805218079727,1.613455105666043,1.613455105666043,1.4290977310485253
fuel_station_bp_0914,syn_ts_436_11_1p3524,0.1215691938996315,8.460350112413684,8.460350112413684,10.073805218079727,1.613455105666043,1.613455105666043,1.4290977310485253
fuel_station_sunoco_0928,syn_ts_436_11_1p3524,0.1120441332459449,8.497285546907992,8.497285546907992,10.059183591252589,1.5618980443445967,1.5618980443445967,1.3921622965542166
fuel_station_citgo_0937,syn_ts_436_11_1p3524,1.7979692220687866,0.0,0.0,11.231606683384824,7.645041508419821,7.645041508419821,9.889447843462209
fuel_station_mobil_1019,syn_ts_436_11_1p3524,0.1787193119525909,8.238738458857423,8.238738458857423,10.161534601616383,1.9227961427589602,1.9227961427589602,1.6507093846047862
fuel_station_unknown_gas_station_1040,syn_ts_436_11_1p3524,0.6073442101478577,7.061971351886621,7.061971351886621,10.758912379539854,3.6969410276532333,3.6969410276532333,2.827476491575588
fuel_station_citgo_1044,syn_ts_436_11_1p3524,0.1215691938996315,8.460350112413684,8.460350112413684,10.073805218079727,1.613455105666043,1.613455105666043,1.4290977310485253
fuel_station_lukoil_1058,syn_ts_436_11_1p3524,4.950744152069092,0.0,0.0,11.231606683384824,11.231606683384824,11.231606683384824,9.889447843462209
fuel_station_speedway_1103,syn_ts_436_11_1p3524,0.5597192645072937,7.166274834531719,7.166274834531719,10.704722724883348,3.5384478903516294,3.5384478903516294,2.72317300893049
fuel_station_mobil_1104,syn_ts_436_11_1p3524,0.6263942122459412,7.0202499066124835,7.0202499066124835,10.78058826853072,3.760338361918236,3.760338361918236,2.8691979368497256
fuel_station_speedway_1105,syn_ts_436_11_1p3524,0.7978442311286926,6.644756899145251,6.644756899145251,10.97792025184201,4.333163352696759,4.333163352696759,3.2446909443169583
fuel_station_bp_1149,syn_ts_436_11_1p3524,0.3025441467761993,7.758581508504988,7.758581508504988,10.35430297892605,2.5957214704210623,2.5957214704210623,2.130866334957221
power_east_13th_street,syn_ts_570_2_1p5351,0.1589032709598541,9.357676931452133,9.357676931452133,22.007619954070474,3.8772386852470593,3.8772386852470593,1.3070960376400915
power_howard_beach,syn_ts_570_2_1p5351,0.2351032793521881,9.080229862823582,9.080229862823582,22.007619954070474,4.610290873071479,4.610290873071479,1.584543106268642
power_unknown129920,syn_ts_570_2_1p5351,0.1493782103061676,9.436027546662945,9.436027546662945,22.007619954070474,3.65753266112692,3.65753266112692,1.228745422429279
power_howland_hook,syn_ts_570_2_1p5351,0.6446782350540161,0.0,0.0,22.007619954070474,8.470958895671894,8.470958895671894,10.664772969092224
telecom_cluster_00026,syn_ts_570_2_1p5351,0.035078190267086,10.376229106975773,10.376229106975773,11.132634622543197,0.7564055155674243,0.7564055155674243,0.2885438621164518
telecom_cluster_00066,syn_ts_570_2_1p5351,2.073428153991699,0.0,0.0,22.007619954070474,22.007619954070474,22.007619954070474,10.664772969092224
telecom_cluster_00072,syn_ts_570_2_1p5351,1.9877032041549685,0.0,0.0,22.007619954070474,22.007619954070474,22.007619954070474,10.664772969092224
telecom_cluster_00073,syn_ts_570_2_1p5351,1.9877032041549685,0.0,0.0,22.007619954070474,22.007619954070474,22.007619954070474,10.664772969092224
telecom_cluster_00238,syn_ts_570_2_1p5351,0.8256531953811646,0.0,0.0,22.007619954070474,10.21365129053617,10.21365129053617,10.664772969092224
telecom_cluster_00274,syn_ts_570_2_1p5351,2.0829532146453857,0.0,0.0,22.007619954070474,22.007619954070474,22.007619954070474,10.664772969092224
telecom_cluster_00275,syn_ts_570_2_1p5351,1.3590532541275024,0.0,0.0,22.007619954070474,15.773958773912716,15.773958773912716,10.664772969092224
telecom_cluster_00292,syn_ts_570_2_1p5351,0.2732032835483551,8.949065749080477,8.949065749080477,22.007619954070474,4.96478480010555,4.96478480010555,1.7157072200117476
telecom_cluster_00293,syn_ts_570_2_1p5351,0.5208531618118286,0.0,0.0,22.007619954070474,7.243082098502551,7.243082098502551,10.664772969092224
telecom_cluster_00416,syn_ts_570_2_1p5351,2.416328191757202,0.0,0.0,22.007619954070474,22.007619954070474,22.007619954070474,10.664772969092224
telecom_cluster_00493,syn_ts_570_2_1p5351,0.7685031890869141,0.0,0.0,22.007619954070474,9.663327195117676,9.663327195117676,10.664772969092224
telecom_cluster_00586,syn_ts_570_2_1p5351,0.4446533024311065,8.3588272372365,8.3588272372365,22.007619954070474,6.560007471758876,6.560007471758876,2.305945731855724
telecom_cluster_00616,syn_ts_570_2_1p5351,0.2351032793521881,9.080229862823582,9.080229862823582,22.007619954070474,4.610290873071479,4.610290873071479,1.584543106268642
telecom_cluster_00652,syn_ts_570_2_1p5351,0.1303282082080841,9.592727796500668,9.592727796500668,22.007619954070474,3.2181233625803216,3.2181233625803216,1.0720451725915563
telecom_cluster_00695,syn_ts_570_2_1p5351,0.1303282082080841,9.592727796500668,9.592727796500668,22.007619954070474,3.2181233625803216,3.2181233625803216,1.0720451725915563
telecom_cluster_00714,syn_ts_570_2_1p5351,0.4446533024311065,8.3588272372365,8.3588272372365,22.007619954070474,6.560007471758876,6.560007471758876,2.305945731855724
telecom_cluster_00753,syn_ts_570_2_1p5351,0.4446533024311065,8.3588272372365,8.3588272372365,22.007619954070474,6.560007471758876,6.560007471758876,2.305945731855724
telecom_cluster_00783,syn_ts_570_2_1p5351,0.0636531338095665,10.141179222511141,10.141179222511141,11.513758056541938,1.3725788340307972,1.3725788340307972,0.5235937465810832
telecom_cluster_00832,syn_ts_570_2_1p5351,0.6351531744003296,0.0,0.0,22.007619954070474,8.379237639141191,8.379237639141191,10.664772969092224
telecom_cluster_00833,syn_ts_570_2_1p5351,0.2541532814502716,9.014647805952029,9.014647805952029,22.007619954070474,4.787537836588514,4.787537836588514,1.6501251631401956
telecom_cluster_00840,syn_ts_570_2_1p5351,3.702203273773194,0.0,0.0,22.007619954070474,22.007619954070474,22.007619954070474,10.664772969092224
telecom_cluster_00871,syn_ts_570_2_1p5351,0.016028307378292,10.532928376229588,10.532928376229588,10.87855339319422,0.34562501696463244,0.34562501696463244,0.1318445928626364
telecom_cluster_00879,syn_ts_570_2_1p5351,0.43512824177742,8.391618470868853,8.391618470868853,22.007619954070474,6.471383435420771,6.471383435420771,2.273154498223372
telecom_cluster_00887,syn_ts_570_2_1p5351,3.349778175354004,0.0,0.0,22.007619954070474,22.007619954070474,22.007619954070474,10.664772969092224
telecom_cluster_01046,syn_ts_570_2_1p5351,0.073178194463253,10.062828607300329,10.062828607300329,22.007619954070474,1.60518284754429,1.60518284754429,0.6019443617918956
telecom_cluster_01096,syn_ts_570_2_1p5351,0.320828229188919,8.78511081209817,8.78511081209817,22.007619954070474,5.407901654318556,5.407901654318556,1.8796621569940548
telecom_cluster_01183,syn_ts_570_2_1p5351,0.3303532898426056,8.752319578465817,8.752319578465817,22.007619954070474,5.496525690656661,5.496525690656661,1.912453390626407
telecom_cluster_01202,syn_ts_570_2_1p5351,1.5876532793045044,0.0,0.0,22.007619954070474,19.396905725549217,19.396905725549217,10.664772969092224
telecom_cluster_01218,syn_ts_570_2_1p5351,0.1493782103061676,9.436027546662945,9.436027546662945,22.007619954070474,3.65753266112692,3.65753266112692,1.228745422429279
telecom_cluster_01237,syn_ts_570_2_1p5351,0.5494282245635986,0.0,0.0,22.007619954070474,7.552881237963805,7.552881237963805,10.664772969092224
telecom_cluster_01693,syn_ts_570_2_1p5351,0.1589032709598541,9.357676931452133,9.357676931452133,22.007619954070474,3.8772386852470593,3.8772386852470593,1.3070960376400915
telecom_cluster_01697,syn_ts_570_2_1p5351,0.035078190267086,10.376229106975773,10.376229106975773,11.132634622543197,0.7564055155674243,0.7564055155674243,0.2885438621164518
telecom_cluster_01698,syn_ts_570_2_1p5351,0.035078190267086,10.376229106975773,10.376229106975773,11.132634622543197,0.7564055155674243,0.7564055155674243,0.2885438621164518
telecom_cluster_01699,syn_ts_570_2_1p5351,0.035078190267086,10.376229106975773,10.376229106975773,11.132634622543197,0.7564055155674243,0.7564055155674243,0.2885438621164518
telecom_cluster_01703,syn_ts_570_2_1p5351,0.3875032961368561,8.555573407851158,8.555573407851158,22.007619954070474,6.028266581207767,6.028266581207767,2.1091995612410663
telecom_cluster_01704,syn_ts_570_2_1p5351,0.2065282166004181,9.178603153327488,9.178603153327488,22.007619954070474,4.344419873216335,4.344419873216335,1.486169815764736
telecom_cluster_01716,syn_ts_570_2_1p5351,0.035078190267086,10.376229106975773,10.376229106975773,11.132634622543197,0.7564055155674243,0.7564055155674243,0.2885438621164518
telecom_cluster_01749,syn_ts_570_2_1p5351,1.9305531978607176,0.0,0.0,22.007619954070474,22.007619954070474,22.007619954070474,10.664772969092224
telecom_cluster_01751,syn_ts_570_2_1p5351,0.3303532898426056,8.752319578465817,8.752319578465817,22.007619954070474,5.496525690656661,5.496525690656661,1.912453390626407
telecom_cluster_01863,syn_ts_570_2_1p5351,0.5780031681060791,0.0,0.0,22.007619954070474,7.828913543722699,7.828913543722699,10.664772969092224
telecom_cluster_01868,syn_ts_570_2_1p5351,1.7019531726837158,0.0,0.0,22.007619954070474,22.007619954070474,22.007619954070474,10.664772969092224
telecom_cluster_01869,syn_ts_570_2_1p5351,0.11127819865942,9.749428107624885,9.749428107624885,22.007619954070474,2.778713892177864,2.778713892177864,0.9153448614673394
telecom_cluster_01897,syn_ts_570_2_1p5351,0.882803201675415,0.0,0.0,22.007619954070474,10.763975385954664,10.763975385954664,10.664772969092224
telecom_cluster_01898,syn_ts_570_2_1p5351,0.9018532037734984,0.0,0.0,22.007619954070474,10.947416751094163,10.947416751094163,10.664772969092224
telecom_cluster_01929,syn_ts_570_2_1p5351,1.187603235244751,0.0,0.0,22.007619954070474,13.871433635224173,13.871433635224173,10.664772969092224
telecom_cluster_01966,syn_ts_570_2_1p5351,2.0448532104492188,0.0,0.0,22.007619954070474,22.007619954070474,22.007619954070474,10.664772969092224
telecom_cluster_01967,syn_ts_570_2_1p5351,0.6637282371520996,0.0,0.0,22.007619954070474,8.654400260811393,8.654400260811393,10.664772969092224
telecom_cluster_02107,syn_ts_570_2_1p5351,0.1493782103061676,9.436027546662945,9.436027546662945,22.007619954070474,3.65753266112692,3.65753266112692,1.228745422429279
telecom_cluster_02179,syn_ts_570_2_1p5351,0.3875032961368561,8.555573407851158,8.555573407851158,22.007619954070474,6.028266581207767,6.028266581207767,2.1091995612410663
telecom_cluster_02221,syn_ts_570_2_1p5351,0.2255782186985016,9.113021096455935,9.113021096455935,22.007619954070474,4.521666836733374,4.521666836733374,1.5517518726362898
telecom_cluster_02222,syn_ts_570_2_1p5351,0.035078190267086,10.376229106975773,10.376229106975773,11.132634622543197,0.7564055155674243,0.7564055155674243,0.2885438621164518
telecom_cluster_02225,syn_ts_570_2_1p5351,0.8732782602310181,0.0,0.0,22.007619954070474,10.672255277345872,10.672255277345872,10.664772969092224
telecom_cluster_02226,syn_ts_570_2_1p5351,1.6448032855987549,0.0,0.0,22.007619954070474,20.781178221415402,20.781178221415402,10.664772969092224
telecom_cluster_02267,syn_ts_570_2_1p5351,0.1779532730579376,9.276976033438242,9.276976033438242,22.007619954070474,4.078549982520368,4.078549982520368,1.3877969356539825
telecom_cluster_02268,syn_ts_570_2_1p5351,0.320828229188919,8.78511081209817,8.78511081209817,22.007619954070474,5.407901654318556,5.407901654318556,1.8796621569940548
telecom_cluster_02316,syn_ts_570_2_1p5351,0.1589032709598541,9.357676931452133,9.357676931452133,22.007619954070474,3.8772386852470593,3.8772386852470593,1.3070960376400915
telecom_cluster_02479,syn_ts_570_2_1p5351,1.5876532793045044,0.0,0.0,22.007619954070474,19.396905725549217,19.396905725549217,10.664772969092224
telecom_cluster_02523,syn_ts_570_2_1p5351,0.0827032551169395,9.984477992089515,9.984477992089515,22.007619954070474,1.929745032719282,1.929745032719282,0.6802949770027098
telecom_cluster_02525,syn_ts_570_2_1p5351,0.8351782560348511,0.0,0.0,22.007619954070474,10.305372547066874,10.305372547066874,10.664772969092224
telecom_cluster_02576,syn_ts_570_2_1p5351,0.2065282166004181,9.178603153327488,9.178603153327488,22.007619954070474,4.344419873216335,4.344419873216335,1.486169815764736
telecom_cluster_02582,syn_ts_570_2_1p5351,0.11127819865942,9.749428107624885,9.749428107624885,22.007619954070474,2.778713892177864,2.778713892177864,0.9153448614673394
telecom_cluster_02583,syn_ts_570_2_1p5351,0.0255531296133995,10.454579722186587,10.454579722186587,11.00559241789343,0.5510126957068433,0.5510126957068433,0.21019324690563757
telecom_cluster_02635,syn_ts_570_2_1p5351,0.6351531744003296,0.0,0.0,22.007619954070474,8.379237639141191,8.379237639141191,10.664772969092224
telecom_cluster_02692,syn_ts_570_2_1p5351,0.1017531380057334,9.827778722835697,9.827778722835697,22.007619954070474,2.5590078680577264,2.5590078680577264,0.836994246256527
telecom_cluster_02734,syn_ts_570_2_1p5351,0.4446533024311065,8.3588272372365,8.3588272372365,22.007619954070474,6.560007471758876,6.560007471758876,2.305945731855724
telecom_cluster_02741,syn_ts_570_2_1p5351,0.2351032793521881,9.080229862823582,9.080229862823582,22.007619954070474,4.610290873071479,4.610290873071479,1.584543106268642
telecom_cluster_02750,syn_ts_570_2_1p5351,0.0446032509207725,10.297878491764958,10.297878491764958,11.259676827192962,0.9617983354280035,0.9617983354280035,0.366894477327266
telecom_cluster_02763,syn_ts_570_2_1p5351,0.4446533024311065,8.3588272372365,8.3588272372365,22.007619954070474,6.560007471758876,6.560007471758876,2.305945731855724
telecom_cluster_02764,syn_ts_570_2_1p5351,0.4446533024311065,8.3588272372365,8.3588272372365,22.007619954070474,6.560007471758876,6.560007471758876,2.305945731855724
telecom_cluster_02793,syn_ts_570_2_1p5351,0.482753187417984,8.227663533886545,8.227663533886545,22.007619954070474,6.904175291616552,6.904175291616552,2.437109435205679
telecom_cluster_02794,syn_ts_570_2_1p5351,0.320828229188919,8.78511081209817,8.78511081209817,22.007619954070474,5.407901654318556,5.407901654318556,1.8796621569940548
telecom_cluster_02812,syn_ts_570_2_1p5351,0.4446533024311065,8.3588272372365,8.3588272372365,22.007619954070474,6.560007471758876,6.560007471758876,2.305945731855724
telecom_cluster_02813,syn_ts_570_2_1p5351,0.4446533024311065,8.3588272372365,8.3588272372365,22.007619954070474,6.560007471758876,6.560007471758876,2.305945731855724
telecom_cluster_02832,syn_ts_570_2_1p5351,0.0827032551169395,9.984477992089515,9.984477992089515,22.007619954070474,1.929745032719282,1.929745032719282,0.6802949770027098
telecom_cluster_02839,syn_ts_570_2_1p5351,0.3875032961368561,8.555573407851158,8.555573407851158,22.007619954070474,6.028266581207767,6.028266581207767,2.1091995612410663
telecom_cluster_02844,syn_ts_570_2_1p5351,0.8256531953811646,0.0,0.0,22.007619954070474,10.21365129053617,10.21365129053617,10.664772969092224
telecom_cluster_02863,syn_ts_570_2_1p5351,0.4446533024311065,8.3588272372365,8.3588272372365,22.007619954070474,6.560007471758876,6.560007471758876,2.305945731855724
telecom_cluster_02891,syn_ts_570_2_1p5351,0.3113032877445221,8.817901635337371,8.817901635337371,22.007619954070474,5.319278727139622,5.319278727139622,1.8468713337548532
telecom_cluster_02918,syn_ts_570_2_1p5351,0.4446533024311065,8.3588272372365,8.3588272372365,22.007619954070474,6.560007471758876,6.560007471758876,2.305945731855724
telecom_cluster_02947,syn_ts_570_2_1p5351,0.4065532982349396,8.489991350979606,8.489991350979606,22.007619954070474,6.205513544724804,6.205513544724804,2.1747816181126183
telecom_cluster_02980,syn_ts_570_2_1p5351,0.4446533024311065,8.3588272372365,8.3588272372365,22.007619954070474,6.560007471758876,6.560007471758876,2.305945731855724
telecom_cluster_03010,syn_ts_570_2_1p5351,0.7780282497406006,0.0,0.0,22.007619954070474,9.755048451648381,9.755048451648381,10.664772969092224
telecom_cluster_03042,syn_ts_570_2_1p5351,0.7113531827926636,0.0,0.0,22.007619954070474,9.113003099699181,9.113003099699181,10.664772969092224
telecom_cluster_03043,syn_ts_570_2_1p5351,0.3684532940387726,8.621155464722712,8.621155464722712,22.007619954070474,5.851019617690733,5.851019617690733,2.0436175043695126
telecom_cluster_03071,syn_ts_570_2_1p5351,0.2065282166004181,9.178603153327488,9.178603153327488,22.007619954070474,4.344419873216335,4.344419873216335,1.486169815764736
telecom_cluster_03146,syn_ts_570_2_1p5351,0.2636782228946686,8.981856982712829,8.981856982712829,22.007619954070474,4.876160763767446,4.876160763767446,1.6829159863793954
telecom_cluster_03197,syn_ts_570_2_1p5351,1.0256781578063965,0.0,0.0,22.007619954070474,12.15416119083119,12.15416119083119,10.664772969092224
telecom_cluster_03207,syn_ts_570_2_1p5351,1.492403268814087,0.0,0.0,22.007619954070474,17.58323603770033,17.58323603770033,10.664772969092224
telecom_cluster_03214,syn_ts_570_2_1p5351,0.397028237581253,8.522782584611958,8.522782584611958,22.007619954070474,6.1168895083867,6.1168895083867,2.141990384480266
telecom_cluster_03250,syn_ts_570_2_1p5351,3.8546032905578618,0.0,0.0,22.007619954070474,22.007619954070474,22.007619954070474,10.664772969092224
telecom_cluster_03261,syn_ts_570_2_1p5351,0.43512824177742,8.391618470868853,8.391618470868853,22.007619954070474,6.471383435420771,6.471383435420771,2.273154498223372
telecom_cluster_03262,syn_ts_570_2_1p5351,0.9399532079696656,0.0,0.0,22.007619954070474,11.314299481373158,11.314299481373158,10.664772969092224
telecom_cluster_03307,syn_ts_570_2_1p5351,1.5114532709121704,0.0,0.0,22.007619954070474,17.94596997527011,17.94596997527011,10.664772969092224
telecom_cluster_03328,syn_ts_570_2_1p5351,0.073178194463253,10.062828607300329,10.062828607300329,22.007619954070474,1.60518284754429,1.60518284754429,0.6019443617918956
telecom_cluster_03370,syn_ts_570_2_1p5351,0.1874782145023346,9.24418521019904,9.24418521019904,22.007619954070474,4.1671729096993015,4.1671729096993015,1.4205877588931841
telecom_cluster_03371,syn_ts_570_2_1p5351,1.0923532247543335,0.0,0.0,22.007619954070474,12.83784905808573,12.83784905808573,10.664772969092224
telecom_cluster_03400,syn_ts_570_2_1p5351,0.3017782270908355,8.850692868969723,8.850692868969723,22.007619954070474,5.230654690801517,5.230654690801517,1.814080100122501
telecom_cluster_03401,syn_ts_570_2_1p5351,0.3684532940387726,8.621155464722712,8.621155464722712,22.007619954070474,5.851019617690733,5.851019617690733,2.0436175043695126
telecom_cluster_03500,syn_ts_570_2_1p5351,0.8161282539367676,0.0,0.0,22.007619954070474,10.121931181927376,10.121931181927376,10.664772969092224
telecom_cluster_03524,syn_ts_570_2_1p5351,0.2351032793521881,9.080229862823582,9.080229862823582,22.007619954070474,4.610290873071479,4.610290873071479,1.584543106268642
telecom_cluster_03564,syn_ts_570_2_1p5351,0.1684282124042511,9.309767267070594,9.309767267070594,22.007619954070474,3.9899259461822627,3.9899259461822627,1.3550057020216304
telecom_cluster_03618,syn_ts_570_2_1p5351,0.5018031597137451,8.16208157961328,8.16208157961328,22.007619954070474,7.056843262833791,7.056843262833791,2.5026913894789438
telecom_cluster_03651,syn_ts_570_2_1p5351,1.2447532415390017,0.0,0.0,22.007619954070474,14.505608681453687,14.505608681453687,10.664772969092224
telecom_cluster_03674,syn_ts_570_2_1p5351,2.5717499256134033,0.0,0.0,22.007619954070474,22.007619954070474,22.007619954070474,10.664772969092224
telecom_cluster_03708,syn_ts_570_2_1p5351,1.349528193473816,0.0,0.0,22.007619954070474,15.668262271461094,15.668262271461094,10.664772969092224
telecom_cluster_03799,syn_ts_570_2_1p5351,0.5780031681060791,0.0,0.0,22.007619954070474,7.828913543722699,7.828913543722699,10.664772969092224
telecom_cluster_03925,syn_ts_570_2_1p5351,0.8161282539367676,0.0,0.0,22.007619954070474,10.121931181927376,10.121931181927376,10.664772969092224
telecom_cluster_03926,syn_ts_570_2_1p5351,0.5875282287597656,0.0,0.0,22.007619954070474,7.9206348002534,7.9206348002534,10.664772969092224
telecom_cluster_03951,syn_ts_570_2_1p5351,0.8351782560348511,0.0,0.0,22.007619954070474,10.305372547066874,10.305372547066874,10.664772969092224
telecom_cluster_04006,syn_ts_570_2_1p5351,0.4065532982349396,8.489991350979606,8.489991350979606,22.007619954070474,6.205513544724804,6.205513544724804,2.1747816181126183
telecom_cluster_04034,syn_ts_570_2_1p5351,0.4065532982349396,8.489991350979606,8.489991350979606,22.007619954070474,6.205513544724804,6.205513544724804,2.1747816181126183
subway_w_8_st_ny_aquarium_fq,syn_ts_570_2_1p5351,0.3398782312870025,8.719528755226618,8.719528755226618,22.007619954070474,5.585148617835589,5.585148617835589,1.9452442138656068
subway_ocean_pkwy_q,syn_ts_570_2_1p5351,0.3017782270908355,8.850692868969723,8.850692868969723,22.007619954070474,5.230654690801517,5.230654690801517,1.814080100122501
subway_coney_island_stillwell_av_dfnq,syn_ts_570_2_1p5351,0.1398532688617706,9.514377181289854,9.514377181289854,22.007619954070474,3.437829386700459,3.437829386700459,1.1503957878023705
subway_howard_beach_jfk_airport_a,syn_ts_570_2_1p5351,0.1303282082080841,9.592727796500668,9.592727796500668,22.007619954070474,3.2181233625803216,3.2181233625803216,1.0720451725915563
subway_smith_9_sts_fg,syn_ts_570_2_1p5351,0.1303282082080841,9.592727796500668,9.592727796500668,22.007619954070474,3.2181233625803216,3.2181233625803216,1.0720451725915563
water_owls_head_wwtp,syn_ts_570_2_1p5351,1.0923532247543335,0.0,0.0,22.007619954070474,12.83784905808573,12.83784905808573,10.664772969092224
water_brooklyn_navy_yard_admiral_row,syn_ts_570_2_1p5351,0.5875282287597656,0.0,0.0,22.007619954070474,7.9206348002534,7.9206348002534,10.664772969092224
water_hunts_point_wwtp,syn_ts_570_2_1p5351,0.8161282539367676,0.0,0.0,22.007619954070474,10.121931181927376,10.121931181927376,10.664772969092224
water_spring_creek_park,syn_ts_570_2_1p5351,1.311428189277649,0.0,0.0,22.007619954070474,15.245478907308085,15.245478907308085,10.664772969092224
water_throgs_neck_sewage_pump_station,syn_ts_570_2_1p5351,0.2541532814502716,9.014647805952029,9.014647805952029,22.007619954070474,4.787537836588514,4.787537836588514,1.6501251631401956
water_marble_hill_sewage_pump_statn,syn_ts_570_2_1p5351,0.46370330452919,8.293245180364947,8.293245180364947,22.007619954070474,6.737254435275915,6.737254435275915,2.3715277887272777
water_lew_fidler_park_dep_pier,syn_ts_570_2_1p5351,0.4922782480716705,8.194872300254193,8.194872300254193,22.007619954070474,6.980509874320539,6.980509874320539,2.469900668838031
fuel_station_gulf_0324,syn_ts_570_2_1p5351,0.3684532940387726,8.621155464722712,8.621155464722712,22.007619954070474,5.851019617690733,5.851019617690733,2.0436175043695126
fuel_station_shell_0327,syn_ts_570_2_1p5351,0.073178194463253,10.062828607300329,10.062828607300329,22.007619954070474,1.60518284754429,1.60518284754429,0.6019443617918956
fuel_station_allegiance_0402,syn_ts_570_2_1p5351,0.2827282249927521,8.916274925841275,8.916274925841275,22.007619954070474,5.053407727284483,5.053407727284483,1.7484980432509492
fuel_station_shell_0531,syn_ts_570_2_1p5351,0.2732032835483551,8.949065749080477,8.949065749080477,22.007619954070474,4.96478480010555,4.96478480010555,1.7157072200117476
fuel_station_allegiance_0536,syn_ts_570_2_1p5351,1.2828532457351685,0.0,0.0,22.007619954070474,14.928392045606698,14.928392045606698,10.664772969092224
fuel_station_mobil_0695,syn_ts_570_2_1p5351,0.2160532772541046,9.145811919695134,9.145811919695134,22.007619954070474,4.433043909554442,4.433043909554442,1.51896104939709
fuel_station_american_quick_start_auto_cent_0713,syn_ts_570_2_1p5351,0.1208032593131065,9.67107749241407,9.67107749241407,22.007619954070474,2.998419916298003,2.998419916298003,0.9936954766781536
fuel_station_bp_0850,syn_ts_570_2_1p5351,0.46370330452919,8.293245180364947,8.293245180364947,22.007619954070474,6.737254435275915,6.737254435275915,2.3715277887272777
fuel_station_citgo_0937,syn_ts_570_2_1p5351,1.530503273010254,0.0,0.0,22.007619954070474,18.30870391283989,18.30870391283989,10.664772969092224
fuel_station_unknown_gas_station_1040,syn_ts_570_2_1p5351,0.3398782312870025,8.719528755226618,8.719528755226618,22.007619954070474,5.585148617835589,5.585148617835589,1.9452442138656068
fuel_station_lukoil_1058,syn_ts_570_2_1p5351,4.6832780838012695,0.0,0.0,22.007619954070474,22.007619954070474,22.007619954070474,10.664772969092224
fuel_station_speedway_1103,syn_ts_570_2_1p5351,0.2922532856464386,8.883483692208923,8.883483692208923,22.007619954070474,5.1420317636225885,5.1420317636225885,1.7812892768833013
fuel_station_mobil_1104,syn_ts_570_2_1p5351,0.358928233385086,8.653946698355064,8.653946698355064,22.007619954070474,5.762395581352628,5.762395581352628,2.0108262707371605
fuel_station_speedway_1105,syn_ts_570_2_1p5351,0.5303782224655151,0.0,0.0,22.007619954070474,7.3464010087131415,7.3464010087131415,10.664772969092224
fuel_station_bp_1149,syn_ts_570_2_1p5351,0.035078190267086,10.376229106975773,10.376229106975773,11.132634622543197,0.7564055155674243,0.7564055155674243,0.2885438621164518
power_bruckner,syn_ts_463_29_1p6644,0.0696995258331298,13.84558819789844,13.84558819789844,15.796442893627908,1.9508546957294683,1.9508546957294683,1.0572927223421615
power_east_13th_street,syn_ts_463_29_1p6644,0.3363995552062988,12.753379091105518,12.753379091105518,16.885024433110384,4.131645342004866,4.131645342004866,2.149501829135083
power_east_36th_street,syn_ts_463_29_1p6644,0.1363744735717773,13.383475676546617,13.383475676546617,16.09822394595511,2.714748269408492,2.714748269408492,1.5194052436939849
power_howard_beach,syn_ts_463_29_1p6644,0.4125995635986328,12.57434719042031,12.57434719042031,17.109319656083944,4.534972465663634,4.534972465663634,2.3285337298202915
power_unknown129920,syn_ts_463_29_1p6644,0.3268744945526123,12.775758218732268,12.775758218732268,16.85698735479203,4.081229136059761,4.081229136059761,2.127122701508334
power_naughton,syn_ts_463_29_1p6644,0.0315995216369628,14.273717085810071,14.273717085810071,15.319011738027902,1.0452946522178301,1.0452946522178301,0.6291638344305301
power_seaside,syn_ts_463_29_1p6644,0.0125496378168463,14.653010737385506,14.653010737385506,15.068145796957914,0.4151350595724086,0.4151350595724086,0.249870182855096
power_howland_hook,syn_ts_463_29_1p6644,0.8221745491027832,2.644120479225144,2.644120479225144,18.20372443802108,9.664830885376206,9.664830885376206,12.258760441015458
telecom_cluster_00020,syn_ts_463_29_1p6644,0.0982744693756103,13.647540210524502,13.647540210524502,15.925777476179695,2.278237265655193,2.278237265655193,1.2553407097160996
telecom_cluster_00021,syn_ts_463_29_1p6644,0.1268494129180908,13.449492223150564,13.449492223150564,16.05511205873148,2.6056198355809173,2.6056198355809173,1.4533886970900376
telecom_cluster_00024,syn_ts_463_29_1p6644,0.0506496429443359,13.97761963866843,13.97761963866843,15.569880806542901,1.5922611678744705,1.5922611678744705,0.9252612815721708
telecom_cluster_00026,syn_ts_463_29_1p6644,0.2125744819641113,13.044306069760077,13.044306069760077,16.44311688550594,3.398810815745863,3.398810815745863,1.8585748504805242
telecom_cluster_00032,syn_ts_463_29_1p6644,0.0125496378168463,14.653010737385506,14.653010737385506,15.068145796957914,0.4151350595724086,0.4151350595724086,0.249870182855096
telecom_cluster_00066,syn_ts_463_29_1p6644,2.250924587249756,0.0,0.0,21.068720278807888,21.068720278807888,21.068720278807888,14.902880920240602
telecom_cluster_00072,syn_ts_463_29_1p6644,2.1651995182037354,0.0,0.0,21.068720278807888,21.068720278807888,21.068720278807888,14.902880920240602
telecom_cluster_00073,syn_ts_463_29_1p6644,2.1651995182037354,0.0,0.0,21.068720278807888,21.068720278807888,21.068720278807888,14.902880920240602
telecom_cluster_00170,syn_ts_463_29_1p6644,0.1363744735717773,13.383475676546617,13.383475676546617,16.09822394595511,2.714748269408492,2.714748269408492,1.5194052436939849
telecom_cluster_00192,syn_ts_463_29_1p6644,0.0125496378168463,14.653010737385506,14.653010737385506,15.068145796957914,0.4151350595724086,0.4151350595724086,0.249870182855096
telecom_cluster_00238,syn_ts_463_29_1p6644,1.0031495094299316,2.0451585866189577,2.0451585866189577,18.658513514661834,12.000932404815178,12.000932404815178,12.857722333621645
telecom_cluster_00274,syn_ts_463_29_1p6644,2.2604496479034424,0.0,0.0,21.068720278807888,21.068720278807888,21.068720278807888,14.902880920240602
telecom_cluster_00275,syn_ts_463_29_1p6644,1.53654944896698,0.484376886147549,0.484376886147549,20.022610190330816,19.53823330418327,19.53823330418327,14.418504034093052
telecom_cluster_00292,syn_ts_463_29_1p6644,0.4506995677947998,12.484831240077707,12.484831240077707,17.221467267570727,4.73663602749302,4.73663602749302,2.418049680162895
telecom_cluster_00293,syn_ts_463_29_1p6644,0.6983494758605957,3.369711951051471,3.369711951051471,17.891905156964008,7.561813587850769,7.561813587850769,11.53316896918913
telecom_cluster_00416,syn_ts_463_29_1p6644,2.593824625015259,0.0,0.0,21.068720278807888,21.068720278807888,21.068720278807888,14.902880920240602
telecom_cluster_00493,syn_ts_463_29_1p6644,0.9459995031356812,2.234304509737719,2.234304509737719,18.51518096222564,11.276664819529707,11.276664819529707,12.668576410502883
telecom_cluster_00569,syn_ts_463_29_1p6644,0.0506496429443359,13.97761963866843,13.97761963866843,15.569880806542901,1.5922611678744705,1.5922611678744705,0.9252612815721708
telecom_cluster_00586,syn_ts_463_29_1p6644,0.6221495866775513,4.217688233996899,4.217688233996899,17.700016761184806,5.87123342048304,5.87123342048304,10.685192686243703
telecom_cluster_00616,syn_ts_463_29_1p6644,0.4125995635986328,12.57434719042031,12.57434719042031,17.109319656083944,4.534972465663634,4.534972465663634,2.3285337298202915
telecom_cluster_00652,syn_ts_463_29_1p6644,0.3078244924545288,12.820516193903568,12.820516193903568,16.800913549048637,3.980397355145069,3.980397355145069,2.0823647263370333
telecom_cluster_00695,syn_ts_463_29_1p6644,0.3078244924545288,12.820516193903568,12.820516193903568,16.800913549048637,3.980397355145069,3.980397355145069,2.0823647263370333
telecom_cluster_00714,syn_ts_463_29_1p6644,0.6221495866775513,4.217688233996899,4.217688233996899,17.700016761184806,5.87123342048304,5.87123342048304,10.685192686243703
telecom_cluster_00738,syn_ts_463_29_1p6644,0.1839995384216308,13.111442892475932,13.111442892475932,16.313782302954152,3.2023394104782206,3.2023394104782206,1.79143802776467
telecom_cluster_00753,syn_ts_463_29_1p6644,0.6221495866775513,4.217688233996899,4.217688233996899,17.700016761184806,5.87123342048304,5.87123342048304,10.685192686243703
telecom_cluster_00783,syn_ts_463_29_1p6644,0.2411494255065918,12.977169247044223,12.977169247044223,16.572451468057725,3.595282221013502,3.595282221013502,1.9257116731963784
telecom_cluster_00832,syn_ts_463_29_1p6644,0.8126494884490967,2.675644997014829,2.675644997014829,18.179738200926362,9.525324234641548,9.525324234641548,12.227235923225773
telecom_cluster_00833,syn_ts_463_29_1p6644,0.4316495656967163,12.52958921524901,12.52958921524901,17.165393461827335,4.635804246578326,4.635804246578326,2.3732917049915923
telecom_cluster_00840,syn_ts_463_29_1p6644,3.879699468612671,0.0,0.0,21.068720278807888,21.068720278807888,21.068720278807888,14.902880920240602
telecom_cluster_00871,syn_ts_463_29_1p6644,0.1935245990753173,13.089063764849183,13.089063764849183,16.356894190177783,3.267830425328601,3.267830425328601,1.813817155391419
telecom_cluster_00879,syn_ts_463_29_1p6644,0.6126245260238647,4.323686098489071,4.323686098489071,17.67603052409009,5.659909246567047,5.659909246567047,10.579194821751532
telecom_cluster_00887,syn_ts_463_29_1p6644,3.5272743701934814,0.0,0.0,21.068720278807888,21.068720278807888,21.068720278807888,14.902880920240602
telecom_cluster_00923,syn_ts_463_29_1p6644,0.0220744609832763,14.463366275848657,14.463366275848657,15.193577203770403,0.7302109279217461,0.7302109279217461,0.4395146443919451
telecom_cluster_01046,syn_ts_463_29_1p6644,0.2506744861602783,12.954790119417474,12.954790119417474,16.615563355281356,3.660773235863882,3.660773235863882,1.9480908008231275
telecom_cluster_01096,syn_ts_463_29_1p6644,0.4983245134353637,12.37293644219055,12.37293644219055,17.36165160648254,4.988715164291989,4.988715164291989,2.5299444780500515
telecom_cluster_01183,syn_ts_463_29_1p6644,0.5078495740890503,12.350557314563801,12.350557314563801,17.3896886848009,5.039131370237097,5.039131370237097,2.5523236056768006
telecom_cluster_01202,syn_ts_463_29_1p6644,1.765149474143982,0.0,0.0,20.654718707545637,20.654718707545637,20.654718707545637,14.902880920240602
telecom_cluster_01218,syn_ts_463_29_1p6644,0.3268744945526123,12.775758218732268,12.775758218732268,16.85698735479203,4.081229136059761,4.081229136059761,2.127122701508334
telecom_cluster_01237,syn_ts_463_29_1p6644,0.7269245386123657,3.051719684173345,3.051719684173345,17.96386356805245,8.195783464806706,8.195783464806706,11.851161236067256
telecom_cluster_01684,syn_ts_463_29_1p6644,0.0887496471405029,13.713555104690546,13.713555104690546,15.882666668075167,2.1691115633846216,2.1691115633846216,1.1893258155500561
telecom_cluster_01693,syn_ts_463_29_1p6644,0.3363995552062988,12.753379091105518,12.753379091105518,16.885024433110384,4.131645342004866,4.131645342004866,2.149501829135083
telecom_cluster_01696,syn_ts_463_29_1p6644,0.0696995258331298,13.84558819789844,13.84558819789844,15.796442893627908,1.9508546957294683,1.9508546957294683,1.0572927223421615
telecom_cluster_01697,syn_ts_463_29_1p6644,0.2125744819641113,13.044306069760077,13.044306069760077,16.44311688550594,3.398810815745863,3.398810815745863,1.8585748504805242
telecom_cluster_01698,syn_ts_463_29_1p6644,0.2125744819641113,13.044306069760077,13.044306069760077,16.44311688550594,3.398810815745863,3.398810815745863,1.8585748504805242
telecom_cluster_01699,syn_ts_463_29_1p6644,0.2125744819641113,13.044306069760077,13.044306069760077,16.44311688550594,3.398810815745863,3.398810815745863,1.8585748504805242
telecom_cluster_01703,syn_ts_463_29_1p6644,0.5649995803833008,12.216283389049897,12.216283389049897,17.556100239203627,5.3398168501537295,5.3398168501537295,2.6865975311907047
telecom_cluster_01704,syn_ts_463_29_1p6644,0.3840245008468628,12.641484293218362,12.641484293218362,17.025208772022197,4.383724478803835,4.383724478803835,2.26139662702224
telecom_cluster_01716,syn_ts_463_29_1p6644,0.2125744819641113,13.044306069760077,13.044306069760077,16.44311688550594,3.398810815745863,3.398810815745863,1.8585748504805242
telecom_cluster_01749,syn_ts_463_29_1p6644,2.1080496311187744,0.0,0.0,21.068720278807888,21.068720278807888,21.068720278807888,14.902880920240602
telecom_cluster_01750,syn_ts_463_29_1p6644,0.1077995300292968,13.581523663920555,13.581523663920555,15.968889363403324,2.3873656994827694,2.3873656994827694,1.3213572563200469
telecom_cluster_01751,syn_ts_463_29_1p6644,0.5078495740890503,12.350557314563801,12.350557314563801,17.3896886848009,5.039131370237097,5.039131370237097,2.5523236056768006
telecom_cluster_01826,syn_ts_463_29_1p6644,0.1649494171142578,13.185427689172679,13.185427689172679,16.227558528506897,3.0421308393342184,3.0421308393342184,1.717453231067923
telecom_cluster_01827,syn_ts_463_29_1p6644,0.0887496471405029,13.713555104690546,13.713555104690546,15.882666668075167,2.1691115633846216,2.1691115633846216,1.1893258155500561
telecom_cluster_01863,syn_ts_463_29_1p6644,0.7554994821548462,2.864790920133591,2.864790920133591,18.035821678945187,8.698688520730617,8.698688520730617,12.038090000107012
telecom_cluster_01868,syn_ts_463_29_1p6644,1.879449486732483,0.0,0.0,20.977861162636103,20.977861162636103,20.977861162636103,14.902880920240602
telecom_cluster_01869,syn_ts_463_29_1p6644,0.2887744903564453,12.86527416907487,12.86527416907487,16.744839743305246,3.8795655742303747,3.8795655742303747,2.0376067511657308
telecom_cluster_01897,syn_ts_463_29_1p6644,1.060299515724182,1.8560126635001968,1.8560126635001968,18.801846067098033,12.725199990100652,12.725199990100652,13.046868256740405
telecom_cluster_01898,syn_ts_463_29_1p6644,1.0793495178222656,1.792964022460609,1.792964022460609,18.849623584576765,12.966622518529144,12.966622518529144,13.109916897779993
telecom_cluster_01899,syn_ts_463_29_1p6644,0.1458995342254638,13.317459129942671,13.317459129942671,16.14133583317874,2.8238767032360688,2.8238767032360688,1.5854217902979304
telecom_cluster_01929,syn_ts_463_29_1p6644,1.365099549293518,0.9534642243894914,0.9534642243894914,19.576188286772787,17.098097753620806,17.098097753620806,13.94941669585111
telecom_cluster_01966,syn_ts_463_29_1p6644,2.2223496437072754,0.0,0.0,21.068720278807888,21.068720278807888,21.068720278807888,14.902880920240602
telecom_cluster_01967,syn_ts_463_29_1p6644,0.8412245512008667,2.5810718381855566,2.5810718381855566,18.251696612014804,9.943842440873564,9.943842440873564,12.321809082055045
telecom_cluster_02087,syn_ts_463_29_1p6644,0.1649494171142578,13.185427689172679,13.185427689172679,16.227558528506897,3.0421308393342184,3.0421308393342184,1.717453231067923
telecom_cluster_02107,syn_ts_463_29_1p6644,0.3268744945526123,12.775758218732268,12.775758218732268,16.85698735479203,4.081229136059761,4.081229136059761,2.127122701508334
telecom_cluster_02128,syn_ts_463_29_1p6644,0.1744744777679443,13.13382202010268,13.13382202010268,16.270670415730525,3.136848395627844,3.136848395627844,1.7690589001379209
telecom_cluster_02179,syn_ts_463_29_1p6644,0.5649995803833008,12.216283389049897,12.216283389049897,17.556100239203627,5.3398168501537295,5.3398168501537295,2.6865975311907047
telecom_cluster_02221,syn_ts_463_29_1p6644,0.4030745029449463,12.59672631804706,12.59672631804706,17.081282577765588,4.484556259718529,4.484556259718529,2.3061546021935424
telecom_cluster_02222,syn_ts_463_29_1p6644,0.2125744819641113,13.044306069760077,13.044306069760077,16.44311688550594,3.398810815745863,3.398810815745863,1.8585748504805242
telecom_cluster_02225,syn_ts_463_29_1p6644,1.0507745742797852,1.8875367867500978,1.8875367867500978,18.777957457847467,12.604489481261867,12.604489481261867,13.015344133490505
telecom_cluster_02226,syn_ts_463_29_1p6644,1.8222994804382324,0.0,0.0,20.816289935090868,20.816289935090868,20.816289935090868,14.902880920240602
telecom_cluster_02267,syn_ts_463_29_1p6644,0.3554495573043823,12.708621115934216,12.708621115934216,16.941098238853776,4.23247712291956,4.23247712291956,2.1942598043063857
telecom_cluster_02268,syn_ts_463_29_1p6644,0.4983245134353637,12.37293644219055,12.37293644219055,17.36165160648254,4.988715164291989,4.988715164291989,2.5299444780500515
telecom_cluster_02316,syn_ts_463_29_1p6644,0.3363995552062988,12.753379091105518,12.753379091105518,16.885024433110384,4.131645342004866,4.131645342004866,2.149501829135083
telecom_cluster_02478,syn_ts_463_29_1p6644,0.0982744693756103,13.647540210524502,13.647540210524502,15.925777476179695,2.278237265655193,2.278237265655193,1.2553407097160996
telecom_cluster_02479,syn_ts_463_29_1p6644,1.765149474143982,0.0,0.0,20.654718707545637,20.654718707545637,20.654718707545637,14.902880920240602
telecom_cluster_02523,syn_ts_463_29_1p6644,0.2601995468139648,12.932410991790725,12.932410991790725,16.658675242504984,3.7262642507142587,3.7262642507142587,1.9704699284498766
telecom_cluster_02525,syn_ts_463_29_1p6644,1.0126745700836182,2.013634068829272,2.013634068829272,18.68240242289,12.12164442440488,12.12164442440488,12.889246851411329
telecom_cluster_02576,syn_ts_463_29_1p6644,0.3840245008468628,12.641484293218362,12.641484293218362,17.025208772022197,4.383724478803835,4.383724478803835,2.26139662702224
telecom_cluster_02580,syn_ts_463_29_1p6644,0.1077995300292968,13.581523663920555,13.581523663920555,15.968889363403324,2.3873656994827694,2.3873656994827694,1.3213572563200469
telecom_cluster_02582,syn_ts_463_29_1p6644,0.2887744903564453,12.86527416907487,12.86527416907487,16.744839743305246,3.8795655742303747,3.8795655742303747,2.0376067511657308
telecom_cluster_02583,syn_ts_463_29_1p6644,0.2030494213104248,13.066685197386827,13.066685197386827,16.40000499828231,3.3333198008954827,3.3333198008954827,1.836195722853775
telecom_cluster_02635,syn_ts_463_29_1p6644,0.8126494884490967,2.675644997014829,2.675644997014829,18.179738200926362,9.525324234641548,9.525324234641548,12.227235923225773
telecom_cluster_02683,syn_ts_463_29_1p6644,0.1077995300292968,13.581523663920555,13.581523663920555,15.968889363403324,2.3873656994827694,2.3873656994827694,1.3213572563200469
telecom_cluster_02692,syn_ts_463_29_1p6644,0.2792494297027588,12.887653296701618,12.887653296701618,16.71680266498689,3.8291493682852717,3.8291493682852717,2.0152276235389834
telecom_cluster_02734,syn_ts_463_29_1p6644,0.6221495866775513,4.217688233996899,4.217688233996899,17.700016761184806,5.87123342048304,5.87123342048304,10.685192686243703
telecom_cluster_02741,syn_ts_463_29_1p6644,0.4125995635986328,12.57434719042031,12.57434719042031,17.109319656083944,4.534972465663634,4.534972465663634,2.3285337298202915
telecom_cluster_02750,syn_ts_463_29_1p6644,0.2220995426177978,13.021926942133328,13.021926942133328,16.486228772729568,3.4643018305962396,3.4643018305962396,1.8809539781072733
telecom_cluster_02763,syn_ts_463_29_1p6644,0.6221495866775513,4.217688233996899,4.217688233996899,17.700016761184806,5.87123342048304,5.87123342048304,10.685192686243703
telecom_cluster_02764,syn_ts_463_29_1p6644,0.6221495866775513,4.217688233996899,4.217688233996899,17.700016761184806,5.87123342048304,5.87123342048304,10.685192686243703
telecom_cluster_02793,syn_ts_463_29_1p6644,0.6602494716644287,3.7937007558233793,3.7937007558233793,17.795960808976556,6.716522181770884,6.716522181770884,11.109180164417221
telecom_cluster_02794,syn_ts_463_29_1p6644,0.4983245134353637,12.37293644219055,12.37293644219055,17.36165160648254,4.988715164291989,4.988715164291989,2.5299444780500515
telecom_cluster_02812,syn_ts_463_29_1p6644,0.6221495866775513,4.217688233996899,4.217688233996899,17.700016761184806,5.87123342048304,5.87123342048304,10.685192686243703
telecom_cluster_02813,syn_ts_463_29_1p6644,0.6221495866775513,4.217688233996899,4.217688233996899,17.700016761184806,5.87123342048304,5.87123342048304,10.685192686243703
telecom_cluster_02832,syn_ts_463_29_1p6644,0.2601995468139648,12.932410991790725,12.932410991790725,16.658675242504984,3.7262642507142587,3.7262642507142587,1.9704699284498766
telecom_cluster_02839,syn_ts_463_29_1p6644,0.5649995803833008,12.216283389049897,12.216283389049897,17.556100239203627,5.3398168501537295,5.3398168501537295,2.6865975311907047
telecom_cluster_02844,syn_ts_463_29_1p6644,1.0031495094299316,2.0451585866189577,2.0451585866189577,18.658513514661834,12.000932404815178,12.000932404815178,12.857722333621645
telecom_cluster_02863,syn_ts_463_29_1p6644,0.6221495866775513,4.217688233996899,4.217688233996899,17.700016761184806,5.87123342048304,5.87123342048304,10.685192686243703
telecom_cluster_02891,syn_ts_463_29_1p6644,0.4887995719909668,12.395315289735104,12.395315289735104,17.333614879057507,4.938299589322403,4.938299589322403,2.507565630505498
telecom_cluster_02900,syn_ts_463_29_1p6644,0.1173245906829834,13.51550711731661,13.51550711731661,16.012001250626952,2.4964941333103425,2.4964941333103425,1.3873738029239924
telecom_cluster_02918,syn_ts_463_29_1p6644,0.6221495866775513,4.217688233996899,4.217688233996899,17.700016761184806,5.87123342048304,5.87123342048304,10.685192686243703
telecom_cluster_02947,syn_ts_463_29_1p6644,0.5840495824813843,12.171525413878594,12.171525413878594,17.604072413197354,5.43254699931876,5.43254699931876,2.731355506362007
telecom_cluster_02957,syn_ts_463_29_1p6644,0.0125496378168463,14.653010737385506,14.653010737385506,15.068145796957914,0.4151350595724086,0.4151350595724086,0.249870182855096
telecom_cluster_02980,syn_ts_463_29_1p6644,0.6221495866775513,4.217688233996899,4.217688233996899,17.700016761184806,5.87123342048304,5.87123342048304,10.685192686243703
telecom_cluster_03010,syn_ts_463_29_1p6644,0.9555245637893676,2.2027799919480335,2.2027799919480335,18.539069870453805,11.397376839119408,11.397376839119408,12.700100928292567
telecom_cluster_03042,syn_ts_463_29_1p6644,0.8888494968414307,2.4234504328564803,2.4234504328564803,18.37162689690127,10.552175721356061,10.552175721356061,12.479430487384121
telecom_cluster_03043,syn_ts_463_29_1p6644,0.5459495782852173,12.261041364221198,12.261041364221198,17.501836296287678,5.24079493206648,5.24079493206648,2.641839556019404
telecom_cluster_03071,syn_ts_463_29_1p6644,0.3840245008468628,12.641484293218362,12.641484293218362,17.025208772022197,4.383724478803835,4.383724478803835,2.26139662702224
telecom_cluster_03098,syn_ts_463_29_1p6644,0.0696995258331298,13.84558819789844,13.84558819789844,15.796442893627908,1.9508546957294683,1.9508546957294683,1.0572927223421615
telecom_cluster_03146,syn_ts_463_29_1p6644,0.4411745071411133,12.507210367704456,12.507210367704456,17.193430189252368,4.686219821547912,4.686219821547912,2.3956705525361457
telecom_cluster_03197,syn_ts_463_29_1p6644,1.2031744718551636,1.3964916260668527,1.3964916260668527,19.160177298699725,14.549993400675163,14.549993400675163,13.506389294173749
telecom_cluster_03207,syn_ts_463_29_1p6644,1.6698994636535645,0.11953092494844686,0.11953092494844686,20.385433328303584,20.26590240335514,20.26590240335514,14.783349995292156
telecom_cluster_03214,syn_ts_463_29_1p6644,0.5745245218276978,12.193904541505344,12.193904541505344,17.58008617610264,5.386181634597296,5.386181634597296,2.708976378735258
telecom_cluster_03250,syn_ts_463_29_1p6644,4.03209924697876,0.0,0.0,21.068720278807888,21.068720278807888,21.068720278807888,14.902880920240602
telecom_cluster_03261,syn_ts_463_29_1p6644,0.6126245260238647,4.323686098489071,4.323686098489071,17.67603052409009,5.659909246567047,5.659909246567047,10.579194821751532
telecom_cluster_03262,syn_ts_463_29_1p6644,1.1174495220184326,1.6668667403814346,1.6668667403814346,18.94517861953423,13.449467575386127,13.449467575386127,13.236014179859167
telecom_cluster_03306,syn_ts_463_29_1p6644,0.0887496471405029,13.713555104690546,13.713555104690546,15.882666668075167,2.1691115633846216,2.1691115633846216,1.1893258155500561
telecom_cluster_03307,syn_ts_463_29_1p6644,1.688949465751648,0.06741007334857513,0.06741007334857513,20.439290404151993,20.371880330803418,20.371880330803418,14.835470846892026
telecom_cluster_03328,syn_ts_463_29_1p6644,0.2506744861602783,12.954790119417474,12.954790119417474,16.615563355281356,3.660773235863882,3.660773235863882,1.9480908008231275
telecom_cluster_03370,syn_ts_463_29_1p6644,0.3649744987487793,12.686242268389663,12.686242268389663,16.96913496627881,4.282892697889146,4.282892697889146,2.216638651850939
telecom_cluster_03371,syn_ts_463_29_1p6644,1.2698495388031006,1.2140684823888501,1.2140684823888501,19.328175945686326,15.485187622378032,15.485187622378032,13.688812437851752
telecom_cluster_03400,syn_ts_463_29_1p6644,0.4792745113372803,12.417694417361853,12.417694417361853,17.30557780073915,4.887883383377298,4.887883383377298,2.485186502878749
telecom_cluster_03401,syn_ts_463_29_1p6644,0.5459495782852173,12.261041364221198,12.261041364221198,17.501836296287678,5.24079493206648,5.24079493206648,2.641839556019404
telecom_cluster_03500,syn_ts_463_29_1p6644,0.9936245679855348,2.076682709868859,2.076682709868859,18.63462490541127,11.88022189597639,11.88022189597639,12.826198210371743
telecom_cluster_03524,syn_ts_463_29_1p6644,0.4125995635986328,12.57434719042031,12.57434719042031,17.109319656083944,4.534972465663634,4.534972465663634,2.3285337298202915
telecom_cluster_03564,syn_ts_463_29_1p6644,0.3459244966506958,12.731000243560965,12.731000243560965,16.913061160535417,4.182060916974452,4.182060916974452,2.1718806766796366
telecom_cluster_03571,syn_ts_463_29_1p6644,0.1744744777679443,13.13382202010268,13.13382202010268,16.270670415730525,3.136848395627844,3.136848395627844,1.7690589001379209
telecom_cluster_03588,syn_ts_463_29_1p6644,0.0792245864868164,13.779571651294493,13.779571651294493,15.839554780851538,2.059983129557045,2.059983129557045,1.1233092689461088
telecom_cluster_03618,syn_ts_463_29_1p6644,0.6792994737625122,3.581706353437425,3.581706353437425,17.84393298297028,7.139167884810824,7.139167884810824,11.321174566803176
telecom_cluster_03651,syn_ts_463_29_1p6644,1.4222495555877686,0.7971016695898762,0.7971016695898762,19.724995691424663,18.82110162053017,18.82110162053017,14.105779250650725
telecom_cluster_03674,syn_ts_463_29_1p6644,2.5717499256134033,0.0,0.0,21.068720278807888,21.068720278807888,21.068720278807888,14.902880920240602
telecom_cluster_03708,syn_ts_463_29_1p6644,1.527024507522583,0.5104371488690332,0.5104371488690332,19.99780911142097,19.487371962551936,19.487371962551936,14.392443771371568
telecom_cluster_03766,syn_ts_463_29_1p6644,0.1363744735717773,13.383475676546617,13.383475676546617,16.09822394595511,2.714748269408492,2.714748269408492,1.5194052436939849
telecom_cluster_03799,syn_ts_463_29_1p6644,0.7554994821548462,2.864790920133591,2.864790920133591,18.035821678945187,8.698688520730617,8.698688520730617,12.038090000107012
telecom_cluster_03925,syn_ts_463_29_1p6644,0.9936245679855348,2.076682709868859,2.076682709868859,18.63462490541127,11.88022189597639,11.88022189597639,12.826198210371743
telecom_cluster_03926,syn_ts_463_29_1p6644,0.7650245428085327,2.8332664023439054,2.8332664023439054,18.0598079160399,8.835539347944124,8.835539347944124,12.069614517896696
telecom_cluster_03951,syn_ts_463_29_1p6644,1.0126745700836182,2.013634068829272,2.013634068829272,18.68240242289,12.12164442440488,12.12164442440488,12.889246851411329
telecom_cluster_04006,syn_ts_463_29_1p6644,0.5840495824813843,12.171525413878594,12.171525413878594,17.604072413197354,5.43254699931876,5.43254699931876,2.731355506362007
telecom_cluster_04034,syn_ts_463_29_1p6644,0.5840495824813843,12.171525413878594,12.171525413878594,17.604072413197354,5.43254699931876,5.43254699931876,2.731355506362007
hospital_bellevue_hospital_center,syn_ts_463_29_1p6644,0.0601744651794433,13.911604744502386,13.911604744502386,15.6953122010909,1.7837074565885143,1.7837074565885143,0.991276175738216
hospital_coney_island_hospital,syn_ts_463_29_1p6644,0.0506496429443359,13.97761963866843,13.97761963866843,15.569880806542901,1.5922611678744705,1.5922611678744705,0.9252612815721708
subway_tottenville_sir,syn_ts_463_29_1p6644,0.0601744651794433,13.911604744502386,13.911604744502386,15.6953122010909,1.7837074565885143,1.7837074565885143,0.991276175738216
subway_richmond_valley_sir,syn_ts_463_29_1p6644,0.1077995300292968,13.581523663920555,13.581523663920555,15.968889363403324,2.3873656994827694,2.3873656994827694,1.3213572563200469
subway_w_8_st_ny_aquarium_fq,syn_ts_463_29_1p6644,0.5173745155334473,12.32817846701925,12.32817846701925,17.41772541222593,5.089546945206681,5.089546945206681,2.5747024532213523
subway_ocean_pkwy_q,syn_ts_463_29_1p6644,0.4792745113372803,12.417694417361853,12.417694417361853,17.30557780073915,4.887883383377298,4.887883383377298,2.485186502878749
subway_coney_island_stillwell_av_dfnq,syn_ts_463_29_1p6644,0.3173495531082153,12.79813706627682,12.79813706627682,16.828950627366993,4.030813561090174,4.030813561090174,2.1047438539637824
subway_stapleton_sir,syn_ts_463_29_1p6644,0.0696995258331298,13.84558819789844,13.84558819789844,15.796442893627908,1.9508546957294683,1.9508546957294683,1.0572927223421615
subway_howard_beach_jfk_airport_a,syn_ts_463_29_1p6644,0.3078244924545288,12.820516193903568,12.820516193903568,16.800913549048637,3.980397355145069,3.980397355145069,2.0823647263370333
subway_smith_9_sts_fg,syn_ts_463_29_1p6644,0.3078244924545288,12.820516193903568,12.820516193903568,16.800913549048637,3.980397355145069,3.980397355145069,2.0823647263370333
subway_south_ferry_1,syn_ts_463_29_1p6644,0.1268494129180908,13.449492223150564,13.449492223150564,16.05511205873148,2.6056198355809173,2.6056198355809173,1.4533886970900376
water_owls_head_wwtp,syn_ts_463_29_1p6644,1.2698495388031006,1.2140684823888501,1.2140684823888501,19.328175945686326,15.485187622378032,15.485187622378032,13.688812437851752
water_brooklyn_navy_yard_admiral_row,syn_ts_463_29_1p6644,0.7650245428085327,2.8332664023439054,2.8332664023439054,18.0598079160399,8.835539347944124,8.835539347944124,12.069614517896696
water_hunts_point_wwtp,syn_ts_463_29_1p6644,0.9936245679855348,2.076682709868859,2.076682709868859,18.63462490541127,11.88022189597639,11.88022189597639,12.826198210371743
water_zerega_industrial_park,syn_ts_463_29_1p6644,0.1268494129180908,13.449492223150564,13.449492223150564,16.05511205873148,2.6056198355809173,2.6056198355809173,1.4533886970900376
water_manhattan_sewage_pump_station,syn_ts_463_29_1p6644,0.1649494171142578,13.185427689172679,13.185427689172679,16.227558528506897,3.0421308393342184,3.0421308393342184,1.717453231067923
water_gowanus_pumping_station,syn_ts_463_29_1p6644,0.0792245864868164,13.779571651294493,13.779571651294493,15.839554780851538,2.059983129557045,2.059983129557045,1.1233092689461088
water_spring_creek_park,syn_ts_463_29_1p6644,1.488924503326416,0.6146788520687767,0.6146788520687767,19.898604174986385,19.283925322917607,19.283925322917607,14.288202068171826
water_mason_avenue_pumping_station,syn_ts_463_29_1p6644,0.0315995216369628,14.273717085810071,14.273717085810071,15.319011738027902,1.0452946522178301,1.0452946522178301,0.6291638344305301
water_throgs_neck_sewage_pump_station,syn_ts_463_29_1p6644,0.4316495656967163,12.52958921524901,12.52958921524901,17.165393461827335,4.635804246578326,4.635804246578326,2.3732917049915923
water_marble_hill_sewage_pump_statn,syn_ts_463_29_1p6644,0.6411995887756348,4.0056938316109445,4.0056938316109445,17.747988935178533,6.293879123522983,6.293879123522983,10.897187088629657
water_lew_fidler_park_dep_pier,syn_ts_463_29_1p6644,0.6697745323181152,3.6877028913312078,3.6877028913312078,17.81994704607127,6.927846355686877,6.927846355686877,11.215178028909394
water_newtown_creek_wwtp,syn_ts_463_29_1p6644,0.0411245822906494,14.084067895771485,14.084067895771485,15.444446272285402,1.3603783765139177,1.3603783765139177,0.818813024469117
fuel_station_gulf_0324,syn_ts_463_29_1p6644,0.5459495782852173,12.261041364221198,12.261041364221198,17.501836296287678,5.24079493206648,5.24079493206648,2.641839556019404
fuel_station_shell_0327,syn_ts_463_29_1p6644,0.2506744861602783,12.954790119417474,12.954790119417474,16.615563355281356,3.660773235863882,3.660773235863882,1.9480908008231275
fuel_station_allegiance_0402,syn_ts_463_29_1p6644,0.4602245092391968,12.462452392533155,12.462452392533155,17.24950399499576,4.787051602462604,4.787051602462604,2.4404285277074464
fuel_station_shell_0531,syn_ts_463_29_1p6644,0.4506995677947998,12.484831240077707,12.484831240077707,17.221467267570727,4.73663602749302,4.73663602749302,2.418049680162895
fuel_station_allegiance_0536,syn_ts_463_29_1p6644,1.4603495597839355,0.6928599663901328,0.6928599663901328,19.82420062785925,19.131340661469114,19.131340661469114,14.210020953850469
fuel_station_shell_0678,syn_ts_463_29_1p6644,0.0696995258331298,13.84558819789844,13.84558819789844,15.796442893627908,1.9508546957294683,1.9508546957294683,1.0572927223421615
fuel_station_mobil_0695,syn_ts_463_29_1p6644,0.3935495615005493,12.619105165591613,12.619105165591613,17.053245850340556,4.434140684748943,4.434140684748943,2.283775754648989
fuel_station_american_quick_start_auto_cent_0713,syn_ts_463_29_1p6644,0.2982995510101318,12.842895041448122,12.842895041448122,16.772876821623605,3.929981780175483,3.929981780175483,2.05998587879248
fuel_station_bp_0850,syn_ts_463_29_1p6644,0.6411995887756348,4.0056938316109445,4.0056938316109445,17.747988935178533,6.293879123522983,6.293879123522983,10.897187088629657
fuel_station_mobil_0895,syn_ts_463_29_1p6644,0.0315995216369628,14.273717085810071,14.273717085810071,15.319011738027902,1.0452946522178301,1.0452946522178301,0.6291638344305301
fuel_station_bp_0914,syn_ts_463_29_1p6644,0.0315995216369628,14.273717085810071,14.273717085810071,15.319011738027902,1.0452946522178301,1.0452946522178301,0.6291638344305301
fuel_station_sunoco_0928,syn_ts_463_29_1p6644,0.0220744609832763,14.463366275848657,14.463366275848657,15.193577203770403,0.7302109279217461,0.7302109279217461,0.4395146443919451
fuel_station_citgo_0937,syn_ts_463_29_1p6644,1.7079994678497314,0.01528922174870339,0.01528922174870339,20.493147480000406,20.477858258251704,20.477858258251704,14.887591698491898
fuel_station_mobil_1019,syn_ts_463_29_1p6644,0.0887496471405029,13.713555104690546,13.713555104690546,15.882666668075167,2.1691115633846216,2.1691115633846216,1.1893258155500561
fuel_station_unknown_gas_station_1040,syn_ts_463_29_1p6644,0.5173745155334473,12.32817846701925,12.32817846701925,17.41772541222593,5.089546945206681,5.089546945206681,2.5747024532213523
fuel_station_citgo_1044,syn_ts_463_29_1p6644,0.0315995216369628,14.273717085810071,14.273717085810071,15.319011738027902,1.0452946522178301,1.0452946522178301,0.6291638344305301
fuel_station_lukoil_1058,syn_ts_463_29_1p6644,4.860774517059326,0.0,0.0,21.068720278807888,21.068720278807888,21.068720278807888,14.902880920240602
fuel_station_speedway_1103,syn_ts_463_29_1p6644,0.4697495698928833,12.440073264906406,12.440073264906406,17.277541073314115,4.837467808407709,4.837467808407709,2.4628076553341955
fuel_station_mobil_1104,syn_ts_463_29_1p6644,0.5364245176315308,12.283420491847947,12.283420491847947,17.473799217969322,5.190378726121375,5.190378726121375,2.619460428392655
fuel_station_speedway_1105,syn_ts_463_29_1p6644,0.7078745365142822,3.263714086559299,3.263714086559299,17.915891394058722,7.773137761766764,7.773137761766764,11.639166833681303
fuel_station_bp_1149,syn_ts_463_29_1p6644,0.2125744819641113,13.044306069760077,13.044306069760077,16.44311688550594,3.398810815745863,3.398810815745863,1.8585748504805242
power_bruckner,syn_ts_321_19_1p7614,0.0619271136820316,9.023800056764312,9.023800056764312,10.758531490840653,1.7347314340763411,1.7347314340763411,0.7478731642064105
power_east_13th_street,syn_ts_321_19_1p7614,0.3286271393299103,7.994884007263894,7.994884007263894,12.329504847599328,4.334620840335433,4.334620840335433,1.7767892137068282
power_east_36th_street,syn_ts_321_19_1p7614,0.1286020576953888,8.473514059733844,8.473514059733844,11.290227297499184,2.81671323776534,2.81671323776534,1.2981591612368781
power_howard_beach,syn_ts_321_19_1p7614,0.4048271477222442,7.812548803513431,7.812548803513431,12.564068699427745,4.7515198959143135,4.7515198959143135,1.959124417457291
power_unknown129920,syn_ts_321_19_1p7614,0.3191020786762237,8.017676050357686,8.017676050357686,12.300184182641857,4.282508132284171,4.282508132284171,1.7539971706130366
power_naughton,syn_ts_321_19_1p7614,0.0238271113485097,9.483921118562002,9.483921118562002,10.151377368044692,0.6674562494826901,0.6674562494826901,0.28775210240872084
power_howland_hook,syn_ts_321_19_1p7614,0.814402163028717,6.793308263446243,6.793308263446243,13.800979879697268,7.007671616251025,7.007671616251025,2.9783649575244793
telecom_cluster_00020,syn_ts_321_19_1p7614,0.0905020609498024,8.678709918381523,8.678709918381523,11.078906732034172,2.4001968136526486,2.4001968136526486,1.0929633025891992
telecom_cluster_00021,syn_ts_321_19_1p7614,0.1190770044922828,8.496306084999514,8.496306084999514,11.237396856530765,2.741090771531251,2.741090771531251,1.2753671359712087
telecom_cluster_00024,syn_ts_321_19_1p7614,0.0428772307932376,9.253859159259472,9.253859159259472,10.454956314297027,1.201097155037555,1.201097155037555,0.5178140617112508
telecom_cluster_00026,syn_ts_321_19_1p7614,0.2048020660877227,8.29117885598338,8.29117885598338,11.712868511078081,3.421689655094701,3.421689655094701,1.4804943649873419
telecom_cluster_00066,syn_ts_321_19_1p7614,2.243152141571045,0.0,0.0,19.65301494476867,19.65301494476867,19.65301494476867,9.771673220970722
telecom_cluster_00072,syn_ts_321_19_1p7614,2.1574270725250244,0.0,0.0,19.65301494476867,19.65301494476867,19.65301494476867,9.771673220970722
telecom_cluster_00073,syn_ts_321_19_1p7614,2.1574270725250244,0.0,0.0,19.65301494476867,19.65301494476867,19.65301494476867,9.771673220970722
telecom_cluster_00170,syn_ts_321_19_1p7614,0.1286020576953888,8.473514059733844,8.473514059733844,11.290227297499184,2.81671323776534,2.81671323776534,1.2981591612368781
telecom_cluster_00238,syn_ts_321_19_1p7614,0.9953771233558656,0.0,0.0,14.319821988600703,8.867888766925331,8.867888766925331,9.771673220970722
telecom_cluster_00274,syn_ts_321_19_1p7614,2.252677202224731,0.0,0.0,19.65301494476867,19.65301494476867,19.65301494476867,9.771673220970722
telecom_cluster_00275,syn_ts_321_19_1p7614,1.5287771224975586,0.0,0.0,19.65301494476867,19.65301494476867,19.65301494476867,9.771673220970722
telecom_cluster_00292,syn_ts_321_19_1p7614,0.4429271519184112,7.7213812016381995,7.7213812016381995,12.681350625341954,4.959969423703755,4.959969423703755,2.050292019332523
telecom_cluster_00293,syn_ts_321_19_1p7614,0.6905770897865295,7.104972202374546,7.104972202374546,13.443682868565936,6.338710666191391,6.338710666191391,2.666701018596177
telecom_cluster_00416,syn_ts_321_19_1p7614,2.586052179336548,0.0,0.0,19.65301494476867,19.65301494476867,19.65301494476867,9.771673220970722
telecom_cluster_00493,syn_ts_321_19_1p7614,0.938227117061615,6.410434191150073,6.410434191150073,14.155977058142081,7.745542866992008,7.745542866992008,3.3612390298206494
telecom_cluster_00569,syn_ts_321_19_1p7614,0.0428772307932376,9.253859159259472,9.253859159259472,10.454956314297027,1.201097155037555,1.201097155037555,0.5178140617112508
telecom_cluster_00586,syn_ts_321_19_1p7614,0.6143772006034851,7.296765003193148,7.296765003193148,13.209119383695354,5.912354380502206,5.912354380502206,2.4749082177775747
telecom_cluster_00616,syn_ts_321_19_1p7614,0.4048271477222442,7.812548803513431,7.812548803513431,12.564068699427745,4.7515198959143135,4.7515198959143135,1.959124417457291
telecom_cluster_00652,syn_ts_321_19_1p7614,0.3000520765781402,8.063259851295303,8.063259851295303,12.241170028051704,4.1779101767564,4.1779101767564,1.7084133696754193
telecom_cluster_00695,syn_ts_321_19_1p7614,0.3000520765781402,8.063259851295303,8.063259851295303,12.241170028051704,4.1779101767564,4.1779101767564,1.7084133696754193
telecom_cluster_00714,syn_ts_321_19_1p7614,0.6143772006034851,7.296765003193148,7.296765003193148,13.209119383695354,5.912354380502206,5.912354380502206,2.4749082177775747
telecom_cluster_00738,syn_ts_321_19_1p7614,0.1762271225452423,8.359554414764819,8.359554414764819,11.554378386581488,3.1948239718166693,3.1948239718166693,1.4121188062059034
telecom_cluster_00753,syn_ts_321_19_1p7614,0.6143772006034851,7.296765003193148,7.296765003193148,13.209119383695354,5.912354380502206,5.912354380502206,2.4749082177775747
telecom_cluster_00783,syn_ts_321_19_1p7614,0.2333770096302032,8.222803297201942,8.222803297201942,11.871358635574675,3.6485553383727325,3.6485553383727325,1.5488699237687804
telecom_cluster_00832,syn_ts_321_19_1p7614,0.8048771023750305,6.8172825510774135,6.8172825510774135,13.773672220405297,6.9563896693278835,6.9563896693278835,2.954390669893309
telecom_cluster_00833,syn_ts_321_19_1p7614,0.4238771498203277,7.766965002575815,7.766965002575815,12.62270966238485,4.855744659809035,4.855744659809035,2.0047082183949074
telecom_cluster_00840,syn_ts_321_19_1p7614,3.871927261352539,0.0,0.0,19.65301494476867,19.65301494476867,19.65301494476867,9.771673220970722
telecom_cluster_00871,syn_ts_321_19_1p7614,0.1857521831989288,8.336762371671027,8.336762371671027,11.607208868874345,3.2704464972033183,3.2704464972033183,1.4349108492996958
telecom_cluster_00879,syn_ts_321_19_1p7614,0.6048521399497986,7.320739290824318,7.320739290824318,13.179798718737883,5.859059427913565,5.859059427913565,2.4509339301464044
telecom_cluster_00887,syn_ts_321_19_1p7614,3.5195021629333496,0.0,0.0,19.65301494476867,19.65301494476867,19.65301494476867,9.771673220970722
telecom_cluster_00923,syn_ts_321_19_1p7614,0.0143020497635006,9.598952120707812,9.598952120707812,9.999587865235778,0.4006357445279658,0.4006357445279658,0.1727211002629101
telecom_cluster_01046,syn_ts_321_19_1p7614,0.2429020702838897,8.20001125410815,8.20001125410815,11.92418911786753,3.7241778637593796,3.7241778637593796,1.5716619668625729
telecom_cluster_01096,syn_ts_321_19_1p7614,0.4905520975589752,7.6074218419191455,7.6074218419191455,12.827952849255798,5.220531007336652,5.220531007336652,2.164251379051577
telecom_cluster_01183,syn_ts_321_19_1p7614,0.5000771880149841,7.58445465449028,7.58445465449028,12.857273605952727,5.2728189514624475,5.2728189514624475,2.1872185664804427
telecom_cluster_01202,syn_ts_321_19_1p7614,1.7573771476745603,0.0,0.0,19.65301494476867,19.65301494476867,19.65301494476867,9.771673220970722
telecom_cluster_01218,syn_ts_321_19_1p7614,0.3191020786762237,8.017676050357686,8.017676050357686,12.300184182641857,4.282508132284171,4.282508132284171,1.7539971706130366
telecom_cluster_01237,syn_ts_321_19_1p7614,0.7191521525382996,7.033049639527187,7.033049639527187,13.527904995599567,6.49485535607238,6.49485535607238,2.7386235814435356
telecom_cluster_01684,syn_ts_321_19_1p7614,0.0809772387146949,8.793738029978144,8.793738029978144,11.026077572123292,2.232339542145148,2.232339542145148,0.9779351909925786
telecom_cluster_01693,syn_ts_321_19_1p7614,0.3286271393299103,7.994884007263894,7.994884007263894,12.329504847599328,4.334620840335433,4.334620840335433,1.7767892137068282
telecom_cluster_01696,syn_ts_321_19_1p7614,0.0619271136820316,9.023800056764312,9.023800056764312,10.758531490840653,1.7347314340763411,1.7347314340763411,0.7478731642064105
telecom_cluster_01697,syn_ts_321_19_1p7614,0.2048020660877227,8.29117885598338,8.29117885598338,11.712868511078081,3.421689655094701,3.421689655094701,1.4804943649873419
telecom_cluster_01698,syn_ts_321_19_1p7614,0.2048020660877227,8.29117885598338,8.29117885598338,11.712868511078081,3.421689655094701,3.421689655094701,1.4804943649873419
telecom_cluster_01699,syn_ts_321_19_1p7614,0.2048020660877227,8.29117885598338,8.29117885598338,11.712868511078081,3.421689655094701,3.421689655094701,1.4804943649873419
telecom_cluster_01703,syn_ts_321_19_1p7614,0.5572271943092346,7.440609828841714,7.440609828841714,13.03319649482404,5.592586665982326,5.592586665982326,2.3310633921290087
telecom_cluster_01704,syn_ts_321_19_1p7614,0.3762520849704742,7.880924647544839,7.880924647544839,12.476107071513171,4.595182423968332,4.595182423968332,1.890748573425883
telecom_cluster_01716,syn_ts_321_19_1p7614,0.2048020660877227,8.29117885598338,8.29117885598338,11.712868511078081,3.421689655094701,3.421689655094701,1.4804943649873419
telecom_cluster_01749,syn_ts_321_19_1p7614,2.1002771854400635,0.0,0.0,19.65301494476867,19.65301494476867,19.65301494476867,9.771673220970722
telecom_cluster_01750,syn_ts_321_19_1p7614,0.1000271216034889,8.563678927482986,8.563678927482986,11.131737214327028,2.5680582868440425,2.5680582868440425,1.2079942934877366
telecom_cluster_01751,syn_ts_321_19_1p7614,0.5000771880149841,7.58445465449028,7.58445465449028,12.857273605952727,5.2728189514624475,5.2728189514624475,2.1872185664804427
telecom_cluster_01826,syn_ts_321_19_1p7614,0.1571770012378692,8.405138500952406,8.405138500952406,11.448717421995777,3.0435789210433715,3.0435789210433715,1.3665347200183167
telecom_cluster_01827,syn_ts_321_19_1p7614,0.0809772387146949,8.793738029978144,8.793738029978144,11.026077572123292,2.232339542145148,2.232339542145148,0.9779351909925786
telecom_cluster_01863,syn_ts_321_19_1p7614,0.74772709608078,6.96112737672598,6.96112737672598,13.609827289946676,6.648699913220696,6.648699913220696,2.810545844244743
telecom_cluster_01868,syn_ts_321_19_1p7614,1.8716771602630615,0.0,0.0,19.65301494476867,19.65301494476867,19.65301494476867,9.771673220970722
telecom_cluster_01869,syn_ts_321_19_1p7614,0.2810020744800567,8.108843652232919,8.108843652232919,12.135509724656979,4.02666607242406,4.02666607242406,1.6628295687378039
telecom_cluster_01897,syn_ts_321_19_1p7614,1.0525270700454712,0.0,0.0,14.483666748177122,9.71594358850921,9.71594358850921,9.771673220970722
telecom_cluster_01898,syn_ts_321_19_1p7614,1.071577072143555,0.0,0.0,14.538281724996663,9.960708397172468,9.960708397172468,9.771673220970722
telecom_cluster_01899,syn_ts_321_19_1p7614,0.1381271183490753,8.450722016640052,8.450722016640052,11.34305777979204,2.892335763151989,2.892335763151989,1.3209512043306706
telecom_cluster_01929,syn_ts_321_19_1p7614,1.3573271036148071,0.0,0.0,19.65301494476867,15.613258846488861,15.613258846488861,9.771673220970722
telecom_cluster_01966,syn_ts_321_19_1p7614,2.2145771980285645,0.0,0.0,19.65301494476867,19.65301494476867,19.65301494476867,9.771673220970722
telecom_cluster_01967,syn_ts_321_19_1p7614,0.8334521651268005,6.745359988230055,6.745359988230055,13.85559485651681,7.110234868286755,7.110234868286755,3.0263132327406677
telecom_cluster_02087,syn_ts_321_19_1p7614,0.1571770012378692,8.405138500952406,8.405138500952406,11.448717421995777,3.0435789210433715,3.0435789210433715,1.3665347200183167
telecom_cluster_02107,syn_ts_321_19_1p7614,0.3191020786762237,8.017676050357686,8.017676050357686,12.300184182641857,4.282508132284171,4.282508132284171,1.7539971706130366
telecom_cluster_02128,syn_ts_321_19_1p7614,0.1667020618915558,8.382346457858613,8.382346457858613,11.501547904288632,3.1192014464300186,3.1192014464300186,1.3893267631121091
telecom_cluster_02179,syn_ts_321_19_1p7614,0.5572271943092346,7.440609828841714,7.440609828841714,13.03319649482404,5.592586665982326,5.592586665982326,2.3310633921290087
telecom_cluster_02221,syn_ts_321_19_1p7614,0.3953020870685577,7.835340846607224,7.835340846607224,12.534748034470276,4.699407187863052,4.699407187863052,1.9363323743634986
telecom_cluster_02222,syn_ts_321_19_1p7614,0.2048020660877227,8.29117885598338,8.29117885598338,11.712868511078081,3.421689655094701,3.421689655094701,1.4804943649873419
telecom_cluster_02225,syn_ts_321_19_1p7614,1.0430021286010742,0.0,0.0,14.456359430649552,9.593561950010542,9.593561950010542,9.771673220970722
telecom_cluster_02226,syn_ts_321_19_1p7614,1.814527153968811,0.0,0.0,19.65301494476867,19.65301494476867,19.65301494476867,9.771673220970722
telecom_cluster_02267,syn_ts_321_19_1p7614,0.3476771414279938,7.949300206326278,7.949300206326278,12.388145810556432,4.4388456042301545,4.4388456042301545,1.8223730146444446
telecom_cluster_02268,syn_ts_321_19_1p7614,0.4905520975589752,7.6074218419191455,7.6074218419191455,12.827952849255798,5.220531007336652,5.220531007336652,2.164251379051577
telecom_cluster_02316,syn_ts_321_19_1p7614,0.3286271393299103,7.994884007263894,7.994884007263894,12.329504847599328,4.334620840335433,4.334620840335433,1.7767892137068282
telecom_cluster_02478,syn_ts_321_19_1p7614,0.0905020609498024,8.678709918381523,8.678709918381523,11.078906732034172,2.4001968136526486,2.4001968136526486,1.0929633025891992
telecom_cluster_02479,syn_ts_321_19_1p7614,1.7573771476745603,0.0,0.0,19.65301494476867,19.65301494476867,19.65301494476867,9.771673220970722
telecom_cluster_02523,syn_ts_321_19_1p7614,0.2524271309375763,8.177219211014357,8.177219211014357,11.977019600160386,3.7998003891460286,3.7998003891460286,1.5944540099563653
telecom_cluster_02525,syn_ts_321_19_1p7614,1.0049021244049072,0.0,0.0,14.347129477010473,9.070982927793667,9.070982927793667,9.771673220970722
telecom_cluster_02576,syn_ts_321_19_1p7614,0.3762520849704742,7.880924647544839,7.880924647544839,12.476107071513171,4.595182423968332,4.595182423968332,1.890748573425883
telecom_cluster_02580,syn_ts_321_19_1p7614,0.1000271216034889,8.563678927482986,8.563678927482986,11.131737214327028,2.5680582868440425,2.5680582868440425,1.2079942934877366
telecom_cluster_02582,syn_ts_321_19_1p7614,0.2810020744800567,8.108843652232919,8.108843652232919,12.135509724656979,4.02666607242406,4.02666607242406,1.6628295687378039
telecom_cluster_02583,syn_ts_321_19_1p7614,0.1952770054340362,8.313970899077173,8.313970899077173,11.660038028785225,3.346067129708052,3.346067129708052,1.4577023218935494
telecom_cluster_02635,syn_ts_321_19_1p7614,0.8048771023750305,6.8172825510774135,6.8172825510774135,13.773672220405297,6.9563896693278835,6.9563896693278835,2.954390669893309
telecom_cluster_02683,syn_ts_321_19_1p7614,0.1000271216034889,8.563678927482986,8.563678927482986,11.131737214327028,2.5680582868440425,2.5680582868440425,1.2079942934877366
telecom_cluster_02692,syn_ts_321_19_1p7614,0.2714770138263702,8.131635695326711,8.131635695326711,12.082679242364122,3.9510435470374112,3.9510435470374112,1.6400375256440114
telecom_cluster_02734,syn_ts_321_19_1p7614,0.6143772006034851,7.296765003193148,7.296765003193148,13.209119383695354,5.912354380502206,5.912354380502206,2.4749082177775747
telecom_cluster_02741,syn_ts_321_19_1p7614,0.4048271477222442,7.812548803513431,7.812548803513431,12.564068699427745,4.7515198959143135,4.7515198959143135,1.959124417457291
telecom_cluster_02750,syn_ts_321_19_1p7614,0.2143271267414093,8.268386812889588,8.268386812889588,11.765698993370938,3.49731218048135,3.49731218048135,1.5032864080811343
telecom_cluster_02763,syn_ts_321_19_1p7614,0.6143772006034851,7.296765003193148,7.296765003193148,13.209119383695354,5.912354380502206,5.912354380502206,2.4749082177775747
telecom_cluster_02764,syn_ts_321_19_1p7614,0.6143772006034851,7.296765003193148,7.296765003193148,13.209119383695354,5.912354380502206,5.912354380502206,2.4749082177775747
telecom_cluster_02793,syn_ts_321_19_1p7614,0.6524770855903625,7.200868752806922,7.200868752806922,13.326400942651727,6.1255321898448045,6.1255321898448045,2.5708044681638
telecom_cluster_02794,syn_ts_321_19_1p7614,0.4905520975589752,7.6074218419191455,7.6074218419191455,12.827952849255798,5.220531007336652,5.220531007336652,2.164251379051577
telecom_cluster_02812,syn_ts_321_19_1p7614,0.6143772006034851,7.296765003193148,7.296765003193148,13.209119383695354,5.912354380502206,5.912354380502206,2.4749082177775747
telecom_cluster_02813,syn_ts_321_19_1p7614,0.6143772006034851,7.296765003193148,7.296765003193148,13.209119383695354,5.912354380502206,5.912354380502206,2.4749082177775747
telecom_cluster_02832,syn_ts_321_19_1p7614,0.2524271309375763,8.177219211014357,8.177219211014357,11.977019600160386,3.7998003891460286,3.7998003891460286,1.5944540099563653
telecom_cluster_02839,syn_ts_321_19_1p7614,0.5572271943092346,7.440609828841714,7.440609828841714,13.03319649482404,5.592586665982326,5.592586665982326,2.3310633921290087
telecom_cluster_02844,syn_ts_321_19_1p7614,0.9953771233558656,0.0,0.0,14.319821988600703,8.867888766925331,8.867888766925331,9.771673220970722
telecom_cluster_02863,syn_ts_321_19_1p7614,0.6143772006034851,7.296765003193148,7.296765003193148,13.209119383695354,5.912354380502206,5.912354380502206,2.4749082177775747
telecom_cluster_02891,syn_ts_321_19_1p7614,0.4810271561145782,7.6302135997629685,7.6302135997629685,12.798632551256164,5.168418951493195,5.168418951493195,2.141459621207754
telecom_cluster_02900,syn_ts_321_19_1p7614,0.1095521822571754,8.519097557593366,8.519097557593366,11.184567696619883,2.6654701390265174,2.6654701390265174,1.2525756633773568
telecom_cluster_02918,syn_ts_321_19_1p7614,0.6143772006034851,7.296765003193148,7.296765003193148,13.209119383695354,5.912354380502206,5.912354380502206,2.4749082177775747
telecom_cluster_02947,syn_ts_321_19_1p7614,0.5762771964073181,7.392661553625525,7.392661553625525,13.091837457781144,5.699175904155619,5.699175904155619,2.379011667345197
telecom_cluster_02980,syn_ts_321_19_1p7614,0.6143772006034851,7.296765003193148,7.296765003193148,13.209119383695354,5.912354380502206,5.912354380502206,2.4749082177775747
telecom_cluster_03010,syn_ts_321_19_1p7614,0.9477521777153016,0.0,0.0,14.183284717434052,7.852419233486947,7.852419233486947,9.771673220970722
telecom_cluster_03042,syn_ts_321_19_1p7614,0.8810771107673645,6.619167364726009,6.619167364726009,13.992132127683458,7.372964762957449,7.372964762957449,3.152505856244713
telecom_cluster_03043,syn_ts_321_19_1p7614,0.5381771922111511,7.488558104057902,7.488558104057902,12.974555531866935,5.485997427809033,5.485997427809033,2.2831151169128203
telecom_cluster_03071,syn_ts_321_19_1p7614,0.3762520849704742,7.880924647544839,7.880924647544839,12.476107071513171,4.595182423968332,4.595182423968332,1.890748573425883
telecom_cluster_03098,syn_ts_321_19_1p7614,0.0619271136820316,9.023800056764312,9.023800056764312,10.758531490840653,1.7347314340763411,1.7347314340763411,0.7478731642064105
telecom_cluster_03146,syn_ts_321_19_1p7614,0.4334020912647247,7.744173244731993,7.744173244731993,12.652029960384484,4.907856715652491,4.907856715652491,2.0274999762387296
telecom_cluster_03197,syn_ts_321_19_1p7614,1.1954020261764526,0.0,0.0,14.991002932356215,11.759473345033005,11.759473345033005,9.771673220970722
telecom_cluster_03207,syn_ts_321_19_1p7614,1.662127137184143,0.0,0.0,19.65301494476867,19.65301494476867,19.65301494476867,9.771673220970722
telecom_cluster_03214,syn_ts_321_19_1p7614,0.5667521357536316,7.416635841256696,7.416635841256696,13.062516792823674,5.645880951566978,5.645880951566978,2.3550373797140267
telecom_cluster_03250,syn_ts_321_19_1p7614,4.024327278137207,0.0,0.0,19.65301494476867,19.65301494476867,19.65301494476867,9.771673220970722
telecom_cluster_03261,syn_ts_321_19_1p7614,0.6048521399497986,7.320739290824318,7.320739290824318,13.179798718737883,5.859059427913565,5.859059427913565,2.4509339301464044
telecom_cluster_03262,syn_ts_321_19_1p7614,1.1096770763397217,0.0,0.0,14.647511678635743,10.450238014498971,10.450238014498971,9.771673220970722
telecom_cluster_03306,syn_ts_321_19_1p7614,0.0809772387146949,8.793738029978144,8.793738029978144,11.026077572123292,2.232339542145148,2.232339542145148,0.9779351909925786
telecom_cluster_03307,syn_ts_321_19_1p7614,1.6811771392822266,0.0,0.0,19.65301494476867,19.65301494476867,19.65301494476867,9.771673220970722
telecom_cluster_03328,syn_ts_321_19_1p7614,0.2429020702838897,8.20001125410815,8.20001125410815,11.92418911786753,3.7241778637593796,3.7241778637593796,1.5716619668625729
telecom_cluster_03370,syn_ts_321_19_1p7614,0.3572020828723907,7.926508448482456,7.926508448482456,12.417466108556066,4.490957660073611,4.490957660073611,1.8451647724882667
telecom_cluster_03371,syn_ts_321_19_1p7614,1.2620770931243896,0.0,0.0,15.285398232099736,12.82678745085077,12.82678745085077,9.771673220970722
telecom_cluster_03400,syn_ts_321_19_1p7614,0.4715020954608917,7.653005642856761,7.653005642856761,12.769311886298693,5.116306243441932,5.116306243441932,2.1186675781139614
telecom_cluster_03401,syn_ts_321_19_1p7614,0.5381771922111511,7.488558104057902,7.488558104057902,12.974555531866935,5.485997427809033,5.485997427809033,2.2831151169128203
telecom_cluster_03500,syn_ts_321_19_1p7614,0.9858521819114684,0.0,0.0,14.292514671073134,8.664795876960298,8.664795876960298,9.771673220970722
telecom_cluster_03524,syn_ts_321_19_1p7614,0.4048271477222442,7.812548803513431,7.812548803513431,12.564068699427745,4.7515198959143135,4.7515198959143135,1.959124417457291
telecom_cluster_03564,syn_ts_321_19_1p7614,0.3381520807743072,7.972092249420071,7.972092249420071,12.358825145598962,4.3867328961788905,4.3867328961788905,1.7995809715506512
telecom_cluster_03571,syn_ts_321_19_1p7614,0.1667020618915558,8.382346457858613,8.382346457858613,11.501547904288632,3.1192014464300186,3.1192014464300186,1.3893267631121091
telecom_cluster_03588,syn_ts_321_19_1p7614,0.0714521780610084,8.908769020876683,8.908769020876683,10.910321038173686,2.001552017297003,2.001552017297003,0.8629042000940395
telecom_cluster_03618,syn_ts_321_19_1p7614,0.671527087688446,7.152920477590734,7.152920477590734,13.385041905608832,6.232121428018098,6.232121428018098,2.6187527433799884
telecom_cluster_03651,syn_ts_321_19_1p7614,1.4144771099090576,0.0,0.0,19.65301494476867,16.796459740391946,16.796459740391946,9.771673220970722
telecom_cluster_03674,syn_ts_321_19_1p7614,2.5717499256134033,0.0,0.0,19.65301494476867,19.65301494476867,19.65301494476867,9.771673220970722
telecom_cluster_03708,syn_ts_321_19_1p7614,1.519252061843872,0.0,0.0,19.65301494476867,19.372341410792615,19.372341410792615,9.771673220970722
telecom_cluster_03766,syn_ts_321_19_1p7614,0.1286020576953888,8.473514059733844,8.473514059733844,11.290227297499184,2.81671323776534,2.81671323776534,1.2981591612368781
telecom_cluster_03799,syn_ts_321_19_1p7614,0.74772709608078,6.96112737672598,6.96112737672598,13.609827289946676,6.648699913220696,6.648699913220696,2.810545844244743
telecom_cluster_03925,syn_ts_321_19_1p7614,0.9858521819114684,0.0,0.0,14.292514671073134,8.664795876960298,8.664795876960298,9.771673220970722
telecom_cluster_03926,syn_ts_321_19_1p7614,0.7572521567344666,6.937153089094809,6.937153089094809,13.637134949238646,6.699981860143837,6.699981860143837,2.8345201318759132
telecom_cluster_03951,syn_ts_321_19_1p7614,1.0049021244049072,0.0,0.0,14.347129477010473,9.070982927793667,9.070982927793667,9.771673220970722
telecom_cluster_04006,syn_ts_321_19_1p7614,0.5762771964073181,7.392661553625525,7.392661553625525,13.091837457781144,5.699175904155619,5.699175904155619,2.379011667345197
telecom_cluster_04034,syn_ts_321_19_1p7614,0.5762771964073181,7.392661553625525,7.392661553625525,13.091837457781144,5.699175904155619,5.699175904155619,2.379011667345197
hospital_bellevue_hospital_center,syn_ts_321_19_1p7614,0.0524020530283451,9.138831047662851,9.138831047662851,10.606742002873114,1.4679109552102627,1.4679109552102627,0.6328421733078713
hospital_coney_island_hospital,syn_ts_321_19_1p7614,0.0428772307932376,9.253859159259472,9.253859159259472,10.454956314297027,1.201097155037555,1.201097155037555,0.5178140617112508
subway_tottenville_sir,syn_ts_321_19_1p7614,0.0524020530283451,9.138831047662851,9.138831047662851,10.606742002873114,1.4679109552102627,1.4679109552102627,0.6328421733078713
subway_richmond_valley_sir,syn_ts_321_19_1p7614,0.1000271216034889,8.563678927482986,8.563678927482986,11.131737214327028,2.5680582868440425,2.5680582868440425,1.2079942934877366
subway_w_8_st_ny_aquarium_fq,syn_ts_321_19_1p7614,0.5096021294593811,7.560480666905262,7.560480666905262,12.886593903952361,5.3261132370471,5.3261132370471,2.2111925540654607
subway_ocean_pkwy_q,syn_ts_321_19_1p7614,0.4715020954608917,7.653005642856761,7.653005642856761,12.769311886298693,5.116306243441932,5.116306243441932,2.1186675781139614
subway_coney_island_stillwell_av_dfnq,syn_ts_321_19_1p7614,0.3095771372318268,8.040467808201509,8.040467808201509,12.270863884642223,4.230396076440714,4.230396076440714,1.7312054127692136
subway_stapleton_sir,syn_ts_321_19_1p7614,0.0619271136820316,9.023800056764312,9.023800056764312,10.758531490840653,1.7347314340763411,1.7347314340763411,0.7478731642064105
subway_howard_beach_jfk_airport_a,syn_ts_321_19_1p7614,0.3000520765781402,8.063259851295303,8.063259851295303,12.241170028051704,4.1779101767564,4.1779101767564,1.7084133696754193
subway_smith_9_sts_fg,syn_ts_321_19_1p7614,0.3000520765781402,8.063259851295303,8.063259851295303,12.241170028051704,4.1779101767564,4.1779101767564,1.7084133696754193
subway_south_ferry_1,syn_ts_321_19_1p7614,0.1190770044922828,8.496306084999514,8.496306084999514,11.237396856530765,2.741090771531251,2.741090771531251,1.2753671359712087
water_owls_head_wwtp,syn_ts_321_19_1p7614,1.2620770931243896,0.0,0.0,15.285398232099736,12.82678745085077,12.82678745085077,9.771673220970722
water_brooklyn_navy_yard_admiral_row,syn_ts_321_19_1p7614,0.7572521567344666,6.937153089094809,6.937153089094809,13.637134949238646,6.699981860143837,6.699981860143837,2.8345201318759132
water_hunts_point_wwtp,syn_ts_321_19_1p7614,0.9858521819114684,0.0,0.0,14.292514671073134,8.664795876960298,8.664795876960298,9.771673220970722
water_zerega_industrial_park,syn_ts_321_19_1p7614,0.1190770044922828,8.496306084999514,8.496306084999514,11.237396856530765,2.741090771531251,2.741090771531251,1.2753671359712087
water_manhattan_sewage_pump_station,syn_ts_321_19_1p7614,0.1571770012378692,8.405138500952406,8.405138500952406,11.448717421995777,3.0435789210433715,3.0435789210433715,1.3665347200183167
water_gowanus_pumping_station,syn_ts_321_19_1p7614,0.0714521780610084,8.908769020876683,8.908769020876683,10.910321038173686,2.001552017297003,2.001552017297003,0.8629042000940395
water_spring_creek_park,syn_ts_321_19_1p7614,1.481152057647705,0.0,0.0,19.65301494476867,17.894875059064116,17.894875059064116,9.771673220970722
water_mason_avenue_pumping_station,syn_ts_321_19_1p7614,0.0238271113485097,9.483921118562002,9.483921118562002,10.151377368044692,0.6674562494826901,0.6674562494826901,0.28775210240872084
water_throgs_neck_sewage_pump_station,syn_ts_321_19_1p7614,0.4238771498203277,7.766965002575815,7.766965002575815,12.62270966238485,4.855744659809035,4.855744659809035,2.0047082183949074
water_marble_hill_sewage_pump_statn,syn_ts_321_19_1p7614,0.6334272027015686,7.248816727976959,7.248816727976959,13.267760346652457,6.018943618675498,6.018943618675498,2.522856492993763
water_lew_fidler_park_dep_pier,syn_ts_321_19_1p7614,0.6620021462440491,7.176894465175752,7.176894465175752,13.355721607609198,6.1788271424334456,6.1788271424334456,2.5947787557949704
water_newtown_creek_wwtp,syn_ts_321_19_1p7614,0.0333521701395511,9.368890150158009,9.368890150158009,10.303166826329488,0.9342766761714785,0.9342766761714785,0.40278307081271336
fuel_station_gulf_0324,syn_ts_321_19_1p7614,0.5381771922111511,7.488558104057902,7.488558104057902,12.974555531866935,5.485997427809033,5.485997427809033,2.2831151169128203
fuel_station_shell_0327,syn_ts_321_19_1p7614,0.2429020702838897,8.20001125410815,8.20001125410815,11.92418911786753,3.7241778637593796,3.7241778637593796,1.5716619668625729
fuel_station_allegiance_0402,syn_ts_321_19_1p7614,0.4524520933628082,7.6985894437943765,7.6985894437943765,12.710670923341588,5.012081479547212,5.012081479547212,2.073083777176346
fuel_station_shell_0531,syn_ts_321_19_1p7614,0.4429271519184112,7.7213812016381995,7.7213812016381995,12.681350625341954,4.959969423703755,4.959969423703755,2.050292019332523
fuel_station_allegiance_0536,syn_ts_321_19_1p7614,1.4525771141052246,0.0,0.0,19.65301494476867,17.424126197883385,17.424126197883385,9.771673220970722
fuel_station_shell_0678,syn_ts_321_19_1p7614,0.0619271136820316,9.023800056764312,9.023800056764312,10.758531490840653,1.7347314340763411,1.7347314340763411,0.7478731642064105
fuel_station_mobil_0695,syn_ts_321_19_1p7614,0.3857771456241607,7.858132604451047,7.858132604451047,12.50542773647064,4.647295132019593,4.647295132019593,1.9135406165196756
fuel_station_american_quick_start_auto_cent_0713,syn_ts_321_19_1p7614,0.2905271351337433,8.086051609139126,8.086051609139126,12.188340206949835,4.102288597810709,4.102288597810709,1.6856216118315963
fuel_station_bp_0850,syn_ts_321_19_1p7614,0.6334272027015686,7.248816727976959,7.248816727976959,13.267760346652457,6.018943618675498,6.018943618675498,2.522856492993763
fuel_station_mobil_0895,syn_ts_321_19_1p7614,0.0238271113485097,9.483921118562002,9.483921118562002,10.151377368044692,0.6674562494826901,0.6674562494826901,0.28775210240872084
fuel_station_bp_0914,syn_ts_321_19_1p7614,0.0238271113485097,9.483921118562002,9.483921118562002,10.151377368044692,0.6674562494826901,0.6674562494826901,0.28775210240872084
fuel_station_sunoco_0928,syn_ts_321_19_1p7614,0.0143020497635006,9.598952120707812,9.598952120707812,9.999587865235778,0.4006357445279658,0.4006357445279658,0.1727211002629101
fuel_station_citgo_0937,syn_ts_321_19_1p7614,1.70022714138031,0.0,0.0,19.65301494476867,19.65301494476867,19.65301494476867,9.771673220970722
fuel_station_mobil_1019,syn_ts_321_19_1p7614,0.0809772387146949,8.793738029978144,8.793738029978144,11.026077572123292,2.232339542145148,2.232339542145148,0.9779351909925786
fuel_station_unknown_gas_station_1040,syn_ts_321_19_1p7614,0.5096021294593811,7.560480666905262,7.560480666905262,12.886593903952361,5.3261132370471,5.3261132370471,2.2111925540654607
fuel_station_citgo_1044,syn_ts_321_19_1p7614,0.0238271113485097,9.483921118562002,9.483921118562002,10.151377368044692,0.6674562494826901,0.6674562494826901,0.28775210240872084
fuel_station_lukoil_1058,syn_ts_321_19_1p7614,4.853002071380615,0.0,0.0,19.65301494476867,19.65301494476867,19.65301494476867,9.771673220970722
fuel_station_speedway_1103,syn_ts_321_19_1p7614,0.4619771540164947,7.675797400700584,7.675797400700584,12.739991588299059,5.064194187598475,5.064194187598475,2.0958758202701384
fuel_station_mobil_1104,syn_ts_321_19_1p7614,0.5286521315574646,7.5125323916890725,7.5125323916890725,12.945234866909466,5.432702475220394,5.432702475220394,2.25914082928165
fuel_station_speedway_1105,syn_ts_321_19_1p7614,0.7001021504402161,7.080997914743375,7.080997914743375,13.473003533523405,6.39200561878003,6.39200561878003,2.690675306227347
fuel_station_bp_1149,syn_ts_321_19_1p7614,0.2048020660877227,8.29117885598338,8.29117885598338,11.712868511078081,3.421689655094701,3.421689655094701,1.4804943649873419
power_bruckner,syn_ts_831_27_1p9452,0.4222416281700134,7.331725835032342,7.331725835032342,10.984403254217943,3.6526774191856006,3.6526774191856006,1.7933916101601124
power_east_83rd_street,syn_ts_831_27_1p9452,0.1936416029930114,7.965960542202525,7.965960542202525,10.48721203349182,2.521251491289296,2.521251491289296,1.1591569029899302
power_gowanus,syn_ts_831_27_1p9452,0.012666649185121,9.047841482177757,9.047841482177757,9.28246896272061,0.2346274805428532,0.2346274805428532,0.07727596301469752
power_east_13th_street,syn_ts_831_27_1p9452,0.6889416575431824,6.657328908399654,6.657328908399654,20.710627395577767,6.219806598975223,6.219806598975223,2.467788536792801
power_east_36th_street,syn_ts_831_27_1p9452,0.4889165759086609,7.1467408774766055,7.1467408774766055,11.129417230626565,3.9826763531499596,3.9826763531499596,1.9783765677158494
power_160th_avenue,syn_ts_831_27_1p9452,0.2984165549278259,7.675269800118423,7.675269800118423,10.715091213354798,3.039821413236375,3.039821413236375,1.4498476450740316
power_howard_beach,syn_ts_831_27_1p9452,0.7651416659355164,6.500892611190114,6.500892611190114,21.048736890335075,7.6472879621241745,7.6472879621241745,2.624224834002341
power_unknown129920,syn_ts_831_27_1p9452,0.6794165968894958,6.6768835679173675,6.6768835679173675,20.668363444259427,6.037793185092881,6.037793185092881,2.4482338772750873
power_naughton,syn_ts_831_27_1p9452,0.3841416239738464,7.437431619560707,7.437431619560707,10.90153805076359,3.4641064312028824,3.4641064312028824,1.687685825631748
power_seaside,syn_ts_831_27_1p9452,0.3650917410850525,7.490284181087091,7.490284181087091,10.860105708309403,3.369821527222312,3.369821527222312,1.6348332641053638
power_howland_hook,syn_ts_831_27_1p9452,1.1747167110443115,5.663731615677734,5.663731615677734,22.459761224457804,12.176864823509224,12.176864823509224,3.461385829514721
telecom_cluster_00020,syn_ts_831_27_1p9452,0.4508165717124939,7.252446662004969,7.252446662004969,11.046552027172213,3.794105365167244,3.794105365167244,1.8726707831874858
telecom_cluster_00021,syn_ts_831_27_1p9452,0.4793915152549743,7.173167488977595,7.173167488977595,11.108700800126483,3.9355333111488884,3.9355333111488884,1.9519499562148601
telecom_cluster_00024,syn_ts_831_27_1p9452,0.4031917452812195,7.384578396558727,7.384578396558727,10.942970911763757,3.55839251520503,3.55839251520503,1.7405390486337282
telecom_cluster_00026,syn_ts_831_27_1p9452,0.5651165843009949,6.9353293084198775,6.9353293084198775,11.295147637535273,4.359818329115395,4.359818329115395,2.1897881367725773
telecom_cluster_00027,syn_ts_831_27_1p9452,0.117441602051258,8.40863649084816,8.40863649084816,10.321481642787674,1.9128451519395142,1.9128451519395142,0.7164809543442949
telecom_cluster_00030,syn_ts_831_27_1p9452,0.0888666585087776,8.582964858837512,8.582964858837512,10.229063987774385,1.6460991289368732,1.6460991289368732,0.542152586354943
telecom_cluster_00032,syn_ts_831_27_1p9452,0.3650917410850525,7.490284181087091,7.490284181087091,10.860105708309403,3.369821527222312,3.369821527222312,1.6348332641053638
telecom_cluster_00033,syn_ts_831_27_1p9452,0.3079416155815124,7.648843188617434,7.648843188617434,10.735807643854882,3.086964455237448,3.086964455237448,1.4762742565750209
telecom_cluster_00066,syn_ts_831_27_1p9452,2.603466749191284,0.0,0.0,25.34595277571617,25.34595277571617,25.34595277571617,9.125117445192455
telecom_cluster_00072,syn_ts_831_27_1p9452,2.5177416801452637,0.0,0.0,25.34595277571617,25.34595277571617,25.34595277571617,9.125117445192455
telecom_cluster_00073,syn_ts_831_27_1p9452,2.5177416801452637,0.0,0.0,25.34595277571617,25.34595277571617,25.34595277571617,9.125117445192455
telecom_cluster_00085,syn_ts_831_27_1p9452,0.2698416113853454,7.7545489731457975,7.7545489731457975,10.652942440400528,2.8983934672547305,2.8983934672547305,1.3705684720466573
telecom_cluster_00099,syn_ts_831_27_1p9452,0.126966655254364,8.350526595462341,8.350526595462341,10.342198057083197,1.9916714616208555,1.9916714616208555,0.7745908497301137
telecom_cluster_00100,syn_ts_831_27_1p9452,0.0602917149662971,8.757293226826864,8.757293226826864,9.874091598156749,1.1167983713298852,1.1167983713298852,0.3678242183655911
telecom_cluster_00101,syn_ts_831_27_1p9452,0.0507666543126106,8.815403167666755,8.815403167666755,9.755766481032177,0.9403633133654221,0.9403633133654221,0.3097142775256998
telecom_cluster_00117,syn_ts_831_27_1p9452,0.126966655254364,8.350526595462341,8.350526595462341,10.342198057083197,1.9916714616208555,1.9916714616208555,0.7745908497301137
telecom_cluster_00119,syn_ts_831_27_1p9452,0.126966655254364,8.350526595462341,8.350526595462341,10.342198057083197,1.9916714616208555,1.9916714616208555,0.7745908497301137
telecom_cluster_00153,syn_ts_831_27_1p9452,0.126966655254364,8.350526595462341,8.350526595462341,10.342198057083197,1.9916714616208555,1.9916714616208555,0.7745908497301137
telecom_cluster_00170,syn_ts_831_27_1p9452,0.4889165759086609,7.1467408774766055,7.1467408774766055,11.129417230626565,3.9826763531499596,3.9826763531499596,1.9783765677158494
telecom_cluster_00192,syn_ts_831_27_1p9452,0.3650917410850525,7.490284181087091,7.490284181087091,10.860105708309403,3.369821527222312,3.369821527222312,1.6348332641053638
telecom_cluster_00238,syn_ts_831_27_1p9452,1.35569167137146,5.323916241484021,5.323916241484021,22.888292870789062,13.971369728252498,13.971369728252498,3.801201203708434
telecom_cluster_00272,syn_ts_831_27_1p9452,0.2507917284965515,7.807401534672182,7.807401534672182,10.611510097946342,2.80410856327416,2.80410856327416,1.3177159105202731
telecom_cluster_00274,syn_ts_831_27_1p9452,2.6129915714263916,0.0,0.0,25.34595277571617,25.34595277571617,25.34595277571617,9.125117445192455
telecom_cluster_00275,syn_ts_831_27_1p9452,1.8890916109085083,0.0,0.0,24.1737817492355,20.916197417373645,20.916197417373645,9.125117445192455
telecom_cluster_00292,syn_ts_831_27_1p9452,0.8032416701316833,6.422674462585343,6.422674462585343,21.21779163771373,8.101045373189523,8.101045373189523,2.7024429826071117
telecom_cluster_00293,syn_ts_831_27_1p9452,1.050891637802124,5.9142566190208585,5.9142566190208585,22.166555123472115,10.93761700684103,10.93761700684103,3.2108608261715963
telecom_cluster_00415,syn_ts_831_27_1p9452,0.317466676235199,7.622416577116444,7.622416577116444,10.756524074354965,3.1341074972385217,3.1341074972385217,1.502700868076011
telecom_cluster_00416,syn_ts_831_27_1p9452,2.946366548538208,0.0,0.0,25.34595277571617,25.34595277571617,25.34595277571617,9.125117445192455
telecom_cluster_00422,syn_ts_831_27_1p9452,0.0221917107701301,8.989731535656107,8.989731535656107,9.400794091414543,0.411062555758436,0.411062555758436,0.13538590953634788
telecom_cluster_00493,syn_ts_831_27_1p9452,1.2985416650772097,5.431226394993365,5.431226394993365,22.752967043167136,13.400676697858687,13.400676697858687,3.69389105019909
telecom_cluster_00569,syn_ts_831_27_1p9452,0.4031917452812195,7.384578396558727,7.384578396558727,10.942970911763757,3.55839251520503,3.55839251520503,1.7405390486337282
telecom_cluster_00571,syn_ts_831_27_1p9452,0.0983917191624641,8.52485491799762,8.52485491799762,10.280049300333488,1.7551943823358673,1.7551943823358673,0.6002625271948343
telecom_cluster_00586,syn_ts_831_27_1p9452,0.9746916890144348,6.070692793863878,6.070692793863878,21.97853800091768,10.165153965749873,10.165153965749873,3.054424651328577
telecom_cluster_00615,syn_ts_831_27_1p9452,0.1079165413975715,8.466746431688051,8.466746431688051,10.30076521228759,1.8340187805995392,1.8340187805995392,0.6583710135044036
telecom_cluster_00616,syn_ts_831_27_1p9452,0.7651416659355164,6.500892611190114,6.500892611190114,21.048736890335075,7.6472879621241745,7.6472879621241745,2.624224834002341
telecom_cluster_00652,syn_ts_831_27_1p9452,0.6603665947914124,6.715992642219752,6.715992642219752,20.583836070570097,5.673768635286369,5.673768635286369,2.409124802972703
telecom_cluster_00695,syn_ts_831_27_1p9452,0.6603665947914124,6.715992642219752,6.715992642219752,20.583836070570097,5.673768635286369,5.673768635286369,2.409124802972703
telecom_cluster_00714,syn_ts_831_27_1p9452,0.9746916890144348,6.070692793863878,6.070692793863878,21.97853800091768,10.165153965749873,10.165153965749873,3.054424651328577
telecom_cluster_00738,syn_ts_831_27_1p9452,0.5365416407585144,7.014608481447252,7.014608481447252,11.232998864581003,4.218390383133751,4.218390383133751,2.110508963745203
telecom_cluster_00753,syn_ts_831_27_1p9452,0.9746916890144348,6.070692793863878,6.070692793863878,21.97853800091768,10.165153965749873,10.165153965749873,3.054424651328577
telecom_cluster_00783,syn_ts_831_27_1p9452,0.5936915278434753,6.856050135392504,6.856050135392504,11.357296410489543,4.501246275097039,4.501246275097039,2.2690673097999507
telecom_cluster_00784,syn_ts_831_27_1p9452,0.126966655254364,8.350526595462341,8.350526595462341,10.342198057083197,1.9916714616208555,1.9916714616208555,0.7745908497301137
telecom_cluster_00792,syn_ts_831_27_1p9452,0.2698416113853454,7.7545489731457975,7.7545489731457975,10.652942440400528,2.8983934672547305,2.8983934672547305,1.3705684720466573
telecom_cluster_00832,syn_ts_831_27_1p9452,1.165191650390625,5.681616753181835,5.681616753181835,22.43720677871597,12.0829236456571,12.0829236456571,3.4435006920106197
telecom_cluster_00833,syn_ts_831_27_1p9452,0.7841916680335999,6.4617835368877286,6.4617835368877286,21.133264264024405,7.874166667656852,7.874166667656852,2.6633339083047263
telecom_cluster_00840,syn_ts_831_27_1p9452,4.232241630554199,0.0,0.0,25.34595277571617,25.34595277571617,25.34595277571617,9.125117445192455
telecom_cluster_00871,syn_ts_831_27_1p9452,0.5460667014122009,6.988181869946262,6.988181869946262,11.253715295081088,4.2655334251348265,4.2655334251348265,2.136935575246193
telecom_cluster_00879,syn_ts_831_27_1p9452,0.9651666283607484,6.090247453381592,6.090247453381592,21.93627404959934,10.04983376030763,10.04983376030763,3.0348699918108633
telecom_cluster_00887,syn_ts_831_27_1p9452,3.8798165321350098,0.0,0.0,25.34595277571617,25.34595277571617,25.34595277571617,9.125117445192455
telecom_cluster_00923,syn_ts_831_27_1p9452,0.3746165633201599,7.463858231061696,7.463858231061696,10.880821620263506,3.4169633892018094,3.4169633892018094,1.6612592141307587
telecom_cluster_00943,syn_ts_831_27_1p9452,0.241266667842865,7.833828146173171,7.833828146173171,10.590793667446258,2.756965521273087,2.756965521273087,1.291289299019284
telecom_cluster_00944,syn_ts_831_27_1p9452,0.165066659450531,8.1180882866331,8.1180882866331,10.42506326053755,2.3069749739044507,2.3069749739044507,1.0070291585593552
telecom_cluster_00958,syn_ts_831_27_1p9452,0.0602917149662971,8.757293226826864,8.757293226826864,9.874091598156749,1.1167983713298852,1.1167983713298852,0.3678242183655911
telecom_cluster_01020,syn_ts_831_27_1p9452,0.203166663646698,7.9395339307015345,7.9395339307015345,10.507928463991904,2.5683945332903697,2.5683945332903697,1.1855835144909204
telecom_cluster_01046,syn_ts_831_27_1p9452,0.6032165884971619,6.833319865126907,6.833319865126907,20.330253949502115,4.581694985866835,4.581694985866835,2.2917975800655475
telecom_cluster_01096,syn_ts_831_27_1p9452,0.8508666157722473,6.324901899195901,6.324901899195901,21.429109807463373,8.668241427151223,8.668241427151223,2.8002155459965534
telecom_cluster_01183,syn_ts_831_27_1p9452,0.8603916764259338,6.305347239678188,6.305347239678188,21.471373758781713,8.781681489787541,8.781681489787541,2.819770205514267
telecom_cluster_01202,syn_ts_831_27_1p9452,2.1176917552948,0.0,0.0,24.74034999003715,23.061480722185063,23.061480722185063,9.125117445192455
telecom_cluster_01218,syn_ts_831_27_1p9452,0.6794165968894958,6.6768835679173675,6.6768835679173675,20.668363444259427,6.037793185092881,6.037793185092881,2.4482338772750873
telecom_cluster_01237,syn_ts_831_27_1p9452,1.079466700553894,5.85559288520076,5.85559288520076,22.23421817842126,11.224447909838657,11.224447909838657,3.2695245599916944
telecom_cluster_01668,syn_ts_831_27_1p9452,0.2603165507316589,7.780975584646787,7.780975584646787,10.632226009900444,2.8512504252536575,2.8512504252536575,1.344141860545668
telecom_cluster_01684,syn_ts_831_27_1p9452,0.4412917494773865,7.278872612030363,7.278872612030363,11.02583611521811,3.7469635031877475,3.7469635031877475,1.8462448331620918
telecom_cluster_01693,syn_ts_831_27_1p9452,0.6889416575431824,6.657328908399654,6.657328908399654,20.710627395577767,6.219806598975223,6.219806598975223,2.467788536792801
telecom_cluster_01696,syn_ts_831_27_1p9452,0.4222416281700134,7.331725835032342,7.331725835032342,10.984403254217943,3.6526774191856006,3.6526774191856006,1.7933916101601124
telecom_cluster_01697,syn_ts_831_27_1p9452,0.5651165843009949,6.9353293084198775,6.9353293084198775,11.295147637535273,4.359818329115395,4.359818329115395,2.1897881367725773
telecom_cluster_01698,syn_ts_831_27_1p9452,0.5651165843009949,6.9353293084198775,6.9353293084198775,11.295147637535273,4.359818329115395,4.359818329115395,2.1897881367725773
telecom_cluster_01699,syn_ts_831_27_1p9452,0.5651165843009949,6.9353293084198775,6.9353293084198775,11.295147637535273,4.359818329115395,4.359818329115395,2.1897881367725773
telecom_cluster_01701,syn_ts_831_27_1p9452,0.2603165507316589,7.780975584646787,7.780975584646787,10.632226009900444,2.8512504252536575,2.8512504252536575,1.344141860545668
telecom_cluster_01703,syn_ts_831_27_1p9452,0.9175416827201844,6.188020016771033,6.188020016771033,21.724955879849695,9.47323706290814,9.47323706290814,2.9370974284214215
telecom_cluster_01704,syn_ts_831_27_1p9452,0.7365666031837463,6.559556345010212,6.559556345010212,20.92194556532741,7.129866834512412,7.129866834512412,2.5655611001822427
telecom_cluster_01716,syn_ts_831_27_1p9452,0.5651165843009949,6.9353293084198775,6.9353293084198775,11.295147637535273,4.359818329115395,4.359818329115395,2.1897881367725773
telecom_cluster_01717,syn_ts_831_27_1p9452,0.012666649185121,9.047841482177757,9.047841482177757,9.28246896272061,0.2346274805428532,0.2346274805428532,0.07727596301469752
telecom_cluster_01749,syn_ts_831_27_1p9452,2.4605915546417236,0.0,0.0,25.34595277571617,25.34595277571617,25.34595277571617,9.125117445192455
telecom_cluster_01750,syn_ts_831_27_1p9452,0.4603416323661804,7.226020050503979,7.226020050503979,11.067268457672295,3.841248407168316,3.841248407168316,1.899097394688476
telecom_cluster_01751,syn_ts_831_27_1p9452,0.8603916764259338,6.305347239678188,6.305347239678188,21.471373758781713,8.781681489787541,8.781681489787541,2.819770205514267
telecom_cluster_01826,syn_ts_831_27_1p9452,0.5174915194511414,7.067461704449231,7.067461704449231,11.191566003580835,4.124104299131604,4.124104299131604,2.0576557407432237
telecom_cluster_01827,syn_ts_831_27_1p9452,0.4412917494773865,7.278872612030363,7.278872612030363,11.02583611521811,3.7469635031877475,3.7469635031877475,1.8462448331620918
telecom_cluster_01861,syn_ts_831_27_1p9452,0.117441602051258,8.40863649084816,8.40863649084816,10.321481642787674,1.9128451519395142,1.9128451519395142,0.7164809543442949
telecom_cluster_01863,syn_ts_831_27_1p9452,1.1080416440963743,5.796929396113704,5.796929396113704,22.30188095109404,11.511277616236704,11.511277616236704,3.3281880490787508
telecom_cluster_01868,syn_ts_831_27_1p9452,2.2319915294647217,0.0,0.0,25.02363337180986,25.02363337180986,25.02363337180986,9.125117445192455
telecom_cluster_01869,syn_ts_831_27_1p9452,0.6413165926933289,6.755101716522137,6.755101716522137,20.49930869688077,5.30974408547986,5.30974408547986,2.3700157286703174
telecom_cluster_01897,syn_ts_831_27_1p9452,1.4128416776657104,5.216606087974677,5.216606087974677,23.02361869841099,14.542062758646312,14.542062758646312,3.908511357217778
telecom_cluster_01898,syn_ts_831_27_1p9452,1.431891679763794,5.180836036804896,5.180836036804896,23.0687273076183,14.732293768777582,14.732293768777582,3.9442814083875586
telecom_cluster_01899,syn_ts_831_27_1p9452,0.4984416365623474,7.120314265975615,7.120314265975615,11.150133661126649,4.0298193951510335,4.0298193951510335,2.0048031792168395
telecom_cluster_01920,syn_ts_831_27_1p9452,0.126966655254364,8.350526595462341,8.350526595462341,10.342198057083197,1.9916714616208555,1.9916714616208555,0.7745908497301137
telecom_cluster_01921,syn_ts_831_27_1p9452,0.126966655254364,8.350526595462341,8.350526595462341,10.342198057083197,1.9916714616208555,1.9916714616208555,0.7745908497301137
telecom_cluster_01929,syn_ts_831_27_1p9452,1.7176417112350464,0.0,0.0,23.74885608567394,18.802903439458497,18.802903439458497,9.125117445192455
telecom_cluster_01946,syn_ts_831_27_1p9452,0.2507917284965515,7.807401534672182,7.807401534672182,10.611510097946342,2.80410856327416,2.80410856327416,1.3177159105202731
telecom_cluster_01948,syn_ts_831_27_1p9452,0.0983917191624641,8.52485491799762,8.52485491799762,10.280049300333488,1.7551943823358673,1.7551943823358673,0.6002625271948343
telecom_cluster_01949,syn_ts_831_27_1p9452,0.117441602051258,8.40863649084816,8.40863649084816,10.321481642787674,1.9128451519395142,1.9128451519395142,0.7164809543442949
telecom_cluster_01951,syn_ts_831_27_1p9452,0.0317165330052375,8.931623049346536,8.931623049346536,9.519116246783035,0.5874931974364994,0.5874931974364994,0.193494395845919
telecom_cluster_01952,syn_ts_831_27_1p9452,0.126966655254364,8.350526595462341,8.350526595462341,10.342198057083197,1.9916714616208555,1.9916714616208555,0.7745908497301137
telecom_cluster_01966,syn_ts_831_27_1p9452,2.5748915672302246,0.0,0.0,25.34595277571617,25.34595277571617,25.34595277571617,9.125117445192455
telecom_cluster_01967,syn_ts_831_27_1p9452,1.193766713142395,5.627961564507952,5.627961564507952,22.504869833665115,12.364746003508513,12.364746003508513,3.4971558806845024
telecom_cluster_02028,syn_ts_831_27_1p9452,0.0221917107701301,8.989731535656107,8.989731535656107,9.400794091414543,0.411062555758436,0.411062555758436,0.13538590953634788
telecom_cluster_02034,syn_ts_831_27_1p9452,0.126966655254364,8.350526595462341,8.350526595462341,10.342198057083197,1.9916714616208555,1.9916714616208555,0.7745908497301137
telecom_cluster_02035,syn_ts_831_27_1p9452,0.0793415978550911,8.641074799677403,8.641074799677403,10.110738870649813,1.46966407097241,1.46966407097241,0.4840426455150517
telecom_cluster_02087,syn_ts_831_27_1p9452,0.5174915194511414,7.067461704449231,7.067461704449231,11.191566003580835,4.124104299131604,4.124104299131604,2.0576557407432237
telecom_cluster_02105,syn_ts_831_27_1p9452,0.3269917368888855,7.595989965615455,7.595989965615455,10.77724050485505,3.1812505392395947,3.1812505392395947,1.5291274795770002
telecom_cluster_02107,syn_ts_831_27_1p9452,0.6794165968894958,6.6768835679173675,6.6768835679173675,20.668363444259427,6.037793185092881,6.037793185092881,2.4482338772750873
telecom_cluster_02128,syn_ts_831_27_1p9452,0.5270165801048279,7.041035092948242,7.041035092948242,11.212282434080919,4.171247341132677,4.171247341132677,2.084082352244213
telecom_cluster_02178,syn_ts_831_27_1p9452,0.0221917107701301,8.989731535656107,8.989731535656107,9.400794091414543,0.411062555758436,0.411062555758436,0.13538590953634788
telecom_cluster_02179,syn_ts_831_27_1p9452,0.9175416827201844,6.188020016771033,6.188020016771033,21.724955879849695,9.47323706290814,9.47323706290814,2.9370974284214215
telecom_cluster_02221,syn_ts_831_27_1p9452,0.7556166052818298,6.520447270707827,6.520447270707827,21.006472939016735,7.493891384318921,7.493891384318921,2.604670174484628
telecom_cluster_02222,syn_ts_831_27_1p9452,0.5651165843009949,6.9353293084198775,6.9353293084198775,11.295147637535273,4.359818329115395,4.359818329115395,2.1897881367725773
telecom_cluster_02225,syn_ts_831_27_1p9452,1.4033167362213137,5.234491001640357,5.234491001640357,23.001064534945517,14.446947848785431,14.446947848785431,3.8906264435520974
telecom_cluster_02226,syn_ts_831_27_1p9452,2.1748416423797607,0.0,0.0,24.881991680923505,23.60968051062374,23.60968051062374,9.125117445192455
telecom_cluster_02267,syn_ts_831_27_1p9452,0.7079916596412659,6.618219834097268,6.618219834097268,20.795154769267093,6.583831148781733,6.583831148781733,2.5068976110951864
telecom_cluster_02268,syn_ts_831_27_1p9452,0.8508666157722473,6.324901899195901,6.324901899195901,21.429109807463373,8.668241427151223,8.668241427151223,2.8002155459965534
telecom_cluster_02316,syn_ts_831_27_1p9452,0.6889416575431824,6.657328908399654,6.657328908399654,20.710627395577767,6.219806598975223,6.219806598975223,2.467788536792801
telecom_cluster_02478,syn_ts_831_27_1p9452,0.4508165717124939,7.252446662004969,7.252446662004969,11.046552027172213,3.794105365167244,3.794105365167244,1.8726707831874858
telecom_cluster_02479,syn_ts_831_27_1p9452,2.1176917552948,0.0,0.0,24.74034999003715,23.061480722185063,23.061480722185063,9.125117445192455
telecom_cluster_02487,syn_ts_831_27_1p9452,0.0698165372014045,8.699184740517294,8.699184740517294,9.992413753525241,1.293229013007947,1.293229013007947,0.4259327046751604
telecom_cluster_02523,syn_ts_831_27_1p9452,0.6127416491508484,6.813765205609194,6.813765205609194,20.372517900820455,4.763708399749177,4.763708399749177,2.311352239583261
telecom_cluster_02525,syn_ts_831_27_1p9452,1.3652167320251465,5.306031103979921,5.306031103979921,22.910847316530898,14.066485828522888,14.066485828522888,3.819086341212534
telecom_cluster_02576,syn_ts_831_27_1p9452,0.7365666031837463,6.559556345010212,6.559556345010212,20.92194556532741,7.129866834512412,7.129866834512412,2.5655611001822427
telecom_cluster_02580,syn_ts_831_27_1p9452,0.4603416323661804,7.226020050503979,7.226020050503979,11.067268457672295,3.841248407168316,3.841248407168316,1.899097394688476
telecom_cluster_02582,syn_ts_831_27_1p9452,0.6413165926933289,6.755101716522137,6.755101716522137,20.49930869688077,5.30974408547986,5.30974408547986,2.3700157286703174
telecom_cluster_02583,syn_ts_831_27_1p9452,0.5555915236473083,6.961755919920868,6.961755919920868,11.274431207035189,4.312675287114321,4.312675287114321,2.163361525271587
telecom_cluster_02634,syn_ts_831_27_1p9452,0.3555666804313659,7.51671079258808,7.51671079258808,10.83938927780932,3.322678485221239,3.322678485221239,1.6084066526043745
telecom_cluster_02635,syn_ts_831_27_1p9452,1.165191650390625,5.681616753181835,5.681616753181835,22.43720677871597,12.0829236456571,12.0829236456571,3.4435006920106197
telecom_cluster_02683,syn_ts_831_27_1p9452,0.4603416323661804,7.226020050503979,7.226020050503979,11.067268457672295,3.841248407168316,3.841248407168316,1.899097394688476
telecom_cluster_02692,syn_ts_831_27_1p9452,0.6317915320396423,6.774656376039851,6.774656376039851,20.45704474556243,5.127730671597518,5.127730671597518,2.3504610691526038
telecom_cluster_02734,syn_ts_831_27_1p9452,0.9746916890144348,6.070692793863878,6.070692793863878,21.97853800091768,10.165153965749873,10.165153965749873,3.054424651328577
telecom_cluster_02735,syn_ts_831_27_1p9452,0.0698165372014045,8.699184740517294,8.699184740517294,9.992413753525241,1.293229013007947,1.293229013007947,0.4259327046751604
telecom_cluster_02741,syn_ts_831_27_1p9452,0.7651416659355164,6.500892611190114,6.500892611190114,21.048736890335075,7.6472879621241745,7.6472879621241745,2.624224834002341
telecom_cluster_02750,syn_ts_831_27_1p9452,0.5746416449546814,6.908902696918888,6.908902696918888,11.315864068035356,4.406961371116468,4.406961371116468,2.2162147482735666
telecom_cluster_02763,syn_ts_831_27_1p9452,0.9746916890144348,6.070692793863878,6.070692793863878,21.97853800091768,10.165153965749873,10.165153965749873,3.054424651328577
telecom_cluster_02764,syn_ts_831_27_1p9452,0.9746916890144348,6.070692793863878,6.070692793863878,21.97853800091768,10.165153965749873,10.165153965749873,3.054424651328577
telecom_cluster_02786,syn_ts_831_27_1p9452,0.1460165381431579,8.23430816831288,8.23430816831288,10.383630399537383,2.1493222312245024,2.1493222312245024,0.8908092768795743
telecom_cluster_02793,syn_ts_831_27_1p9452,1.012791633605957,5.9924747676256285,5.9924747676256285,22.076337905057496,10.555176600577244,10.555176600577244,3.1326426775668264
telecom_cluster_02794,syn_ts_831_27_1p9452,0.8508666157722473,6.324901899195901,6.324901899195901,21.429109807463373,8.668241427151223,8.668241427151223,2.8002155459965534
telecom_cluster_02812,syn_ts_831_27_1p9452,0.9746916890144348,6.070692793863878,6.070692793863878,21.97853800091768,10.165153965749873,10.165153965749873,3.054424651328577
telecom_cluster_02813,syn_ts_831_27_1p9452,0.9746916890144348,6.070692793863878,6.070692793863878,21.97853800091768,10.165153965749873,10.165153965749873,3.054424651328577
telecom_cluster_02832,syn_ts_831_27_1p9452,0.6127416491508484,6.813765205609194,6.813765205609194,20.372517900820455,4.763708399749177,4.763708399749177,2.311352239583261
telecom_cluster_02839,syn_ts_831_27_1p9452,0.9175416827201844,6.188020016771033,6.188020016771033,21.724955879849695,9.47323706290814,9.47323706290814,2.9370974284214215
telecom_cluster_02844,syn_ts_831_27_1p9452,1.35569167137146,5.323916241484021,5.323916241484021,22.888292870789062,13.971369728252498,13.971369728252498,3.801201203708434
telecom_cluster_02863,syn_ts_831_27_1p9452,0.9746916890144348,6.070692793863878,6.070692793863878,21.97853800091768,10.165153965749873,10.165153965749873,3.054424651328577
telecom_cluster_02891,syn_ts_831_27_1p9452,0.8413416743278503,6.344456313980573,6.344456313980573,21.386846385092387,8.554802784254871,8.554802784254871,2.7806611312118816
telecom_cluster_02900,syn_ts_831_27_1p9452,0.4698666930198669,7.19959343900299,7.19959343900299,11.08798488817238,3.888391449169391,3.888391449169391,1.9255240061894652
telecom_cluster_02901,syn_ts_831_27_1p9452,0.317466676235199,7.622416577116444,7.622416577116444,10.756524074354965,3.1341074972385217,3.1341074972385217,1.502700868076011
telecom_cluster_02918,syn_ts_831_27_1p9452,0.9746916890144348,6.070692793863878,6.070692793863878,21.97853800091768,10.165153965749873,10.165153965749873,3.054424651328577
telecom_cluster_02947,syn_ts_831_27_1p9452,0.9365916848182678,6.148910942468648,6.148910942468648,21.809483253539025,9.70387603052205,9.70387603052205,2.976206502723807
telecom_cluster_02948,syn_ts_831_27_1p9452,0.0412415936589241,8.873513108506646,8.873513108506646,9.637441363907607,0.7639282554009608,0.7639282554009608,0.2516043366858085
telecom_cluster_02955,syn_ts_831_27_1p9452,0.2603165507316589,7.780975584646787,7.780975584646787,10.632226009900444,2.8512504252536575,2.8512504252536575,1.344141860545668
telecom_cluster_02957,syn_ts_831_27_1p9452,0.3650917410850525,7.490284181087091,7.490284181087091,10.860105708309403,3.369821527222312,3.369821527222312,1.6348332641053638
telecom_cluster_02959,syn_ts_831_27_1p9452,0.0602917149662971,8.757293226826864,8.757293226826864,9.874091598156749,1.1167983713298852,1.1167983713298852,0.3678242183655911
telecom_cluster_02980,syn_ts_831_27_1p9452,0.9746916890144348,6.070692793863878,6.070692793863878,21.97853800091768,10.165153965749873,10.165153965749873,3.054424651328577
telecom_cluster_03010,syn_ts_831_27_1p9452,1.308066725730896,5.4133412574892645,5.4133412574892645,22.775521488908968,13.49579279812907,13.49579279812907,3.7117761877031903
telecom_cluster_03042,syn_ts_831_27_1p9452,1.241391658782959,5.53853654850271,5.53853654850271,22.617641215545206,12.83444836565425,12.83444836565425,3.5865808966897452
telecom_cluster_03043,syn_ts_831_27_1p9452,0.8984916806221008,6.227129091073418,6.227129091073418,21.64042850616037,9.242598095294227,9.242598095294227,2.897988354119037
telecom_cluster_03071,syn_ts_831_27_1p9452,0.7365666031837463,6.559556345010212,6.559556345010212,20.92194556532741,7.129866834512412,7.129866834512412,2.5655611001822427
telecom_cluster_03098,syn_ts_831_27_1p9452,0.4222416281700134,7.331725835032342,7.331725835032342,10.984403254217943,3.6526774191856006,3.6526774191856006,1.7933916101601124
telecom_cluster_03144,syn_ts_831_27_1p9452,0.0507666543126106,8.815403167666755,8.815403167666755,9.755766481032177,0.9403633133654221,0.9403633133654221,0.3097142775256998
telecom_cluster_03146,syn_ts_831_27_1p9452,0.7937166094779968,6.442229122103057,6.442229122103057,21.17552768639539,7.987605310553204,7.987605310553204,2.682888323089398
telecom_cluster_03197,syn_ts_831_27_1p9452,1.555716633796692,4.948330816120528,4.948330816120528,23.361933126327628,15.968794739426091,15.968794739426091,4.176786629071927
telecom_cluster_03207,syn_ts_831_27_1p9452,2.0224416255950928,0.0,0.0,24.504279717356567,22.147811358805402,22.147811358805402,9.125117445192455
telecom_cluster_03214,syn_ts_831_27_1p9452,0.9270666241645812,6.1684656019863615,6.1684656019863615,21.767219302220685,9.588555825079808,9.588555825079808,2.9566518432060933
telecom_cluster_03250,syn_ts_831_27_1p9452,4.384641647338867,0.0,0.0,25.34595277571617,25.34595277571617,25.34595277571617,9.125117445192455
telecom_cluster_03261,syn_ts_831_27_1p9452,0.9651666283607484,6.090247453381592,6.090247453381592,21.93627404959934,10.04983376030763,10.04983376030763,3.0348699918108633
telecom_cluster_03262,syn_ts_831_27_1p9452,1.469991683959961,5.109295934465333,5.109295934465333,23.15894452603292,15.112755789040126,15.112755789040126,4.015821510727122
telecom_cluster_03306,syn_ts_831_27_1p9452,0.4412917494773865,7.278872612030363,7.278872612030363,11.02583611521811,3.7469635031877475,3.7469635031877475,1.8462448331620918
telecom_cluster_03307,syn_ts_831_27_1p9452,2.041491746902466,0.0,0.0,24.55149400825368,22.330546146275896,22.330546146275896,9.125117445192455
telecom_cluster_03328,syn_ts_831_27_1p9452,0.6032165884971619,6.833319865126907,6.833319865126907,20.330253949502115,4.581694985866835,4.581694985866835,2.2917975800655475
telecom_cluster_03370,syn_ts_831_27_1p9452,0.7175166010856628,6.5986654193125975,6.5986654193125975,20.837418191638083,6.7658422847059025,6.7658422847059025,2.5264520258798573
telecom_cluster_03371,syn_ts_831_27_1p9452,1.622391700744629,0.0,0.0,23.51981339969139,16.96939641220682,16.96939641220682,9.125117445192455
telecom_cluster_03380,syn_ts_831_27_1p9452,0.1460165381431579,8.23430816831288,8.23430816831288,10.383630399537383,2.1493222312245024,2.1493222312245024,0.8908092768795743
telecom_cluster_03400,syn_ts_831_27_1p9452,0.8318166136741638,6.364010973498287,6.364010973498287,21.344582433774047,8.441362721618551,8.441362721618551,2.761106471694168
telecom_cluster_03401,syn_ts_831_27_1p9452,0.8984916806221008,6.227129091073418,6.227129091073418,21.64042850616037,9.242598095294227,9.242598095294227,2.897988354119037
telecom_cluster_03443,syn_ts_831_27_1p9452,0.0698165372014045,8.699184740517294,8.699184740517294,9.992413753525241,1.293229013007947,1.293229013007947,0.4259327046751604
telecom_cluster_03500,syn_ts_831_27_1p9452,1.346166729927063,5.341801155149701,5.341801155149701,22.865738707323587,13.876254818391617,13.876254818391617,3.7833162900427535
telecom_cluster_03524,syn_ts_831_27_1p9452,0.7651416659355164,6.500892611190114,6.500892611190114,21.048736890335075,7.6472879621241745,7.6472879621241745,2.624224834002341
telecom_cluster_03564,syn_ts_831_27_1p9452,0.6984665989875793,6.637774493614982,6.637774493614982,20.752890817948753,6.4018177348993905,6.4018177348993905,2.4873429515774728
telecom_cluster_03570,syn_ts_831_27_1p9452,0.3365165591239929,7.56956401559006,7.56956401559006,10.797956416809152,3.228392401219092,3.228392401219092,1.5555534296023952
telecom_cluster_03571,syn_ts_831_27_1p9452,0.5270165801048279,7.041035092948242,7.041035092948242,11.212282434080919,4.171247341132677,4.171247341132677,2.084082352244213
telecom_cluster_03588,syn_ts_831_27_1p9452,0.4317666888236999,7.305299223531353,7.305299223531353,11.005119684718025,3.699820461186672,3.699820461186672,1.8198182216611016
telecom_cluster_03618,syn_ts_831_27_1p9452,1.0318416357040403,5.953365693323244,5.953365693323244,22.121446514264807,10.746396803709136,10.746396803709136,3.171751751869211
telecom_cluster_03651,syn_ts_831_27_1p9452,1.7747917175292969,0.0,0.0,23.890498072011543,19.91882961847054,19.91882961847054,9.125117445192455
telecom_cluster_03674,syn_ts_831_27_1p9452,2.5717499256134033,0.0,0.0,25.34595277571617,25.34595277571617,25.34595277571617,9.125117445192455
telecom_cluster_03688,syn_ts_831_27_1p9452,0.241266667842865,7.833828146173171,7.833828146173171,10.590793667446258,2.756965521273087,2.756965521273087,1.291289299019284
telecom_cluster_03708,syn_ts_831_27_1p9452,1.879566669464111,0.0,0.0,24.150174899238188,20.833372241284867,20.833372241284867,9.125117445192455
telecom_cluster_03766,syn_ts_831_27_1p9452,0.4889165759086609,7.1467408774766055,7.1467408774766055,11.129417230626565,3.9826763531499596,3.9826763531499596,1.9783765677158494
telecom_cluster_03799,syn_ts_831_27_1p9452,1.1080416440963743,5.796929396113704,5.796929396113704,22.30188095109404,11.511277616236704,11.511277616236704,3.3281880490787508
telecom_cluster_03908,syn_ts_831_27_1p9452,0.0221917107701301,8.989731535656107,8.989731535656107,9.400794091414543,0.411062555758436,0.411062555758436,0.13538590953634788
telecom_cluster_03925,syn_ts_831_27_1p9452,1.346166729927063,5.341801155149701,5.341801155149701,22.865738707323587,13.876254818391617,13.876254818391617,3.7833162900427535
telecom_cluster_03926,syn_ts_831_27_1p9452,1.117566704750061,5.7773747365959895,5.7773747365959895,22.324435396835877,11.606888316102443,11.606888316102443,3.3477427085964653
telecom_cluster_03951,syn_ts_831_27_1p9452,1.3652167320251465,5.306031103979921,5.306031103979921,22.910847316530898,14.066485828522888,14.066485828522888,3.819086341212534
telecom_cluster_04005,syn_ts_831_27_1p9452,0.1555415987968444,8.17619822747299,8.17619822747299,10.404346830037467,2.2281486025644774,2.2281486025644774,0.9489192177194656
telecom_cluster_04006,syn_ts_831_27_1p9452,0.9365916848182678,6.148910942468648,6.148910942468648,21.809483253539025,9.70387603052205,9.70387603052205,2.976206502723807
telecom_cluster_04034,syn_ts_831_27_1p9452,0.9365916848182678,6.148910942468648,6.148910942468648,21.809483253539025,9.70387603052205,9.70387603052205,2.976206502723807
hospital_bellevue_hospital_center,syn_ts_831_27_1p9452,0.4127165675163269,7.358152446533333,7.358152446533333,10.963686823717858,3.605534377184525,3.605534377184525,1.7669649986591223
hospital_coney_island_hospital,syn_ts_831_27_1p9452,0.4031917452812195,7.384578396558727,7.384578396558727,10.942970911763757,3.55839251520503,3.55839251520503,1.7405390486337282
hospital_metropolitan_hospital_center,syn_ts_831_27_1p9452,0.2507917284965515,7.807401534672182,7.807401534672182,10.611510097946342,2.80410856327416,2.80410856327416,1.3177159105202731
subway_tottenville_sir,syn_ts_831_27_1p9452,0.4127165675163269,7.358152446533333,7.358152446533333,10.963686823717858,3.605534377184525,3.605534377184525,1.7669649986591223
subway_richmond_valley_sir,syn_ts_831_27_1p9452,0.4603416323661804,7.226020050503979,7.226020050503979,11.067268457672295,3.841248407168316,3.841248407168316,1.899097394688476
subway_w_8_st_ny_aquarium_fq,syn_ts_831_27_1p9452,0.8699166178703308,6.285792824893517,6.285792824893517,21.513637181152703,8.896638922238076,8.896638922238076,2.839324620298938
subway_ocean_pkwy_q,syn_ts_831_27_1p9452,0.8318166136741638,6.364010973498287,6.364010973498287,21.344582433774047,8.441362721618551,8.441362721618551,2.761106471694168
subway_coney_island_stillwell_av_dfnq,syn_ts_831_27_1p9452,0.6698916554450989,6.696437982702038,6.696437982702038,20.626100021888437,5.855782049168711,5.855782049168711,2.4286794624904164
subway_brighton_beach_bq,syn_ts_831_27_1p9452,0.2984165549278259,7.675269800118423,7.675269800118423,10.715091213354798,3.039821413236375,3.039821413236375,1.4498476450740316
subway_neptune_av_f,syn_ts_831_27_1p9452,0.3555666804313659,7.51671079258808,7.51671079258808,10.83938927780932,3.322678485221239,3.322678485221239,1.6084066526043745
subway_bay_50_st_d,syn_ts_831_27_1p9452,0.0317165330052375,8.931623049346536,8.931623049346536,9.519116246783035,0.5874931974364994,0.5874931974364994,0.193494395845919
subway_25_av_d,syn_ts_831_27_1p9452,0.0317165330052375,8.931623049346536,8.931623049346536,9.519116246783035,0.5874931974364994,0.5874931974364994,0.193494395845919
subway_clifton_sir,syn_ts_831_27_1p9452,0.317466676235199,7.622416577116444,7.622416577116444,10.756524074354965,3.1341074972385217,3.1341074972385217,1.502700868076011
subway_stapleton_sir,syn_ts_831_27_1p9452,0.4222416281700134,7.331725835032342,7.331725835032342,10.984403254217943,3.6526774191856006,3.6526774191856006,1.7933916101601124
subway_howard_beach_jfk_airport_a,syn_ts_831_27_1p9452,0.6603665947914124,6.715992642219752,6.715992642219752,20.583836070570097,5.673768635286369,5.673768635286369,2.409124802972703
subway_smith_9_sts_fg,syn_ts_831_27_1p9452,0.6603665947914124,6.715992642219752,6.715992642219752,20.583836070570097,5.673768635286369,5.673768635286369,2.409124802972703
subway_south_ferry_1,syn_ts_831_27_1p9452,0.4793915152549743,7.173167488977595,7.173167488977595,11.108700800126483,3.9355333111488884,3.9355333111488884,1.9519499562148601
subway_whitehall_st_south_ferry_rw,syn_ts_831_27_1p9452,0.2126917243003845,7.913107319200545,7.913107319200545,10.528644894491988,2.6155375752914427,2.6155375752914427,1.2120101259919096
subway_canal_st_ace,syn_ts_831_27_1p9452,0.0983917191624641,8.52485491799762,8.52485491799762,10.280049300333488,1.7551943823358673,1.7551943823358673,0.6002625271948343
subway_canal_st_1,syn_ts_831_27_1p9452,0.0983917191624641,8.52485491799762,8.52485491799762,10.280049300333488,1.7551943823358673,1.7551943823358673,0.6002625271948343
subway_mets_willets_point_7,syn_ts_831_27_1p9452,0.0221917107701301,8.989731535656107,8.989731535656107,9.400794091414543,0.411062555758436,0.411062555758436,0.13538590953634788
water_owls_head_wwtp,syn_ts_831_27_1p9452,1.622391700744629,0.0,0.0,23.51981339969139,16.96939641220682,16.96939641220682,9.125117445192455
water_brooklyn_navy_yard_admiral_row,syn_ts_831_27_1p9452,1.117566704750061,5.7773747365959895,5.7773747365959895,22.324435396835877,11.606888316102443,11.606888316102443,3.3477427085964653
water_hunts_point_wwtp,syn_ts_831_27_1p9452,1.346166729927063,5.341801155149701,5.341801155149701,22.865738707323587,13.876254818391617,13.876254818391617,3.7833162900427535
water_zerega_industrial_park,syn_ts_831_27_1p9452,0.4793915152549743,7.173167488977595,7.173167488977595,11.108700800126483,3.9355333111488884,3.9355333111488884,1.9519499562148601
water_manhattan_sewage_pump_station,syn_ts_831_27_1p9452,0.5174915194511414,7.067461704449231,7.067461704449231,11.191566003580835,4.124104299131604,4.124104299131604,2.0576557407432237
water_coney_island_wpcp,syn_ts_831_27_1p9452,0.203166663646698,7.9395339307015345,7.9395339307015345,10.507928463991904,2.5683945332903697,2.5683945332903697,1.1855835144909204
water_gowanus_pumping_station,syn_ts_831_27_1p9452,0.4317666888236999,7.305299223531353,7.305299223531353,11.005119684718025,3.699820461186672,3.699820461186672,1.8198182216611016
water_spring_creek_park,syn_ts_831_27_1p9452,1.8414666652679443,0.0,0.0,24.055746908346453,20.50206946373478,20.50206946373478,9.125117445192455
water_destratification_facility,syn_ts_831_27_1p9452,0.2603165507316589,7.780975584646787,7.780975584646787,10.632226009900444,2.8512504252536575,2.8512504252536575,1.344141860545668
water_mason_avenue_pumping_station,syn_ts_831_27_1p9452,0.3841416239738464,7.437431619560707,7.437431619560707,10.90153805076359,3.4641064312028824,3.4641064312028824,1.687685825631748
water_grand_canal_court_park,syn_ts_831_27_1p9452,0.0983917191624641,8.52485491799762,8.52485491799762,10.280049300333488,1.7551943823358673,1.7551943823358673,0.6002625271948343
water_conner_st_sewage_pump_station,syn_ts_831_27_1p9452,0.0317165330052375,8.931623049346536,8.931623049346536,9.519116246783035,0.5874931974364994,0.5874931974364994,0.193494395845919
water_throgs_neck_sewage_pump_station,syn_ts_831_27_1p9452,0.7841916680335999,6.4617835368877286,6.4617835368877286,21.133264264024405,7.874166667656852,7.874166667656852,2.6633339083047263
water_marble_hill_sewage_pump_statn,syn_ts_831_27_1p9452,0.9937416911125184,6.0315837195614925,6.0315837195614925,22.03122943698837,10.363956995745143,10.363956995745143,3.0935337256309623
water_lew_fidler_park_dep_pier,syn_ts_831_27_1p9452,1.0223166942596436,5.972920108107915,5.972920108107915,22.098892350799332,10.650787300442982,10.650787300442982,3.15219733708454
water_newtown_creek_wwtp,syn_ts_831_27_1p9452,0.3936666846275329,7.411005008059717,7.411005008059717,10.922254481263673,3.5112494732039563,3.5112494732039563,1.714112437132738
fuel_station_gulf_0324,syn_ts_831_27_1p9452,0.8984916806221008,6.227129091073418,6.227129091073418,21.64042850616037,9.242598095294227,9.242598095294227,2.897988354119037
fuel_station_shell_0327,syn_ts_831_27_1p9452,0.6032165884971619,6.833319865126907,6.833319865126907,20.330253949502115,4.581694985866835,4.581694985866835,2.2917975800655475
fuel_station_allegiance_0402,syn_ts_831_27_1p9452,0.8127666115760803,6.403120047800672,6.403120047800672,21.26005506008472,8.214484016085876,8.214484016085876,2.7219973973917826
fuel_station_gulf_0508,syn_ts_831_27_1p9452,0.0412415936589241,8.873513108506646,8.873513108506646,9.637441363907607,0.7639282554009608,0.7639282554009608,0.2516043366858085
fuel_station_shell_0531,syn_ts_831_27_1p9452,0.8032416701316833,6.422674462585343,6.422674462585343,21.21779163771373,8.101045373189523,8.101045373189523,2.7024429826071117
fuel_station_allegiance_0536,syn_ts_831_27_1p9452,1.812891721725464,0.0,0.0,23.984926062903277,20.253592898870963,20.253592898870963,9.125117445192455
fuel_station_bp_0597,syn_ts_831_27_1p9452,0.1079165413975715,8.466746431688051,8.466746431688051,10.30076521228759,1.8340187805995392,1.8340187805995392,0.6583710135044036
fuel_station_shell_0678,syn_ts_831_27_1p9452,0.4222416281700134,7.331725835032342,7.331725835032342,10.984403254217943,3.6526774191856006,3.6526774191856006,1.7933916101601124
fuel_station_mobil_0695,syn_ts_831_27_1p9452,0.7460916638374329,6.5400016854924985,6.5400016854924985,20.96420951664575,7.311880248394754,7.311880248394754,2.5851157596999563
fuel_station_american_quick_start_auto_cent_0713,syn_ts_831_27_1p9452,0.6508416533470154,6.735547057004424,6.735547057004424,20.54157264819911,5.491757499362202,5.491757499362202,2.389570388188031
fuel_station_bp_0770,syn_ts_831_27_1p9452,0.0317165330052375,8.931623049346536,8.931623049346536,9.519116246783035,0.5874931974364994,0.5874931974364994,0.193494395845919
fuel_station_speedway_0842,syn_ts_831_27_1p9452,0.165066659450531,8.1180882866331,8.1180882866331,10.42506326053755,2.3069749739044507,2.3069749739044507,1.0070291585593552
fuel_station_sonamax_0846,syn_ts_831_27_1p9452,0.165066659450531,8.1180882866331,8.1180882866331,10.42506326053755,2.3069749739044507,2.3069749739044507,1.0070291585593552
fuel_station_bp_0850,syn_ts_831_27_1p9452,0.9937416911125184,6.0315837195614925,6.0315837195614925,22.03122943698837,10.363956995745143,10.363956995745143,3.0935337256309623
fuel_station_mobil_0895,syn_ts_831_27_1p9452,0.3841416239738464,7.437431619560707,7.437431619560707,10.90153805076359,3.4641064312028824,3.4641064312028824,1.687685825631748
fuel_station_bp_0914,syn_ts_831_27_1p9452,0.3841416239738464,7.437431619560707,7.437431619560707,10.90153805076359,3.4641064312028824,3.4641064312028824,1.687685825631748
fuel_station_sunoco_0928,syn_ts_831_27_1p9452,0.3746165633201599,7.463858231061696,7.463858231061696,10.880821620263506,3.4169633892018094,3.4169633892018094,1.6612592141307587
fuel_station_citgo_0936,syn_ts_831_27_1p9452,0.2126917243003845,7.913107319200545,7.913107319200545,10.528644894491988,2.6155375752914427,2.6155375752914427,1.2120101259919096
fuel_station_citgo_0937,syn_ts_831_27_1p9452,2.06054162979126,0.0,0.0,24.598707708248302,22.51327864675999,22.51327864675999,9.125117445192455
fuel_station_mobil_1019,syn_ts_831_27_1p9452,0.4412917494773865,7.278872612030363,7.278872612030363,11.02583611521811,3.7469635031877475,3.7469635031877475,1.8462448331620918
fuel_station_unknown_gas_station_1040,syn_ts_831_27_1p9452,0.8699166178703308,6.285792824893517,6.285792824893517,21.513637181152703,8.896638922238076,8.896638922238076,2.839324620298938
fuel_station_citgo_1044,syn_ts_831_27_1p9452,0.3841416239738464,7.437431619560707,7.437431619560707,10.90153805076359,3.4641064312028824,3.4641064312028824,1.687685825631748
fuel_station_lukoil_1058,syn_ts_831_27_1p9452,5.213316440582275,0.0,0.0,25.34595277571617,25.34595277571617,25.34595277571617,9.125117445192455
fuel_station_sunoco_1100,syn_ts_831_27_1p9452,0.0317165330052375,8.931623049346536,8.931623049346536,9.519116246783035,0.5874931974364994,0.5874931974364994,0.193494395845919
fuel_station_speedway_1103,syn_ts_831_27_1p9452,0.8222916722297668,6.383565388282959,6.383565388282959,21.302319011403057,8.327924078722193,8.327924078722193,2.741552056909496
fuel_station_mobil_1104,syn_ts_831_27_1p9452,0.8889666199684143,6.2466837505911315,6.2466837505911315,21.59816455484203,9.127277889851985,9.127277889851985,2.8784336946013234
fuel_station_speedway_1105,syn_ts_831_27_1p9452,1.0604166984558103,5.894701959503146,5.894701959503146,22.18910956921395,11.033227706706768,11.033227706706768,3.230415485689309
fuel_station_bp_1149,syn_ts_831_27_1p9452,0.5651165843009949,6.9353293084198775,6.9353293084198775,11.295147637535273,4.359818329115395,4.359818329115395,2.1897881367725773
power_bruckner,syn_ts_192_15_2p5752,0.5874648690223694,11.335229778353092,11.335229778353092,36.23782991917175,9.173273171636236,9.173273171636236,12.614857966380487
power_east_83rd_street,syn_ts_192_15_2p5752,0.3588648438453674,22.41153082990708,22.41153082990708,27.02184839374218,4.6103175638351,4.6103175638351,1.5385569148265006
power_gowanus,syn_ts_192_15_2p5752,0.177889883518219,23.18742259360897,23.18742259360897,25.573350429850176,2.385927836241205,2.385927836241205,0.7626651511246081
power_farragut,syn_ts_192_15_2p5752,0.0635898783802986,23.677459626451974,23.677459626451974,24.530351639927314,0.8528920134753406,0.8528920134753406,0.27262811828160594
power_east_13th_street,syn_ts_192_15_2p5752,0.8541648983955383,9.625167494041769,9.625167494041769,37.345691750538265,16.33382734920358,16.33382734920358,14.324920250691811
power_east_36th_street,syn_ts_192_15_2p5752,0.6541398167610168,10.907714589456154,10.907714589456154,36.51479512941794,11.02961562835787,11.02961562835787,13.042373155277426
power_151st_avenue,syn_ts_192_15_2p5752,0.1493149399757385,23.30993160426314,23.30993160426314,25.312601259270888,2.0026696550077467,2.0026696550077467,0.6401561404704381
power_160th_avenue,syn_ts_192_15_2p5752,0.4636397957801819,21.962330442729048,21.962330442729048,27.287315873305143,5.3249854305760955,5.3249854305760955,1.9877573020045318
power_howard_beach,syn_ts_192_15_2p5752,0.9303649067878724,9.13657826995282,9.13657826995282,37.662223702357274,18.224539062930425,18.224539062930425,14.81350947478076
power_unknown129920,syn_ts_192_15_2p5752,0.8446398377418518,9.68624152923378,9.68624152923378,37.30612500896545,16.09748690604826,16.09748690604826,14.2638462154998
power_naughton,syn_ts_192_15_2p5752,0.5493648648262024,11.579524390397568,11.579524390397568,35.211690219331814,7.244631381297234,7.244631381297234,12.370563354336012
power_seaside,syn_ts_192_15_2p5752,0.5303149819374084,11.701670932058022,11.701670932058022,27.45625027309912,6.250043264660134,6.250043264660134,12.248416812675558
power_howland_hook,syn_ts_192_15_2p5752,1.3399399518966677,7.9284313108766025,7.9284313108766025,38.63288669560092,28.16072296596152,28.16072296596152,16.021656433856975
power_hell_gate,syn_ts_192_15_2p5752,0.0635898783802986,23.677459626451974,23.677459626451974,24.530351639927314,0.8528920134753406,0.8528920134753406,0.27262811828160594
telecom_cluster_00015,syn_ts_192_15_2p5752,0.054064817726612,23.71829630405973,23.71829630405973,24.443434524536556,0.7251382204768255,0.7251382204768255,0.23179144067384883
telecom_cluster_00020,syn_ts_192_15_2p5752,0.6160398125648499,11.15200920150063,11.15200920150063,36.35652915350844,9.968847561949307,9.968847561949307,12.79807854323295
telecom_cluster_00021,syn_ts_192_15_2p5752,0.6446147561073303,10.968788624648164,10.968788624648164,36.47522838784513,10.764421952262369,10.764421952262369,12.981299120085415
telecom_cluster_00024,syn_ts_192_15_2p5752,0.5684149861335754,11.457376320013548,11.457376320013548,35.98297740170068,8.467172432711461,8.467172432711461,12.492711424720031
telecom_cluster_00026,syn_ts_192_15_2p5752,0.7303398251533508,10.419125365367204,10.419125365367204,36.83132708123695,13.120091923026763,13.120091923026763,13.530962379366375
telecom_cluster_00027,syn_ts_192_15_2p5752,0.2826648354530334,22.73822220643094,22.73822220643094,26.52943217236956,3.79120996593862,3.79120996593862,1.2118655383026393
telecom_cluster_00030,syn_ts_192_15_2p5752,0.254089891910553,22.86073121708511,22.86073121708511,26.268683001790272,3.407951784705162,3.407951784705162,1.0893565276484694
telecom_cluster_00032,syn_ts_192_15_2p5752,0.5303149819374084,11.701670932058022,11.701670932058022,27.45625027309912,6.250043264660134,6.250043264660134,12.248416812675558
telecom_cluster_00033,syn_ts_192_15_2p5752,0.4731648564338684,21.92149376512129,21.92149376512129,27.31144944528704,5.389955680165748,5.389955680165748,2.028593979612289
telecom_cluster_00066,syn_ts_192_15_2p5752,2.7686898708343506,0.0,0.0,40.79625671774289,40.79625671774289,40.79625671774289,23.95008774473358
telecom_cluster_00072,syn_ts_192_15_2p5752,2.68296480178833,0.0,0.0,40.79625671774289,40.79625671774289,40.79625671774289,23.95008774473358
telecom_cluster_00073,syn_ts_192_15_2p5752,2.68296480178833,0.0,0.0,40.79625671774289,40.79625671774289,40.79625671774289,23.95008774473358
telecom_cluster_00085,syn_ts_192_15_2p5752,0.4350648522377014,22.08483945338322,22.08483945338322,27.214915761438753,5.130076308055532,5.130076308055532,1.8652482913503583
telecom_cluster_00086,syn_ts_192_15_2p5752,0.0445399954915046,23.75913195949839,23.75913195949839,24.356519584738784,0.597387625240394,0.597387625240394,0.19095578523518952
telecom_cluster_00087,syn_ts_192_15_2p5752,0.0445399954915046,23.75913195949839,23.75913195949839,24.356519584738784,0.597387625240394,0.597387625240394,0.19095578523518952
telecom_cluster_00099,syn_ts_192_15_2p5752,0.2921898961067199,22.697385528823183,22.697385528823183,26.616349287760322,3.9189637589371387,3.9189637589371387,1.2527022159103964
telecom_cluster_00100,syn_ts_192_15_2p5752,0.2255149483680725,22.983240227739284,22.983240227739284,26.007933831210984,3.0246936034717002,3.0246936034717002,0.9668475169942958
telecom_cluster_00101,syn_ts_192_15_2p5752,0.215989887714386,23.02407690534704,23.02407690534704,25.921016715820226,2.896939810473185,2.896939810473185,0.9260108393865387
telecom_cluster_00111,syn_ts_192_15_2p5752,0.092164821922779,23.5549506157978,23.5549506157978,24.791100810506602,1.2361501947088023,1.2361501947088023,0.39513712893577946
telecom_cluster_00117,syn_ts_192_15_2p5752,0.2921898961067199,22.697385528823183,22.697385528823183,26.616349287760322,3.9189637589371387,3.9189637589371387,1.2527022159103964
telecom_cluster_00118,syn_ts_192_15_2p5752,0.0254898723214864,23.8408053226996,23.8408053226996,24.182685336960446,0.3418800142608447,0.3418800142608447,0.10928242203397787
telecom_cluster_00119,syn_ts_192_15_2p5752,0.2921898961067199,22.697385528823183,22.697385528823183,26.616349287760322,3.9189637589371387,3.9189637589371387,1.2527022159103964
telecom_cluster_00142,syn_ts_192_15_2p5752,0.139789879322052,23.3507682818709,23.3507682818709,25.22568414388013,1.8749158620092317,1.8749158620092317,0.599319462862681
telecom_cluster_00153,syn_ts_192_15_2p5752,0.2921898961067199,22.697385528823183,22.697385528823183,26.616349287760322,3.9189637589371387,3.9189637589371387,1.2527022159103964
telecom_cluster_00155,syn_ts_192_15_2p5752,0.0254898723214864,23.8408053226996,23.8408053226996,24.182685336960446,0.3418800142608447,0.3418800142608447,0.10928242203397787
telecom_cluster_00170,syn_ts_192_15_2p5752,0.6541398167610168,10.907714589456154,10.907714589456154,36.51479512941794,11.02961562835787,11.02961562835787,13.042373155277426
telecom_cluster_00192,syn_ts_192_15_2p5752,0.5303149819374084,11.701670932058022,11.701670932058022,27.45625027309912,6.250043264660134,6.250043264660134,12.248416812675558
telecom_cluster_00238,syn_ts_192_15_2p5752,1.520914912223816,0.0,0.0,39.05085216255219,31.389491192776728,31.389491192776728,23.95008774473358
telecom_cluster_00272,syn_ts_192_15_2p5752,0.4160149693489074,22.166511786429638,22.166511786429638,27.16664922155426,5.000137435124621,5.000137435124621,1.7835759583039419
telecom_cluster_00274,syn_ts_192_15_2p5752,2.778214931488037,0.0,0.0,40.79625671774289,40.79625671774289,40.79625671774289,23.95008774473358
telecom_cluster_00275,syn_ts_192_15_2p5752,2.0543148517608643,0.0,0.0,40.34544958317944,40.34544958317944,40.34544958317944,23.95008774473358
telecom_cluster_00292,syn_ts_192_15_2p5752,0.9684649109840392,8.94335985152203,8.94335985152203,37.77495729666571,19.12571871707051,19.12571871707051,15.006727893211549
telecom_cluster_00293,syn_ts_192_15_2p5752,1.21611487865448,8.266740987274392,8.266740987274392,38.346910091631,24.552189129612966,24.552189129612966,15.683346757459187
telecom_cluster_00415,syn_ts_192_15_2p5752,0.4826899170875549,21.880657087513534,21.880657087513534,27.335583017268934,5.454925929755401,5.454925929755401,2.069430657220046
telecom_cluster_00416,syn_ts_192_15_2p5752,3.1115899085998535,0.0,0.0,40.79625671774289,40.79625671774289,40.79625671774289,23.95008774473358
telecom_cluster_00422,syn_ts_192_15_2p5752,0.1874149441719055,23.146585916001214,23.146585916001214,25.660267545240934,2.51368162923972,2.51368162923972,0.8035018287323652
telecom_cluster_00493,syn_ts_192_15_2p5752,1.4637649059295654,0.0,0.0,38.91886302425447,30.23745586129619,30.23745586129619,23.95008774473358
telecom_cluster_00569,syn_ts_192_15_2p5752,0.5684149861335754,11.457376320013548,11.457376320013548,35.98297740170068,8.467172432711461,8.467172432711461,12.492711424720031
telecom_cluster_00571,syn_ts_192_15_2p5752,0.2636149525642395,22.819894539477353,22.819894539477353,26.35560011718103,3.535705577703677,3.535705577703677,1.1301932052562265
telecom_cluster_00586,syn_ts_192_15_2p5752,1.1399149894714355,8.47493113145175,8.47493113145175,38.17092484921706,22.71311301361862,22.71311301361862,15.475156613281829
telecom_cluster_00609,syn_ts_192_15_2p5752,0.1302648186683654,23.391604959478656,23.391604959478656,25.13876702848937,1.747162069010713,1.747162069010713,0.5584827852549239
telecom_cluster_00615,syn_ts_192_15_2p5752,0.2731397747993469,22.779058884038694,22.779058884038694,26.442515056978802,3.6634561729401085,3.6634561729401085,1.1710288606948858
telecom_cluster_00616,syn_ts_192_15_2p5752,0.9303649067878724,9.13657826995282,9.13657826995282,37.662223702357274,18.224539062930425,18.224539062930425,14.81350947478076
telecom_cluster_00652,syn_ts_192_15_2p5752,0.8255898356437683,9.808388835256016,9.808388835256016,37.2269920210107,15.624808977616553,15.624808977616553,14.141698909477563
telecom_cluster_00695,syn_ts_192_15_2p5752,0.8255898356437683,9.808388835256016,9.808388835256016,37.2269920210107,15.624808977616553,15.624808977616553,14.141698909477563
telecom_cluster_00714,syn_ts_192_15_2p5752,1.1399149894714355,8.47493113145175,8.47493113145175,38.17092484921706,22.71311301361862,22.71311301361862,15.475156613281829
telecom_cluster_00715,syn_ts_192_15_2p5752,0.1207397654652595,23.43244160514363,23.43244160514363,25.051849981085894,1.619408375942264,1.619408375942264,0.5176461395899494
telecom_cluster_00738,syn_ts_192_15_2p5752,0.7017648816108704,10.602345942219667,10.602345942219667,36.71262784690026,12.352207946062215,12.352207946062215,13.347741802513912
telecom_cluster_00745,syn_ts_192_15_2p5752,0.054064817726612,23.71829630405973,23.71829630405973,24.443434524536556,0.7251382204768255,0.7251382204768255,0.23179144067384883
telecom_cluster_00753,syn_ts_192_15_2p5752,1.1399149894714355,8.47493113145175,8.47493113145175,38.17092484921706,22.71311301361862,22.71311301361862,15.475156613281829
telecom_cluster_00783,syn_ts_192_15_2p5752,0.7589147686958313,10.23590478851474,10.23590478851474,36.95002631557364,13.88797589999132,13.88797589999132,13.71418295621884
telecom_cluster_00784,syn_ts_192_15_2p5752,0.2921898961067199,22.697385528823183,22.697385528823183,26.616349287760322,3.9189637589371387,3.9189637589371387,1.2527022159103964
telecom_cluster_00792,syn_ts_192_15_2p5752,0.4350648522377014,22.08483945338322,22.08483945338322,27.214915761438753,5.130076308055532,5.130076308055532,1.8652482913503583
telecom_cluster_00832,syn_ts_192_15_2p5752,1.330414891242981,7.954455282460414,7.954455282460414,38.61088836822645,28.019711933348233,28.019711933348233,15.995632462273166
telecom_cluster_00833,syn_ts_192_15_2p5752,0.9494149088859558,9.01443096393058,9.01443096393058,37.73096091723313,18.708902440077118,18.708902440077118,14.935656780802999
telecom_cluster_00840,syn_ts_192_15_2p5752,4.397464752197266,0.0,0.0,40.79625671774289,40.79625671774289,40.79625671774289,23.95008774473358
telecom_cluster_00871,syn_ts_192_15_2p5752,0.7112899422645569,10.541271907027658,10.541271907027658,36.752194588473074,12.608171407362072,12.608171407362072,13.408815837705921
telecom_cluster_00879,syn_ts_192_15_2p5752,1.130389928817749,8.500955103035562,8.500955103035562,38.14892652184259,22.50695736452813,22.50695736452813,15.449132641698018
telecom_cluster_00887,syn_ts_192_15_2p5752,4.045039653778076,0.0,0.0,40.79625671774289,40.79625671774289,40.79625671774289,23.95008774473358
telecom_cluster_00923,syn_ts_192_15_2p5752,0.5398398041725159,11.640598425589578,11.640598425589578,34.82604662814738,6.633360855590116,6.633360855590116,12.309489319144001
telecom_cluster_00943,syn_ts_192_15_2p5752,0.4064899086952209,22.207348464037395,22.207348464037395,27.14251564957236,4.935167185534965,4.935167185534965,1.7427392806961848
telecom_cluster_00944,syn_ts_192_15_2p5752,0.3302899003028869,22.534039840561253,22.534039840561253,26.94944828187579,4.415408441314536,4.415408441314536,1.416047904172327
telecom_cluster_00958,syn_ts_192_15_2p5752,0.2255149483680725,22.983240227739284,22.983240227739284,26.007933831210984,3.0246936034717002,3.0246936034717002,0.9668475169942958
telecom_cluster_01020,syn_ts_192_15_2p5752,0.3683899044990539,22.370694152299322,22.370694152299322,27.045981965724074,4.675287813424752,4.675287813424752,1.5793935924342577
telecom_cluster_01046,syn_ts_192_15_2p5752,0.7684398293495178,10.174830753322729,10.174830753322729,36.98959305714645,14.14393936129117,14.14393936129117,13.775256991410851
telecom_cluster_01096,syn_ts_192_15_2p5752,1.016089916229248,8.81324080784954,8.81324080784954,37.884948245247145,20.120200672205105,20.120200672205105,15.136846936884039
telecom_cluster_01183,syn_ts_192_15_2p5752,1.0256149768829346,8.78721683626573,8.78721683626573,37.906946572621614,20.319098307866923,20.319098307866923,15.16287090846785
telecom_cluster_01202,syn_ts_192_15_2p5752,2.282914876937866,0.0,0.0,40.79625671774289,40.79625671774289,40.79625671774289,23.95008774473358
telecom_cluster_01218,syn_ts_192_15_2p5752,0.8446398377418518,9.68624152923378,9.68624152923378,37.30612500896545,16.09748690604826,16.09748690604826,14.2638462154998
telecom_cluster_01237,syn_ts_192_15_2p5752,1.24468994140625,8.188669398221585,8.188669398221585,38.41290479843804,25.524298900185098,25.524298900185098,15.761418346511995
telecom_cluster_01668,syn_ts_192_15_2p5752,0.4255397915840149,22.12567613099098,22.12567613099098,27.190782189456858,5.065106058465879,5.065106058465879,1.8244116137426012
telecom_cluster_01684,syn_ts_192_15_2p5752,0.6065149903297424,11.213081707969073,11.213081707969073,36.316963402317384,9.70366052382723,9.70366052382723,12.737006036764507
telecom_cluster_01690,syn_ts_192_15_2p5752,0.1588397622108459,23.269095948824482,23.269095948824482,25.39951619906866,2.1304202502441782,2.1304202502441782,0.6809917959090974
telecom_cluster_01693,syn_ts_192_15_2p5752,0.8541648983955383,9.625167494041769,9.625167494041769,37.345691750538265,16.33382734920358,16.33382734920358,14.324920250691811
telecom_cluster_01696,syn_ts_192_15_2p5752,0.5874648690223694,11.335229778353092,11.335229778353092,36.23782991917175,9.173273171636236,9.173273171636236,12.614857966380487
telecom_cluster_01697,syn_ts_192_15_2p5752,0.7303398251533508,10.419125365367204,10.419125365367204,36.83132708123695,13.120091923026763,13.120091923026763,13.530962379366375
telecom_cluster_01698,syn_ts_192_15_2p5752,0.7303398251533508,10.419125365367204,10.419125365367204,36.83132708123695,13.120091923026763,13.120091923026763,13.530962379366375
telecom_cluster_01699,syn_ts_192_15_2p5752,0.7303398251533508,10.419125365367204,10.419125365367204,36.83132708123695,13.120091923026763,13.120091923026763,13.530962379366375
telecom_cluster_01701,syn_ts_192_15_2p5752,0.4255397915840149,22.12567613099098,22.12567613099098,27.190782189456858,5.065106058465879,5.065106058465879,1.8244116137426012
telecom_cluster_01703,syn_ts_192_15_2p5752,1.082764983177185,8.631073983858741,8.631073983858741,38.03893571091933,21.512476654028433,21.512476654028433,15.319013760874839
telecom_cluster_01704,syn_ts_192_15_2p5752,0.9017898440361024,9.319799611167067,9.319799611167067,37.5435239728297,17.515520691343387,17.515520691343387,14.630288133566513
telecom_cluster_01716,syn_ts_192_15_2p5752,0.7303398251533508,10.419125365367204,10.419125365367204,36.83132708123695,13.120091923026763,13.120091923026763,13.530962379366375
telecom_cluster_01717,syn_ts_192_15_2p5752,0.177889883518219,23.18742259360897,23.18742259360897,25.573350429850176,2.385927836241205,2.385927836241205,0.7626651511246081
telecom_cluster_01718,syn_ts_192_15_2p5752,0.0731149390339851,23.636622948844217,23.636622948844217,24.617268755318072,0.9806458064738557,0.9806458064738557,0.31346479588936305
telecom_cluster_01749,syn_ts_192_15_2p5752,2.625814914703369,0.0,0.0,40.79625671774289,40.79625671774289,40.79625671774289,23.95008774473358
telecom_cluster_01750,syn_ts_192_15_2p5752,0.6255648732185364,11.090935166308618,11.090935166308618,36.39609589508126,10.234041238044805,10.234041238044805,12.859152578424961
telecom_cluster_01751,syn_ts_192_15_2p5752,1.0256149768829346,8.78721683626573,8.78721683626573,37.906946572621614,20.319098307866923,20.319098307866923,15.16287090846785
telecom_cluster_01769,syn_ts_192_15_2p5752,0.0159648116677999,23.881642000307355,23.881642000307355,24.09576822156969,0.21412622126233316,0.21412622126233316,0.06844574442622431
telecom_cluster_01826,syn_ts_192_15_2p5752,0.6827147603034973,10.724494012603689,10.724494012603689,36.63349436375463,11.825190018670936,11.825190018670936,13.22559373212989
telecom_cluster_01827,syn_ts_192_15_2p5752,0.6065149903297424,11.213081707969073,11.213081707969073,36.316963402317384,9.70366052382723,9.70366052382723,12.737006036764507
telecom_cluster_01861,syn_ts_192_15_2p5752,0.2826648354530334,22.73822220643094,22.73822220643094,26.52943217236956,3.79120996593862,3.79120996593862,1.2118655383026393
telecom_cluster_01863,syn_ts_192_15_2p5752,1.2732648849487305,8.110598134867402,8.110598134867402,38.47889922992872,26.496404615315033,26.496404615315033,15.839489609866177
telecom_cluster_01868,syn_ts_192_15_2p5752,2.397214889526367,0.0,0.0,40.79625671774289,40.79625671774289,40.79625671774289,23.95008774473358
telecom_cluster_01869,syn_ts_192_15_2p5752,0.8065398335456848,9.930536141278253,9.930536141278253,37.14785903305595,15.152131049184849,15.152131049184849,14.019551603455326
telecom_cluster_01886,syn_ts_192_15_2p5752,0.0445399954915046,23.75913195949839,23.75913195949839,24.356519584738784,0.597387625240394,0.597387625240394,0.19095578523518952
telecom_cluster_01889,syn_ts_192_15_2p5752,0.0445399954915046,23.75913195949839,23.75913195949839,24.356519584738784,0.597387625240394,0.597387625240394,0.19095578523518952
telecom_cluster_01897,syn_ts_192_15_2p5752,1.5780649185180664,0.0,0.0,39.182841300849915,32.54152652425727,32.54152652425727,23.95008774473358
telecom_cluster_01898,syn_ts_192_15_2p5752,1.59711492061615,0.0,0.0,39.22683768028249,32.92553830141746,32.92553830141746,23.95008774473358
telecom_cluster_01899,syn_ts_192_15_2p5752,0.6636648774147034,10.846640554264143,10.846640554264143,36.55436187099076,11.294809304453368,11.294809304453368,13.103447190469437
telecom_cluster_01920,syn_ts_192_15_2p5752,0.2921898961067199,22.697385528823183,22.697385528823183,26.616349287760322,3.9189637589371387,3.9189637589371387,1.2527022159103964
telecom_cluster_01921,syn_ts_192_15_2p5752,0.2921898961067199,22.697385528823183,22.697385528823183,26.616349287760322,3.9189637589371387,3.9189637589371387,1.2527022159103964
telecom_cluster_01929,syn_ts_192_15_2p5752,1.8828649520874023,0.0,0.0,39.92527655821109,35.96761649544738,35.96761649544738,23.95008774473358
telecom_cluster_01946,syn_ts_192_15_2p5752,0.4160149693489074,22.166511786429638,22.166511786429638,27.16664922155426,5.000137435124621,5.000137435124621,1.7835759583039419
telecom_cluster_01948,syn_ts_192_15_2p5752,0.2636149525642395,22.819894539477353,22.819894539477353,26.35560011718103,3.535705577703677,3.535705577703677,1.1301932052562265
telecom_cluster_01949,syn_ts_192_15_2p5752,0.2826648354530334,22.73822220643094,22.73822220643094,26.52943217236956,3.79120996593862,3.79120996593862,1.2118655383026393
telecom_cluster_01951,syn_ts_192_15_2p5752,0.1969397664070129,23.105750260562555,23.105750260562555,25.747182485038707,2.6414322244761514,2.6414322244761514,0.8443374841710245
telecom_cluster_01952,syn_ts_192_15_2p5752,0.2921898961067199,22.697385528823183,22.697385528823183,26.616349287760322,3.9189637589371387,3.9189637589371387,1.2527022159103964
telecom_cluster_01953,syn_ts_192_15_2p5752,0.0445399954915046,23.75913195949839,23.75913195949839,24.356519584738784,0.597387625240394,0.597387625240394,0.19095578523518952
telecom_cluster_01966,syn_ts_192_15_2p5752,2.74011492729187,0.0,0.0,40.79625671774289,40.79625671774289,40.79625671774289,23.95008774473358
telecom_cluster_01967,syn_ts_192_15_2p5752,1.358989953994751,7.876383693407607,7.876383693407607,38.67688307503349,28.442743266388273,28.442743266388273,16.073704051325972
telecom_cluster_01988,syn_ts_192_15_2p5752,0.1302648186683654,23.391604959478656,23.391604959478656,25.13876702848937,1.747162069010713,1.747162069010713,0.5584827852549239
telecom_cluster_01994,syn_ts_192_15_2p5752,0.0350149348378181,23.799968637106147,23.799968637106147,24.269602469348023,0.4696338322418754,0.4696338322418754,0.1501191076274324
telecom_cluster_02028,syn_ts_192_15_2p5752,0.1874149441719055,23.146585916001214,23.146585916001214,25.660267545240934,2.51368162923972,2.51368162923972,0.8035018287323652
telecom_cluster_02029,syn_ts_192_15_2p5752,0.1493149399757385,23.30993160426314,23.30993160426314,25.312601259270888,2.0026696550077467,2.0026696550077467,0.6401561404704381
telecom_cluster_02034,syn_ts_192_15_2p5752,0.2921898961067199,22.697385528823183,22.697385528823183,26.616349287760322,3.9189637589371387,3.9189637589371387,1.2527022159103964
telecom_cluster_02035,syn_ts_192_15_2p5752,0.2445648312568664,22.901567894692867,22.901567894692867,26.181765886399514,3.280197991706647,3.280197991706647,1.0485198500407122
telecom_cluster_02087,syn_ts_192_15_2p5752,0.6827147603034973,10.724494012603689,10.724494012603689,36.63349436375463,11.825190018670936,11.825190018670936,13.22559373212989
telecom_cluster_02105,syn_ts_192_15_2p5752,0.4922149777412414,11.945965544102497,11.945965544102497,27.359716589250834,5.569917951511771,5.569917951511771,12.004122200631082
telecom_cluster_02107,syn_ts_192_15_2p5752,0.8446398377418518,9.68624152923378,9.68624152923378,37.30612500896545,16.09748690604826,16.09748690604826,14.2638462154998
telecom_cluster_02128,syn_ts_192_15_2p5752,0.6922398209571838,10.663419977411678,10.663419977411678,36.67306110532745,12.090383694766441,12.090383694766441,13.286667767321902
telecom_cluster_02178,syn_ts_192_15_2p5752,0.1874149441719055,23.146585916001214,23.146585916001214,25.660267545240934,2.51368162923972,2.51368162923972,0.8035018287323652
telecom_cluster_02179,syn_ts_192_15_2p5752,1.082764983177185,8.631073983858741,8.631073983858741,38.03893571091933,21.512476654028433,21.512476654028433,15.319013760874839
telecom_cluster_02221,syn_ts_192_15_2p5752,0.9208398461341858,9.197652305144828,9.197652305144828,37.622656960784454,17.988198619775094,17.988198619775094,14.752435439588751
telecom_cluster_02222,syn_ts_192_15_2p5752,0.7303398251533508,10.419125365367204,10.419125365367204,36.83132708123695,13.120091923026763,13.120091923026763,13.530962379366375
telecom_cluster_02223,syn_ts_192_15_2p5752,0.1016898825764656,23.514113938190047,23.514113938190047,24.87801792589736,1.3639039877073138,1.3639039877073138,0.435973806543533
telecom_cluster_02225,syn_ts_192_15_2p5752,1.5685399770736694,0.0,0.0,39.16084324879181,32.34952183719336,32.34952183719336,23.95008774473358
telecom_cluster_02226,syn_ts_192_15_2p5752,2.3400650024414062,0.0,0.0,40.79625671774289,40.79625671774289,40.79625671774289,23.95008774473358
telecom_cluster_02267,syn_ts_192_15_2p5752,0.8732149004936218,9.503020188019532,9.503020188019532,37.424824738493015,16.80650527763529,16.80650527763529,14.447067556714048
telecom_cluster_02268,syn_ts_192_15_2p5752,1.016089916229248,8.81324080784954,8.81324080784954,37.884948245247145,20.120200672205105,20.120200672205105,15.136846936884039
telecom_cluster_02316,syn_ts_192_15_2p5752,0.8541648983955383,9.625167494041769,9.625167494041769,37.345691750538265,16.33382734920358,16.33382734920358,14.324920250691811
telecom_cluster_02478,syn_ts_192_15_2p5752,0.6160398125648499,11.15200920150063,11.15200920150063,36.35652915350844,9.968847561949307,9.968847561949307,12.79807854323295
telecom_cluster_02479,syn_ts_192_15_2p5752,2.282914876937866,0.0,0.0,40.79625671774289,40.79625671774289,40.79625671774289,23.95008774473358
telecom_cluster_02487,syn_ts_192_15_2p5752,0.2350397706031799,22.942404572300624,22.942404572300624,26.094848771008756,3.1524441987081318,3.1524441987081318,1.0076831724329551
telecom_cluster_02523,syn_ts_192_15_2p5752,0.7779648900032043,10.113756718130718,10.113756718130718,37.02915979871926,14.399902822591033,14.399902822591033,13.836331026602862
telecom_cluster_02525,syn_ts_192_15_2p5752,1.5304399728775024,0.0,0.0,39.07285048992666,31.581498282872992,31.581498282872992,23.95008774473358
telecom_cluster_02529,syn_ts_192_15_2p5752,0.1302648186683654,23.391604959478656,23.391604959478656,25.13876702848937,1.747162069010713,1.747162069010713,0.5584827852549239
telecom_cluster_02532,syn_ts_192_15_2p5752,0.1112149432301521,23.47327726058229,23.47327726058229,24.964935041288122,1.4916577807058324,1.4916577807058324,0.4768104841512901
telecom_cluster_02576,syn_ts_192_15_2p5752,0.9017898440361024,9.319799611167067,9.319799611167067,37.5435239728297,17.515520691343387,17.515520691343387,14.630288133566513
telecom_cluster_02580,syn_ts_192_15_2p5752,0.6255648732185364,11.090935166308618,11.090935166308618,36.39609589508126,10.234041238044805,10.234041238044805,12.859152578424961
telecom_cluster_02582,syn_ts_192_15_2p5752,0.8065398335456848,9.930536141278253,9.930536141278253,37.14785903305595,15.152131049184849,15.152131049184849,14.019551603455326
telecom_cluster_02583,syn_ts_192_15_2p5752,0.7208147644996643,10.480199400559213,10.480199400559213,36.79176033966413,12.8641284617269,12.8641284617269,13.469888344174366
telecom_cluster_02634,syn_ts_192_15_2p5752,0.5207899212837219,11.762744967250033,11.762744967250033,27.432116701117224,6.080010872367183,6.080010872367183,12.187342777483547
telecom_cluster_02635,syn_ts_192_15_2p5752,1.330414891242981,7.954455282460414,7.954455282460414,38.61088836822645,28.019711933348233,28.019711933348233,15.995632462273166
telecom_cluster_02683,syn_ts_192_15_2p5752,0.6255648732185364,11.090935166308618,11.090935166308618,36.39609589508126,10.234041238044805,10.234041238044805,12.859152578424961
telecom_cluster_02690,syn_ts_192_15_2p5752,0.0731149390339851,23.636622948844217,23.636622948844217,24.617268755318072,0.9806458064738557,0.9806458064738557,0.31346479588936305
telecom_cluster_02692,syn_ts_192_15_2p5752,0.7970147728919983,9.991610176470264,9.991610176470264,37.10829229148314,14.911823338255724,14.911823338255724,13.958477568263316
telecom_cluster_02734,syn_ts_192_15_2p5752,1.1399149894714355,8.47493113145175,8.47493113145175,38.17092484921706,22.71311301361862,22.71311301361862,15.475156613281829
telecom_cluster_02735,syn_ts_192_15_2p5752,0.2350397706031799,22.942404572300624,22.942404572300624,26.094848771008756,3.1524441987081318,3.1524441987081318,1.0076831724329551
telecom_cluster_02740,syn_ts_192_15_2p5752,0.1112149432301521,23.47327726058229,23.47327726058229,24.964935041288122,1.4916577807058324,1.4916577807058324,0.4768104841512901
telecom_cluster_02741,syn_ts_192_15_2p5752,0.9303649067878724,9.13657826995282,9.13657826995282,37.662223702357274,18.224539062930425,18.224539062930425,14.81350947478076
telecom_cluster_02750,syn_ts_192_15_2p5752,0.7398648858070374,10.358051330175194,10.358051330175194,36.87089382280976,13.376055384326628,13.376055384326628,13.592036414558386
telecom_cluster_02763,syn_ts_192_15_2p5752,1.1399149894714355,8.47493113145175,8.47493113145175,38.17092484921706,22.71311301361862,22.71311301361862,15.475156613281829
telecom_cluster_02764,syn_ts_192_15_2p5752,1.1399149894714355,8.47493113145175,8.47493113145175,38.17092484921706,22.71311301361862,22.71311301361862,15.475156613281829
telecom_cluster_02786,syn_ts_192_15_2p5752,0.3112397789955139,22.615713195776767,22.615713195776767,26.790181342948852,4.174468147172085,4.174468147172085,1.3343745489568128
telecom_cluster_02793,syn_ts_192_15_2p5752,1.178014874458313,8.370836222212384,8.370836222212384,38.258917332765854,23.578272088701716,23.578272088701716,15.579251522521195
telecom_cluster_02794,syn_ts_192_15_2p5752,1.016089916229248,8.81324080784954,8.81324080784954,37.884948245247145,20.120200672205105,20.120200672205105,15.136846936884039
telecom_cluster_02812,syn_ts_192_15_2p5752,1.1399149894714355,8.47493113145175,8.47493113145175,38.17092484921706,22.71311301361862,22.71311301361862,15.475156613281829
telecom_cluster_02813,syn_ts_192_15_2p5752,1.1399149894714355,8.47493113145175,8.47493113145175,38.17092484921706,22.71311301361862,22.71311301361862,15.475156613281829
telecom_cluster_02832,syn_ts_192_15_2p5752,0.7779648900032043,10.113756718130718,10.113756718130718,37.02915979871926,14.399902822591033,14.399902822591033,13.836331026602862
telecom_cluster_02839,syn_ts_192_15_2p5752,1.082764983177185,8.631073983858741,8.631073983858741,38.03893571091933,21.512476654028433,21.512476654028433,15.319013760874839
telecom_cluster_02844,syn_ts_192_15_2p5752,1.520914912223816,0.0,0.0,39.05085216255219,31.389491192776728,31.389491192776728,23.95008774473358
telecom_cluster_02863,syn_ts_192_15_2p5752,1.1399149894714355,8.47493113145175,8.47493113145175,38.17092484921706,22.71311301361862,22.71311301361862,15.475156613281829
telecom_cluster_02864,syn_ts_192_15_2p5752,0.0635898783802986,23.677459626451974,23.677459626451974,24.530351639927314,0.8528920134753406,0.8528920134753406,0.27262811828160594
telecom_cluster_02891,syn_ts_192_15_2p5752,1.006564974784851,8.839264453734726,8.839264453734726,37.862950193189036,19.921305525813082,19.921305525813082,15.110823290998853
telecom_cluster_02900,syn_ts_192_15_2p5752,0.6350899338722229,11.029861131116608,11.029861131116608,36.43566263665407,10.499234914140299,10.499234914140299,12.920226613616972
telecom_cluster_02901,syn_ts_192_15_2p5752,0.4826899170875549,21.880657087513534,21.880657087513534,27.335583017268934,5.454925929755401,5.454925929755401,2.069430657220046
telecom_cluster_02918,syn_ts_192_15_2p5752,1.1399149894714355,8.47493113145175,8.47493113145175,38.17092484921706,22.71311301361862,22.71311301361862,15.475156613281829
telecom_cluster_02947,syn_ts_192_15_2p5752,1.1018149852752686,8.579026366389744,8.579026366389744,38.08293209035191,21.91026943608228,21.91026943608228,15.371061378343835
telecom_cluster_02948,syn_ts_192_15_2p5752,0.2064648270606994,23.064913582954798,23.064913582954798,25.834099600429468,2.76918601747467,2.76918601747467,0.8851741617787816
telecom_cluster_02955,syn_ts_192_15_2p5752,0.4255397915840149,22.12567613099098,22.12567613099098,27.190782189456858,5.065106058465879,5.065106058465879,1.8244116137426012
telecom_cluster_02957,syn_ts_192_15_2p5752,0.5303149819374084,11.701670932058022,11.701670932058022,27.45625027309912,6.250043264660134,6.250043264660134,12.248416812675558
telecom_cluster_02959,syn_ts_192_15_2p5752,0.2255149483680725,22.983240227739284,22.983240227739284,26.007933831210984,3.0246936034717002,3.0246936034717002,0.9668475169942958
telecom_cluster_02980,syn_ts_192_15_2p5752,1.1399149894714355,8.47493113145175,8.47493113145175,38.17092484921706,22.71311301361862,22.71311301361862,15.475156613281829
telecom_cluster_03010,syn_ts_192_15_2p5752,1.473289966583252,0.0,0.0,38.94086135162893,30.429462951392452,30.429462951392452,23.95008774473358
telecom_cluster_03041,syn_ts_192_15_2p5752,0.1683648228645324,23.22825927121673,23.22825927121673,25.48643331445942,2.2581740432426898,2.2581740432426898,0.721828473516851
telecom_cluster_03042,syn_ts_192_15_2p5752,1.406614899635315,7.746264812584428,7.746264812584428,38.786873885956744,29.147793135055288,29.147793135055288,16.20382293214915
telecom_cluster_03043,syn_ts_192_15_2p5752,1.0637149810791016,8.683121601327738,8.683121601327738,37.99493933148676,21.1146838719746,21.1146838719746,15.266966143405842
telecom_cluster_03071,syn_ts_192_15_2p5752,0.9017898440361024,9.319799611167067,9.319799611167067,37.5435239728297,17.515520691343387,17.515520691343387,14.630288133566513
telecom_cluster_03096,syn_ts_192_15_2p5752,0.092164821922779,23.5549506157978,23.5549506157978,24.791100810506602,1.2361501947088023,1.2361501947088023,0.39513712893577946
telecom_cluster_03098,syn_ts_192_15_2p5752,0.5874648690223694,11.335229778353092,11.335229778353092,36.23782991917175,9.173273171636236,9.173273171636236,12.614857966380487
telecom_cluster_03144,syn_ts_192_15_2p5752,0.215989887714386,23.02407690534704,23.02407690534704,25.921016715820226,2.896939810473185,2.896939810473185,0.9260108393865387
telecom_cluster_03146,syn_ts_192_15_2p5752,0.9589398503303528,8.969383823105842,8.969383823105842,37.75295896929124,18.92682108140869,18.92682108140869,14.980703921627738
telecom_cluster_03197,syn_ts_192_15_2p5752,1.720939874649048,0.0,0.0,39.5284460570846,34.26145321163478,34.26145321163478,23.95008774473358
telecom_cluster_03207,syn_ts_192_15_2p5752,2.1876649856567383,0.0,0.0,40.67225134419345,40.67225134419345,40.67225134419345,23.95008774473358
telecom_cluster_03214,syn_ts_192_15_2p5752,1.092289924621582,8.605050337973555,8.605050337973555,38.06093376297744,21.71137180042045,21.71137180042045,15.345037406760024
telecom_cluster_03250,syn_ts_192_15_2p5752,4.549864768981934,0.0,0.0,40.79625671774289,40.79625671774289,40.79625671774289,23.95008774473358
telecom_cluster_03261,syn_ts_192_15_2p5752,1.130389928817749,8.500955103035562,8.500955103035562,38.14892652184259,22.50695736452813,22.50695736452813,15.449132641698018
telecom_cluster_03262,syn_ts_192_15_2p5752,1.635214924812317,0.0,0.0,39.318359544600426,33.35819125720533,33.35819125720533,23.95008774473358
telecom_cluster_03306,syn_ts_192_15_2p5752,0.6065149903297424,11.213081707969073,11.213081707969073,36.316963402317384,9.70366052382723,9.70366052382723,12.737006036764507
telecom_cluster_03307,syn_ts_192_15_2p5752,2.206714868545532,0.0,0.0,40.71893697617061,40.71893697617061,40.71893697617061,23.95008774473358
telecom_cluster_03328,syn_ts_192_15_2p5752,0.7684398293495178,10.174830753322729,10.174830753322729,36.98959305714645,14.14393936129117,14.14393936129117,13.775256991410851
telecom_cluster_03370,syn_ts_192_15_2p5752,0.8827398419380188,9.441946917189304,9.441946917189304,37.46439098487495,17.042842762911675,17.042842762911675,14.508140827544276
telecom_cluster_03371,syn_ts_192_15_2p5752,1.7876149415969849,0.0,0.0,39.691846937591606,34.96399140381583,34.96399140381583,23.95008774473358
telecom_cluster_03380,syn_ts_192_15_2p5752,0.3112397789955139,22.615713195776767,22.615713195776767,26.790181342948852,4.174468147172085,4.174468147172085,1.3343745489568128
telecom_cluster_03400,syn_ts_192_15_2p5752,0.9970398545265198,8.86528858816785,8.86528858816785,37.8409517281564,19.722406645516372,19.722406645516372,15.08479915656573
telecom_cluster_03401,syn_ts_192_15_2p5752,1.0637149810791016,8.683121601327738,8.683121601327738,37.99493933148676,21.1146838719746,21.1146838719746,15.266966143405842
telecom_cluster_03443,syn_ts_192_15_2p5752,0.2350397706031799,22.942404572300624,22.942404572300624,26.094848771008756,3.1524441987081318,3.1524441987081318,1.0076831724329551
telecom_cluster_03500,syn_ts_192_15_2p5752,1.511389970779419,0.0,0.0,39.02885411049408,31.19748650571281,31.19748650571281,23.95008774473358
telecom_cluster_03524,syn_ts_192_15_2p5752,0.9303649067878724,9.13657826995282,9.13657826995282,37.662223702357274,18.224539062930425,18.224539062930425,14.81350947478076
telecom_cluster_03564,syn_ts_192_15_2p5752,0.8636898398399353,9.56409422321154,9.56409422321154,37.3852579969202,16.570164834479968,16.570164834479968,14.385993521522039
telecom_cluster_03570,syn_ts_192_15_2p5752,0.5017397999763489,11.884893037634054,11.884893037634054,27.383849557153432,5.739946087781284,5.739946087781284,12.065194707099526
telecom_cluster_03571,syn_ts_192_15_2p5752,0.6922398209571838,10.663419977411678,10.663419977411678,36.67306110532745,12.090383694766441,12.090383694766441,13.286667767321902
telecom_cluster_03588,syn_ts_192_15_2p5752,0.5969899296760559,11.274155743161081,11.274155743161081,36.27739666074457,9.43846684773174,9.43846684773174,12.675932001572498
telecom_cluster_03618,syn_ts_192_15_2p5752,1.1970648765563965,8.31878860474339,8.31878860474339,38.302913712198425,24.01085297972502,24.01085297972502,15.63129913999019
telecom_cluster_03651,syn_ts_192_15_2p5752,1.9400149583816528,0.0,0.0,40.065334330582786,36.569791550426324,36.569791550426324,23.95008774473358
telecom_cluster_03674,syn_ts_192_15_2p5752,2.5717499256134033,0.0,0.0,40.79625671774289,40.79625671774289,40.79625671774289,23.95008774473358
telecom_cluster_03688,syn_ts_192_15_2p5752,0.4064899086952209,22.207348464037395,22.207348464037395,27.14251564957236,4.935167185534965,4.935167185534965,1.7427392806961848
telecom_cluster_03708,syn_ts_192_15_2p5752,2.0447897911071777,0.0,0.0,40.32210647504412,40.079248300906265,40.079248300906265,23.95008774473358
telecom_cluster_03766,syn_ts_192_15_2p5752,0.6541398167610168,10.907714589456154,10.907714589456154,36.51479512941794,11.02961562835787,11.02961562835787,13.042373155277426
telecom_cluster_03799,syn_ts_192_15_2p5752,1.2732648849487305,8.110598134867402,8.110598134867402,38.47889922992872,26.496404615315033,26.496404615315033,15.839489609866177
telecom_cluster_03908,syn_ts_192_15_2p5752,0.1874149441719055,23.146585916001214,23.146585916001214,25.660267545240934,2.51368162923972,2.51368162923972,0.8035018287323652
telecom_cluster_03925,syn_ts_192_15_2p5752,1.511389970779419,0.0,0.0,39.02885411049408,31.19748650571281,31.19748650571281,23.95008774473358
telecom_cluster_03926,syn_ts_192_15_2p5752,1.282789945602417,8.084574163283591,8.084574163283591,38.50089755730319,26.820442557319808,26.820442557319808,15.865513581449989
telecom_cluster_03951,syn_ts_192_15_2p5752,1.5304399728775024,0.0,0.0,39.07285048992666,31.581498282872992,31.581498282872992,23.95008774473358
telecom_cluster_04005,syn_ts_192_15_2p5752,0.3207648396492004,22.57487651816901,22.57487651816901,26.87709845833961,4.3022219401706,4.3022219401706,1.37521122656457
telecom_cluster_04006,syn_ts_192_15_2p5752,1.1018149852752686,8.579026366389744,8.579026366389744,38.08293209035191,21.91026943608228,21.91026943608228,15.371061378343835
telecom_cluster_04034,syn_ts_192_15_2p5752,1.1018149852752686,8.579026366389744,8.579026366389744,38.08293209035191,21.91026943608228,21.91026943608228,15.371061378343835
hospital_bellevue_hospital_center,syn_ts_192_15_2p5752,0.5779398083686829,11.396303813545103,11.396303813545103,36.19826317759894,8.90807949554074,8.90807949554074,12.553783931188477
hospital_coney_island_hospital,syn_ts_192_15_2p5752,0.5684149861335754,11.457376320013548,11.457376320013548,35.98297740170068,8.467172432711461,8.467172432711461,12.492711424720031
hospital_metropolitan_hospital_center,syn_ts_192_15_2p5752,0.4160149693489074,22.166511786429638,22.166511786429638,27.16664922155426,5.000137435124621,5.000137435124621,1.7835759583039419
hospital_hospital_for_special_surgery,syn_ts_192_15_2p5752,0.0826399996876716,23.59578627123646,23.59578627123646,24.70418587070883,1.1083995994723708,1.1083995994723708,0.35430147349712016
subway_tottenville_sir,syn_ts_192_15_2p5752,0.5779398083686829,11.396303813545103,11.396303813545103,36.19826317759894,8.90807949554074,8.90807949554074,12.553783931188477
subway_richmond_valley_sir,syn_ts_192_15_2p5752,0.6255648732185364,11.090935166308618,11.090935166308618,36.39609589508126,10.234041238044805,10.234041238044805,12.859152578424961
subway_w_8_st_ny_aquarium_fq,syn_ts_192_15_2p5752,1.0351399183273315,8.761193190380544,8.761193190380544,37.92894462467972,20.517993454258946,20.517993454258946,15.188894554353036
subway_ocean_pkwy_q,syn_ts_192_15_2p5752,0.9970398545265198,8.86528858816785,8.86528858816785,37.8409517281564,19.722406645516372,19.722406645516372,15.08479915656573
subway_coney_island_stillwell_av_dfnq,syn_ts_192_15_2p5752,0.8351148962974548,9.747314800064006,9.747314800064006,37.266558762583514,15.861149420771879,15.861149420771879,14.202772944669574
subway_brighton_beach_bq,syn_ts_192_15_2p5752,0.4636397957801819,21.962330442729048,21.962330442729048,27.287315873305143,5.3249854305760955,5.3249854305760955,1.9877573020045318
subway_neptune_av_f,syn_ts_192_15_2p5752,0.5207899212837219,11.762744967250033,11.762744967250033,27.432116701117224,6.080010872367183,6.080010872367183,12.187342777483547
subway_bay_50_st_d,syn_ts_192_15_2p5752,0.1969397664070129,23.105750260562555,23.105750260562555,25.747182485038707,2.6414322244761514,2.6414322244761514,0.8443374841710245
subway_avenue_x_f,syn_ts_192_15_2p5752,0.0635898783802986,23.677459626451974,23.677459626451974,24.530351639927314,0.8528920134753406,0.8528920134753406,0.27262811828160594
subway_25_av_d,syn_ts_192_15_2p5752,0.1969397664070129,23.105750260562555,23.105750260562555,25.747182485038707,2.6414322244761514,2.6414322244761514,0.8443374841710245
subway_clifton_sir,syn_ts_192_15_2p5752,0.4826899170875549,21.880657087513534,21.880657087513534,27.335583017268934,5.454925929755401,5.454925929755401,2.069430657220046
subway_stapleton_sir,syn_ts_192_15_2p5752,0.5874648690223694,11.335229778353092,11.335229778353092,36.23782991917175,9.173273171636236,9.173273171636236,12.614857966380487
subway_howard_beach_jfk_airport_a,syn_ts_192_15_2p5752,0.8255898356437683,9.808388835256016,9.808388835256016,37.2269920210107,15.624808977616553,15.624808977616553,14.141698909477563
subway_smith_9_sts_fg,syn_ts_192_15_2p5752,0.8255898356437683,9.808388835256016,9.808388835256016,37.2269920210107,15.624808977616553,15.624808977616553,14.141698909477563
subway_south_ferry_1,syn_ts_192_15_2p5752,0.6446147561073303,10.968788624648164,10.968788624648164,36.47522838784513,10.764421952262369,10.764421952262369,12.981299120085415
subway_whitehall_st_south_ferry_rw,syn_ts_192_15_2p5752,0.3779149651527405,22.329857474691565,22.329857474691565,27.07011553770597,4.740258063014405,4.740258063014405,1.6202302700420148
subway_franklin_st_1,syn_ts_192_15_2p5752,0.0350149348378181,23.799968637106147,23.799968637106147,24.269602469348023,0.4696338322418754,0.4696338322418754,0.1501191076274324
subway_canal_st_ace,syn_ts_192_15_2p5752,0.2636149525642395,22.819894539477353,22.819894539477353,26.35560011718103,3.535705577703677,3.535705577703677,1.1301932052562265
subway_canal_st_1,syn_ts_192_15_2p5752,0.2636149525642395,22.819894539477353,22.819894539477353,26.35560011718103,3.535705577703677,3.535705577703677,1.1301932052562265
subway_mets_willets_point_7,syn_ts_192_15_2p5752,0.1874149441719055,23.146585916001214,23.146585916001214,25.660267545240934,2.51368162923972,2.51368162923972,0.8035018287323652
water_owls_head_wwtp,syn_ts_192_15_2p5752,1.7876149415969849,0.0,0.0,39.691846937591606,34.96399140381583,34.96399140381583,23.95008774473358
water_brooklyn_navy_yard_admiral_row,syn_ts_192_15_2p5752,1.282789945602417,8.084574163283591,8.084574163283591,38.50089755730319,26.820442557319808,26.820442557319808,15.865513581449989
water_hunts_point_wwtp,syn_ts_192_15_2p5752,1.511389970779419,0.0,0.0,39.02885411049408,31.19748650571281,31.19748650571281,23.95008774473358
water_manhattan_grit_chamber,syn_ts_192_15_2p5752,0.1588397622108459,23.269095948824482,23.269095948824482,25.39951619906866,2.1304202502441782,2.1304202502441782,0.6809917959090974
water_zerega_industrial_park,syn_ts_192_15_2p5752,0.6446147561073303,10.968788624648164,10.968788624648164,36.47522838784513,10.764421952262369,10.764421952262369,12.981299120085415
water_manhattan_sewage_pump_station,syn_ts_192_15_2p5752,0.6827147603034973,10.724494012603689,10.724494012603689,36.63349436375463,11.825190018670936,11.825190018670936,13.22559373212989
water_coney_island_wpcp,syn_ts_192_15_2p5752,0.3683899044990539,22.370694152299322,22.370694152299322,27.045981965724074,4.675287813424752,4.675287813424752,1.5793935924342577
water_spring_creek_park_dep_aux_plnt,syn_ts_192_15_2p5752,0.0350149348378181,23.799968637106147,23.799968637106147,24.269602469348023,0.4696338322418754,0.4696338322418754,0.1501191076274324
water_gowanus_pumping_station,syn_ts_192_15_2p5752,0.5969899296760559,11.274155743161081,11.274155743161081,36.27739666074457,9.43846684773174,9.43846684773174,12.675932001572498
water_spring_creek_park,syn_ts_192_15_2p5752,2.0066897869110107,0.0,0.0,40.228734626796324,38.317004077798174,38.317004077798174,23.95008774473358
water_destratification_facility,syn_ts_192_15_2p5752,0.4255397915840149,22.12567613099098,22.12567613099098,27.190782189456858,5.065106058465879,5.065106058465879,1.8244116137426012
water_mason_avenue_pumping_station,syn_ts_192_15_2p5752,0.5493648648262024,11.579524390397568,11.579524390397568,35.211690219331814,7.244631381297234,7.244631381297234,12.370563354336012
water_pumping_stn_sewage_disposal,syn_ts_192_15_2p5752,0.0254898723214864,23.8408053226996,23.8408053226996,24.182685336960446,0.3418800142608447,0.3418800142608447,0.10928242203397787
water_grand_canal_court_park,syn_ts_192_15_2p5752,0.2636149525642395,22.819894539477353,22.819894539477353,26.35560011718103,3.535705577703677,3.535705577703677,1.1301932052562265
water_conner_st_sewage_pump_station,syn_ts_192_15_2p5752,0.1969397664070129,23.105750260562555,23.105750260562555,25.747182485038707,2.6414322244761514,2.6414322244761514,0.8443374841710245
water_throgs_neck_sewage_pump_station,syn_ts_192_15_2p5752,0.9494149088859558,9.01443096393058,9.01443096393058,37.73096091723313,18.708902440077118,18.708902440077118,14.935656780802999
water_marble_hill_sewage_pump_statn,syn_ts_192_15_2p5752,1.158964991569519,8.422883513982756,8.422883513982756,38.21492122864963,23.145693904641917,23.145693904641917,15.527204230750824
water_lew_fidler_park_dep_pier,syn_ts_192_15_2p5752,1.1875399351119995,8.344812250628573,8.344812250628573,38.280915660140316,23.79456388769513,23.79456388769513,15.605275494105006
water_newtown_creek_wwtp,syn_ts_192_15_2p5752,0.5588899254798889,11.518450355205557,11.518450355205557,35.59733381051625,7.855901907004345,7.855901907004345,12.431637389528023
fuel_station_mobil_0148,syn_ts_192_15_2p5752,0.1683648228645324,23.22825927121673,23.22825927121673,25.48643331445942,2.2581740432426898,2.2581740432426898,0.721828473516851
fuel_station_bp_0169,syn_ts_192_15_2p5752,0.0826399996876716,23.59578627123646,23.59578627123646,24.70418587070883,1.1083995994723708,1.1083995994723708,0.35430147349712016
fuel_station_allegiance_0213,syn_ts_192_15_2p5752,0.0254898723214864,23.8408053226996,23.8408053226996,24.182685336960446,0.3418800142608447,0.3418800142608447,0.10928242203397787
fuel_station_mobil_0300,syn_ts_192_15_2p5752,0.0635898783802986,23.677459626451974,23.677459626451974,24.530351639927314,0.8528920134753406,0.8528920134753406,0.27262811828160594
fuel_station_gulf_0324,syn_ts_192_15_2p5752,1.0637149810791016,8.683121601327738,8.683121601327738,37.99493933148676,21.1146838719746,21.1146838719746,15.266966143405842
fuel_station_shell_0327,syn_ts_192_15_2p5752,0.7684398293495178,10.174830753322729,10.174830753322729,36.98959305714645,14.14393936129117,14.14393936129117,13.775256991410851
fuel_station_allegiance_0402,syn_ts_192_15_2p5752,0.9779898524284364,8.917336205636847,8.917336205636847,37.79695534872382,19.324613863462524,19.324613863462524,15.032751539096733
fuel_station_gulf_0508,syn_ts_192_15_2p5752,0.2064648270606994,23.064913582954798,23.064913582954798,25.834099600429468,2.76918601747467,2.76918601747467,0.8851741617787816
fuel_station_bp_0509,syn_ts_192_15_2p5752,0.0826399996876716,23.59578627123646,23.59578627123646,24.70418587070883,1.1083995994723708,1.1083995994723708,0.35430147349712016
fuel_station_shell_0531,syn_ts_192_15_2p5752,0.9684649109840392,8.94335985152203,8.94335985152203,37.77495729666571,19.12571871707051,19.12571871707051,15.006727893211549
fuel_station_allegiance_0536,syn_ts_192_15_2p5752,1.97811496257782,0.0,0.0,40.15870617883058,36.99532918117022,36.99532918117022,23.95008774473358
fuel_station_bp_0597,syn_ts_192_15_2p5752,0.2731397747993469,22.779058884038694,22.779058884038694,26.442515056978802,3.6634561729401085,3.6634561729401085,1.1710288606948858
fuel_station_shell_0678,syn_ts_192_15_2p5752,0.5874648690223694,11.335229778353092,11.335229778353092,36.23782991917175,9.173273171636236,9.173273171636236,12.614857966380487
fuel_station_mobil_0695,syn_ts_192_15_2p5752,0.9113149046897888,9.258725575975056,9.258725575975056,37.58309071440252,17.751861134498718,17.751861134498718,14.691362168758523
fuel_station_american_quick_start_auto_cent_0713,syn_ts_192_15_2p5752,0.8160648941993713,9.869462106086244,9.869462106086244,37.187425774628764,15.388471492340168,15.388471492340168,14.080625638647335
fuel_station_bp_0770,syn_ts_192_15_2p5752,0.1969397664070129,23.105750260562555,23.105750260562555,25.747182485038707,2.6414322244761514,2.6414322244761514,0.8443374841710245
fuel_station_mobil_0815,syn_ts_192_15_2p5752,0.0826399996876716,23.59578627123646,23.59578627123646,24.70418587070883,1.1083995994723708,1.1083995994723708,0.35430147349712016
fuel_station_speedway_0842,syn_ts_192_15_2p5752,0.3302899003028869,22.534039840561253,22.534039840561253,26.94944828187579,4.415408441314536,4.415408441314536,1.416047904172327
fuel_station_sonamax_0846,syn_ts_192_15_2p5752,0.3302899003028869,22.534039840561253,22.534039840561253,26.94944828187579,4.415408441314536,4.415408441314536,1.416047904172327
fuel_station_bp_0850,syn_ts_192_15_2p5752,1.158964991569519,8.422883513982756,8.422883513982756,38.21492122864963,23.145693904641917,23.145693904641917,15.527204230750824
fuel_station_mobil_0895,syn_ts_192_15_2p5752,0.5493648648262024,11.579524390397568,11.579524390397568,35.211690219331814,7.244631381297234,7.244631381297234,12.370563354336012
fuel_station_bp_0914,syn_ts_192_15_2p5752,0.5493648648262024,11.579524390397568,11.579524390397568,35.211690219331814,7.244631381297234,7.244631381297234,12.370563354336012
fuel_station_sunoco_0928,syn_ts_192_15_2p5752,0.5398398041725159,11.640598425589578,11.640598425589578,34.82604662814738,6.633360855590116,6.633360855590116,12.309489319144001
fuel_station_citgo_0936,syn_ts_192_15_2p5752,0.3779149651527405,22.329857474691565,22.329857474691565,27.07011553770597,4.740258063014405,4.740258063014405,1.6202302700420148
fuel_station_citgo_0937,syn_ts_192_15_2p5752,2.2257649898529053,0.0,0.0,40.76562319244124,40.76562319244124,40.76562319244124,23.95008774473358
fuel_station_mobil_1019,syn_ts_192_15_2p5752,0.6065149903297424,11.213081707969073,11.213081707969073,36.316963402317384,9.70366052382723,9.70366052382723,12.737006036764507
fuel_station_exxon_1020,syn_ts_192_15_2p5752,0.0350149348378181,23.799968637106147,23.799968637106147,24.269602469348023,0.4696338322418754,0.4696338322418754,0.1501191076274324
fuel_station_unknown_gas_station_1040,syn_ts_192_15_2p5752,1.0351399183273315,8.761193190380544,8.761193190380544,37.92894462467972,20.517993454258946,20.517993454258946,15.188894554353036
fuel_station_citgo_1044,syn_ts_192_15_2p5752,0.5493648648262024,11.579524390397568,11.579524390397568,35.211690219331814,7.244631381297234,7.244631381297234,12.370563354336012
fuel_station_lukoil_1058,syn_ts_192_15_2p5752,5.3785400390625,0.0,0.0,40.79625671774289,40.79625671774289,40.79625671774289,23.95008774473358
fuel_station_sunoco_1068,syn_ts_192_15_2p5752,0.0445399954915046,23.75913195949839,23.75913195949839,24.356519584738784,0.597387625240394,0.597387625240394,0.19095578523518952
fuel_station_unknown_gas_station_1094,syn_ts_192_15_2p5752,0.1493149399757385,23.30993160426314,23.30993160426314,25.312601259270888,2.0026696550077467,2.0026696550077467,0.6401561404704381
fuel_station_sunoco_1100,syn_ts_192_15_2p5752,0.1969397664070129,23.105750260562555,23.105750260562555,25.747182485038707,2.6414322244761514,2.6414322244761514,0.8443374841710245
fuel_station_speedway_1103,syn_ts_192_15_2p5752,0.9875149130821228,8.891312234053036,8.891312234053036,37.81895367609828,19.523511499124346,19.523511499124346,15.058775510680544
fuel_station_mobil_1104,syn_ts_192_15_2p5752,1.054189920425415,8.709145572911549,8.709145572911549,37.97294100411229,20.91578623631278,20.91578623631278,15.24094217182203
fuel_station_speedway_1105,syn_ts_192_15_2p5752,1.2256399393081665,8.240717015690581,8.240717015690581,38.368908419005464,24.876227071617738,24.876227071617738,15.709370729042998
fuel_station_bp_1149,syn_ts_192_15_2p5752,0.7303398251533508,10.419125365367204,10.419125365367204,36.83132708123695,13.120091923026763,13.120091923026763,13.530962379366375
power_bruckner,syn_ts_880_9_2p6632,0.8826653361320496,21.24876032289648,21.24876032289648,28.67662211453577,7.427861791639291,7.427861791639291,3.813694180084802
power_east_83rd_street,syn_ts_880_9_2p6632,0.6540653109550476,21.845601217449897,21.845601217449897,28.217009250772218,6.3714080333223215,6.3714080333223215,3.2168532855313856
power_gowanus,syn_ts_880_9_2p6632,0.4730903506278991,22.67917362333249,22.67917362333249,27.3665420197561,4.6873683964236115,4.6873683964236115,2.383280879648794
power_farragut,syn_ts_880_9_2p6632,0.3587903380393982,23.254981255393133,23.254981255393133,26.809867735821044,3.5548864804279106,3.5548864804279106,1.807473247588149
power_east_13th_street,syn_ts_880_9_2p6632,1.1493654251098633,11.639271877308358,11.639271877308358,29.212837242098317,10.594959259014749,10.594959259014749,13.423182625672924
power_leonard_street,syn_ts_880_9_2p6632,0.0920903161168098,24.598532359334282,24.598532359334282,25.51096110959241,0.9124287502581296,0.9124287502581296,0.46392214364700024
power_east_36th_street,syn_ts_880_9_2p6632,0.949340283870697,12.50740834450874,12.50740834450874,28.810675746628405,7.787654844492062,7.787654844492062,12.555046158472543
power_151st_avenue,syn_ts_880_9_2p6632,0.4445154070854187,22.823125231078134,22.823125231078134,27.22737373906428,4.404248507986146,4.404248507986146,2.2393292719031486
power_160th_avenue,syn_ts_880_9_2p6632,0.7588402628898621,21.572049296398504,21.572049296398504,28.427665026825444,6.8556157304269405,6.8556157304269405,3.4904052065827784
power_howard_beach,syn_ts_880_9_2p6632,1.2255654335021973,11.308553420235688,11.308553420235688,35.58884475703794,12.406291035456062,12.406291035456062,13.753901082745594
power_vernon,syn_ts_880_9_2p6632,0.0635153725743293,24.742483967079927,24.742483967079927,25.371792828900592,0.6293088618206646,0.6293088618206646,0.31997053590135494
power_unknown129920,syn_ts_880_9_2p6632,1.1398403644561768,11.680611943134751,11.680611943134751,29.193686586269767,10.461277339551842,10.461277339551842,13.38184255984653
power_fresh_kills,syn_ts_880_9_2p6632,0.1778153926134109,24.166676297485594,24.166676297485594,25.92846714912214,1.7617908516365475,1.7617908516365475,0.895778205495688
power_naughton,syn_ts_880_9_2p6632,0.8445653319358826,21.34823380532205,21.34823380532205,28.60001997057518,7.2517861652531295,7.2517861652531295,3.7142206976592327
power_seaside,syn_ts_880_9_2p6632,0.8255154490470886,21.39797023529699,21.39797023529699,28.561719138271684,7.163748902974692,7.163748902974692,3.6644842676842906
power_howland_hook,syn_ts_880_9_2p6632,1.6351404190063477,0.0,0.0,37.64112013157893,26.724577148959415,26.724577148959415,25.062454502981282
power_hell_gate,syn_ts_880_9_2p6632,0.3587903380393982,23.254981255393133,23.254981255393133,26.809867735821044,3.5548864804279106,3.5548864804279106,1.807473247588149
telecom_cluster_00015,syn_ts_880_9_2p6632,0.3492652773857116,23.302965525001035,23.302965525001035,26.763477921867846,3.460512396866811,3.460512396866811,1.7594889779802472
telecom_cluster_00020,syn_ts_880_9_2p6632,0.91124027967453,21.174155366696226,21.174155366696226,28.734073602667813,7.559918235971587,7.559918235971587,3.888299136285056
telecom_cluster_00021,syn_ts_880_9_2p6632,0.9398152232170104,21.099550410495972,21.099550410495972,28.79152509079986,7.691974680303886,7.691974680303886,3.96290409248531
telecom_cluster_00024,syn_ts_880_9_2p6632,0.8636154532432556,21.298496752871422,21.298496752871422,28.638321282232276,7.339824529360854,7.339824529360854,3.76395775010986
telecom_cluster_00026,syn_ts_880_9_2p6632,1.0255403518676758,12.176689628743759,12.176689628743759,28.96388015438799,8.857104344438028,8.857104344438028,12.885764874237523
telecom_cluster_00027,syn_ts_880_9_2p6632,0.5778653025627136,22.151350260879745,22.151350260879745,27.876826489737955,5.725476228858209,5.725476228858209,2.911104242101537
telecom_cluster_00030,syn_ts_880_9_2p6632,0.5492903590202332,22.295301868625394,22.295301868625394,27.737658209046135,5.442356340420741,5.442356340420741,2.767152634355888
telecom_cluster_00032,syn_ts_880_9_2p6632,0.8255154490470886,21.39797023529699,21.39797023529699,28.561719138271684,7.163748902974692,7.163748902974692,3.6644842676842906
telecom_cluster_00033,syn_ts_880_9_2p6632,0.7683653235435486,21.54718077017319,21.54718077017319,28.446815682653995,6.899634912480806,6.899634912480806,3.515273732808094
telecom_cluster_00034,syn_ts_880_9_2p6632,0.0254153702408075,24.934419835050054,24.934419835050054,25.186234743327198,0.2518149082771437,0.2518149082771437,0.12803466793122809
telecom_cluster_00066,syn_ts_880_9_2p6632,3.0638904571533203,0.0,0.0,38.68787229773257,38.68787229773257,38.68787229773257,25.062454502981282
telecom_cluster_00072,syn_ts_880_9_2p6632,2.9781653881073,0.0,0.0,38.68787229773257,38.68787229773257,38.68787229773257,25.062454502981282
telecom_cluster_00073,syn_ts_880_9_2p6632,2.9781653881073,0.0,0.0,38.68787229773257,38.68787229773257,38.68787229773257,25.062454502981282
telecom_cluster_00085,syn_ts_880_9_2p6632,0.7302653193473816,21.646654252598758,21.646654252598758,28.370213538693402,6.723559286094645,6.723559286094645,3.4158002503825244
telecom_cluster_00086,syn_ts_880_9_2p6632,0.3397404551506042,23.350948593530877,23.350948593530877,26.717089269082425,3.3661406755515486,3.3661406755515486,1.7115059094504055
telecom_cluster_00087,syn_ts_880_9_2p6632,0.3397404551506042,23.350948593530877,23.350948593530877,26.717089269082425,3.3661406755515486,3.3661406755515486,1.7115059094504055
telecom_cluster_00099,syn_ts_880_9_2p6632,0.5873903632164001,22.103365991271843,22.103365991271843,27.923216303691152,5.819850312419309,5.819850312419309,2.9590885117094388
telecom_cluster_00100,syn_ts_880_9_2p6632,0.5207154154777527,22.43925347637104,22.43925347637104,27.598489928354315,5.159236451983276,5.159236451983276,2.623201026610243
telecom_cluster_00101,syn_ts_880_9_2p6632,0.5111903548240662,22.48723774597894,22.48723774597894,27.552100114401117,5.064862368422176,5.064862368422176,2.575216757002341
telecom_cluster_00111,syn_ts_880_9_2p6632,0.3873652815818786,23.111029647647488,23.111029647647488,26.949036016512864,3.8380063688653756,3.8380063688653756,1.9514248553337943
telecom_cluster_00117,syn_ts_880_9_2p6632,0.5873903632164001,22.103365991271843,22.103365991271843,27.923216303691152,5.819850312419309,5.819850312419309,2.9590885117094388
telecom_cluster_00118,syn_ts_880_9_2p6632,0.3206903338432312,23.446917132746684,23.446917132746684,26.624309641176026,3.1773925084293424,3.1773925084293424,1.6155373702345983
telecom_cluster_00119,syn_ts_880_9_2p6632,0.5873903632164001,22.103365991271843,22.103365991271843,27.923216303691152,5.819850312419309,5.819850312419309,2.9590885117094388
telecom_cluster_00138,syn_ts_880_9_2p6632,0.2254404574632644,23.92675615052414,23.92675615052414,26.160415057720357,2.233658907196215,2.233658907196215,1.1356983524571405
telecom_cluster_00139,syn_ts_880_9_2p6632,0.0444652512669563,24.83845250629573,24.83845250629573,25.279013200994193,0.44056069469846193,0.44056069469846193,0.22400199668555132
telecom_cluster_00140,syn_ts_880_9_2p6632,0.0730404332280159,24.694499697472025,24.694499697472025,25.418182642853793,0.7236829453817677,0.7236829453817677,0.36795480550925674
telecom_cluster_00142,syn_ts_880_9_2p6632,0.4349903464317322,22.87110950068604,22.87110950068604,27.180983925111082,4.309874424425043,4.309874424425043,2.191345002295243
telecom_cluster_00153,syn_ts_880_9_2p6632,0.5873903632164001,22.103365991271843,22.103365991271843,27.923216303691152,5.819850312419309,5.819850312419309,2.9590885117094388
telecom_cluster_00154,syn_ts_880_9_2p6632,0.0920903161168098,24.598532359334282,24.598532359334282,25.51096110959241,0.9124287502581296,0.9124287502581296,0.46392214364700024
telecom_cluster_00155,syn_ts_880_9_2p6632,0.3206903338432312,23.446917132746684,23.446917132746684,26.624309641176026,3.1773925084293424,3.1773925084293424,1.6155373702345983
telecom_cluster_00170,syn_ts_880_9_2p6632,0.949340283870697,12.50740834450874,12.50740834450874,28.810675746628405,7.787654844492062,7.787654844492062,12.555046158472543
telecom_cluster_00190,syn_ts_880_9_2p6632,0.1111404374241828,24.50256382011848,24.50256382011848,25.60374073749881,1.1011769173803323,1.1011769173803323,0.5598906828628039
telecom_cluster_00191,syn_ts_880_9_2p6632,0.0349404290318489,24.886435574825573,24.886435574825573,25.232624548208772,0.34618897338319954,0.34618897338319954,0.17601892815570963
telecom_cluster_00192,syn_ts_880_9_2p6632,0.8255154490470886,21.39797023529699,21.39797023529699,28.561719138271684,7.163748902974692,7.163748902974692,3.6644842676842906
telecom_cluster_00238,syn_ts_880_9_2p6632,1.816115379333496,0.0,0.0,38.070363798758464,32.24161144613563,32.24161144613563,25.062454502981282
telecom_cluster_00271,syn_ts_880_9_2p6632,0.1873404532670974,24.118692027877692,24.118692027877692,25.97485696307534,1.856164935197647,1.856164935197647,0.9437624751035898
telecom_cluster_00272,syn_ts_880_9_2p6632,0.7112154364585876,21.696390682573696,21.696390682573696,28.331912706389907,6.635522023816211,6.635522023816211,3.366063820407586
telecom_cluster_00274,syn_ts_880_9_2p6632,3.0734152793884277,0.0,0.0,38.68787229773257,38.68787229773257,38.68787229773257,25.062454502981282
telecom_cluster_00275,syn_ts_880_9_2p6632,2.349515438079834,0.0,0.0,38.68787229773257,37.74259030502521,37.74259030502521,25.062454502981282
telecom_cluster_00292,syn_ts_880_9_2p6632,1.2636654376983645,11.14319419169935,11.14319419169935,36.167817587190044,14.05625460103003,14.05625460103003,13.919260311281931
telecom_cluster_00293,syn_ts_880_9_2p6632,1.5113153457641602,0.0,0.0,37.244166443812595,21.49042939204589,21.49042939204589,25.062454502981282
telecom_cluster_00415,syn_ts_880_9_2p6632,0.7778903841972351,21.522312243947873,21.522312243947873,28.46596633848254,6.9436540945346685,6.9436540945346685,3.5401422590334093
telecom_cluster_00416,syn_ts_880_9_2p6632,3.406790256500244,0.0,0.0,38.68787229773257,38.68787229773257,38.68787229773257,25.062454502981282
telecom_cluster_00422,syn_ts_880_9_2p6632,0.4826154112815857,22.631189353724587,22.631189353724587,27.412931833709298,4.781742479984711,4.781742479984711,2.4312651492566957
telecom_cluster_00424,syn_ts_880_9_2p6632,0.1968652755022049,24.07070895934785,24.07070895934785,26.02124561586076,1.9505366565129094,1.9505366565129094,0.9917455436334315
telecom_cluster_00493,syn_ts_880_9_2p6632,1.7589653730392456,0.0,0.0,37.934813122373555,30.635131604466167,30.635131604466167,25.062454502981282
telecom_cluster_00569,syn_ts_880_9_2p6632,0.8636154532432556,21.298496752871422,21.298496752871422,28.638321282232276,7.339824529360854,7.339824529360854,3.76395775010986
telecom_cluster_00570,syn_ts_880_9_2p6632,0.2349652796983719,23.878773081994304,23.878773081994304,26.206803710505778,2.328030628511474,2.328030628511474,1.1836814209869786
telecom_cluster_00571,syn_ts_880_9_2p6632,0.5588154196739197,22.247317599017492,22.247317599017492,27.784048022999336,5.536730423981844,5.536730423981844,2.81513690396379
telecom_cluster_00586,syn_ts_880_9_2p6632,1.4351154565811155,0.0,0.0,36.95654425060672,19.01467834517274,19.01467834517274,25.062454502981282
telecom_cluster_00609,syn_ts_880_9_2p6632,0.4254652857780456,22.91909377029394,22.91909377029394,27.13459411115788,4.21550034086394,4.21550034086394,2.1433607326873414
telecom_cluster_00615,syn_ts_880_9_2p6632,0.5683402419090271,22.19933453048765,22.19933453048765,27.830436675784753,5.631102145297103,5.631102145297103,2.8631199724936316
telecom_cluster_00616,syn_ts_880_9_2p6632,1.2255654335021973,11.308553420235688,11.308553420235688,35.58884475703794,12.406291035456062,12.406291035456062,13.753901082745594
telecom_cluster_00628,syn_ts_880_9_2p6632,0.1301903277635574,24.406596444447043,24.406596444447043,25.696519240523923,1.2899227960768798,1.2899227960768798,0.6558580585342391
telecom_cluster_00652,syn_ts_880_9_2p6632,1.1207903623580933,11.763291557402919,11.763291557402919,29.15538551428947,10.19391517369954,10.19391517369954,13.299162945578363
telecom_cluster_00658,syn_ts_880_9_2p6632,0.1968652755022049,24.07070895934785,24.07070895934785,26.02124561586076,1.9505366565129094,1.9505366565129094,0.9917455436334315
telecom_cluster_00695,syn_ts_880_9_2p6632,1.1207903623580933,11.763291557402919,11.763291557402919,29.15538551428947,10.19391517369954,10.19391517369954,13.299162945578363
telecom_cluster_00705,syn_ts_880_9_2p6632,0.1111404374241828,24.50256382011848,24.50256382011848,25.60374073749881,1.1011769173803323,1.1011769173803323,0.5598906828628039
telecom_cluster_00714,syn_ts_880_9_2p6632,1.4351154565811155,0.0,0.0,36.95654425060672,19.01467834517274,19.01467834517274,25.062454502981282
telecom_cluster_00715,syn_ts_880_9_2p6632,0.4159402251243591,22.967078039901843,22.967078039901843,27.088204297204683,4.121126257302841,4.121126257302841,2.0953764630794396
telecom_cluster_00738,syn_ts_880_9_2p6632,0.9969653487205504,12.300709050146011,12.300709050146011,28.906428546417548,8.456061095659575,8.456061095659575,12.761745452835271
telecom_cluster_00745,syn_ts_880_9_2p6632,0.3492652773857116,23.302965525001035,23.302965525001035,26.763477921867846,3.460512396866811,3.460512396866811,1.7594889779802472
telecom_cluster_00753,syn_ts_880_9_2p6632,1.4351154565811155,0.0,0.0,36.95654425060672,19.01467834517274,19.01467834517274,25.062454502981282
telecom_cluster_00783,syn_ts_880_9_2p6632,1.0541152954101562,12.052670466033817,12.052670466033817,29.021331642520035,9.258146756679729,9.258146756679729,13.009784036947465
telecom_cluster_00784,syn_ts_880_9_2p6632,0.5873903632164001,22.103365991271843,22.103365991271843,27.923216303691152,5.819850312419309,5.819850312419309,2.9590885117094388
telecom_cluster_00792,syn_ts_880_9_2p6632,0.7302653193473816,21.646654252598758,21.646654252598758,28.370213538693402,6.723559286094645,6.723559286094645,3.4158002503825244
telecom_cluster_00832,syn_ts_880_9_2p6632,1.6256153583526611,0.0,0.0,37.61852821080876,26.161274659032742,26.161274659032742,25.062454502981282
telecom_cluster_00833,syn_ts_880_9_2p6632,1.2446154356002808,11.22587380596752,11.22587380596752,35.87833117211399,13.231272818243042,13.231272818243042,13.836580697013762
telecom_cluster_00840,syn_ts_880_9_2p6632,4.6926655769348145,0.0,0.0,38.68787229773257,38.68787229773257,38.68787229773257,25.062454502981282
telecom_cluster_00848,syn_ts_880_9_2p6632,0.1682903319597244,24.214660567093496,24.214660567093496,25.88207733516894,1.6674167680754444,1.6674167680754444,0.8477939358877862
telecom_cluster_00871,syn_ts_880_9_2p6632,1.0064904689788818,12.259368725627308,12.259368725627308,28.9255793220845,8.589743851659234,8.589743851659234,12.803085777353974
telecom_cluster_00879,syn_ts_880_9_2p6632,1.4255903959274292,0.0,0.0,36.92059119522823,18.707607972760727,18.707607972760727,25.062454502981282
telecom_cluster_00887,syn_ts_880_9_2p6632,4.340240478515625,0.0,0.0,38.68787229773257,38.68787229773257,38.68787229773257,25.062454502981282
telecom_cluster_00923,syn_ts_880_9_2p6632,0.835040271282196,21.373102331547365,21.373102331547365,28.58086931474663,7.207766983199264,7.207766983199264,3.6893521714339172
telecom_cluster_00943,syn_ts_880_9_2p6632,0.7016903758049011,21.72125920879901,21.72125920879901,28.312762050561357,6.591502841762345,6.591502841762345,3.3411952941822705
telecom_cluster_00944,syn_ts_880_9_2p6632,0.6254903674125671,21.92020617365015,21.92020617365015,28.108774398336173,6.188568224686023,6.188568224686023,3.1422483293311316
telecom_cluster_00958,syn_ts_880_9_2p6632,0.5207154154777527,22.43925347637104,22.43925347637104,27.598489928354315,5.159236451983276,5.159236451983276,2.623201026610243
telecom_cluster_00984,syn_ts_880_9_2p6632,0.0920903161168098,24.598532359334282,24.598532359334282,25.51096110959241,0.9124287502581296,0.9124287502581296,0.46392214364700024
telecom_cluster_01020,syn_ts_880_9_2p6632,0.6635903716087341,21.82073269122458,21.82073269122458,28.236159906600765,6.415427215376184,6.415427215376184,3.241721811756701
telecom_cluster_01031,syn_ts_880_9_2p6632,0.1968652755022049,24.07070895934785,24.07070895934785,26.02124561586076,1.9505366565129094,1.9505366565129094,0.9917455436334315
telecom_cluster_01046,syn_ts_880_9_2p6632,1.0636403560638428,12.011330400207424,12.011330400207424,29.040482298348582,9.39182867614263,9.39182867614263,13.051124102773858
telecom_cluster_01096,syn_ts_880_9_2p6632,1.3112903833389282,10.936495414721243,10.936495414721243,36.48915723047282,15.565815464929258,15.565815464929258,14.12595908826004
telecom_cluster_01159,syn_ts_880_9_2p6632,0.0444652512669563,24.83845250629573,24.83845250629573,25.279013200994193,0.44056069469846193,0.44056069469846193,0.22400199668555132
telecom_cluster_01183,syn_ts_880_9_2p6632,1.3208154439926147,10.89515534889485,10.89515534889485,36.525110285851305,15.80498448510776,15.80498448510776,14.167299154086432
telecom_cluster_01202,syn_ts_880_9_2p6632,2.578115463256836,0.0,0.0,38.68787229773257,38.68787229773257,38.68787229773257,25.062454502981282
telecom_cluster_01218,syn_ts_880_9_2p6632,1.1398403644561768,11.680611943134751,11.680611943134751,29.193686586269767,10.461277339551842,10.461277339551842,13.38184255984653
telecom_cluster_01220,syn_ts_880_9_2p6632,0.0635153725743293,24.742483967079927,24.742483967079927,25.371792828900592,0.6293088618206646,0.6293088618206646,0.31997053590135494
telecom_cluster_01237,syn_ts_880_9_2p6632,1.5398904085159302,0.0,0.0,37.35202515998365,22.427443742546764,22.427443742546764,25.062454502981282
telecom_cluster_01668,syn_ts_880_9_2p6632,0.7207402586936951,21.671522778824073,21.671522778824073,28.351062882864852,6.679540104040779,6.679540104040779,3.390931724157209
telecom_cluster_01684,syn_ts_880_9_2p6632,0.9017154574394226,21.199023270445853,21.199023270445853,28.71492342619287,7.5159001557470155,7.5159001557470155,3.8634312325354294
telecom_cluster_01690,syn_ts_880_9_2p6632,0.4540402293205261,22.775142162548295,22.775142162548295,27.2737623918497,4.498620229301405,4.498620229301405,2.2873123404329867
telecom_cluster_01693,syn_ts_880_9_2p6632,1.1493654251098633,11.639271877308358,11.639271877308358,29.212837242098317,10.594959259014749,10.594959259014749,13.423182625672924
telecom_cluster_01696,syn_ts_880_9_2p6632,0.8826653361320496,21.24876032289648,21.24876032289648,28.67662211453577,7.427861791639291,7.427861791639291,3.813694180084802
telecom_cluster_01697,syn_ts_880_9_2p6632,1.0255403518676758,12.176689628743759,12.176689628743759,28.96388015438799,8.857104344438028,8.857104344438028,12.885764874237523
telecom_cluster_01698,syn_ts_880_9_2p6632,1.0255403518676758,12.176689628743759,12.176689628743759,28.96388015438799,8.857104344438028,8.857104344438028,12.885764874237523
telecom_cluster_01699,syn_ts_880_9_2p6632,1.0255403518676758,12.176689628743759,12.176689628743759,28.96388015438799,8.857104344438028,8.857104344438028,12.885764874237523
telecom_cluster_01701,syn_ts_880_9_2p6632,0.7207402586936951,21.671522778824073,21.671522778824073,28.351062882864852,6.679540104040779,6.679540104040779,3.390931724157209
telecom_cluster_01703,syn_ts_880_9_2p6632,1.3779654502868652,10.647116506090345,10.647116506090345,36.74082726822901,17.239989626340183,17.239989626340183,14.415337996890937
telecom_cluster_01704,syn_ts_880_9_2p6632,1.1969903707504272,11.432573100330249,11.432573100330249,29.308589802210655,11.26336383710875,11.26336383710875,13.629881402651034
telecom_cluster_01715,syn_ts_880_9_2p6632,0.2159153968095779,23.974740420132047,23.974740420132047,26.11402524376716,2.139284823635112,2.139284823635112,1.087714082849235
telecom_cluster_01716,syn_ts_880_9_2p6632,1.0255403518676758,12.176689628743759,12.176689628743759,28.96388015438799,8.857104344438028,8.857104344438028,12.885764874237523
telecom_cluster_01717,syn_ts_880_9_2p6632,0.4730903506278991,22.67917362333249,22.67917362333249,27.3665420197561,4.6873683964236115,4.6873683964236115,2.383280879648794
telecom_cluster_01718,syn_ts_880_9_2p6632,0.3683153986930847,23.20699698578523,23.20699698578523,26.856257549774245,3.6492605639890137,3.6492605639890137,1.8554575171960508
telecom_cluster_01734,syn_ts_880_9_2p6632,0.2254404574632644,23.92675615052414,23.92675615052414,26.160415057720357,2.233658907196215,2.233658907196215,1.1356983524571405
telecom_cluster_01746,syn_ts_880_9_2p6632,0.2825903296470642,23.63885301010023,23.63885301010023,26.43875154653101,2.799898536430778,2.799898536430778,1.4236014928810512
telecom_cluster_01749,syn_ts_880_9_2p6632,2.92101526260376,0.0,0.0,38.68787229773257,38.68787229773257,38.68787229773257,25.062454502981282
telecom_cluster_01750,syn_ts_880_9_2p6632,0.9207653403282166,21.14928684047091,21.14928684047091,28.753224258496363,7.603937418025453,7.603937418025453,3.9131676625103715
telecom_cluster_01751,syn_ts_880_9_2p6632,1.3208154439926147,10.89515534889485,10.89515534889485,36.525110285851305,15.80498448510776,15.80498448510776,14.167299154086432
telecom_cluster_01769,syn_ts_880_9_2p6632,0.3111652731895447,23.494901402354586,23.494901402354586,26.57791982722283,3.083018424868243,3.083018424868243,1.5675531006266965
telecom_cluster_01826,syn_ts_880_9_2p6632,0.9779152274131776,12.383389181798798,12.383389181798798,28.86812723476045,8.188697256733766,8.188697256733766,12.679065321182485
telecom_cluster_01827,syn_ts_880_9_2p6632,0.9017154574394226,21.199023270445853,21.199023270445853,28.71492342619287,7.5159001557470155,7.5159001557470155,3.8634312325354294
telecom_cluster_01861,syn_ts_880_9_2p6632,0.5778653025627136,22.151350260879745,22.151350260879745,27.876826489737955,5.725476228858209,5.725476228858209,2.911104242101537
telecom_cluster_01863,syn_ts_880_9_2p6632,1.5684653520584106,0.0,0.0,37.4598834261903,23.41380419924002,23.41380419924002,25.062454502981282
telecom_cluster_01868,syn_ts_880_9_2p6632,2.692415237426758,0.0,0.0,38.68787229773257,38.68787229773257,38.68787229773257,25.062454502981282
telecom_cluster_01869,syn_ts_880_9_2p6632,1.1017403602600098,11.845971171671088,11.845971171671088,29.117084442309174,9.926553007847238,9.926553007847238,13.216483331310194
telecom_cluster_01872,syn_ts_880_9_2p6632,0.0920903161168098,24.598532359334282,24.598532359334282,25.51096110959241,0.9124287502581296,0.9124287502581296,0.46392214364700024
telecom_cluster_01886,syn_ts_880_9_2p6632,0.3397404551506042,23.350948593530877,23.350948593530877,26.717089269082425,3.3661406755515486,3.3661406755515486,1.7115059094504055
telecom_cluster_01889,syn_ts_880_9_2p6632,0.3397404551506042,23.350948593530877,23.350948593530877,26.717089269082425,3.3661406755515486,3.3661406755515486,1.7115059094504055
telecom_cluster_01897,syn_ts_880_9_2p6632,1.8732653856277464,0.0,0.0,38.20591447514338,32.99526172401325,32.99526172401325,25.062454502981282
telecom_cluster_01898,syn_ts_880_9_2p6632,1.89231538772583,0.0,0.0,38.25109803393835,33.21106011314513,33.21106011314513,25.062454502981282
telecom_cluster_01899,syn_ts_880_9_2p6632,0.9588653445243835,12.466068278682346,12.466068278682346,28.829826402456955,7.921336763954969,7.921336763954969,12.596386224298936
telecom_cluster_01919,syn_ts_880_9_2p6632,0.1111404374241828,24.50256382011848,24.50256382011848,25.60374073749881,1.1011769173803323,1.1011769173803323,0.5598906828628039
telecom_cluster_01920,syn_ts_880_9_2p6632,0.5873903632164001,22.103365991271843,22.103365991271843,27.923216303691152,5.819850312419309,5.819850312419309,2.9590885117094388
telecom_cluster_01921,syn_ts_880_9_2p6632,0.5873903632164001,22.103365991271843,22.103365991271843,27.923216303691152,5.819850312419309,5.819850312419309,2.9590885117094388
telecom_cluster_01929,syn_ts_880_9_2p6632,2.178065299987793,0.0,0.0,38.68787229773257,36.20705576433577,36.20705576433577,25.062454502981282
telecom_cluster_01946,syn_ts_880_9_2p6632,0.7112154364585876,21.696390682573696,21.696390682573696,28.331912706389907,6.635522023816211,6.635522023816211,3.366063820407586
telecom_cluster_01948,syn_ts_880_9_2p6632,0.5588154196739197,22.247317599017492,22.247317599017492,27.784048022999336,5.536730423981844,5.536730423981844,2.81513690396379
telecom_cluster_01949,syn_ts_880_9_2p6632,0.5778653025627136,22.151350260879745,22.151350260879745,27.876826489737955,5.725476228858209,5.725476228858209,2.911104242101537
telecom_cluster_01951,syn_ts_880_9_2p6632,0.4921402335166931,22.583206285194745,22.583206285194745,27.45932048649472,4.876114201299973,4.876114201299973,2.4792482177865374
telecom_cluster_01952,syn_ts_880_9_2p6632,0.5873903632164001,22.103365991271843,22.103365991271843,27.923216303691152,5.819850312419309,5.819850312419309,2.9590885117094388
telecom_cluster_01953,syn_ts_880_9_2p6632,0.3397404551506042,23.350948593530877,23.350948593530877,26.717089269082425,3.3661406755515486,3.3661406755515486,1.7115059094504055
telecom_cluster_01966,syn_ts_880_9_2p6632,3.0353152751922607,0.0,0.0,38.68787229773257,38.68787229773257,38.68787229773257,25.062454502981282
telecom_cluster_01967,syn_ts_880_9_2p6632,1.6541904211044312,0.0,0.0,37.686303690373904,27.685654216061955,27.685654216061955,25.062454502981282
telecom_cluster_01984,syn_ts_880_9_2p6632,0.1206652596592903,24.454580751588637,24.454580751588637,25.65012939028423,1.1955486386955947,1.1955486386955947,0.6078737513926455
telecom_cluster_01988,syn_ts_880_9_2p6632,0.4254652857780456,22.91909377029394,22.91909377029394,27.13459411115788,4.21550034086394,4.21550034086394,2.1433607326873414
telecom_cluster_01989,syn_ts_880_9_2p6632,0.1111404374241828,24.50256382011848,24.50256382011848,25.60374073749881,1.1011769173803323,1.1011769173803323,0.5598906828628039
telecom_cluster_01993,syn_ts_880_9_2p6632,0.2540153861045837,23.782804617845876,23.782804617845876,26.29958326583919,2.5167786479933127,2.5167786479933127,1.279649885135406
telecom_cluster_01994,syn_ts_880_9_2p6632,0.3302153944969177,23.39893286313878,23.39893286313878,26.670699455129228,3.271766591990449,3.271766591990449,1.6635216398425037
telecom_cluster_02028,syn_ts_880_9_2p6632,0.4826154112815857,22.631189353724587,22.631189353724587,27.412931833709298,4.781742479984711,4.781742479984711,2.4312651492566957
telecom_cluster_02029,syn_ts_880_9_2p6632,0.4445154070854187,22.823125231078134,22.823125231078134,27.22737373906428,4.404248507986146,4.404248507986146,2.2393292719031486
telecom_cluster_02031,syn_ts_880_9_2p6632,0.1111404374241828,24.50256382011848,24.50256382011848,25.60374073749881,1.1011769173803323,1.1011769173803323,0.5598906828628039
telecom_cluster_02032,syn_ts_880_9_2p6632,0.1111404374241828,24.50256382011848,24.50256382011848,25.60374073749881,1.1011769173803323,1.1011769173803323,0.5598906828628039
telecom_cluster_02033,syn_ts_880_9_2p6632,0.1206652596592903,24.454580751588637,24.454580751588637,25.65012939028423,1.1955486386955947,1.1955486386955947,0.6078737513926455
telecom_cluster_02034,syn_ts_880_9_2p6632,0.5873903632164001,22.103365991271843,22.103365991271843,27.923216303691152,5.819850312419309,5.819850312419309,2.9590885117094388
telecom_cluster_02035,syn_ts_880_9_2p6632,0.5397652983665466,22.343286138233296,22.343286138233296,27.691268395092937,5.347982256859641,5.347982256859641,2.7191683647479863
telecom_cluster_02087,syn_ts_880_9_2p6632,0.9779152274131776,12.383389181798798,12.383389181798798,28.86812723476045,8.188697256733766,8.188697256733766,12.679065321182485
telecom_cluster_02088,syn_ts_880_9_2p6632,0.1206652596592903,24.454580751588637,24.454580751588637,25.65012939028423,1.1955486386955947,1.1955486386955947,0.6078737513926455
telecom_cluster_02105,syn_ts_880_9_2p6632,0.7874154448509216,21.49744371772256,21.49744371772256,28.485116994311092,6.987673276588531,6.987673276588531,3.565010785258721
telecom_cluster_02107,syn_ts_880_9_2p6632,1.1398403644561768,11.680611943134751,11.680611943134751,29.193686586269767,10.461277339551842,10.461277339551842,13.38184255984653
telecom_cluster_02109,syn_ts_880_9_2p6632,0.1111404374241828,24.50256382011848,24.50256382011848,25.60374073749881,1.1011769173803323,1.1011769173803323,0.5598906828628039
telecom_cluster_02110,syn_ts_880_9_2p6632,0.2444903403520584,23.8307888123864,23.8307888123864,26.253193524458975,2.422404712072577,2.422404712072577,1.231665690594884
telecom_cluster_02111,syn_ts_880_9_2p6632,0.015890309587121,24.982404104657956,24.982404104657956,25.139844929374,0.15744082471604415,0.15744082471604415,0.08005039832332628
telecom_cluster_02128,syn_ts_880_9_2p6632,0.987440288066864,12.342049115972404,12.342049115972404,28.887277890588997,8.322379176196666,8.322379176196666,12.720405387008878
telecom_cluster_02147,syn_ts_880_9_2p6632,0.2063903361558914,24.02272468973995,24.02272468973995,26.067635429813958,2.044910740074009,2.044910740074009,1.0397298132413333
telecom_cluster_02178,syn_ts_880_9_2p6632,0.4826154112815857,22.631189353724587,22.631189353724587,27.412931833709298,4.781742479984711,4.781742479984711,2.4312651492566957
telecom_cluster_02179,syn_ts_880_9_2p6632,1.3779654502868652,10.647116506090345,10.647116506090345,36.74082726822901,17.239989626340183,17.239989626340183,14.415337996890937
telecom_cluster_02221,syn_ts_880_9_2p6632,1.2160403728485107,11.349893486062081,11.349893486062081,35.44410064373965,12.001454515307556,12.001454515307556,13.712561016919201
telecom_cluster_02222,syn_ts_880_9_2p6632,1.0255403518676758,12.176689628743759,12.176689628743759,28.96388015438799,8.857104344438028,8.857104344438028,12.885764874237523
telecom_cluster_02223,syn_ts_880_9_2p6632,0.3968903422355652,23.063045378039586,23.063045378039586,26.99542583046606,3.932380452426475,3.932380452426475,1.999409124941696
telecom_cluster_02225,syn_ts_880_9_2p6632,1.8637404441833496,0.0,0.0,38.18332283711858,32.88736320464862,32.88736320464862,25.062454502981282
telecom_cluster_02226,syn_ts_880_9_2p6632,2.635265350341797,0.0,0.0,38.68787229773257,38.68787229773257,38.68787229773257,25.062454502981282
telecom_cluster_02267,syn_ts_880_9_2p6632,1.1684154272079468,11.55659226304019,11.55659226304019,29.251138314078613,10.862321424867053,10.862321424867053,13.505862239941091
telecom_cluster_02268,syn_ts_880_9_2p6632,1.3112903833389282,10.936495414721243,10.936495414721243,36.48915723047282,15.565815464929258,15.565815464929258,14.12595908826004
telecom_cluster_02316,syn_ts_880_9_2p6632,1.1493654251098633,11.639271877308358,11.639271877308358,29.212837242098317,10.594959259014749,10.594959259014749,13.423182625672924
telecom_cluster_02478,syn_ts_880_9_2p6632,0.91124027967453,21.174155366696226,21.174155366696226,28.734073602667813,7.559918235971587,7.559918235971587,3.888299136285056
telecom_cluster_02479,syn_ts_880_9_2p6632,2.578115463256836,0.0,0.0,38.68787229773257,38.68787229773257,38.68787229773257,25.062454502981282
telecom_cluster_02487,syn_ts_880_9_2p6632,0.5302402377128601,22.391270407841198,22.391270407841198,27.644878581139736,5.253608173298538,5.253608173298538,2.6711840951400845
telecom_cluster_02523,syn_ts_880_9_2p6632,1.0731654167175293,11.96999033438103,11.96999033438103,29.059632954177133,9.525510595605537,9.525510595605537,13.092464168600252
telecom_cluster_02525,syn_ts_880_9_2p6632,1.8256404399871824,0.0,0.0,38.09295571952864,32.45300738972158,32.45300738972158,25.062454502981282
telecom_cluster_02529,syn_ts_880_9_2p6632,0.4254652857780456,22.91909377029394,22.91909377029394,27.13459411115788,4.21550034086394,4.21550034086394,2.1433607326873414
telecom_cluster_02532,syn_ts_880_9_2p6632,0.4064154028892517,23.015061108431684,23.015061108431684,27.041815644419263,4.026754535987578,4.026754535987578,2.047393394549598
telecom_cluster_02576,syn_ts_880_9_2p6632,1.1969903707504272,11.432573100330249,11.432573100330249,29.308589802210655,11.26336383710875,11.26336383710875,13.629881402651034
telecom_cluster_02580,syn_ts_880_9_2p6632,0.9207653403282166,21.14928684047091,21.14928684047091,28.753224258496363,7.603937418025453,7.603937418025453,3.9131676625103715
telecom_cluster_02582,syn_ts_880_9_2p6632,1.1017403602600098,11.845971171671088,11.845971171671088,29.117084442309174,9.926553007847238,9.926553007847238,13.216483331310194
telecom_cluster_02583,syn_ts_880_9_2p6632,1.0160152912139893,12.218029694570152,12.218029694570152,28.944729498559443,8.723422424975125,8.723422424975125,12.84442480841113
telecom_cluster_02626,syn_ts_880_9_2p6632,0.1682903319597244,24.214660567093496,24.214660567093496,25.88207733516894,1.6674167680754444,1.6674167680754444,0.8477939358877862
telecom_cluster_02634,syn_ts_880_9_2p6632,0.8159903883934021,21.422838761522303,21.422838761522303,28.542568482443134,7.11972972092083,7.11972972092083,3.6396157414589787
telecom_cluster_02635,syn_ts_880_9_2p6632,1.6256153583526611,0.0,0.0,37.61852821080876,26.161274659032742,26.161274659032742,25.062454502981282
telecom_cluster_02683,syn_ts_880_9_2p6632,0.9207653403282166,21.14928684047091,21.14928684047091,28.753224258496363,7.603937418025453,7.603937418025453,3.9131676625103715
telecom_cluster_02684,syn_ts_880_9_2p6632,0.1301903277635574,24.406596444447043,24.406596444447043,25.696519240523923,1.2899227960768798,1.2899227960768798,0.6558580585342391
telecom_cluster_02690,syn_ts_880_9_2p6632,0.3683153986930847,23.20699698578523,23.20699698578523,26.856257549774245,3.6492605639890137,3.6492605639890137,1.8554575171960508
telecom_cluster_02692,syn_ts_880_9_2p6632,1.0922152996063232,11.887311237497482,11.887311237497482,29.097933786480628,9.792871088384334,9.792871088384334,13.1751432654838
telecom_cluster_02734,syn_ts_880_9_2p6632,1.4351154565811155,0.0,0.0,36.95654425060672,19.01467834517274,19.01467834517274,25.062454502981282
telecom_cluster_02735,syn_ts_880_9_2p6632,0.5302402377128601,22.391270407841198,22.391270407841198,27.644878581139736,5.253608173298538,5.253608173298538,2.6711840951400845
telecom_cluster_02740,syn_ts_880_9_2p6632,0.4064154028892517,23.015061108431684,23.015061108431684,27.041815644419263,4.026754535987578,4.026754535987578,2.047393394549598
telecom_cluster_02741,syn_ts_880_9_2p6632,1.2255654335021973,11.308553420235688,11.308553420235688,35.58884475703794,12.406291035456062,12.406291035456062,13.753901082745594
telecom_cluster_02750,syn_ts_880_9_2p6632,1.0350654125213623,12.135349562917366,12.135349562917366,28.98303081021654,8.990786263900933,8.990786263900933,12.927104940063916
telecom_cluster_02763,syn_ts_880_9_2p6632,1.4351154565811155,0.0,0.0,36.95654425060672,19.01467834517274,19.01467834517274,25.062454502981282
telecom_cluster_02764,syn_ts_880_9_2p6632,1.4351154565811155,0.0,0.0,36.95654425060672,19.01467834517274,19.01467834517274,25.062454502981282
telecom_cluster_02786,syn_ts_880_9_2p6632,0.6064402461051941,22.0073986531341,22.0073986531341,28.015994770429774,6.008596117295674,6.008596117295674,3.0550558498471823
telecom_cluster_02793,syn_ts_880_9_2p6632,1.4732153415679932,0.0,0.0,37.100355122227455,20.242948305558542,20.242948305558542,25.062454502981282
telecom_cluster_02794,syn_ts_880_9_2p6632,1.3112903833389282,10.936495414721243,10.936495414721243,36.48915723047282,15.565815464929258,15.565815464929258,14.12595908826004
telecom_cluster_02797,syn_ts_880_9_2p6632,0.1492404490709304,24.31062790523124,24.31062790523124,25.789298868430322,1.4786709631990824,1.4786709631990824,0.7518265977500427
telecom_cluster_02812,syn_ts_880_9_2p6632,1.4351154565811155,0.0,0.0,36.95654425060672,19.01467834517274,19.01467834517274,25.062454502981282
telecom_cluster_02813,syn_ts_880_9_2p6632,1.4351154565811155,0.0,0.0,36.95654425060672,19.01467834517274,19.01467834517274,25.062454502981282
telecom_cluster_02832,syn_ts_880_9_2p6632,1.0731654167175293,11.96999033438103,11.96999033438103,29.059632954177133,9.525510595605537,9.525510595605537,13.092464168600252
telecom_cluster_02839,syn_ts_880_9_2p6632,1.3779654502868652,10.647116506090345,10.647116506090345,36.74082726822901,17.239989626340183,17.239989626340183,14.415337996890937
telecom_cluster_02842,syn_ts_880_9_2p6632,0.1397153884172439,24.35861217483914,24.35861217483914,25.74290905447712,1.3842968796379793,1.3842968796379793,0.7038423281421409
telecom_cluster_02843,syn_ts_880_9_2p6632,0.1778153926134109,24.166676297485594,24.166676297485594,25.92846714912214,1.7617908516365475,1.7617908516365475,0.895778205495688
telecom_cluster_02844,syn_ts_880_9_2p6632,1.816115379333496,0.0,0.0,38.070363798758464,32.24161144613563,32.24161144613563,25.062454502981282
telecom_cluster_02845,syn_ts_880_9_2p6632,0.1587652713060379,24.262644836701398,24.262644836701398,25.835687521215743,1.5730426845143448,1.5730426845143448,0.7998096662798844
telecom_cluster_02863,syn_ts_880_9_2p6632,1.4351154565811155,0.0,0.0,36.95654425060672,19.01467834517274,19.01467834517274,25.062454502981282
telecom_cluster_02864,syn_ts_880_9_2p6632,0.3587903380393982,23.254981255393133,23.254981255393133,26.809867735821044,3.5548864804279106,3.5548864804279106,1.807473247588149
telecom_cluster_02891,syn_ts_880_9_2p6632,1.3017654418945312,10.977834963163016,10.977834963163016,36.45320462505874,15.326649438030286,15.326649438030286,14.084619539818267
telecom_cluster_02900,syn_ts_880_9_2p6632,0.9302904009819032,21.124418314245595,21.124418314245595,28.77237491432491,7.647956600079315,7.647956600079315,3.938036188735687
telecom_cluster_02901,syn_ts_880_9_2p6632,0.7778903841972351,21.522312243947873,21.522312243947873,28.46596633848254,6.9436540945346685,6.9436540945346685,3.5401422590334093
telecom_cluster_02918,syn_ts_880_9_2p6632,1.4351154565811155,0.0,0.0,36.95654425060672,19.01467834517274,19.01467834517274,25.062454502981282
telecom_cluster_02947,syn_ts_880_9_2p6632,1.3970154523849487,0.0,0.0,36.81273292902158,17.78640454169952,17.78640454169952,25.062454502981282
telecom_cluster_02948,syn_ts_880_9_2p6632,0.5016652941703796,22.535222015586843,22.535222015586843,27.505710300447916,4.970488284861073,4.970488284861073,2.527232487394439
telecom_cluster_02954,syn_ts_880_9_2p6632,0.0349404290318489,24.886435574825573,24.886435574825573,25.232624548208772,0.34618897338319954,0.34618897338319954,0.17601892815570963
telecom_cluster_02955,syn_ts_880_9_2p6632,0.7207402586936951,21.671522778824073,21.671522778824073,28.351062882864852,6.679540104040779,6.679540104040779,3.390931724157209
telecom_cluster_02957,syn_ts_880_9_2p6632,0.8255154490470886,21.39797023529699,21.39797023529699,28.561719138271684,7.163748902974692,7.163748902974692,3.6644842676842906
telecom_cluster_02959,syn_ts_880_9_2p6632,0.5207154154777527,22.43925347637104,22.43925347637104,27.598489928354315,5.159236451983276,5.159236451983276,2.623201026610243
telecom_cluster_02980,syn_ts_880_9_2p6632,1.4351154565811155,0.0,0.0,36.95654425060672,19.01467834517274,19.01467834517274,25.062454502981282
telecom_cluster_03010,syn_ts_880_9_2p6632,1.768490433692932,0.0,0.0,37.95740504314372,30.902879920223835,30.902879920223835,25.062454502981282
telecom_cluster_03011,syn_ts_880_9_2p6632,0.0920903161168098,24.598532359334282,24.598532359334282,25.51096110959241,0.9124287502581296,0.9124287502581296,0.46392214364700024
telecom_cluster_03041,syn_ts_880_9_2p6632,0.4635652899742126,22.72715789294039,22.72715789294039,27.3201522058029,4.592994312862508,4.592994312862508,2.335296610040892
telecom_cluster_03042,syn_ts_880_9_2p6632,1.7018153667449951,0.0,0.0,37.79926244598864,29.028651762796688,29.028651762796688,25.062454502981282
telecom_cluster_03043,syn_ts_880_9_2p6632,1.3589154481887815,10.729796120358515,10.729796120358515,36.668921607436445,16.761654579262704,16.761654579262704,14.332658382622768
telecom_cluster_03071,syn_ts_880_9_2p6632,1.1969903707504272,11.432573100330249,11.432573100330249,29.308589802210655,11.26336383710875,11.26336383710875,13.629881402651034
telecom_cluster_03096,syn_ts_880_9_2p6632,0.3873652815818786,23.111029647647488,23.111029647647488,26.949036016512864,3.8380063688653756,3.8380063688653756,1.9514248553337943
telecom_cluster_03097,syn_ts_880_9_2p6632,0.3016404509544372,23.542884470884427,23.542884470884427,26.531531174437408,2.9886467035529805,2.9886467035529805,1.5195700320968548
telecom_cluster_03098,syn_ts_880_9_2p6632,0.8826653361320496,21.24876032289648,21.24876032289648,28.67662211453577,7.427861791639291,7.427861791639291,3.813694180084802
telecom_cluster_03131,syn_ts_880_9_2p6632,0.1492404490709304,24.31062790523124,24.31062790523124,25.789298868430322,1.4786709631990824,1.4786709631990824,0.7518265977500427
telecom_cluster_03144,syn_ts_880_9_2p6632,0.5111903548240662,22.48723774597894,22.48723774597894,27.552100114401117,5.064862368422176,5.064862368422176,2.575216757002341
telecom_cluster_03146,syn_ts_880_9_2p6632,1.2541403770446775,11.184534257525746,11.184534257525746,36.02307347389175,13.643761128390295,13.643761128390295,13.877920245455536
telecom_cluster_03197,syn_ts_880_9_2p6632,2.0161402225494385,0.0,0.0,38.5447907419876,34.613747616898436,34.613747616898436,25.062454502981282
telecom_cluster_03206,syn_ts_880_9_2p6632,0.0920903161168098,24.598532359334282,24.598532359334282,25.51096110959241,0.9124287502581296,0.9124287502581296,0.46392214364700024
telecom_cluster_03207,syn_ts_880_9_2p6632,2.482865333557129,0.0,0.0,38.68787229773257,38.68787229773257,38.68787229773257,25.062454502981282
telecom_cluster_03214,syn_ts_880_9_2p6632,1.3874903917312622,0.0,0.0,36.77677987364309,17.479334169287494,17.479334169287494,25.062454502981282
telecom_cluster_03250,syn_ts_880_9_2p6632,4.845065116882324,0.0,0.0,38.68787229773257,38.68787229773257,38.68787229773257,25.062454502981282
telecom_cluster_03261,syn_ts_880_9_2p6632,1.4255903959274292,0.0,0.0,36.92059119522823,18.707607972760727,18.707607972760727,25.062454502981282
telecom_cluster_03262,syn_ts_880_9_2p6632,1.930415391921997,0.0,0.0,38.34146515152829,33.6426568914089,33.6426568914089,25.062454502981282
telecom_cluster_03304,syn_ts_880_9_2p6632,0.1016153767704963,24.55054808972638,24.55054808972638,25.55735092354561,1.0068028338192292,1.0068028338192292,0.511906413254902
telecom_cluster_03305,syn_ts_880_9_2p6632,0.015890309587121,24.982404104657956,24.982404104657956,25.139844929374,0.15744082471604415,0.15744082471604415,0.08005039832332628
telecom_cluster_03306,syn_ts_880_9_2p6632,0.9017154574394226,21.199023270445853,21.199023270445853,28.71492342619287,7.5159001557470155,7.5159001557470155,3.8634312325354294
telecom_cluster_03307,syn_ts_880_9_2p6632,2.501915454864502,0.0,0.0,38.68787229773257,38.68787229773257,38.68787229773257,25.062454502981282
telecom_cluster_03308,syn_ts_880_9_2p6632,0.1206652596592903,24.454580751588637,24.454580751588637,25.65012939028423,1.1955486386955947,1.1955486386955947,0.6078737513926455
telecom_cluster_03328,syn_ts_880_9_2p6632,1.0636403560638428,12.011330400207424,12.011330400207424,29.040482298348582,9.39182867614263,9.39182867614263,13.051124102773858
telecom_cluster_03370,syn_ts_880_9_2p6632,1.1779403686523438,11.515252714598416,11.515252714598416,29.27028873023036,10.996001671256447,10.996001671256447,13.547201788382866
telecom_cluster_03371,syn_ts_880_9_2p6632,2.082815408706665,0.0,0.0,38.68787229773257,35.353982680308455,35.353982680308455,25.062454502981282
telecom_cluster_03380,syn_ts_880_9_2p6632,0.6064402461051941,22.0073986531341,22.0073986531341,28.015994770429774,6.008596117295674,6.008596117295674,3.0550558498471823
telecom_cluster_03400,syn_ts_880_9_2p6632,1.2922403812408447,11.01917502898941,11.01917502898941,36.41725156968025,15.087480417851785,15.087480417851785,14.043279473991872
telecom_cluster_03401,syn_ts_880_9_2p6632,1.3589154481887815,10.729796120358515,10.729796120358515,36.668921607436445,16.761654579262704,16.761654579262704,14.332658382622768
telecom_cluster_03443,syn_ts_880_9_2p6632,0.5302402377128601,22.391270407841198,22.391270407841198,27.644878581139736,5.253608173298538,5.253608173298538,2.6711840951400845
telecom_cluster_03500,syn_ts_880_9_2p6632,1.8065904378890991,0.0,0.0,38.047772160733665,31.97386648133682,31.97386648133682,25.062454502981282
telecom_cluster_03502,syn_ts_880_9_2p6632,0.1111404374241828,24.50256382011848,24.50256382011848,25.60374073749881,1.1011769173803323,1.1011769173803323,0.5598906828628039
telecom_cluster_03505,syn_ts_880_9_2p6632,0.2159153968095779,23.974740420132047,23.974740420132047,26.11402524376716,2.139284823635112,2.139284823635112,1.087714082849235
telecom_cluster_03524,syn_ts_880_9_2p6632,1.2255654335021973,11.308553420235688,11.308553420235688,35.58884475703794,12.406291035456062,12.406291035456062,13.753901082745594
telecom_cluster_03531,syn_ts_880_9_2p6632,0.3016404509544372,23.542884470884427,23.542884470884427,26.531531174437408,2.9886467035529805,2.9886467035529805,1.5195700320968548
telecom_cluster_03536,syn_ts_880_9_2p6632,0.1206652596592903,24.454580751588637,24.454580751588637,25.65012939028423,1.1955486386955947,1.1955486386955947,0.6078737513926455
telecom_cluster_03564,syn_ts_880_9_2p6632,1.1588903665542605,11.597932328866584,11.597932328866584,29.231987658250063,10.728639505404146,10.728639505404146,13.464522174114698
telecom_cluster_03570,syn_ts_880_9_2p6632,0.796940267086029,21.472575813972934,21.472575813972934,28.504267170786036,7.031691356813102,7.031691356813102,3.589878689008348
telecom_cluster_03571,syn_ts_880_9_2p6632,0.987440288066864,12.342049115972404,12.342049115972404,28.887277890588997,8.322379176196666,8.322379176196666,12.720405387008878
telecom_cluster_03588,syn_ts_880_9_2p6632,0.8921903967857361,21.223891796671165,21.223891796671165,28.695772770364318,7.471880973693153,7.471880973693153,3.8385627063101175
telecom_cluster_03592,syn_ts_880_9_2p6632,0.0920903161168098,24.598532359334282,24.598532359334282,25.51096110959241,0.9124287502581296,0.9124287502581296,0.46392214364700024
telecom_cluster_03618,syn_ts_880_9_2p6632,1.4922653436660769,0.0,0.0,37.17226078302003,20.865754461389088,20.865754461389088,25.062454502981282
telecom_cluster_03630,syn_ts_880_9_2p6632,0.0254153702408075,24.934419835050054,24.934419835050054,25.186234743327198,0.2518149082771437,0.2518149082771437,0.12803466793122809
telecom_cluster_03645,syn_ts_880_9_2p6632,0.2063903361558914,24.02272468973995,24.02272468973995,26.067635429813958,2.044910740074009,2.044910740074009,1.0397298132413333
telecom_cluster_03651,syn_ts_880_9_2p6632,2.235215425491333,0.0,0.0,38.68787229773257,36.71890132300375,36.71890132300375,25.062454502981282
telecom_cluster_03674,syn_ts_880_9_2p6632,2.5717499256134033,0.0,0.0,38.68787229773257,38.68787229773257,38.68787229773257,25.062454502981282
telecom_cluster_03677,syn_ts_880_9_2p6632,0.1587652713060379,24.262644836701398,24.262644836701398,25.835687521215743,1.5730426845143448,1.5730426845143448,0.7998096662798844
telecom_cluster_03688,syn_ts_880_9_2p6632,0.7016903758049011,21.72125920879901,21.72125920879901,28.312762050561357,6.591502841762345,6.591502841762345,3.3411952941822705
telecom_cluster_03708,syn_ts_880_9_2p6632,2.3399903774261475,0.0,0.0,38.68787229773257,37.657282356028134,37.657282356028134,25.062454502981282
telecom_cluster_03750,syn_ts_880_9_2p6632,0.0920903161168098,24.598532359334282,24.598532359334282,25.51096110959241,0.9124287502581296,0.9124287502581296,0.46392214364700024
telecom_cluster_03766,syn_ts_880_9_2p6632,0.949340283870697,12.50740834450874,12.50740834450874,28.810675746628405,7.787654844492062,7.787654844492062,12.555046158472543
telecom_cluster_03799,syn_ts_880_9_2p6632,1.5684653520584106,0.0,0.0,37.4598834261903,23.41380419924002,23.41380419924002,25.062454502981282
telecom_cluster_03885,syn_ts_880_9_2p6632,0.2921153903007507,23.59086874049233,23.59086874049233,26.485141360484207,2.8942726199918773,2.8942726199918773,1.471585762488953
telecom_cluster_03908,syn_ts_880_9_2p6632,0.4826154112815857,22.631189353724587,22.631189353724587,27.412931833709298,4.781742479984711,4.781742479984711,2.4312651492566957
telecom_cluster_03925,syn_ts_880_9_2p6632,1.8065904378890991,0.0,0.0,38.047772160733665,31.97386648133682,31.97386648133682,25.062454502981282
telecom_cluster_03926,syn_ts_880_9_2p6632,1.5779904127120972,0.0,0.0,37.49583648156879,23.792405736698655,23.792405736698655,25.062454502981282
telecom_cluster_03951,syn_ts_880_9_2p6632,1.8256404399871824,0.0,0.0,38.09295571952864,32.45300738972158,32.45300738972158,25.062454502981282
telecom_cluster_04005,syn_ts_880_9_2p6632,0.6159653067588806,21.959414383526198,21.959414383526198,28.062384584382972,6.102970200856774,6.102970200856774,3.103040119455084
telecom_cluster_04006,syn_ts_880_9_2p6632,1.3970154523849487,0.0,0.0,36.81273292902158,17.78640454169952,17.78640454169952,25.062454502981282
telecom_cluster_04034,syn_ts_880_9_2p6632,1.3970154523849487,0.0,0.0,36.81273292902158,17.78640454169952,17.78640454169952,25.062454502981282
hospital_bellevue_hospital_center,syn_ts_880_9_2p6632,0.873140275478363,21.273628849121796,21.273628849121796,28.65747145870722,7.383842609585425,7.383842609585425,3.7888256538594867
hospital_coney_island_hospital,syn_ts_880_9_2p6632,0.8636154532432556,21.298496752871422,21.298496752871422,28.638321282232276,7.339824529360854,7.339824529360854,3.76395775010986
hospital_metropolitan_hospital_center,syn_ts_880_9_2p6632,0.7112154364585876,21.696390682573696,21.696390682573696,28.331912706389907,6.635522023816211,6.635522023816211,3.366063820407586
hospital_hospital_for_special_surgery,syn_ts_880_9_2p6632,0.3778404593467712,23.15901271617733,23.15901271617733,26.902647363727443,3.743634647550113,3.743634647550113,1.9034417868039526
subway_tottenville_sir,syn_ts_880_9_2p6632,0.873140275478363,21.273628849121796,21.273628849121796,28.65747145870722,7.383842609585425,7.383842609585425,3.7888256538594867
subway_richmond_valley_sir,syn_ts_880_9_2p6632,0.9207653403282166,21.14928684047091,21.14928684047091,28.753224258496363,7.603937418025453,7.603937418025453,3.9131676625103715
subway_w_8_st_ny_aquarium_fq,syn_ts_880_9_2p6632,1.3303403854370115,10.853815800453075,10.853815800453075,36.56106289126539,16.04415051200673,16.04415051200673,14.208638702528207
subway_ocean_pkwy_q,syn_ts_880_9_2p6632,1.2922403812408447,11.01917502898941,11.01917502898941,36.41725156968025,15.087480417851785,15.087480417851785,14.043279473991872
subway_coney_island_stillwell_av_dfnq,syn_ts_880_9_2p6632,1.1303154230117798,11.721951491576526,11.721951491576526,29.17453617011802,10.32759709316245,10.32759709316245,13.340503011404756
subway_brighton_beach_bq,syn_ts_880_9_2p6632,0.7588402628898621,21.572049296398504,21.572049296398504,28.427665026825444,6.8556157304269405,6.8556157304269405,3.4904052065827784
subway_neptune_av_f,syn_ts_880_9_2p6632,0.8159903883934021,21.422838761522303,21.422838761522303,28.542568482443134,7.11972972092083,7.11972972092083,3.6396157414589787
subway_bay_50_st_d,syn_ts_880_9_2p6632,0.4921402335166931,22.583206285194745,22.583206285194745,27.45932048649472,4.876114201299973,4.876114201299973,2.4792482177865374
subway_avenue_x_f,syn_ts_880_9_2p6632,0.3587903380393982,23.254981255393133,23.254981255393133,26.809867735821044,3.5548864804279106,3.5548864804279106,1.807473247588149
subway_25_av_d,syn_ts_880_9_2p6632,0.4921402335166931,22.583206285194745,22.583206285194745,27.45932048649472,4.876114201299973,4.876114201299973,2.4792482177865374
subway_clifton_sir,syn_ts_880_9_2p6632,0.7778903841972351,21.522312243947873,21.522312243947873,28.46596633848254,6.9436540945346685,6.9436540945346685,3.5401422590334093
subway_stapleton_sir,syn_ts_880_9_2p6632,0.8826653361320496,21.24876032289648,21.24876032289648,28.67662211453577,7.427861791639291,7.427861791639291,3.813694180084802
subway_st_george_sir,syn_ts_880_9_2p6632,0.1968652755022049,24.07070895934785,24.07070895934785,26.02124561586076,1.9505366565129094,1.9505366565129094,0.9917455436334315
subway_howard_beach_jfk_airport_a,syn_ts_880_9_2p6632,1.1207903623580933,11.763291557402919,11.763291557402919,29.15538551428947,10.19391517369954,10.19391517369954,13.299162945578363
subway_smith_9_sts_fg,syn_ts_880_9_2p6632,1.1207903623580933,11.763291557402919,11.763291557402919,29.15538551428947,10.19391517369954,10.19391517369954,13.299162945578363
subway_south_ferry_1,syn_ts_880_9_2p6632,0.9398152232170104,21.099550410495972,21.099550410495972,28.79152509079986,7.691974680303886,7.691974680303886,3.96290409248531
subway_whitehall_st_south_ferry_rw,syn_ts_880_9_2p6632,0.6731154322624207,21.795864164999266,21.795864164999266,28.255310562429315,6.45944639743005,6.45944639743005,3.2665903379820165
subway_franklin_st_1,syn_ts_880_9_2p6632,0.3302153944969177,23.39893286313878,23.39893286313878,26.670699455129228,3.271766591990449,3.271766591990449,1.6635216398425037
subway_canal_st_ace,syn_ts_880_9_2p6632,0.5588154196739197,22.247317599017492,22.247317599017492,27.784048022999336,5.536730423981844,5.536730423981844,2.81513690396379
subway_canal_st_1,syn_ts_880_9_2p6632,0.5588154196739197,22.247317599017492,22.247317599017492,27.784048022999336,5.536730423981844,5.536730423981844,2.81513690396379
subway_mets_willets_point_7,syn_ts_880_9_2p6632,0.4826154112815857,22.631189353724587,22.631189353724587,27.412931833709298,4.781742479984711,4.781742479984711,2.4312651492566957
water_red_hook_wwtp,syn_ts_880_9_2p6632,0.0825652554631233,24.646516628942184,24.646516628942184,25.46457129563921,0.8180546666970265,0.8180546666970265,0.41593787403909843
water_owls_head_wwtp,syn_ts_880_9_2p6632,2.082815408706665,0.0,0.0,38.68787229773257,35.353982680308455,35.353982680308455,25.062454502981282
water_brooklyn_navy_yard_admiral_row,syn_ts_880_9_2p6632,1.5779904127120972,0.0,0.0,37.49583648156879,23.792405736698655,23.792405736698655,25.062454502981282
water_hunts_point_wwtp,syn_ts_880_9_2p6632,1.8065904378890991,0.0,0.0,38.047772160733665,31.97386648133682,31.97386648133682,25.062454502981282
water_manhattan_grit_chamber,syn_ts_880_9_2p6632,0.4540402293205261,22.775142162548295,22.775142162548295,27.2737623918497,4.498620229301405,4.498620229301405,2.2873123404329867
water_zerega_industrial_park,syn_ts_880_9_2p6632,0.9398152232170104,21.099550410495972,21.099550410495972,28.79152509079986,7.691974680303886,7.691974680303886,3.96290409248531
water_eltingville_pump_station_park,syn_ts_880_9_2p6632,0.3016404509544372,23.542884470884427,23.542884470884427,26.531531174437408,2.9886467035529805,2.9886467035529805,1.5195700320968548
water_coney_island_wwtp,syn_ts_880_9_2p6632,0.2540153861045837,23.782804617845876,23.782804617845876,26.29958326583919,2.5167786479933127,2.5167786479933127,1.279649885135406
water_manhattan_sewage_pump_station,syn_ts_880_9_2p6632,0.9779152274131776,12.383389181798798,12.383389181798798,28.86812723476045,8.188697256733766,8.188697256733766,12.679065321182485
water_wastewater_pumping_station,syn_ts_880_9_2p6632,0.1968652755022049,24.07070895934785,24.07070895934785,26.02124561586076,1.9505366565129094,1.9505366565129094,0.9917455436334315
water_coney_island_wpcp,syn_ts_880_9_2p6632,0.6635903716087341,21.82073269122458,21.82073269122458,28.236159906600765,6.415427215376184,6.415427215376184,3.241721811756701
water_spring_creek_park_dep_aux_plnt,syn_ts_880_9_2p6632,0.3302153944969177,23.39893286313878,23.39893286313878,26.670699455129228,3.271766591990449,3.271766591990449,1.6635216398425037
water_gowanus_pumping_station,syn_ts_880_9_2p6632,0.8921903967857361,21.223891796671165,21.223891796671165,28.695772770364318,7.471880973693153,7.471880973693153,3.8385627063101175
water_hunts_pt_market_wholesale,syn_ts_880_9_2p6632,0.2254404574632644,23.92675615052414,23.92675615052414,26.160415057720357,2.233658907196215,2.233658907196215,1.1356983524571405
water_spring_creek_park,syn_ts_880_9_2p6632,2.3018903732299805,0.0,0.0,38.68787229773257,37.31605269535431,37.31605269535431,25.062454502981282
water_destratification_facility,syn_ts_880_9_2p6632,0.7207402586936951,21.671522778824073,21.671522778824073,28.351062882864852,6.679540104040779,6.679540104040779,3.390931724157209
water_mason_avenue_pumping_station,syn_ts_880_9_2p6632,0.8445653319358826,21.34823380532205,21.34823380532205,28.60001997057518,7.2517861652531295,7.2517861652531295,3.7142206976592327
water_pumping_stn_sewage_disposal,syn_ts_880_9_2p6632,0.3206903338432312,23.446917132746684,23.446917132746684,26.624309641176026,3.1773925084293424,3.1773925084293424,1.6155373702345983
water_sirtoa_r_o_w_hannah_st_ps,syn_ts_880_9_2p6632,0.1968652755022049,24.07070895934785,24.07070895934785,26.02124561586076,1.9505366565129094,1.9505366565129094,0.9917455436334315
water_p_o_water_pollution_control_pl,syn_ts_880_9_2p6632,0.0539903119206428,24.79046823668783,24.79046823668783,25.325403014947394,0.534934778259565,0.534934778259565,0.2719862662934531
water_grand_canal_court_park,syn_ts_880_9_2p6632,0.5588154196739197,22.247317599017492,22.247317599017492,27.784048022999336,5.536730423981844,5.536730423981844,2.81513690396379
water_conner_st_sewage_pump_station,syn_ts_880_9_2p6632,0.4921402335166931,22.583206285194745,22.583206285194745,27.45932048649472,4.876114201299973,4.876114201299973,2.4792482177865374
water_26_ward_water_pollution_cp,syn_ts_880_9_2p6632,0.2730652689933777,23.686837279708133,23.686837279708133,26.39236173257781,2.7055244528696782,2.7055244528696782,1.3756172232731494
water_throgs_neck_sewage_pump_station,syn_ts_880_9_2p6632,1.2446154356002808,11.22587380596752,11.22587380596752,35.87833117211399,13.231272818243042,13.231272818243042,13.836580697013762
water_marble_hill_sewage_pump_statn,syn_ts_880_9_2p6632,1.4541654586791992,0.0,0.0,37.028449911399285,19.62881524690936,19.62881524690936,25.062454502981282
water_lew_fidler_park_dep_pier,syn_ts_880_9_2p6632,1.4827404022216797,0.0,0.0,37.13630817760594,20.553418950576333,20.553418950576333,25.062454502981282
water_newtown_creek_wwtp,syn_ts_880_9_2p6632,0.8540903925895691,21.323365279096734,21.323365279096734,28.619170626403726,7.295805347306992,7.295805347306992,3.739089223884548
fuel_station_mobil_0148,syn_ts_880_9_2p6632,0.4635652899742126,22.72715789294039,22.72715789294039,27.3201522058029,4.592994312862508,4.592994312862508,2.335296610040892
fuel_station_sunoco_0168,syn_ts_880_9_2p6632,0.1873404532670974,24.118692027877692,24.118692027877692,25.97485696307534,1.856164935197647,1.856164935197647,0.9437624751035898
fuel_station_bp_0169,syn_ts_880_9_2p6632,0.3778404593467712,23.15901271617733,23.15901271617733,26.902647363727443,3.743634647550113,3.743634647550113,1.9034417868039526
fuel_station_allegiance_0213,syn_ts_880_9_2p6632,0.3206903338432312,23.446917132746684,23.446917132746684,26.624309641176026,3.1773925084293424,3.1773925084293424,1.6155373702345983
fuel_station_bp_0281,syn_ts_880_9_2p6632,0.1301903277635574,24.406596444447043,24.406596444447043,25.696519240523923,1.2899227960768798,1.2899227960768798,0.6558580585342391
fuel_station_mobil_0300,syn_ts_880_9_2p6632,0.3587903380393982,23.254981255393133,23.254981255393133,26.809867735821044,3.5548864804279106,3.5548864804279106,1.807473247588149
fuel_station_gulf_0324,syn_ts_880_9_2p6632,1.3589154481887815,10.729796120358515,10.729796120358515,36.668921607436445,16.761654579262704,16.761654579262704,14.332658382622768
fuel_station_shell_0326,syn_ts_880_9_2p6632,0.1873404532670974,24.118692027877692,24.118692027877692,25.97485696307534,1.856164935197647,1.856164935197647,0.9437624751035898
fuel_station_shell_0327,syn_ts_880_9_2p6632,1.0636403560638428,12.011330400207424,12.011330400207424,29.040482298348582,9.39182867614263,9.39182867614263,13.051124102773858
fuel_station_shell_0379,syn_ts_880_9_2p6632,0.2349652796983719,23.878773081994304,23.878773081994304,26.206803710505778,2.328030628511474,2.328030628511474,1.1836814209869786
fuel_station_allegiance_0402,syn_ts_880_9_2p6632,1.2731903791427612,11.101854643257578,11.101854643257578,36.312559888967805,14.468742911177285,14.468742911177285,13.960599859723704
fuel_station_gulf_0508,syn_ts_880_9_2p6632,0.5016652941703796,22.535222015586843,22.535222015586843,27.505710300447916,4.970488284861073,4.970488284861073,2.527232487394439
fuel_station_bp_0509,syn_ts_880_9_2p6632,0.3778404593467712,23.15901271617733,23.15901271617733,26.902647363727443,3.743634647550113,3.743634647550113,1.9034417868039526
fuel_station_citgo_0518,syn_ts_880_9_2p6632,0.0444652512669563,24.83845250629573,24.83845250629573,25.279013200994193,0.44056069469846193,0.44056069469846193,0.22400199668555132
fuel_station_shell_0531,syn_ts_880_9_2p6632,1.2636654376983645,11.14319419169935,11.14319419169935,36.167817587190044,14.05625460103003,14.05625460103003,13.919260311281931
fuel_station_allegiance_0536,syn_ts_880_9_2p6632,2.2733154296875,0.0,0.0,38.68787229773257,37.06013098367757,37.06013098367757,25.062454502981282
fuel_station_bp_0597,syn_ts_880_9_2p6632,0.5683402419090271,22.19933453048765,22.19933453048765,27.830436675784753,5.631102145297103,5.631102145297103,2.8631199724936316
fuel_station_unknown_gas_station_0630,syn_ts_880_9_2p6632,0.1587652713060379,24.262644836701398,24.262644836701398,25.835687521215743,1.5730426845143448,1.5730426845143448,0.7998096662798844
fuel_station_bp_0649,syn_ts_880_9_2p6632,0.1873404532670974,24.118692027877692,24.118692027877692,25.97485696307534,1.856164935197647,1.856164935197647,0.9437624751035898
fuel_station_shell_0678,syn_ts_880_9_2p6632,0.8826653361320496,21.24876032289648,21.24876032289648,28.67662211453577,7.427861791639291,7.427861791639291,3.813694180084802
fuel_station_mobil_0695,syn_ts_880_9_2p6632,1.2065154314041138,11.391233034503855,11.391233034503855,35.29935834196189,11.59928083164097,11.59928083164097,13.671221468477427
fuel_station_american_quick_start_auto_cent_0713,syn_ts_880_9_2p6632,1.1112654209136963,11.804631105844695,11.804631105844695,29.136235098137725,10.060234927310143,10.060234927310143,13.257823397136587
fuel_station_natural_gas_fueling_station_0758,syn_ts_880_9_2p6632,0.1111404374241828,24.50256382011848,24.50256382011848,25.60374073749881,1.1011769173803323,1.1011769173803323,0.5598906828628039
fuel_station_bp_0770,syn_ts_880_9_2p6632,0.4921402335166931,22.583206285194745,22.583206285194745,27.45932048649472,4.876114201299973,4.876114201299973,2.4792482177865374
fuel_station_mobil_0815,syn_ts_880_9_2p6632,0.3778404593467712,23.15901271617733,23.15901271617733,26.902647363727443,3.743634647550113,3.743634647550113,1.9034417868039526
fuel_station_citgo_0833,syn_ts_880_9_2p6632,0.1492404490709304,24.31062790523124,24.31062790523124,25.789298868430322,1.4786709631990824,1.4786709631990824,0.7518265977500427
fuel_station_speedway_0842,syn_ts_880_9_2p6632,0.6254903674125671,21.92020617365015,21.92020617365015,28.108774398336173,6.188568224686023,6.188568224686023,3.1422483293311316
fuel_station_sonamax_0846,syn_ts_880_9_2p6632,0.6254903674125671,21.92020617365015,21.92020617365015,28.108774398336173,6.188568224686023,6.188568224686023,3.1422483293311316
fuel_station_bp_0850,syn_ts_880_9_2p6632,1.4541654586791992,0.0,0.0,37.028449911399285,19.62881524690936,19.62881524690936,25.062454502981282
fuel_station_sunoco_0873,syn_ts_880_9_2p6632,0.1111404374241828,24.50256382011848,24.50256382011848,25.60374073749881,1.1011769173803323,1.1011769173803323,0.5598906828628039
fuel_station_mobil_0895,syn_ts_880_9_2p6632,0.8445653319358826,21.34823380532205,21.34823380532205,28.60001997057518,7.2517861652531295,7.2517861652531295,3.7142206976592327
fuel_station_bp_0914,syn_ts_880_9_2p6632,0.8445653319358826,21.34823380532205,21.34823380532205,28.60001997057518,7.2517861652531295,7.2517861652531295,3.7142206976592327
fuel_station_sunoco_0928,syn_ts_880_9_2p6632,0.835040271282196,21.373102331547365,21.373102331547365,28.58086931474663,7.207766983199264,7.207766983199264,3.6893521714339172
fuel_station_citgo_0936,syn_ts_880_9_2p6632,0.6731154322624207,21.795864164999266,21.795864164999266,28.255310562429315,6.45944639743005,6.45944639743005,3.2665903379820165
fuel_station_citgo_0937,syn_ts_880_9_2p6632,2.520965337753296,0.0,0.0,38.68787229773257,38.68787229773257,38.68787229773257,25.062454502981282
fuel_station_mobil_0990,syn_ts_880_9_2p6632,0.1682903319597244,24.214660567093496,24.214660567093496,25.88207733516894,1.6674167680754444,1.6674167680754444,0.8477939358877862
fuel_station_mobil_1019,syn_ts_880_9_2p6632,0.9017154574394226,21.199023270445853,21.199023270445853,28.71492342619287,7.5159001557470155,7.5159001557470155,3.8634312325354294
fuel_station_exxon_1020,syn_ts_880_9_2p6632,0.3302153944969177,23.39893286313878,23.39893286313878,26.670699455129228,3.271766591990449,3.271766591990449,1.6635216398425037
fuel_station_unknown_gas_station_1040,syn_ts_880_9_2p6632,1.3303403854370115,10.853815800453075,10.853815800453075,36.56106289126539,16.04415051200673,16.04415051200673,14.208638702528207
fuel_station_citgo_1044,syn_ts_880_9_2p6632,0.8445653319358826,21.34823380532205,21.34823380532205,28.60001997057518,7.2517861652531295,7.2517861652531295,3.7142206976592327
fuel_station_unknown_gas_station_1054,syn_ts_880_9_2p6632,0.0539903119206428,24.79046823668783,24.79046823668783,25.325403014947394,0.534934778259565,0.534934778259565,0.2719862662934531
fuel_station_lukoil_1058,syn_ts_880_9_2p6632,5.673740386962891,0.0,0.0,38.68787229773257,38.68787229773257,38.68787229773257,25.062454502981282
fuel_station_sunoco_1068,syn_ts_880_9_2p6632,0.3397404551506042,23.350948593530877,23.350948593530877,26.717089269082425,3.3661406755515486,3.3661406755515486,1.7115059094504055
fuel_station_unknown_gas_station_1094,syn_ts_880_9_2p6632,0.4445154070854187,22.823125231078134,22.823125231078134,27.22737373906428,4.404248507986146,4.404248507986146,2.2393292719031486
fuel_station_sunoco_1100,syn_ts_880_9_2p6632,0.4921402335166931,22.583206285194745,22.583206285194745,27.45932048649472,4.876114201299973,4.876114201299973,2.4792482177865374
fuel_station_speedway_1103,syn_ts_880_9_2p6632,1.2827154397964478,11.060514577431185,11.060514577431185,36.381298964266165,14.805231345817077,14.805231345817077,14.001939925550097
fuel_station_mobil_1104,syn_ts_880_9_2p6632,1.3493903875350952,10.771136186184906,10.771136186184906,36.63296855205796,16.522485559084217,16.522485559084217,14.291318316796376
fuel_station_speedway_1105,syn_ts_880_9_2p6632,1.520840406417847,0.0,0.0,37.28011949919108,21.802768811889955,21.802768811889955,25.062454502981282
fuel_station_bp_1149,syn_ts_880_9_2p6632,1.0255403518676758,12.176689628743759,12.176689628743759,28.96388015438799,8.857104344438028,8.857104344438028,12.885764874237523
power_bruckner,syn_ts_514_13_2p7829,1.030666470527649,16.983376851582413,16.983376851582413,33.901975504318116,12.029232379367723,12.029232379367723,3.7688493635971554
power_mill_avenue,syn_ts_514_13_2p7829,0.0686415880918502,20.392994457560626,20.392994457560626,21.098972464092913,0.7059780065322876,0.7059780065322876,0.359231757618943
power_east_83rd_street,syn_ts_514_13_2p7829,0.8020665049552917,17.485363353789317,17.485363353789317,32.42407577555817,8.081738579771475,8.081738579771475,3.2668628613902513
power_gowanus,syn_ts_514_13_2p7829,0.6210915446281433,17.88276930743502,17.88276930743502,23.642561296072017,5.759791988636998,5.759791988636998,2.8694569077445493
power_farragut,syn_ts_514_13_2p7829,0.5067915320396423,18.13376262398189,18.13376262398189,23.312307757591565,5.178545133609674,5.178545133609674,2.6184635911976777
power_east_13th_street,syn_ts_514_13_2p7829,1.297366499900818,7.405963206301228,7.405963206301228,34.96685768291952,17.97991500382595,17.97991500382595,13.34626300887834
power_leonard_street,syn_ts_514_13_2p7829,0.2400914877653122,19.495721382804916,19.495721382804916,21.965059791629564,2.4693384088246475,2.4693384088246475,1.2565048323746524
power_east_36th_street,syn_ts_514_13_2p7829,1.0973414182662964,16.83696421448358,16.83696421448358,34.33302931892091,13.180584008523617,13.180584008523617,3.9152620006959893
power_151st_avenue,syn_ts_514_13_2p7829,0.5925166010856628,17.945517505684897,17.945517505684897,23.563857499650794,5.618339993965897,5.618339993965897,2.8067087094946714
power_160th_avenue,syn_ts_514_13_2p7829,0.9068414568901062,17.255286277841524,17.255286277841524,33.101446275845,9.891006013736867,9.891006013736867,3.4969399373380448
power_howard_beach,syn_ts_514_13_2p7829,1.373566508293152,7.157807413559615,7.157807413559615,35.18285433432804,20.315947440557203,20.315947440557203,13.594418801619954
power_vernon,syn_ts_514_13_2p7829,0.2115165442228317,19.645266687305906,19.645266687305906,21.820712104437256,2.1754454171313498,2.1754454171313498,1.1069595278736628
power_unknown129920,syn_ts_514_13_2p7829,1.2878414392471311,7.436982874504644,7.436982874504644,34.93985793253805,17.687909121959365,17.687909121959365,13.315243340674925
power_fresh_kills,syn_ts_514_13_2p7829,0.3258165419101715,19.04708429953654,19.04708429953654,22.398103982315362,3.351019682778823,3.351019682778823,1.7051419156430292
power_naughton,syn_ts_514_13_2p7829,0.9925665259361268,17.06704115954453,17.06704115954453,33.65565920397836,11.371317603818952,11.371317603818952,3.6851850556350385
power_dongan_hills,syn_ts_514_13_2p7829,0.1448415964841842,19.99420614705814,19.99420614705814,21.483900432860935,1.4896942858027948,1.4896942858027948,0.7580200681214286
power_seaside,syn_ts_514_13_2p7829,0.9735166430473328,17.10887311719533,17.10887311719533,33.53250163182489,11.042361759935648,11.042361759935648,3.643353097984239
power_howland_hook,syn_ts_514_13_2p7829,1.7831414937973022,5.823970221684151,5.823970221684151,46.501638237484286,32.94509428941182,32.94509428941182,14.928255993495418
power_hell_gate,syn_ts_514_13_2p7829,0.5067915320396423,18.13376262398189,18.13376262398189,23.312307757591565,5.178545133609674,5.178545133609674,2.6184635911976777
telecom_cluster_00015,syn_ts_514_13_2p7829,0.4972664415836334,18.154678930024392,18.154678930024392,23.264191309852013,5.1095123798276205,5.1095123798276205,2.5975472851551764
telecom_cluster_00020,syn_ts_514_13_2p7829,1.0592414140701294,16.920628653332535,16.920628653332535,34.08671263323687,12.522668203714126,12.522668203714126,3.8315975618470333
telecom_cluster_00021,syn_ts_514_13_2p7829,1.08781635761261,16.857880455082658,16.857880455082658,34.27144976215562,13.016104028060521,13.016104028060521,3.894345760096911
telecom_cluster_00024,syn_ts_514_13_2p7829,1.011616587638855,17.025208809233213,17.025208809233213,33.77881793216466,11.700276535484424,11.700276535484424,3.7270174059463557
telecom_cluster_00026,syn_ts_514_13_2p7829,1.1735414266586304,16.669635336785667,16.669635336785667,34.615862955425264,14.310315528546514,14.310315528546514,4.082590878393901
telecom_cluster_00027,syn_ts_514_13_2p7829,0.7258664965629578,17.65269223148723,17.65269223148723,31.9314424041901,6.765906970152489,6.765906970152489,3.0995339836923392
telecom_cluster_00030,syn_ts_514_13_2p7829,0.6972915530204773,17.715440429737107,17.715440429737107,31.74670527527135,6.272471145806087,6.272471145806087,3.0367857854424614
telecom_cluster_00032,syn_ts_514_13_2p7829,0.9735166430473328,17.10887311719533,17.10887311719533,33.53250163182489,11.042361759935648,11.042361759935648,3.643353097984239
telecom_cluster_00033,syn_ts_514_13_2p7829,0.9163665175437928,17.234370037242446,17.234370037242446,33.16302583261029,10.055485994199966,10.055485994199966,3.517856177937123
telecom_cluster_00034,syn_ts_514_13_2p7829,0.1734165400266647,19.84466084255715,19.84466084255715,21.628248120053243,1.7835872774960926,1.7835872774960926,0.9075653726224182
telecom_cluster_00044,syn_ts_514_13_2p7829,0.1353165358304977,20.04405499780839,20.04405499780839,21.435784135669234,1.3917291378608425,1.3917291378608425,0.7081712173711772
telecom_cluster_00066,syn_ts_514_13_2p7829,3.211891412734986,0.0,0.0,48.33429957791362,48.33429957791362,48.33429957791362,20.75222621517957
telecom_cluster_00072,syn_ts_514_13_2p7829,3.126166582107544,0.0,0.0,48.33429957791362,48.33429957791362,48.33429957791362,20.75222621517957
telecom_cluster_00073,syn_ts_514_13_2p7829,3.126166582107544,0.0,0.0,48.33429957791362,48.33429957791362,48.33429957791362,20.75222621517957
telecom_cluster_00085,syn_ts_514_13_2p7829,0.8782665133476257,17.318034476091402,17.318034476091402,32.91670914692625,9.397570189390468,9.397570189390468,3.434191739088167
telecom_cluster_00086,syn_ts_514_13_2p7829,0.487741619348526,18.19965882778132,18.19965882778132,23.21607621704311,5.01641738926179,5.01641738926179,2.5525673873982484
telecom_cluster_00087,syn_ts_514_13_2p7829,0.487741619348526,18.19965882778132,18.19965882778132,23.21607621704311,5.01641738926179,5.01641738926179,2.5525673873982484
telecom_cluster_00099,syn_ts_514_13_2p7829,0.7353915572166443,17.63177599088815,17.63177599088815,31.993021960955385,6.930386950615585,6.930386950615585,3.1204502242914174
telecom_cluster_00100,syn_ts_514_13_2p7829,0.6687166094779968,17.778188627986985,17.778188627986985,23.77373472789064,5.995546099903656,5.995546099903656,2.9740375871925835
telecom_cluster_00101,syn_ts_514_13_2p7829,0.6591915488243103,17.799104868586063,17.799104868586063,23.747499910191944,5.948395041605881,5.948395041605881,2.9531213465935053
telecom_cluster_00111,syn_ts_514_13_2p7829,0.5353664755821228,18.071014425732013,18.071014425732013,23.40644925013347,5.335434824401457,5.335434824401457,2.6812117894475556
telecom_cluster_00116,syn_ts_514_13_2p7829,0.0781664103269577,20.343146854560135,20.343146854560135,21.147087556901816,0.8039407023416807,0.8039407023416807,0.4090793606194332
telecom_cluster_00117,syn_ts_514_13_2p7829,0.7353915572166443,17.63177599088815,17.63177599088815,31.993021960955385,6.930386950615585,6.930386950615585,3.1204502242914174
telecom_cluster_00118,syn_ts_514_13_2p7829,0.4686914980411529,18.299356529281823,18.299356529281823,23.119843622659705,4.820487093377881,4.820487093377881,2.4528696858977455
telecom_cluster_00119,syn_ts_514_13_2p7829,0.7353915572166443,17.63177599088815,17.63177599088815,31.993021960955385,6.930386950615585,6.930386950615585,3.1204502242914174
telecom_cluster_00137,syn_ts_514_13_2p7829,0.0400664061307907,20.542541009811377,20.542541009811377,20.954623572517807,0.4120825627064306,0.4120825627064306,0.20968520536819213
telecom_cluster_00138,syn_ts_514_13_2p7829,0.373441606760025,18.797841293535047,18.797841293535047,22.638684263891076,3.8408429703560287,3.8408429703560287,1.9543849216445217
telecom_cluster_00139,syn_ts_514_13_2p7829,0.1924664229154586,19.74496438880641,19.74496438880641,21.72447951005385,1.9795151212474416,1.9795151212474416,1.0072618263731599
telecom_cluster_00140,syn_ts_514_13_2p7829,0.2210416048765182,19.595417836555654,19.595417836555654,21.868828401628956,2.273410565073302,2.273410565073302,1.1568083786239143
telecom_cluster_00142,syn_ts_514_13_2p7829,0.5829915404319763,17.96643374628398,17.96643374628398,23.537622681952094,5.571188935668115,5.571188935668115,2.7857924688955897
telecom_cluster_00153,syn_ts_514_13_2p7829,0.7353915572166443,17.63177599088815,17.63177599088815,31.993021960955385,6.930386950615585,6.930386950615585,3.1204502242914174
telecom_cluster_00154,syn_ts_514_13_2p7829,0.2400914877653122,19.495721382804916,19.495721382804916,21.965059791629564,2.4693384088246475,2.4693384088246475,1.2565048323746524
telecom_cluster_00155,syn_ts_514_13_2p7829,0.4686914980411529,18.299356529281823,18.299356529281823,23.119843622659705,4.820487093377881,4.820487093377881,2.4528696858977455
telecom_cluster_00170,syn_ts_514_13_2p7829,1.0973414182662964,16.83696421448358,16.83696421448358,34.33302931892091,13.180584008523617,13.180584008523617,3.9152620006959893
telecom_cluster_00190,syn_ts_514_13_2p7829,0.259141594171524,19.396023759288774,19.396023759288774,22.06129231073904,2.665268551450268,2.665268551450268,1.356202455890795
telecom_cluster_00191,syn_ts_514_13_2p7829,0.1829416006803512,19.7948119918069,19.7948119918069,21.676364417244947,1.8815524254380485,1.8815524254380485,0.9574142233726697
telecom_cluster_00192,syn_ts_514_13_2p7829,0.9735166430473328,17.10887311719533,17.10887311719533,33.53250163182489,11.042361759935648,11.042361759935648,3.643353097984239
telecom_cluster_00238,syn_ts_514_13_2p7829,1.964116454124451,5.234600408033528,5.234600408033528,47.009296448470145,37.71482537935223,37.71482537935223,15.51762580714604
telecom_cluster_00271,syn_ts_514_13_2p7829,0.335341602563858,18.99723544878629,18.99723544878629,22.446220279507063,3.4489848307207716,3.4489848307207716,1.7549907663932771
telecom_cluster_00272,syn_ts_514_13_2p7829,0.8592166304588318,17.3598664337422,17.3598664337422,32.793551574772785,9.068614345507164,9.068614345507164,3.392359781437367
telecom_cluster_00274,syn_ts_514_13_2p7829,3.221416473388672,0.0,0.0,48.33429957791362,48.33429957791362,48.33429957791362,20.75222621517957
telecom_cluster_00275,syn_ts_514_13_2p7829,2.497516393661499,3.7584878352985203,3.7584878352985203,48.33429957791362,44.5758117426151,44.5758117426151,16.993738379881048
telecom_cluster_00292,syn_ts_514_13_2p7829,1.4116665124893188,7.033729517188808,7.033729517188808,35.2908526600323,21.39462217758384,21.39462217758384,13.71849669799076
telecom_cluster_00293,syn_ts_514_13_2p7829,1.6593164205551147,6.227223578999986,6.227223578999986,46.15429286415922,29.792180911212178,29.792180911212178,14.525002636179583
telecom_cluster_00415,syn_ts_514_13_2p7829,0.9258915781974792,17.213453796643364,17.213453796643364,33.22460538937557,10.219965974663054,10.219965974663054,3.5387724185362046
telecom_cluster_00416,syn_ts_514_13_2p7829,3.5547914505004883,0.0,0.0,48.33429957791362,48.33429957791362,48.33429957791362,20.75222621517957
telecom_cluster_00422,syn_ts_514_13_2p7829,0.6306166052818298,17.86185306683594,17.86185306683594,23.668796113770718,5.8069430469347765,5.8069430469347765,2.8903731483436275
telecom_cluster_00423,syn_ts_514_13_2p7829,0.1448415964841842,19.99420614705814,19.99420614705814,21.483900432860935,1.4896942858027948,1.4896942858027948,0.7580200681214286
telecom_cluster_00424,syn_ts_514_13_2p7829,0.3448664247989654,18.9473878457858,18.9473878457858,22.49433537231597,3.546947526530168,3.546947526530168,1.8048383693937673
telecom_cluster_00493,syn_ts_514_13_2p7829,1.9069664478302,5.42071725258974,5.42071725258974,46.84898327641184,36.21928191328114,36.21928191328114,15.33150896258983
telecom_cluster_00569,syn_ts_514_13_2p7829,1.011616587638855,17.025208809233213,17.025208809233213,33.77881793216466,11.700276535484424,11.700276535484424,3.7270174059463557
telecom_cluster_00570,syn_ts_514_13_2p7829,0.3829664289951324,18.74799369053456,18.74799369053456,22.68679935669998,3.9388056661654183,3.9388056661654183,2.0042325246450083
telecom_cluster_00571,syn_ts_514_13_2p7829,0.7068166136741638,17.69452418913803,17.69452418913803,31.808284832036634,6.436951126269182,6.436951126269182,3.0577020260415395
telecom_cluster_00586,syn_ts_514_13_2p7829,1.5831165313720703,6.4753789835201765,6.4753789835201765,45.94054230247899,28.301071595668912,28.301071595668912,14.276847231659392
telecom_cluster_00609,syn_ts_514_13_2p7829,0.5734664797782898,17.987349986883057,17.987349986883057,23.511387864253397,5.52403787737034,5.52403787737034,2.7648762282965116
telecom_cluster_00615,syn_ts_514_13_2p7829,0.7163414359092712,17.673608472086308,17.673608472086308,31.869862847424816,6.601426989689397,6.601426989689397,3.078617743093261
telecom_cluster_00616,syn_ts_514_13_2p7829,1.373566508293152,7.157807413559615,7.157807413559615,35.18285433432804,20.315947440557203,20.315947440557203,13.594418801619954
telecom_cluster_00628,syn_ts_514_13_2p7829,0.278191477060318,19.296327305538036,19.296327305538036,22.15752370073965,2.8611963952016133,2.8611963952016133,1.4558989096415331
telecom_cluster_00652,syn_ts_514_13_2p7829,1.268791437149048,7.499021822690047,7.499021822690047,34.88585876968592,17.10390101277656,17.10390101277656,13.253204392489522
telecom_cluster_00658,syn_ts_514_13_2p7829,0.3448664247989654,18.9473878457858,18.9473878457858,22.49433537231597,3.546947526530168,3.546947526530168,1.8048383693937673
telecom_cluster_00695,syn_ts_514_13_2p7829,1.268791437149048,7.499021822690047,7.499021822690047,34.88585876968592,17.10390101277656,17.10390101277656,13.253204392489522
telecom_cluster_00704,syn_ts_514_13_2p7829,0.0305415838956832,20.592388612811867,20.592388612811867,20.9065084797089,0.314119866897034,0.314119866897034,0.15983760236770195
telecom_cluster_00705,syn_ts_514_13_2p7829,0.259141594171524,19.396023759288774,19.396023759288774,22.06129231073904,2.665268551450268,2.665268551450268,1.356202455890795
telecom_cluster_00714,syn_ts_514_13_2p7829,1.5831165313720703,6.4753789835201765,6.4753789835201765,45.94054230247899,28.301071595668912,28.301071595668912,14.276847231659392
telecom_cluster_00715,syn_ts_514_13_2p7829,0.5639414191246033,18.008266227482135,18.008266227482135,23.485153046554696,5.476886819072561,5.476886819072561,2.7439599876974334
telecom_cluster_00738,syn_ts_514_13_2p7829,1.14496648311615,16.732383535035545,16.732383535035545,34.534864380102476,13.896918612528452,13.896918612528452,4.0198426801440235
telecom_cluster_00745,syn_ts_514_13_2p7829,0.4972664415836334,18.154678930024392,18.154678930024392,23.264191309852013,5.1095123798276205,5.1095123798276205,2.5975472851551764
telecom_cluster_00753,syn_ts_514_13_2p7829,1.5831165313720703,6.4753789835201765,6.4753789835201765,45.94054230247899,28.301071595668912,28.301071595668912,14.276847231659392
telecom_cluster_00783,syn_ts_514_13_2p7829,1.2021163702011108,7.716158335449672,7.716158335449672,34.696861530748045,15.059870803361529,15.059870803361529,13.036067879729897
telecom_cluster_00784,syn_ts_514_13_2p7829,0.7353915572166443,17.63177599088815,17.63177599088815,31.993021960955385,6.930386950615585,6.930386950615585,3.1204502242914174
telecom_cluster_00790,syn_ts_514_13_2p7829,0.0686415880918502,20.392994457560626,20.392994457560626,21.098972464092913,0.7059780065322876,0.7059780065322876,0.359231757618943
telecom_cluster_00792,syn_ts_514_13_2p7829,0.8782665133476257,17.318034476091402,17.318034476091402,32.91670914692625,9.397570189390468,9.397570189390468,3.434191739088167
telecom_cluster_00832,syn_ts_514_13_2p7829,1.7736164331436155,5.854989889887565,5.854989889887565,46.474919208275814,32.69323200565421,32.69323200565421,14.897236325292003
telecom_cluster_00833,syn_ts_514_13_2p7829,1.3926165103912354,7.095768465374212,7.095768465374212,35.23685349718017,20.899955549740014,20.899955549740014,13.656457749805357
telecom_cluster_00840,syn_ts_514_13_2p7829,4.840666770935059,0.0,0.0,48.33429957791362,48.33429957791362,48.33429957791362,20.75222621517957
telecom_cluster_00848,syn_ts_514_13_2p7829,0.316291481256485,19.09693315028679,19.09693315028679,22.349987685123658,3.253054534836867,3.253054534836867,1.6552930648927777
telecom_cluster_00849,syn_ts_514_13_2p7829,0.0400664061307907,20.542541009811377,20.542541009811377,20.954623572517807,0.4120825627064306,0.4120825627064306,0.20968520536819213
telecom_cluster_00871,syn_ts_514_13_2p7829,1.1544915437698364,16.711467294436464,16.711467294436464,34.561864130483954,14.026818786607741,14.026818786607741,4.040758920743105
telecom_cluster_00879,syn_ts_514_13_2p7829,1.5735914707183838,6.50639865172359,6.50639865172359,45.91382327327052,28.114681473267172,28.114681473267172,14.245827563455979
telecom_cluster_00886,syn_ts_514_13_2p7829,0.0495914667844772,20.49269215906113,20.49269215906113,21.002739869709508,0.5100477106483794,0.5100477106483794,0.25953405611844005
telecom_cluster_00887,syn_ts_514_13_2p7829,4.488241672515869,0.0,0.0,48.33429957791362,48.33429957791362,48.33429957791362,20.75222621517957
telecom_cluster_00923,syn_ts_514_13_2p7829,0.9830414652824402,17.087957400143612,17.087957400143612,33.59407964721307,11.206837623355852,11.206837623355852,3.664268815035957
telecom_cluster_00943,syn_ts_514_13_2p7829,0.8496915698051453,17.38078267434128,17.38078267434128,32.7319720180075,8.904134365044069,8.904134365044069,3.371443540838289
telecom_cluster_00944,syn_ts_514_13_2p7829,0.7734915614128113,17.54811155203919,17.54811155203919,32.239338646639425,7.588302755425083,7.588302755425083,3.204114663140377
telecom_cluster_00958,syn_ts_514_13_2p7829,0.6687166094779968,17.778188627986985,17.778188627986985,23.77373472789064,5.995546099903656,5.995546099903656,2.9740375871925835
telecom_cluster_00984,syn_ts_514_13_2p7829,0.2400914877653122,19.495721382804916,19.495721382804916,21.965059791629564,2.4693384088246475,2.4693384088246475,1.2565048323746524
telecom_cluster_01020,syn_ts_514_13_2p7829,0.8115915656089783,17.464447113190236,17.464447113190236,32.48565533232346,8.246218560234574,8.246218560234574,3.287779101989333
telecom_cluster_01031,syn_ts_514_13_2p7829,0.3448664247989654,18.9473878457858,18.9473878457858,22.49433537231597,3.546947526530168,3.546947526530168,1.8048383693937673
telecom_cluster_01046,syn_ts_514_13_2p7829,1.2116414308547974,7.685138667246258,7.685138667246258,34.72386128112952,15.35187668522811,15.35187668522811,13.067087547933312
telecom_cluster_01096,syn_ts_514_13_2p7829,1.4592914581298828,6.8786323408360115,6.8786323408360115,45.593196929153926,23.514882218715318,23.514882218715318,13.873593874343557
telecom_cluster_01159,syn_ts_514_13_2p7829,0.1924664229154586,19.74496438880641,19.74496438880641,21.72447951005385,1.9795151212474416,1.9795151212474416,1.0072618263731599
telecom_cluster_01183,syn_ts_514_13_2p7829,1.4688165187835691,6.847612672632598,6.847612672632598,45.61991595836239,24.499731132789705,24.499731132789705,13.90461354254697
telecom_cluster_01202,syn_ts_514_13_2p7829,2.726116418838501,0.0,0.0,48.33429957791362,46.56408310225941,46.56408310225941,20.75222621517957
telecom_cluster_01218,syn_ts_514_13_2p7829,1.2878414392471311,7.436982874504644,7.436982874504644,34.93985793253805,17.687909121959365,17.687909121959365,13.315243340674925
telecom_cluster_01220,syn_ts_514_13_2p7829,0.2115165442228317,19.645266687305906,19.645266687305906,21.820712104437256,2.1754454171313498,2.1754454171313498,1.1069595278736628
telecom_cluster_01237,syn_ts_514_13_2p7829,1.6878914833068848,6.134164962611169,6.134164962611169,46.23444961738712,30.426487212535438,30.426487212535438,14.618061252568399
telecom_cluster_01668,syn_ts_514_13_2p7829,0.8687414526939392,17.33895071669048,17.33895071669048,32.85512959016096,9.233090208927372,9.233090208927372,3.4132754984890887
telecom_cluster_01684,syn_ts_514_13_2p7829,1.049716591835022,16.941544370384257,16.941544370384257,34.02513461784869,12.358192340293915,12.358192340293915,3.8106818447953117
telecom_cluster_01690,syn_ts_514_13_2p7829,0.6020414233207703,17.92460178863318,17.92460178863318,23.590091660674624,5.665489872041444,5.665489872041444,2.8276244265463895
telecom_cluster_01693,syn_ts_514_13_2p7829,1.297366499900818,7.405963206301228,7.405963206301228,34.96685768291952,17.97991500382595,17.97991500382595,13.34626300887834
telecom_cluster_01696,syn_ts_514_13_2p7829,1.030666470527649,16.983376851582413,16.983376851582413,33.901975504318116,12.029232379367723,12.029232379367723,3.7688493635971554
telecom_cluster_01697,syn_ts_514_13_2p7829,1.1735414266586304,16.669635336785667,16.669635336785667,34.615862955425264,14.310315528546514,14.310315528546514,4.082590878393901
telecom_cluster_01698,syn_ts_514_13_2p7829,1.1735414266586304,16.669635336785667,16.669635336785667,34.615862955425264,14.310315528546514,14.310315528546514,4.082590878393901
telecom_cluster_01699,syn_ts_514_13_2p7829,1.1735414266586304,16.669635336785667,16.669635336785667,34.615862955425264,14.310315528546514,14.310315528546514,4.082590878393901
telecom_cluster_01701,syn_ts_514_13_2p7829,0.8687414526939392,17.33895071669048,17.33895071669048,32.85512959016096,9.233090208927372,9.233090208927372,3.4132754984890887
telecom_cluster_01703,syn_ts_514_13_2p7829,1.5259665250778198,6.661495828076387,6.661495828076387,45.78022913042069,27.18273785946086,27.18273785946086,14.090730387103182
telecom_cluster_01704,syn_ts_514_13_2p7829,1.3449914455413818,7.250866029948433,7.250866029948433,35.101855421094434,19.4399334495078,19.4399334495078,13.501360185231135
telecom_cluster_01715,syn_ts_514_13_2p7829,0.3639165461063385,18.8476901442853,18.8476901442853,22.590567966699375,3.7428778224140764,3.7428778224140764,1.9045360708942702
telecom_cluster_01716,syn_ts_514_13_2p7829,1.1735414266586304,16.669635336785667,16.669635336785667,34.615862955425264,14.310315528546514,14.310315528546514,4.082590878393901
telecom_cluster_01717,syn_ts_514_13_2p7829,0.6210915446281433,17.88276930743502,17.88276930743502,23.642561296072017,5.759791988636998,5.759791988636998,2.8694569077445493
telecom_cluster_01718,syn_ts_514_13_2p7829,0.5163165926933289,18.112846383382813,18.112846383382813,23.353980271410943,5.241133888028131,5.241133888028131,2.639379831796756
telecom_cluster_01719,syn_ts_514_13_2p7829,0.1257914751768112,20.093903848558643,20.093903848558643,21.38766783847753,1.2937639899188866,1.2937639899188866,0.6583223666209257
telecom_cluster_01731,syn_ts_514_13_2p7829,0.1543664187192917,19.94435854405765,19.94435854405765,21.532015525669838,1.587656981612188,1.587656981612188,0.8078676711219188
telecom_cluster_01734,syn_ts_514_13_2p7829,0.373441606760025,18.797841293535047,18.797841293535047,22.638684263891076,3.8408429703560287,3.8408429703560287,1.9543849216445217
telecom_cluster_01746,syn_ts_514_13_2p7829,0.4305914938449859,18.498750684533064,18.498750684533064,22.927379638275692,4.428628953742628,4.428628953742628,2.2534755306465044
telecom_cluster_01749,syn_ts_514_13_2p7829,3.069016456604004,0.0,0.0,48.33429957791362,48.33429957791362,48.33429957791362,20.75222621517957
telecom_cluster_01750,syn_ts_514_13_2p7829,1.068766474723816,16.899712412733457,16.899712412733457,34.14829219000215,12.687148184177214,12.687148184177214,3.8525138024461114
telecom_cluster_01751,syn_ts_514_13_2p7829,1.4688165187835691,6.847612672632598,6.847612672632598,45.61991595836239,24.499731132789705,24.499731132789705,13.90461354254697
telecom_cluster_01769,syn_ts_514_13_2p7829,0.4591664373874664,18.349205380032075,18.349205380032075,23.071727325468,4.7225219454359255,4.7225219454359255,2.403020835147494
telecom_cluster_01774,syn_ts_514_13_2p7829,0.1067415922880172,20.19360030230938,20.19360030230938,21.291436448476922,1.0978361461675412,1.0978361461675412,0.5586259128701876
telecom_cluster_01775,syn_ts_514_13_2p7829,0.1448415964841842,19.99420614705814,19.99420614705814,21.483900432860935,1.4896942858027948,1.4896942858027948,0.7580200681214286
telecom_cluster_01826,syn_ts_514_13_2p7829,1.1259163618087769,16.7742160162337,16.7742160162337,34.48086487933953,13.637118264369885,13.637118264369885,3.978010198945867
telecom_cluster_01827,syn_ts_514_13_2p7829,1.049716591835022,16.941544370384257,16.941544370384257,34.02513461784869,12.358192340293915,12.358192340293915,3.8106818447953117
telecom_cluster_01861,syn_ts_514_13_2p7829,0.7258664965629578,17.65269223148723,17.65269223148723,31.9314424041901,6.765906970152489,6.765906970152489,3.0995339836923392
telecom_cluster_01862,syn_ts_514_13_2p7829,0.0114914625883102,20.69208631431237,20.69208631431237,20.8102758853255,0.11818957101312932,0.11818957101312932,0.060139900867199
telecom_cluster_01863,syn_ts_514_13_2p7829,1.7164664268493652,6.041106734443775,6.041106734443775,46.31460603621752,31.182067759528397,31.182067759528397,14.711119480735793
telecom_cluster_01868,syn_ts_514_13_2p7829,2.840416431427002,0.0,0.0,48.33429957791362,47.60575729523554,47.60575729523554,20.75222621517957
telecom_cluster_01869,syn_ts_514_13_2p7829,1.2497414350509644,7.56106077087545,7.56106077087545,34.83185960683378,16.519892903593735,16.519892903593735,13.191165444304119
telecom_cluster_01872,syn_ts_514_13_2p7829,0.2400914877653122,19.495721382804916,19.495721382804916,21.965059791629564,2.4693384088246475,2.4693384088246475,1.2565048323746524
telecom_cluster_01886,syn_ts_514_13_2p7829,0.487741619348526,18.19965882778132,18.19965882778132,23.21607621704311,5.01641738926179,5.01641738926179,2.5525673873982484
telecom_cluster_01888,syn_ts_514_13_2p7829,0.0495914667844772,20.49269215906113,20.49269215906113,21.002739869709508,0.5100477106483794,0.5100477106483794,0.25953405611844005
telecom_cluster_01889,syn_ts_514_13_2p7829,0.487741619348526,18.19965882778132,18.19965882778132,23.21607621704311,5.01641738926179,5.01641738926179,2.5525673873982484
telecom_cluster_01897,syn_ts_514_13_2p7829,2.021266460418701,5.070030102753275,5.070030102753275,47.16960962052844,38.42303734493245,38.42303734493245,15.682196112426293
telecom_cluster_01898,syn_ts_514_13_2p7829,2.040316581726074,5.017568070633635,5.017568070633635,47.22304767894538,38.65671439780176,38.65671439780176,15.734658144545934
telecom_cluster_01899,syn_ts_514_13_2p7829,1.106866478919983,16.8160479738845,16.8160479738845,34.394608875686195,13.345063988986716,13.345063988986716,3.9361782412950674
telecom_cluster_01917,syn_ts_514_13_2p7829,0.1353165358304977,20.04405499780839,20.04405499780839,21.435784135669234,1.3917291378608425,1.3917291378608425,0.7081712173711772
telecom_cluster_01919,syn_ts_514_13_2p7829,0.259141594171524,19.396023759288774,19.396023759288774,22.06129231073904,2.665268551450268,2.665268551450268,1.356202455890795
telecom_cluster_01920,syn_ts_514_13_2p7829,0.7353915572166443,17.63177599088815,17.63177599088815,31.993021960955385,6.930386950615585,6.930386950615585,3.1204502242914174
telecom_cluster_01921,syn_ts_514_13_2p7829,0.7353915572166443,17.63177599088815,17.63177599088815,31.993021960955385,6.930386950615585,6.930386950615585,3.1204502242914174
telecom_cluster_01929,syn_ts_514_13_2p7829,2.326066493988037,4.230642841476724,4.230642841476724,48.02461320483936,43.79397036336264,43.79397036336264,16.521583373702846
telecom_cluster_01946,syn_ts_514_13_2p7829,0.8592166304588318,17.3598664337422,17.3598664337422,32.793551574772785,9.068614345507164,9.068614345507164,3.392359781437367
telecom_cluster_01948,syn_ts_514_13_2p7829,0.7068166136741638,17.69452418913803,17.69452418913803,31.808284832036634,6.436951126269182,6.436951126269182,3.0577020260415395
telecom_cluster_01949,syn_ts_514_13_2p7829,0.7258664965629578,17.65269223148723,17.65269223148723,31.9314424041901,6.765906970152489,6.765906970152489,3.0995339836923392
telecom_cluster_01951,syn_ts_514_13_2p7829,0.6401414275169373,17.840937349784223,17.840937349784223,23.695030274794547,5.854092925010324,5.854092925010324,2.9112888653953455
telecom_cluster_01952,syn_ts_514_13_2p7829,0.7353915572166443,17.63177599088815,17.63177599088815,31.993021960955385,6.930386950615585,6.930386950615585,3.1204502242914174
telecom_cluster_01953,syn_ts_514_13_2p7829,0.487741619348526,18.19965882778132,18.19965882778132,23.21607621704311,5.01641738926179,5.01641738926179,2.5525673873982484
telecom_cluster_01966,syn_ts_514_13_2p7829,3.183316469192505,0.0,0.0,48.33429957791362,48.33429957791362,48.33429957791362,20.75222621517957
telecom_cluster_01967,syn_ts_514_13_2p7829,1.8021914958953855,5.761931273498748,5.761931273498748,46.55507596150372,33.44881570478709,33.44881570478709,14.99029494168082
telecom_cluster_01984,syn_ts_514_13_2p7829,0.2686664164066314,19.346176156288287,19.346176156288287,22.109407403547948,2.763231247259661,2.763231247259661,1.4060500588912817
telecom_cluster_01988,syn_ts_514_13_2p7829,0.5734664797782898,17.987349986883057,17.987349986883057,23.511387864253397,5.52403787737034,5.52403787737034,2.7648762282965116
telecom_cluster_01989,syn_ts_514_13_2p7829,0.259141594171524,19.396023759288774,19.396023759288774,22.06129231073904,2.665268551450268,2.665268551450268,1.356202455890795
telecom_cluster_01990,syn_ts_514_13_2p7829,0.0400664061307907,20.542541009811377,20.542541009811377,20.954623572517807,0.4120825627064306,0.4120825627064306,0.20968520536819213
telecom_cluster_01993,syn_ts_514_13_2p7829,0.4020165503025055,18.648295989034057,18.648295989034057,22.783031951083384,4.1347359620493265,4.1347359620493265,2.1039302261455113
telecom_cluster_01994,syn_ts_514_13_2p7829,0.4782165586948395,18.24950767853157,18.24950767853157,23.167959919851405,4.918452241319834,4.918452241319834,2.502718536647997
telecom_cluster_02025,syn_ts_514_13_2p7829,0.1353165358304977,20.04405499780839,20.04405499780839,21.435784135669234,1.3917291378608425,1.3917291378608425,0.7081712173711772
telecom_cluster_02028,syn_ts_514_13_2p7829,0.6306166052818298,17.86185306683594,17.86185306683594,23.668796113770718,5.8069430469347765,5.8069430469347765,2.8903731483436275
telecom_cluster_02029,syn_ts_514_13_2p7829,0.5925166010856628,17.945517505684897,17.945517505684897,23.563857499650794,5.618339993965897,5.618339993965897,2.8067087094946714
telecom_cluster_02031,syn_ts_514_13_2p7829,0.259141594171524,19.396023759288774,19.396023759288774,22.06129231073904,2.665268551450268,2.665268551450268,1.356202455890795
telecom_cluster_02032,syn_ts_514_13_2p7829,0.259141594171524,19.396023759288774,19.396023759288774,22.06129231073904,2.665268551450268,2.665268551450268,1.356202455890795
telecom_cluster_02033,syn_ts_514_13_2p7829,0.2686664164066314,19.346176156288287,19.346176156288287,22.109407403547948,2.763231247259661,2.763231247259661,1.4060500588912817
telecom_cluster_02034,syn_ts_514_13_2p7829,0.7353915572166443,17.63177599088815,17.63177599088815,31.993021960955385,6.930386950615585,6.930386950615585,3.1204502242914174
telecom_cluster_02035,syn_ts_514_13_2p7829,0.6877664923667908,17.736356670336185,17.736356670336185,31.685125718506065,6.107991165342995,6.107991165342995,3.015869544843383
telecom_cluster_02087,syn_ts_514_13_2p7829,1.1259163618087769,16.7742160162337,16.7742160162337,34.48086487933953,13.637118264369885,13.637118264369885,3.978010198945867
telecom_cluster_02088,syn_ts_514_13_2p7829,0.2686664164066314,19.346176156288287,19.346176156288287,22.109407403547948,2.763231247259661,2.763231247259661,1.4060500588912817
telecom_cluster_02105,syn_ts_514_13_2p7829,0.9354166388511658,17.192537556044286,17.192537556044286,33.28618494614086,10.384445955126154,10.384445955126154,3.5596886591352828
telecom_cluster_02107,syn_ts_514_13_2p7829,1.2878414392471311,7.436982874504644,7.436982874504644,34.93985793253805,17.687909121959365,17.687909121959365,13.315243340674925
telecom_cluster_02108,syn_ts_514_13_2p7829,0.1257914751768112,20.093903848558643,20.093903848558643,21.38766783847753,1.2937639899188866,1.2937639899188866,0.6583223666209257
telecom_cluster_02109,syn_ts_514_13_2p7829,0.259141594171524,19.396023759288774,19.396023759288774,22.06129231073904,2.665268551450268,2.665268551450268,1.356202455890795
telecom_cluster_02110,syn_ts_514_13_2p7829,0.3924914896488189,18.69814483978431,18.69814483978431,22.734915653891683,4.036770814107374,4.036770814107374,2.05408137539526
telecom_cluster_02111,syn_ts_514_13_2p7829,0.1638914793729782,19.894509693307402,19.894509693307402,21.580131822861542,1.6856221295541403,1.6856221295541403,0.8577165218721667
telecom_cluster_02128,syn_ts_514_13_2p7829,1.1354414224624634,16.753299775634623,16.753299775634623,34.507864629721,13.767018438449163,13.767018438449163,3.9989264395449453
telecom_cluster_02147,syn_ts_514_13_2p7829,0.354391485452652,18.89753899503555,18.89753899503555,22.54245166950767,3.6449126744721205,3.6449126744721205,1.8546872201440188
telecom_cluster_02178,syn_ts_514_13_2p7829,0.6306166052818298,17.86185306683594,17.86185306683594,23.668796113770718,5.8069430469347765,5.8069430469347765,2.8903731483436275
telecom_cluster_02179,syn_ts_514_13_2p7829,1.5259665250778198,6.661495828076387,6.661495828076387,45.78022913042069,27.18273785946086,27.18273785946086,14.090730387103182
telecom_cluster_02221,syn_ts_514_13_2p7829,1.364041447639465,7.18882708176303,7.18882708176303,35.155854583946564,20.02394155869061,20.02394155869061,13.563399133416539
telecom_cluster_02222,syn_ts_514_13_2p7829,1.1735414266586304,16.669635336785667,16.669635336785667,34.615862955425264,14.310315528546514,14.310315528546514,4.082590878393901
telecom_cluster_02223,syn_ts_514_13_2p7829,0.5448915362358093,18.050098185132935,18.050098185132935,23.43268406783217,5.382585882699235,5.382585882699235,2.7021280300466337
telecom_cluster_02225,syn_ts_514_13_2p7829,2.0117416381835938,5.096260462233384,5.096260462233384,47.14289126011498,38.30620174304353,38.30620174304353,15.655965752946184
telecom_cluster_02226,syn_ts_514_13_2p7829,2.783266544342041,0.0,0.0,48.33429957791362,47.08492128516241,47.08492128516241,20.75222621517957
telecom_cluster_02267,syn_ts_514_13_2p7829,1.3164165019989014,7.343924258115826,7.343924258115826,35.020856845771654,18.563923113008762,18.563923113008762,13.408301957063742
telecom_cluster_02268,syn_ts_514_13_2p7829,1.4592914581298828,6.8786323408360115,6.8786323408360115,45.593196929153926,23.514882218715318,23.514882218715318,13.873593874343557
telecom_cluster_02316,syn_ts_514_13_2p7829,1.297366499900818,7.405963206301228,7.405963206301228,34.96685768291952,17.97991500382595,17.97991500382595,13.34626300887834
telecom_cluster_02478,syn_ts_514_13_2p7829,1.0592414140701294,16.920628653332535,16.920628653332535,34.08671263323687,12.522668203714126,12.522668203714126,3.8315975618470333
telecom_cluster_02479,syn_ts_514_13_2p7829,2.726116418838501,0.0,0.0,48.33429957791362,46.56408310225941,46.56408310225941,20.75222621517957
telecom_cluster_02486,syn_ts_514_13_2p7829,0.1257914751768112,20.093903848558643,20.093903848558643,21.38766783847753,1.2937639899188866,1.2937639899188866,0.6583223666209257
telecom_cluster_02487,syn_ts_514_13_2p7829,0.6782414317131042,17.757272910935267,17.757272910935267,23.79996888891447,6.0426959779792035,6.0426959779792035,2.9949533042443015
telecom_cluster_02523,syn_ts_514_13_2p7829,1.221166491508484,7.6541189990428435,7.6541189990428435,34.750861031511,15.643882567094696,15.643882567094696,13.098107216136725
telecom_cluster_02525,syn_ts_514_13_2p7829,1.9736415147781372,5.203580739830115,5.203580739830115,47.03601547767861,37.836452557930464,37.836452557930464,15.548645475349453
telecom_cluster_02529,syn_ts_514_13_2p7829,0.5734664797782898,17.987349986883057,17.987349986883057,23.511387864253397,5.52403787737034,5.52403787737034,2.7648762282965116
telecom_cluster_02532,syn_ts_514_13_2p7829,0.5544165968894958,18.029181944533857,18.029181944533857,23.458918885530867,5.42973694099701,5.42973694099701,2.723044270645712
telecom_cluster_02576,syn_ts_514_13_2p7829,1.3449914455413818,7.250866029948433,7.250866029948433,35.101855421094434,19.4399334495078,19.4399334495078,13.501360185231135
telecom_cluster_02580,syn_ts_514_13_2p7829,1.068766474723816,16.899712412733457,16.899712412733457,34.14829219000215,12.687148184177214,12.687148184177214,3.8525138024461114
telecom_cluster_02582,syn_ts_514_13_2p7829,1.2497414350509644,7.56106077087545,7.56106077087545,34.83185960683378,16.519892903593735,16.519892903593735,13.191165444304119
telecom_cluster_02583,syn_ts_514_13_2p7829,1.1640163660049438,16.690551577384745,16.690551577384745,34.588863205043786,14.16288552272012,14.16288552272012,4.061674637794823
telecom_cluster_02626,syn_ts_514_13_2p7829,0.316291481256485,19.09693315028679,19.09693315028679,22.349987685123658,3.253054534836867,3.253054534836867,1.6552930648927777
telecom_cluster_02634,syn_ts_514_13_2p7829,0.9639915823936462,17.129789357794408,17.129789357794408,33.470922075059605,10.877881779472553,10.877881779472553,3.6224368573851606
telecom_cluster_02635,syn_ts_514_13_2p7829,1.7736164331436155,5.854989889887565,5.854989889887565,46.474919208275814,32.69323200565421,32.69323200565421,14.897236325292003
telecom_cluster_02683,syn_ts_514_13_2p7829,1.068766474723816,16.899712412733457,16.899712412733457,34.14829219000215,12.687148184177214,12.687148184177214,3.8525138024461114
telecom_cluster_02684,syn_ts_514_13_2p7829,0.278191477060318,19.296327305538036,19.296327305538036,22.15752370073965,2.8611963952016133,2.8611963952016133,1.4558989096415331
telecom_cluster_02690,syn_ts_514_13_2p7829,0.5163165926933289,18.112846383382813,18.112846383382813,23.353980271410943,5.241133888028131,5.241133888028131,2.639379831796756
telecom_cluster_02692,syn_ts_514_13_2p7829,1.2402163743972778,7.592080439078864,7.592080439078864,34.80485985645231,16.227887021727163,16.227887021727163,13.160145776100705
telecom_cluster_02694,syn_ts_514_13_2p7829,0.0876914709806442,20.293298003809884,20.293298003809884,21.19520385409352,0.9019058502836366,0.9019058502836366,0.45892821136968465
telecom_cluster_02695,syn_ts_514_13_2p7829,0.0876914709806442,20.293298003809884,20.293298003809884,21.19520385409352,0.9019058502836366,0.9019058502836366,0.45892821136968465
telecom_cluster_02734,syn_ts_514_13_2p7829,1.5831165313720703,6.4753789835201765,6.4753789835201765,45.94054230247899,28.301071595668912,28.301071595668912,14.276847231659392
telecom_cluster_02735,syn_ts_514_13_2p7829,0.6782414317131042,17.757272910935267,17.757272910935267,23.79996888891447,6.0426959779792035,6.0426959779792035,2.9949533042443015
telecom_cluster_02740,syn_ts_514_13_2p7829,0.5544165968894958,18.029181944533857,18.029181944533857,23.458918885530867,5.42973694099701,5.42973694099701,2.723044270645712
telecom_cluster_02741,syn_ts_514_13_2p7829,1.373566508293152,7.157807413559615,7.157807413559615,35.18285433432804,20.315947440557203,20.315947440557203,13.594418801619954
telecom_cluster_02750,syn_ts_514_13_2p7829,1.183066487312317,7.778196895413651,7.778196895413651,34.642862705806735,14.475866348729063,14.475866348729063,12.974029319765918
telecom_cluster_02763,syn_ts_514_13_2p7829,1.5831165313720703,6.4753789835201765,6.4753789835201765,45.94054230247899,28.301071595668912,28.301071595668912,14.276847231659392
telecom_cluster_02764,syn_ts_514_13_2p7829,1.5831165313720703,6.4753789835201765,6.4753789835201765,45.94054230247899,28.301071595668912,28.301071595668912,14.276847231659392
telecom_cluster_02786,syn_ts_514_13_2p7829,0.7544414401054382,17.58994403323735,17.58994403323735,32.11617953310885,7.259342794498885,7.259342794498885,3.162282181942217
telecom_cluster_02793,syn_ts_514_13_2p7829,1.6212164163589478,6.351301475370793,6.351301475370793,46.04741741612035,29.046625087073476,29.046625087073476,14.400924739808776
telecom_cluster_02794,syn_ts_514_13_2p7829,1.4592914581298828,6.8786323408360115,6.8786323408360115,45.593196929153926,23.514882218715318,23.514882218715318,13.873593874343557
telecom_cluster_02797,syn_ts_514_13_2p7829,0.297241598367691,19.196629604037533,19.196629604037533,22.253756295123054,3.0571266910855215,3.0571266910855215,1.555596611142036
telecom_cluster_02812,syn_ts_514_13_2p7829,1.5831165313720703,6.4753789835201765,6.4753789835201765,45.94054230247899,28.301071595668912,28.301071595668912,14.276847231659392
telecom_cluster_02813,syn_ts_514_13_2p7829,1.5831165313720703,6.4753789835201765,6.4753789835201765,45.94054230247899,28.301071595668912,28.301071595668912,14.276847231659392
telecom_cluster_02832,syn_ts_514_13_2p7829,1.221166491508484,7.6541189990428435,7.6541189990428435,34.750861031511,15.643882567094696,15.643882567094696,13.098107216136725
telecom_cluster_02839,syn_ts_514_13_2p7829,1.5259665250778198,6.661495828076387,6.661495828076387,45.78022913042069,27.18273785946086,27.18273785946086,14.090730387103182
telecom_cluster_02842,syn_ts_514_13_2p7829,0.2877165377140045,19.246478454787784,19.246478454787784,22.20563999793135,2.9591615431435656,2.9591615431435656,1.5057477603917846
telecom_cluster_02843,syn_ts_514_13_2p7829,0.3258165419101715,19.04708429953654,19.04708429953654,22.398103982315362,3.351019682778823,3.351019682778823,1.7051419156430292
telecom_cluster_02844,syn_ts_514_13_2p7829,1.964116454124451,5.234600408033528,5.234600408033528,47.009296448470145,37.71482537935223,37.71482537935223,15.51762580714604
telecom_cluster_02845,syn_ts_514_13_2p7829,0.3067664206027984,19.146782001037042,19.146782001037042,22.301871387931957,3.1550893868949146,3.1550893868949146,1.6054442141425262
telecom_cluster_02863,syn_ts_514_13_2p7829,1.5831165313720703,6.4753789835201765,6.4753789835201765,45.94054230247899,28.301071595668912,28.301071595668912,14.276847231659392
telecom_cluster_02864,syn_ts_514_13_2p7829,0.5067915320396423,18.13376262398189,18.13376262398189,23.312307757591565,5.178545133609674,5.178545133609674,2.6184635911976777
telecom_cluster_02891,syn_ts_514_13_2p7829,1.4497665166854858,6.909651620818002,6.909651620818002,45.56647823434296,22.53004563035133,22.53004563035133,13.842574594361567
telecom_cluster_02900,syn_ts_514_13_2p7829,1.0782915353775024,16.87879617213438,16.87879617213438,34.20987174676744,12.851628164640314,12.851628164640314,3.8734300430451896
telecom_cluster_02901,syn_ts_514_13_2p7829,0.9258915781974792,17.213453796643364,17.213453796643364,33.22460538937557,10.219965974663054,10.219965974663054,3.5387724185362046
telecom_cluster_02918,syn_ts_514_13_2p7829,1.5831165313720703,6.4753789835201765,6.4753789835201765,45.94054230247899,28.301071595668912,28.301071595668912,14.276847231659392
telecom_cluster_02947,syn_ts_514_13_2p7829,1.545016527175903,6.599456879890984,6.599456879890984,45.833666854440125,27.555515771530207,27.555515771530207,14.152769335288585
telecom_cluster_02948,syn_ts_514_13_2p7829,0.6496664881706238,17.82002110918514,17.82002110918514,23.721265092493244,5.9012439833081025,5.9012439833081025,2.932205105994427
telecom_cluster_02954,syn_ts_514_13_2p7829,0.1829416006803512,19.7948119918069,19.7948119918069,21.676364417244947,1.8815524254380485,1.8815524254380485,0.9574142233726697
telecom_cluster_02955,syn_ts_514_13_2p7829,0.8687414526939392,17.33895071669048,17.33895071669048,32.85512959016096,9.233090208927372,9.233090208927372,3.4132754984890887
telecom_cluster_02957,syn_ts_514_13_2p7829,0.9735166430473328,17.10887311719533,17.10887311719533,33.53250163182489,11.042361759935648,11.042361759935648,3.643353097984239
telecom_cluster_02959,syn_ts_514_13_2p7829,0.6687166094779968,17.778188627986985,17.778188627986985,23.77373472789064,5.995546099903656,5.995546099903656,2.9740375871925835
telecom_cluster_02980,syn_ts_514_13_2p7829,1.5831165313720703,6.4753789835201765,6.4753789835201765,45.94054230247899,28.301071595668912,28.301071595668912,14.276847231659392
telecom_cluster_03010,syn_ts_514_13_2p7829,1.9164915084838867,5.389697584386326,5.389697584386326,46.87570230562031,36.47114419703874,36.47114419703874,15.362528630793243
telecom_cluster_03011,syn_ts_514_13_2p7829,0.2400914877653122,19.495721382804916,19.495721382804916,21.965059791629564,2.4693384088246475,2.4693384088246475,1.2565048323746524
telecom_cluster_03041,syn_ts_514_13_2p7829,0.6115664839744568,17.9036855480341,17.9036855480341,23.61632647837332,5.712640930339219,5.712640930339219,2.8485406671454676
telecom_cluster_03042,syn_ts_514_13_2p7829,1.8498164415359497,5.60683409714595,5.60683409714595,46.68867010435355,34.70811766715532,34.70811766715532,15.14539211803362
telecom_cluster_03043,syn_ts_514_13_2p7829,1.5069165229797363,6.723534776261791,6.723534776261791,45.72679140640126,26.65701720423796,26.65701720423796,14.028691438917779
telecom_cluster_03071,syn_ts_514_13_2p7829,1.3449914455413818,7.250866029948433,7.250866029948433,35.101855421094434,19.4399334495078,19.4399334495078,13.501360185231135
telecom_cluster_03096,syn_ts_514_13_2p7829,0.5353664755821228,18.071014425732013,18.071014425732013,23.40644925013347,5.335434824401457,5.335434824401457,2.6812117894475556
telecom_cluster_03097,syn_ts_514_13_2p7829,0.449641615152359,18.399052983032565,18.399052983032565,23.023612232659097,4.624559249626532,4.624559249626532,2.353173232147004
telecom_cluster_03098,syn_ts_514_13_2p7829,1.030666470527649,16.983376851582413,16.983376851582413,33.901975504318116,12.029232379367723,12.029232379367723,3.7688493635971554
telecom_cluster_03131,syn_ts_514_13_2p7829,0.297241598367691,19.196629604037533,19.196629604037533,22.253756295123054,3.0571266910855215,3.0571266910855215,1.555596611142036
telecom_cluster_03144,syn_ts_514_13_2p7829,0.6591915488243103,17.799104868586063,17.799104868586063,23.747499910191944,5.948395041605881,5.948395041605881,2.9531213465935053
telecom_cluster_03146,syn_ts_514_13_2p7829,1.4021414518356323,7.0647491853922215,7.0647491853922215,35.26385290965083,21.17232580032963,21.17232580032963,13.687477029787347
telecom_cluster_03197,syn_ts_514_13_2p7829,2.1641414165496826,4.67656748817482,4.67656748817482,47.570392383475436,41.814472779183724,41.814472779183724,16.07565872700475
telecom_cluster_03205,syn_ts_514_13_2p7829,0.1448415964841842,19.99420614705814,19.99420614705814,21.483900432860935,1.4896942858027948,1.4896942858027948,0.7580200681214286
telecom_cluster_03206,syn_ts_514_13_2p7829,0.2400914877653122,19.495721382804916,19.495721382804916,21.965059791629564,2.4693384088246475,2.4693384088246475,1.2565048323746524
telecom_cluster_03207,syn_ts_514_13_2p7829,2.630866527557373,0.0,0.0,48.33429957791362,45.69602236119424,45.69602236119424,20.75222621517957
telecom_cluster_03214,syn_ts_514_13_2p7829,1.5354914665222168,6.630476548094397,6.630476548094397,45.80694782523166,27.36912564912847,27.36912564912847,14.121749667085172
telecom_cluster_03250,syn_ts_514_13_2p7829,4.993066310882568,0.0,0.0,48.33429957791362,48.33429957791362,48.33429957791362,20.75222621517957
telecom_cluster_03261,syn_ts_514_13_2p7829,1.5735914707183838,6.50639865172359,6.50639865172359,45.91382327327052,28.114681473267172,28.114681473267172,14.245827563455979
telecom_cluster_03262,syn_ts_514_13_2p7829,2.078416585922241,4.912644662974066,4.912644662974066,47.32992312698424,39.124065578994646,39.124065578994646,15.839581552205502
telecom_cluster_03304,syn_ts_514_13_2p7829,0.2496165484189987,19.445872532054665,19.445872532054665,22.013176088821265,2.5673035567666,2.5673035567666,1.3063536831249039
telecom_cluster_03305,syn_ts_514_13_2p7829,0.1638914793729782,19.894509693307402,19.894509693307402,21.580131822861542,1.6856221295541403,1.6856221295541403,0.8577165218721667
telecom_cluster_03306,syn_ts_514_13_2p7829,1.049716591835022,16.941544370384257,16.941544370384257,34.02513461784869,12.358192340293915,12.358192340293915,3.8106818447953117
telecom_cluster_03307,syn_ts_514_13_2p7829,2.649916410446167,0.0,0.0,48.33429957791362,45.869633640275325,45.869633640275325,20.75222621517957
telecom_cluster_03308,syn_ts_514_13_2p7829,0.2686664164066314,19.346176156288287,19.346176156288287,22.109407403547948,2.763231247259661,2.763231247259661,1.4060500588912817
telecom_cluster_03328,syn_ts_514_13_2p7829,1.2116414308547974,7.685138667246258,7.685138667246258,34.72386128112952,15.35187668522811,15.35187668522811,13.067087547933312
telecom_cluster_03343,syn_ts_514_13_2p7829,0.1067415922880172,20.19360030230938,20.19360030230938,21.291436448476922,1.0978361461675412,1.0978361461675412,0.5586259128701876
telecom_cluster_03370,syn_ts_514_13_2p7829,1.3259414434432983,7.312904978133837,7.312904978133837,35.047856258242305,18.85592534032499,18.85592534032499,13.439321237045732
telecom_cluster_03371,syn_ts_514_13_2p7829,2.230816602706909,4.492951032335791,4.492951032335791,47.7574249191397,43.26447388680391,43.26447388680391,16.25927518284378
telecom_cluster_03380,syn_ts_514_13_2p7829,0.7544414401054382,17.58994403323735,17.58994403323735,32.11617953310885,7.259342794498885,7.259342794498885,3.162282181942217
telecom_cluster_03400,syn_ts_514_13_2p7829,1.440241456031799,6.940671289021416,6.940671289021416,35.37185123535509,22.061505745120876,22.061505745120876,13.811554926158152
telecom_cluster_03401,syn_ts_514_13_2p7829,1.5069165229797363,6.723534776261791,6.723534776261791,45.72679140640126,26.65701720423796,26.65701720423796,14.028691438917779
telecom_cluster_03408,syn_ts_514_13_2p7829,0.0305415838956832,20.592388612811867,20.592388612811867,20.9065084797089,0.314119866897034,0.314119866897034,0.15983760236770195
telecom_cluster_03409,syn_ts_514_13_2p7829,0.0305415838956832,20.592388612811867,20.592388612811867,20.9065084797089,0.314119866897034,0.314119866897034,0.15983760236770195
telecom_cluster_03442,syn_ts_514_13_2p7829,0.0305415838956832,20.592388612811867,20.592388612811867,20.9065084797089,0.314119866897034,0.314119866897034,0.15983760236770195
telecom_cluster_03443,syn_ts_514_13_2p7829,0.6782414317131042,17.757272910935267,17.757272910935267,23.79996888891447,6.0426959779792035,6.0426959779792035,2.9949533042443015
telecom_cluster_03500,syn_ts_514_13_2p7829,1.9545915126800537,5.265619688015519,5.265619688015519,46.98257775365918,37.47858702778929,37.47858702778929,15.48660652716405
telecom_cluster_03502,syn_ts_514_13_2p7829,0.259141594171524,19.396023759288774,19.396023759288774,22.06129231073904,2.665268551450268,2.665268551450268,1.356202455890795
telecom_cluster_03505,syn_ts_514_13_2p7829,0.3639165461063385,18.8476901442853,18.8476901442853,22.590567966699375,3.7428778224140764,3.7428778224140764,1.9045360708942702
telecom_cluster_03524,syn_ts_514_13_2p7829,1.373566508293152,7.157807413559615,7.157807413559615,35.18285433432804,20.315947440557203,20.315947440557203,13.594418801619954
telecom_cluster_03531,syn_ts_514_13_2p7829,0.449641615152359,18.399052983032565,18.399052983032565,23.023612232659097,4.624559249626532,4.624559249626532,2.353173232147004
telecom_cluster_03536,syn_ts_514_13_2p7829,0.2686664164066314,19.346176156288287,19.346176156288287,22.109407403547948,2.763231247259661,2.763231247259661,1.4060500588912817
telecom_cluster_03564,syn_ts_514_13_2p7829,1.3068914413452148,7.37494392631924,7.37494392631924,34.993857095390176,18.27191723114218,18.27191723114218,13.377282288860329
telecom_cluster_03570,syn_ts_514_13_2p7829,0.9449414610862732,17.171621838992568,17.171621838992568,33.347762961529035,10.548921818546361,10.548921818546361,3.580604376187001
telecom_cluster_03571,syn_ts_514_13_2p7829,1.1354414224624634,16.753299775634623,16.753299775634623,34.507864629721,13.767018438449163,13.767018438449163,3.9989264395449453
telecom_cluster_03588,syn_ts_514_13_2p7829,1.0401915311813354,16.962460610983335,16.962460610983335,33.963555061083404,12.193712359830819,12.193712359830819,3.7897656041962335
telecom_cluster_03592,syn_ts_514_13_2p7829,0.2400914877653122,19.495721382804916,19.495721382804916,21.965059791629564,2.4693384088246475,2.4693384088246475,1.2565048323746524
telecom_cluster_03618,syn_ts_514_13_2p7829,1.6402664184570312,6.2892625271853895,6.2892625271853895,46.100855140139785,29.41940299914283,29.41940299914283,14.46296368799418
telecom_cluster_03630,syn_ts_514_13_2p7829,0.1734165400266647,19.84466084255715,19.84466084255715,21.628248120053243,1.7835872774960926,1.7835872774960926,0.9075653726224182
telecom_cluster_03645,syn_ts_514_13_2p7829,0.354391485452652,18.89753899503555,18.89753899503555,22.54245166950767,3.6449126744721205,3.6449126744721205,1.8546872201440188
telecom_cluster_03651,syn_ts_514_13_2p7829,2.383216619491577,4.073257401697515,4.073257401697515,48.18492671129516,44.111669309597644,44.111669309597644,16.678968813482054
telecom_cluster_03674,syn_ts_514_13_2p7829,2.5717499256134033,0.0,0.0,48.33429957791362,45.15726267756082,45.15726267756082,20.75222621517957
telecom_cluster_03677,syn_ts_514_13_2p7829,0.3067664206027984,19.146782001037042,19.146782001037042,22.301871387931957,3.1550893868949146,3.1550893868949146,1.6054442141425262
telecom_cluster_03688,syn_ts_514_13_2p7829,0.8496915698051453,17.38078267434128,17.38078267434128,32.7319720180075,8.904134365044069,8.904134365044069,3.371443540838289
telecom_cluster_03708,syn_ts_514_13_2p7829,2.4879915714263916,3.7847181947786286,3.7847181947786286,48.33429957791362,44.54958138313499,44.54958138313499,16.967508020400942
telecom_cluster_03719,syn_ts_514_13_2p7829,0.1257914751768112,20.093903848558643,20.093903848558643,21.38766783847753,1.2937639899188866,1.2937639899188866,0.6583223666209257
telecom_cluster_03750,syn_ts_514_13_2p7829,0.2400914877653122,19.495721382804916,19.495721382804916,21.965059791629564,2.4693384088246475,2.4693384088246475,1.2565048323746524
telecom_cluster_03766,syn_ts_514_13_2p7829,1.0973414182662964,16.83696421448358,16.83696421448358,34.33302931892091,13.180584008523617,13.180584008523617,3.9152620006959893
telecom_cluster_03799,syn_ts_514_13_2p7829,1.7164664268493652,6.041106734443775,6.041106734443775,46.31460603621752,31.182067759528397,31.182067759528397,14.711119480735793
telecom_cluster_03854,syn_ts_514_13_2p7829,0.1448415964841842,19.99420614705814,19.99420614705814,21.483900432860935,1.4896942858027948,1.4896942858027948,0.7580200681214286
telecom_cluster_03884,syn_ts_514_13_2p7829,0.1448415964841842,19.99420614705814,19.99420614705814,21.483900432860935,1.4896942858027948,1.4896942858027948,0.7580200681214286
telecom_cluster_03885,syn_ts_514_13_2p7829,0.4401165544986725,18.448901833782813,18.448901833782813,22.975495935467393,4.52659410168458,4.52659410168458,2.303324381396756
telecom_cluster_03908,syn_ts_514_13_2p7829,0.6306166052818298,17.86185306683594,17.86185306683594,23.668796113770718,5.8069430469347765,5.8069430469347765,2.8903731483436275
telecom_cluster_03925,syn_ts_514_13_2p7829,1.9545915126800537,5.265619688015519,5.265619688015519,46.98257775365918,37.47858702778929,37.47858702778929,15.48660652716405
telecom_cluster_03926,syn_ts_514_13_2p7829,1.7259914875030518,6.010087066240361,6.010087066240361,46.341325065425984,31.43393004328599,31.43393004328599,14.742139148939208
telecom_cluster_03951,syn_ts_514_13_2p7829,1.9736415147781372,5.203580739830115,5.203580739830115,47.03601547767861,37.836452557930464,37.836452557930464,15.548645475349453
telecom_cluster_04005,syn_ts_514_13_2p7829,0.7639665007591248,17.569027792638273,17.569027792638273,32.17775908987414,7.42382277496198,7.42382277496198,3.1831984225412953
telecom_cluster_04006,syn_ts_514_13_2p7829,1.545016527175903,6.599456879890984,6.599456879890984,45.833666854440125,27.555515771530207,27.555515771530207,14.152769335288585
telecom_cluster_04034,syn_ts_514_13_2p7829,1.545016527175903,6.599456879890984,6.599456879890984,45.833666854440125,27.555515771530207,27.555515771530207,14.152769335288585
hospital_bellevue_hospital_center,syn_ts_514_13_2p7829,1.0211414098739624,17.004293092181495,17.004293092181495,33.840395947552835,11.864752398904631,11.864752398904631,3.7479331229980737
hospital_coney_island_hospital,syn_ts_514_13_2p7829,1.011616587638855,17.025208809233213,17.025208809233213,33.77881793216466,11.700276535484424,11.700276535484424,3.7270174059463557
hospital_metropolitan_hospital_center,syn_ts_514_13_2p7829,0.8592166304588318,17.3598664337422,17.3598664337422,32.793551574772785,9.068614345507164,9.068614345507164,3.392359781437367
hospital_hospital_for_special_surgery,syn_ts_514_13_2p7829,0.5258416533470154,18.09193014278373,18.09193014278373,23.38021508910964,5.288284946325909,5.288284946325909,2.6602960723958375
subway_tottenville_sir,syn_ts_514_13_2p7829,1.0211414098739624,17.004293092181495,17.004293092181495,33.840395947552835,11.864752398904631,11.864752398904631,3.7479331229980737
subway_richmond_valley_sir,syn_ts_514_13_2p7829,1.068766474723816,16.899712412733457,16.899712412733457,34.14829219000215,12.687148184177214,12.687148184177214,3.8525138024461114
subway_w_8_st_ny_aquarium_fq,syn_ts_514_13_2p7829,1.4783414602279663,6.816593392650608,6.816593392650608,45.64663465317336,25.484567721153716,25.484567721153716,13.93563282252896
subway_ocean_pkwy_q,syn_ts_514_13_2p7829,1.440241456031799,6.940671289021416,6.940671289021416,35.37185123535509,22.061505745120876,22.061505745120876,13.811554926158152
subway_coney_island_stillwell_av_dfnq,syn_ts_514_13_2p7829,1.2783164978027344,7.4680021544866335,7.4680021544866335,34.91285852006739,17.395906894643126,17.395906894643126,13.284224060692935
subway_brighton_beach_bq,syn_ts_514_13_2p7829,0.9068414568901062,17.255286277841524,17.255286277841524,33.101446275845,9.891006013736867,9.891006013736867,3.4969399373380448
subway_neptune_av_f,syn_ts_514_13_2p7829,0.9639915823936462,17.129789357794408,17.129789357794408,33.470922075059605,10.877881779472553,10.877881779472553,3.6224368573851606
subway_bay_50_st_d,syn_ts_514_13_2p7829,0.6401414275169373,17.840937349784223,17.840937349784223,23.695030274794547,5.854092925010324,5.854092925010324,2.9112888653953455
subway_avenue_x_f,syn_ts_514_13_2p7829,0.5067915320396423,18.13376262398189,18.13376262398189,23.312307757591565,5.178545133609674,5.178545133609674,2.6184635911976777
subway_25_av_d,syn_ts_514_13_2p7829,0.6401414275169373,17.840937349784223,17.840937349784223,23.695030274794547,5.854092925010324,5.854092925010324,2.9112888653953455
subway_clifton_sir,syn_ts_514_13_2p7829,0.9258915781974792,17.213453796643364,17.213453796643364,33.22460538937557,10.219965974663054,10.219965974663054,3.5387724185362046
subway_stapleton_sir,syn_ts_514_13_2p7829,1.030666470527649,16.983376851582413,16.983376851582413,33.901975504318116,12.029232379367723,12.029232379367723,3.7688493635971554
subway_st_george_sir,syn_ts_514_13_2p7829,0.3448664247989654,18.9473878457858,18.9473878457858,22.49433537231597,3.546947526530168,3.546947526530168,1.8048383693937673
subway_howard_beach_jfk_airport_a,syn_ts_514_13_2p7829,1.268791437149048,7.499021822690047,7.499021822690047,34.88585876968592,17.10390101277656,17.10390101277656,13.253204392489522
subway_smith_9_sts_fg,syn_ts_514_13_2p7829,1.268791437149048,7.499021822690047,7.499021822690047,34.88585876968592,17.10390101277656,17.10390101277656,13.253204392489522
subway_south_ferry_1,syn_ts_514_13_2p7829,1.08781635761261,16.857880455082658,16.857880455082658,34.27144976215562,13.016104028060521,13.016104028060521,3.894345760096911
subway_whitehall_st_south_ferry_rw,syn_ts_514_13_2p7829,0.8211166262626648,17.443530872591158,17.443530872591158,32.54723488908875,8.410698540697673,8.410698540697673,3.308695342588411
subway_franklin_st_1,syn_ts_514_13_2p7829,0.4782165586948395,18.24950767853157,18.24950767853157,23.167959919851405,4.918452241319834,4.918452241319834,2.502718536647997
subway_canal_st_ace,syn_ts_514_13_2p7829,0.7068166136741638,17.69452418913803,17.69452418913803,31.808284832036634,6.436951126269182,6.436951126269182,3.0577020260415395
subway_canal_st_1,syn_ts_514_13_2p7829,0.7068166136741638,17.69452418913803,17.69452418913803,31.808284832036634,6.436951126269182,6.436951126269182,3.0577020260415395
subway_mets_willets_point_7,syn_ts_514_13_2p7829,0.6306166052818298,17.86185306683594,17.86185306683594,23.668796113770718,5.8069430469347765,5.8069430469347765,2.8903731483436275
subway_145_st_3,syn_ts_514_13_2p7829,0.0781664103269577,20.343146854560135,20.343146854560135,21.147087556901816,0.8039407023416807,0.8039407023416807,0.4090793606194332
water_red_hook_wwtp,syn_ts_514_13_2p7829,0.2305664271116256,19.545570233555168,19.545570233555168,21.91694349443786,2.3713732608826916,2.3713732608826916,1.206655981624401
water_bensonhurst_storm_water_sewer,syn_ts_514_13_2p7829,0.0781664103269577,20.343146854560135,20.343146854560135,21.147087556901816,0.8039407023416807,0.8039407023416807,0.4090793606194332
water_owls_head_wwtp,syn_ts_514_13_2p7829,2.230816602706909,4.492951032335791,4.492951032335791,47.7574249191397,43.26447388680391,43.26447388680391,16.25927518284378
water_brooklyn_navy_yard_admiral_row,syn_ts_514_13_2p7829,1.7259914875030518,6.010087066240361,6.010087066240361,46.341325065425984,31.43393004328599,31.43393004328599,14.742139148939208
water_hunts_point_wwtp,syn_ts_514_13_2p7829,1.9545915126800537,5.265619688015519,5.265619688015519,46.98257775365918,37.47858702778929,37.47858702778929,15.48660652716405
water_manhattan_grit_chamber,syn_ts_514_13_2p7829,0.6020414233207703,17.92460178863318,17.92460178863318,23.590091660674624,5.665489872041444,5.665489872041444,2.8276244265463895
water_zerega_industrial_park,syn_ts_514_13_2p7829,1.08781635761261,16.857880455082658,16.857880455082658,34.27144976215562,13.016104028060521,13.016104028060521,3.894345760096911
water_eltingville_pump_station_park,syn_ts_514_13_2p7829,0.449641615152359,18.399052983032565,18.399052983032565,23.023612232659097,4.624559249626532,4.624559249626532,2.353173232147004
water_coney_island_wwtp,syn_ts_514_13_2p7829,0.4020165503025055,18.648295989034057,18.648295989034057,22.783031951083384,4.1347359620493265,4.1347359620493265,2.1039302261455113
water_manhattan_sewage_pump_station,syn_ts_514_13_2p7829,1.1259163618087769,16.7742160162337,16.7742160162337,34.48086487933953,13.637118264369885,13.637118264369885,3.978010198945867
water_wastewater_pumping_station,syn_ts_514_13_2p7829,0.3448664247989654,18.9473878457858,18.9473878457858,22.49433537231597,3.546947526530168,3.546947526530168,1.8048383693937673
water_coney_island_wpcp,syn_ts_514_13_2p7829,0.8115915656089783,17.464447113190236,17.464447113190236,32.48565533232346,8.246218560234574,8.246218560234574,3.287779101989333
water_spring_creek_park_dep_aux_plnt,syn_ts_514_13_2p7829,0.4782165586948395,18.24950767853157,18.24950767853157,23.167959919851405,4.918452241319834,4.918452241319834,2.502718536647997
water_gowanus_pumping_station,syn_ts_514_13_2p7829,1.0401915311813354,16.962460610983335,16.962460610983335,33.963555061083404,12.193712359830819,12.193712359830819,3.7897656041962335
water_hunts_pt_market_wholesale,syn_ts_514_13_2p7829,0.373441606760025,18.797841293535047,18.797841293535047,22.638684263891076,3.8408429703560287,3.8408429703560287,1.9543849216445217
water_spring_creek_park,syn_ts_514_13_2p7829,2.4498915672302246,3.8896416024381977,3.8896416024381977,48.33429957791362,44.44465797547542,44.44465797547542,16.862584612741372
water_destratification_facility,syn_ts_514_13_2p7829,0.8687414526939392,17.33895071669048,17.33895071669048,32.85512959016096,9.233090208927372,9.233090208927372,3.4132754984890887
water_mason_avenue_pumping_station,syn_ts_514_13_2p7829,0.9925665259361268,17.06704115954453,17.06704115954453,33.65565920397836,11.371317603818952,11.371317603818952,3.6851850556350385
water_jfk_airport,syn_ts_514_13_2p7829,0.1353165358304977,20.04405499780839,20.04405499780839,21.435784135669234,1.3917291378608425,1.3917291378608425,0.7081712173711772
water_pumping_stn_sewage_disposal,syn_ts_514_13_2p7829,0.4686914980411529,18.299356529281823,18.299356529281823,23.119843622659705,4.820487093377881,4.820487093377881,2.4528696858977455
water_sirtoa_r_o_w_hannah_st_ps,syn_ts_514_13_2p7829,0.3448664247989654,18.9473878457858,18.9473878457858,22.49433537231597,3.546947526530168,3.546947526530168,1.8048383693937673
water_p_o_water_pollution_control_pl,syn_ts_514_13_2p7829,0.2019914835691452,19.695115538056157,19.695115538056157,21.77259580724555,2.077480269189394,2.077480269189394,1.0571106771234113
water_grand_canal_court_park,syn_ts_514_13_2p7829,0.7068166136741638,17.69452418913803,17.69452418913803,31.808284832036634,6.436951126269182,6.436951126269182,3.0577020260415395
water_conner_st_sewage_pump_station,syn_ts_514_13_2p7829,0.6401414275169373,17.840937349784223,17.840937349784223,23.695030274794547,5.854092925010324,5.854092925010324,2.9112888653953455
water_26_ward_water_pollution_cp,syn_ts_514_13_2p7829,0.4210664331912994,18.548599535283316,18.548599535283316,22.87926334108399,4.3306638058006754,4.3306638058006754,2.203626679896253
water_throgs_neck_sewage_pump_station,syn_ts_514_13_2p7829,1.3926165103912354,7.095768465374212,7.095768465374212,35.23685349718017,20.899955549740014,20.899955549740014,13.656457749805357
water_marble_hill_sewage_pump_statn,syn_ts_514_13_2p7829,1.6021665334701538,6.413340035334773,6.413340035334773,45.99398002649842,28.673849507738257,28.673849507738257,14.338886179844796
water_lew_fidler_park_dep_pier,syn_ts_514_13_2p7829,1.6307414770126345,6.320281807167379,6.320281807167379,46.07413644532882,29.233015209475223,29.233015209475223,14.431944408012189
water_newtown_creek_wwtp,syn_ts_514_13_2p7829,1.0020915269851685,17.04612504983229,17.04612504983229,33.71723837539937,11.535796555021324,11.535796555021324,3.7061011653472775
fuel_station_mobil_0148,syn_ts_514_13_2p7829,0.6115664839744568,17.9036855480341,17.9036855480341,23.61632647837332,5.712640930339219,5.712640930339219,2.8485406671454676
fuel_station_sunoco_0168,syn_ts_514_13_2p7829,0.335341602563858,18.99723544878629,18.99723544878629,22.446220279507063,3.4489848307207716,3.4489848307207716,1.7549907663932771
fuel_station_bp_0169,syn_ts_514_13_2p7829,0.5258416533470154,18.09193014278373,18.09193014278373,23.38021508910964,5.288284946325909,5.288284946325909,2.6602960723958375
fuel_station_allegiance_0213,syn_ts_514_13_2p7829,0.4686914980411529,18.299356529281823,18.299356529281823,23.119843622659705,4.820487093377881,4.820487093377881,2.4528696858977455
fuel_station_bp_0281,syn_ts_514_13_2p7829,0.278191477060318,19.296327305538036,19.296327305538036,22.15752370073965,2.8611963952016133,2.8611963952016133,1.4558989096415331
fuel_station_mobil_0300,syn_ts_514_13_2p7829,0.5067915320396423,18.13376262398189,18.13376262398189,23.312307757591565,5.178545133609674,5.178545133609674,2.6184635911976777
fuel_station_gulf_0324,syn_ts_514_13_2p7829,1.5069165229797363,6.723534776261791,6.723534776261791,45.72679140640126,26.65701720423796,26.65701720423796,14.028691438917779
fuel_station_shell_0326,syn_ts_514_13_2p7829,0.335341602563858,18.99723544878629,18.99723544878629,22.446220279507063,3.4489848307207716,3.4489848307207716,1.7549907663932771
fuel_station_shell_0327,syn_ts_514_13_2p7829,1.2116414308547974,7.685138667246258,7.685138667246258,34.72386128112952,15.35187668522811,15.35187668522811,13.067087547933312
fuel_station_shell_0379,syn_ts_514_13_2p7829,0.3829664289951324,18.74799369053456,18.74799369053456,22.68679935669998,3.9388056661654183,3.9388056661654183,2.0042325246450083
fuel_station_allegiance_0402,syn_ts_514_13_2p7829,1.4211914539337158,7.002710237206818,7.002710237206818,35.31785207250296,21.616915772725257,21.616915772725257,13.74951597797275
fuel_station_gulf_0508,syn_ts_514_13_2p7829,0.6496664881706238,17.82002110918514,17.82002110918514,23.721265092493244,5.9012439833081025,5.9012439833081025,2.932205105994427
fuel_station_bp_0509,syn_ts_514_13_2p7829,0.5258416533470154,18.09193014278373,18.09193014278373,23.38021508910964,5.288284946325909,5.288284946325909,2.6602960723958375
fuel_station_citgo_0518,syn_ts_514_13_2p7829,0.1924664229154586,19.74496438880641,19.74496438880641,21.72447951005385,1.9795151212474416,1.9795151212474416,1.0072618263731599
fuel_station_shell_0531,syn_ts_514_13_2p7829,1.4116665124893188,7.033729517188808,7.033729517188808,35.2908526600323,21.39462217758384,21.39462217758384,13.71849669799076
fuel_station_allegiance_0536,syn_ts_514_13_2p7829,2.421316623687744,3.9683339940379465,3.9683339940379465,48.291802159334026,44.32346816529608,44.32346816529608,16.78389222114162
fuel_station_bp_0597,syn_ts_514_13_2p7829,0.7163414359092712,17.673608472086308,17.673608472086308,31.869862847424816,6.601426989689397,6.601426989689397,3.078617743093261
fuel_station_unknown_gas_station_0630,syn_ts_514_13_2p7829,0.3067664206027984,19.146782001037042,19.146782001037042,22.301871387931957,3.1550893868949146,3.1550893868949146,1.6054442141425262
fuel_station_bp_0649,syn_ts_514_13_2p7829,0.335341602563858,18.99723544878629,18.99723544878629,22.446220279507063,3.4489848307207716,3.4489848307207716,1.7549907663932771
fuel_station_shell_0678,syn_ts_514_13_2p7829,1.030666470527649,16.983376851582413,16.983376851582413,33.901975504318116,12.029232379367723,12.029232379367723,3.7688493635971554
fuel_station_mobil_0695,syn_ts_514_13_2p7829,1.3545165061950684,7.219846361745018,7.219846361745018,35.12885517147591,19.731939331374388,19.731939331374388,13.53237985343455
fuel_station_american_quick_start_auto_cent_0713,syn_ts_514_13_2p7829,1.2592664957046509,7.530041102672037,7.530041102672037,34.85885935721526,16.81189878546032,16.81189878546032,13.222185112507532
fuel_station_natural_gas_fueling_station_0758,syn_ts_514_13_2p7829,0.259141594171524,19.396023759288774,19.396023759288774,22.06129231073904,2.665268551450268,2.665268551450268,1.356202455890795
fuel_station_bp_0770,syn_ts_514_13_2p7829,0.6401414275169373,17.840937349784223,17.840937349784223,23.695030274794547,5.854092925010324,5.854092925010324,2.9112888653953455
fuel_station_mobil_0815,syn_ts_514_13_2p7829,0.5258416533470154,18.09193014278373,18.09193014278373,23.38021508910964,5.288284946325909,5.288284946325909,2.6602960723958375
fuel_station_citgo_0833,syn_ts_514_13_2p7829,0.297241598367691,19.196629604037533,19.196629604037533,22.253756295123054,3.0571266910855215,3.0571266910855215,1.555596611142036
fuel_station_speedway_0842,syn_ts_514_13_2p7829,0.7734915614128113,17.54811155203919,17.54811155203919,32.239338646639425,7.588302755425083,7.588302755425083,3.204114663140377
fuel_station_sonamax_0846,syn_ts_514_13_2p7829,0.7734915614128113,17.54811155203919,17.54811155203919,32.239338646639425,7.588302755425083,7.588302755425083,3.204114663140377
fuel_station_bp_0850,syn_ts_514_13_2p7829,1.6021665334701538,6.413340035334773,6.413340035334773,45.99398002649842,28.673849507738257,28.673849507738257,14.338886179844796
fuel_station_sunoco_0873,syn_ts_514_13_2p7829,0.259141594171524,19.396023759288774,19.396023759288774,22.06129231073904,2.665268551450268,2.665268551450268,1.356202455890795
fuel_station_mobil_0895,syn_ts_514_13_2p7829,0.9925665259361268,17.06704115954453,17.06704115954453,33.65565920397836,11.371317603818952,11.371317603818952,3.6851850556350385
fuel_station_bp_0914,syn_ts_514_13_2p7829,0.9925665259361268,17.06704115954453,17.06704115954453,33.65565920397836,11.371317603818952,11.371317603818952,3.6851850556350385
fuel_station_sunoco_0928,syn_ts_514_13_2p7829,0.9830414652824402,17.087957400143612,17.087957400143612,33.59407964721307,11.206837623355852,11.206837623355852,3.664268815035957
fuel_station_citgo_0936,syn_ts_514_13_2p7829,0.8211166262626648,17.443530872591158,17.443530872591158,32.54723488908875,8.410698540697673,8.410698540697673,3.308695342588411
fuel_station_citgo_0937,syn_ts_514_13_2p7829,2.66896653175354,0.0,0.0,48.33429957791362,46.04324709218628,46.04324709218628,20.75222621517957
fuel_station_mobil_0990,syn_ts_514_13_2p7829,0.316291481256485,19.09693315028679,19.09693315028679,22.349987685123658,3.253054534836867,3.253054534836867,1.6552930648927777
fuel_station_mobil_1019,syn_ts_514_13_2p7829,1.049716591835022,16.941544370384257,16.941544370384257,34.02513461784869,12.358192340293915,12.358192340293915,3.8106818447953117
fuel_station_exxon_1020,syn_ts_514_13_2p7829,0.4782165586948395,18.24950767853157,18.24950767853157,23.167959919851405,4.918452241319834,4.918452241319834,2.502718536647997
fuel_station_bp_1033,syn_ts_514_13_2p7829,0.1067415922880172,20.19360030230938,20.19360030230938,21.291436448476922,1.0978361461675412,1.0978361461675412,0.5586259128701876
fuel_station_unknown_gas_station_1040,syn_ts_514_13_2p7829,1.4783414602279663,6.816593392650608,6.816593392650608,45.64663465317336,25.484567721153716,25.484567721153716,13.93563282252896
fuel_station_citgo_1044,syn_ts_514_13_2p7829,0.9925665259361268,17.06704115954453,17.06704115954453,33.65565920397836,11.371317603818952,11.371317603818952,3.6851850556350385
fuel_station_unknown_gas_station_1054,syn_ts_514_13_2p7829,0.2019914835691452,19.695115538056157,19.695115538056157,21.77259580724555,2.077480269189394,2.077480269189394,1.0571106771234113
fuel_station_lukoil_1058,syn_ts_514_13_2p7829,5.821741580963135,0.0,0.0,48.33429957791362,48.33429957791362,48.33429957791362,20.75222621517957
fuel_station_sunoco_1068,syn_ts_514_13_2p7829,0.487741619348526,18.19965882778132,18.19965882778132,23.21607621704311,5.01641738926179,5.01641738926179,2.5525673873982484
fuel_station_unknown_gas_station_1094,syn_ts_514_13_2p7829,0.5925166010856628,17.945517505684897,17.945517505684897,23.563857499650794,5.618339993965897,5.618339993965897,2.8067087094946714
fuel_station_sunoco_1100,syn_ts_514_13_2p7829,0.6401414275169373,17.840937349784223,17.840937349784223,23.695030274794547,5.854092925010324,5.854092925010324,2.9112888653953455
fuel_station_speedway_1103,syn_ts_514_13_2p7829,1.4307165145874023,6.971690569003405,6.971690569003405,35.34485182288443,21.839212149979467,21.839212149979467,13.780535646176164
fuel_station_mobil_1104,syn_ts_514_13_2p7829,1.4973914623260498,6.754554444465204,6.754554444465204,45.70007237719279,26.371113066990382,26.371113066990382,13.997671770714366
fuel_station_speedway_1105,syn_ts_514_13_2p7829,1.6688414812088013,6.196203910796572,6.196203910796572,46.18101189336769,29.97857103361392,29.97857103361392,14.556022304382996
fuel_station_speedway_1106,syn_ts_514_13_2p7829,0.0114914625883102,20.69208631431237,20.69208631431237,20.8102758853255,0.11818957101312932,0.11818957101312932,0.060139900867199
fuel_station_mobil_1108,syn_ts_514_13_2p7829,0.0114914625883102,20.69208631431237,20.69208631431237,20.8102758853255,0.11818957101312932,0.11818957101312932,0.060139900867199
fuel_station_bp_1149,syn_ts_514_13_2p7829,1.1735414266586304,16.669635336785667,16.669635336785667,34.615862955425264,14.310315528546514,14.310315528546514,4.082590878393901
power_bruckner,syn_ts_258_9_3p0022,1.1624354124069214,13.650173138448416,13.650173138448416,30.0065684635279,14.124526621004247,14.124526621004247,11.605247071215004
power_east_64th_street,syn_ts_258_9_3p0022,0.0956355333328247,24.974010372689662,24.974010372689662,25.954145098524467,0.9801347258348052,0.9801347258348052,0.2814098369737579
power_mill_avenue,syn_ts_258_9_3p0022,0.2004104852676391,24.665707578577575,24.665707578577575,26.719643696114744,2.0539361175371695,2.0539361175371695,0.5897126310858454
power_east_83rd_street,syn_ts_258_9_3p0022,0.9338353872299194,16.530166142704225,16.530166142704225,29.31386779277222,7.2138551593661475,7.2138551593661475,8.725254066959195
power_gowanus,syn_ts_258_9_3p0022,0.752860426902771,23.040110453807372,23.040110453807372,28.790415530448808,5.750305076641435,5.750305076641435,2.2153097558560475
power_farragut,syn_ts_258_9_3p0022,0.63856041431427,23.37644096598938,23.37644096598938,28.459813992728396,5.0833730267390145,5.0833730267390145,1.8789792436740385
power_east_13th_street,syn_ts_258_9_3p0022,1.4291354417800903,12.760751626756807,12.760751626756807,39.161018293124975,19.879533617123474,19.879533617123474,12.494668582906613
power_leonard_street,syn_ts_258_9_3p0022,0.3718603849411011,24.161212161080737,24.161212161080737,27.68841040471411,3.5271982436333715,3.5271982436333715,1.0942080485826828
power_east_36th_street,syn_ts_258_9_3p0022,1.2291103601455688,13.427817959301844,13.427817959301844,30.226330320515093,15.568613323660234,15.568613323660234,11.827602250361576
power_unknown124169,syn_ts_258_9_3p0022,0.0384854115545749,25.142175968595087,25.142175968595087,25.536599327655665,0.39442335906057835,0.39442335906057835,0.1132442410683332
power_151st_avenue,syn_ts_258_9_3p0022,0.7242854833602905,23.124192906464785,23.124192906464785,28.707765318419273,5.5835724119544885,5.5835724119544885,2.131227303198635
power_160th_avenue,syn_ts_258_9_3p0022,1.038610339164734,14.242461342512911,14.242461342512911,29.616919029948697,11.281785614906639,11.281785614906639,11.012958867150509
power_howard_beach,syn_ts_258_9_3p0022,1.5053354501724243,12.50663119484492,12.50663119484492,39.56718802858513,21.831138482525347,21.831138482525347,12.7487890148185
power_vernon,syn_ts_258_9_3p0022,0.3432854413986206,24.24529461373815,24.24529461373815,27.605760192684574,3.3604655789464246,3.3604655789464246,1.0101255959252704
power_unknown129920,syn_ts_258_9_3p0022,1.4196103811264038,12.792516879522124,12.792516879522124,39.11024675848117,19.606163520720884,19.606163520720884,12.462903330141296
power_fresh_kills,syn_ts_258_9_3p0022,0.4575854539871216,23.90896410155614,23.90896410155614,27.936361730404982,4.027397628848842,4.027397628848842,1.3464561081072794
power_naughton,syn_ts_258_9_3p0022,1.1243354082107544,13.77723335440436,13.77723335440436,29.880990147273497,13.299333481798671,13.299333481798671,11.47818685525906
power_dongan_hills,syn_ts_258_9_3p0022,0.2766104936599731,24.441487237122903,24.441487237122903,27.27637026561954,2.8348830284966375,2.8348830284966375,0.8139329725405169
power_seaside,syn_ts_258_9_3p0022,1.1052855253219604,13.840763064829671,13.840763064829671,29.818201382062316,12.886739494103422,12.886739494103422,11.414657144833749
power_howland_hook,syn_ts_258_9_3p0022,1.9149104356765747,1.649245036915037,1.649245036915037,41.45788758296038,33.02001398085762,33.02001398085762,23.606175172748383
power_hell_gate,syn_ts_258_9_3p0022,0.63856041431427,23.37644096598938,23.37644096598938,28.459813992728396,5.0833730267390145,5.0833730267390145,1.8789792436740385
telecom_cluster_00015,syn_ts_258_9_3p0022,0.6290353536605835,23.404468684059303,23.404468684059303,28.43226369218446,5.027795008125157,5.027795008125157,1.850951525604117
telecom_cluster_00020,syn_ts_258_9_3p0022,1.191010355949402,13.554878175257787,13.554878175257787,30.10075200426069,14.743420184454667,14.743420184454667,11.700542034405633
telecom_cluster_00021,syn_ts_258_9_3p0022,1.2195852994918823,13.459583212067162,13.459583212067162,30.194935544993484,15.36231374790507,15.36231374790507,11.795836997596258
telecom_cluster_00023,syn_ts_258_9_3p0022,0.1337352991104126,24.86190090351468,24.86190090351468,26.232506641361603,1.3706057378469225,1.3706057378469225,0.39351930614873964
telecom_cluster_00024,syn_ts_258_9_3p0022,1.1433855295181274,13.713702848873726,13.713702848873726,29.943779698316714,13.711932633308994,13.711932633308994,11.541717360789693
telecom_cluster_00026,syn_ts_258_9_3p0022,1.3053103685379028,13.173697527389956,13.173697527389956,30.47748695302389,17.21899960207137,17.21899960207137,12.081722682273464
telecom_cluster_00027,syn_ts_258_9_3p0022,0.8576353788375854,22.731807659695285,22.731807659695285,29.09346676762528,6.361659107929995,6.361659107929995,2.523612549968135
telecom_cluster_00030,syn_ts_258_9_3p0022,0.829060435295105,22.815890112352697,22.815890112352697,29.010816555595746,6.194926443243048,6.194926443243048,2.4395300973107226
telecom_cluster_00032,syn_ts_258_9_3p0022,1.1052855253219604,13.840763064829671,13.840763064829671,29.818201382062316,12.886739494103422,12.886739494103422,11.414657144833749
telecom_cluster_00033,syn_ts_258_9_3p0022,1.0481353998184204,14.034486759111452,14.034486759111452,29.64446933049263,11.66045004632026,11.66045004632026,11.220933450551968
telecom_cluster_00034,syn_ts_258_9_3p0022,0.3051854372024536,24.357404784465487,24.357404784465487,27.485142293705024,3.1277375092395374,3.1277375092395374,0.8980154251979329
telecom_cluster_00044,syn_ts_258_9_3p0022,0.2670854330062866,24.469514955192825,24.469514955192825,27.206779008952626,2.7372640537598016,2.7372640537598016,0.7859052544705953
telecom_cluster_00066,syn_ts_258_9_3p0022,3.343660354614258,0.0,0.0,45.47811598585754,45.47811598585754,45.47811598585754,25.25542020966342
telecom_cluster_00072,syn_ts_258_9_3p0022,3.2579355239868164,0.0,0.0,45.47811598585754,45.47811598585754,45.47811598585754,25.25542020966342
telecom_cluster_00073,syn_ts_258_9_3p0022,3.2579355239868164,0.0,0.0,45.47811598585754,45.47811598585754,45.47811598585754,25.25542020966342
telecom_cluster_00085,syn_ts_258_9_3p0022,1.0100353956222534,14.86637988697571,14.86637988697571,29.53426881791916,10.145801798887307,10.145801798887307,10.38904032268771
telecom_cluster_00086,syn_ts_258_9_3p0022,0.6195105314254761,23.432495700576872,23.432495700576872,28.4047140812428,4.972218380665929,4.972218380665929,1.8229245090865476
telecom_cluster_00087,syn_ts_258_9_3p0022,0.6195105314254761,23.432495700576872,23.432495700576872,28.4047140812428,4.972218380665929,4.972218380665929,1.8229245090865476
telecom_cluster_00099,syn_ts_258_9_3p0022,0.867160439491272,22.703779941625363,22.703779941625363,29.121017068169216,6.417237126543853,6.417237126543853,2.5516402680380565
telecom_cluster_00100,syn_ts_258_9_3p0022,0.8004854917526245,22.899972565010113,22.899972565010113,28.928166343566215,6.028193778556101,6.028193778556101,2.3554476446533066
telecom_cluster_00101,syn_ts_258_9_3p0022,0.790960431098938,22.928000283080035,22.928000283080035,28.90061604302228,5.972615759942244,5.972615759942244,2.327419926583385
telecom_cluster_00111,syn_ts_258_9_3p0022,0.6671353578567505,23.29235851333197,23.29235851333197,28.54246420475793,5.250105691425961,5.250105691425961,1.963061696331451
telecom_cluster_00116,syn_ts_258_9_3p0022,0.2099353075027465,24.637680562060005,24.637680562060005,26.7892332108664,2.151552648806394,2.151552648806394,0.6177396476034147
telecom_cluster_00117,syn_ts_258_9_3p0022,0.867160439491272,22.703779941625363,22.703779941625363,29.121017068169216,6.417237126543853,6.417237126543853,2.5516402680380565
telecom_cluster_00118,syn_ts_258_9_3p0022,0.600460410118103,23.48855113671672,23.48855113671672,28.34961348015493,4.86106234343821,4.86106234343821,1.766869072946701
telecom_cluster_00119,syn_ts_258_9_3p0022,0.867160439491272,22.703779941625363,22.703779941625363,29.121017068169216,6.417237126543853,6.417237126543853,2.5516402680380565
telecom_cluster_00137,syn_ts_258_9_3p0022,0.1718353033065796,24.749790732787343,24.749790732787343,26.510869926114,1.7610791933266583,1.7610791933266583,0.5056294768760772
telecom_cluster_00138,syn_ts_258_9_3p0022,0.5052105188369751,23.76882621275888,23.76882621275888,28.07411254352239,4.305286330763508,4.305286330763508,1.4865939969045385
telecom_cluster_00139,syn_ts_258_9_3p0022,0.3242353200912475,24.301350049877996,24.301350049877996,27.550659591596702,3.2493095417187057,3.2493095417187057,0.9540701597854238
telecom_cluster_00140,syn_ts_258_9_3p0022,0.3528105020523071,24.217266895668228,24.217266895668228,27.63331049322851,3.4160435975602823,3.4160435975602823,1.038153313995192
telecom_cluster_00141,syn_ts_258_9_3p0022,0.0861104726791381,25.002038090759584,25.002038090759584,25.884553841857553,0.8825157510979693,0.8825157510979693,0.25338211890383633
telecom_cluster_00142,syn_ts_258_9_3p0022,0.714760422706604,23.15222062453471,23.15222062453471,28.680215017875337,5.527994393340627,5.527994393340627,2.10319958512871
telecom_cluster_00153,syn_ts_258_9_3p0022,0.867160439491272,22.703779941625363,22.703779941625363,29.121017068169216,6.417237126543853,6.417237126543853,2.5516402680380565
telecom_cluster_00154,syn_ts_258_9_3p0022,0.3718603849411011,24.161212161080737,24.161212161080737,27.68841040471411,3.5271982436333715,3.5271982436333715,1.0942080485826828
telecom_cluster_00155,syn_ts_258_9_3p0022,0.600460410118103,23.48855113671672,23.48855113671672,28.34961348015493,4.86106234343821,4.86106234343821,1.766869072946701
telecom_cluster_00170,syn_ts_258_9_3p0022,1.2291103601455688,13.427817959301844,13.427817959301844,30.226330320515093,15.568613323660234,15.568613323660234,11.827602250361576
telecom_cluster_00190,syn_ts_258_9_3p0022,0.3909105062484741,24.10515672494089,24.10515672494089,27.74351100580198,3.6383542808610905,3.6383542808610905,1.1502634847225295
telecom_cluster_00191,syn_ts_258_9_3p0022,0.3147104978561401,24.329377066395566,24.329377066395566,27.52310998065504,3.193732914259474,3.193732914259474,0.9260431432678544
telecom_cluster_00192,syn_ts_258_9_3p0022,1.1052855253219604,13.840763064829671,13.840763064829671,29.818201382062316,12.886739494103422,12.886739494103422,11.414657144833749
telecom_cluster_00238,syn_ts_258_9_3p0022,2.0958855152130127,0.5285381362122156,0.5285381362122156,42.05431174936829,37.09521356414533,37.09521356414533,24.726882073451204
telecom_cluster_00271,syn_ts_258_9_3p0022,0.4671105146408081,23.88093638348622,23.88093638348622,27.963912030948922,4.082975647462703,4.082975647462703,1.374483826177201
telecom_cluster_00272,syn_ts_258_9_3p0022,0.9909855127334596,15.282323848037029,15.282323848037029,29.479168906433564,9.388482414281635,9.388482414281635,9.973096361626391
telecom_cluster_00274,syn_ts_258_9_3p0022,3.3531854152679443,0.0,0.0,45.47811598585754,45.47811598585754,45.47811598585754,25.25542020966342
telecom_cluster_00275,syn_ts_258_9_3p0022,2.6292853355407715,0.0,0.0,44.719021602767945,44.719021602767945,44.719021602767945,25.25542020966342
telecom_cluster_00292,syn_ts_258_9_3p0022,1.5434354543685913,12.379570978888975,12.379570978888975,39.7702728963152,22.507002672372412,22.507002672372412,12.875849230774445
telecom_cluster_00293,syn_ts_258_9_3p0022,1.7910853624343872,2.4160446118510506,2.4160446118510506,41.04980782812319,28.200427425841212,28.200427425841212,22.83937559781237
telecom_cluster_00415,syn_ts_258_9_3p0022,1.057660460472107,13.99958853355093,13.99958853355093,29.672019631036566,11.866038119892952,11.866038119892952,11.25583167611249
telecom_cluster_00416,syn_ts_258_9_3p0022,3.6865603923797607,0.0,0.0,45.47811598585754,45.47811598585754,45.47811598585754,25.25542020966342
telecom_cluster_00422,syn_ts_258_9_3p0022,0.7623854875564575,23.01208273573745,23.01208273573745,28.817965830992744,5.805883095255293,5.805883095255293,2.243337473925969
telecom_cluster_00423,syn_ts_258_9_3p0022,0.2766104936599731,24.441487237122903,24.441487237122903,27.27637026561954,2.8348830284966375,2.8348830284966375,0.8139329725405169
telecom_cluster_00424,syn_ts_258_9_3p0022,0.4766353368759155,23.85290936696865,23.85290936696865,27.99146164189058,4.138552274921931,4.138552274921931,1.4025108426947703
telecom_cluster_00493,syn_ts_258_9_3p0022,2.0387353897094727,0.882446200194881,0.882446200194881,41.86596694492966,35.814449462622946,35.814449462622946,24.37297400946854
telecom_cluster_00569,syn_ts_258_9_3p0022,1.1433855295181274,13.713702848873726,13.713702848873726,29.943779698316714,13.711932633308994,13.711932633308994,11.541717360789693
telecom_cluster_00570,syn_ts_258_9_3p0022,0.5147353410720825,23.740799196241312,23.740799196241312,28.10166215446405,4.360862958222739,4.360862958222739,1.5146210134221079
telecom_cluster_00571,syn_ts_258_9_3p0022,0.8385854959487915,22.787862394282776,22.787862394282776,29.038366856139685,6.250504461856909,6.250504461856909,2.467557815380644
telecom_cluster_00586,syn_ts_258_9_3p0022,1.7148854732513428,11.807800007087227,11.807800007087227,40.68415480110054,25.548391526684203,25.548391526684203,13.447620202576193
telecom_cluster_00609,syn_ts_258_9_3p0022,0.7052353620529175,23.18024834260463,23.18024834260463,28.6526647173314,5.47241637472677,5.47241637472677,2.0751718670587884
telecom_cluster_00615,syn_ts_258_9_3p0022,0.8481103181838989,22.759835377765206,22.759835377765206,29.065916467081344,6.306081089316137,6.306081089316137,2.4955848318982135
telecom_cluster_00616,syn_ts_258_9_3p0022,1.5053354501724243,12.50663119484492,12.50663119484492,39.56718802858513,21.831138482525347,21.831138482525347,12.7487890148185
telecom_cluster_00628,syn_ts_258_9_3p0022,0.409960389137268,24.0491019903534,24.0491019903534,27.798610917287576,3.749508926934176,3.749508926934176,1.2063182193100204
telecom_cluster_00652,syn_ts_258_9_3p0022,1.4005603790283203,12.856046987500097,12.856046987500097,39.00870432461613,19.05942674923304,19.05942674923304,12.399373222163323
telecom_cluster_00658,syn_ts_258_9_3p0022,0.4766353368759155,23.85290936696865,23.85290936696865,27.99146164189058,4.138552274921931,4.138552274921931,1.4025108426947703
telecom_cluster_00695,syn_ts_258_9_3p0022,1.4005603790283203,12.856046987500097,12.856046987500097,39.00870432461613,19.05942674923304,19.05942674923304,12.399373222163323
telecom_cluster_00704,syn_ts_258_9_3p0022,0.1623104810714721,24.777817749304912,24.777817749304912,26.44128041136235,1.6634626620574373,1.6634626620574373,0.47760246035850784
telecom_cluster_00705,syn_ts_258_9_3p0022,0.3909105062484741,24.10515672494089,24.10515672494089,27.74351100580198,3.6383542808610905,3.6383542808610905,1.1502634847225295
telecom_cluster_00714,syn_ts_258_9_3p0022,1.7148854732513428,11.807800007087227,11.807800007087227,40.68415480110054,25.548391526684203,25.548391526684203,13.447620202576193
telecom_cluster_00715,syn_ts_258_9_3p0022,0.695710301399231,23.208276060674553,23.208276060674553,28.625114416787465,5.416838356112912,5.416838356112912,2.047144148988867
telecom_cluster_00738,syn_ts_258_9_3p0022,1.2767354249954224,13.268992490580583,13.268992490580583,30.3833034122911,16.60010603862096,16.60010603862096,11.986427719082837
telecom_cluster_00745,syn_ts_258_9_3p0022,0.6290353536605835,23.404468684059303,23.404468684059303,28.43226369218446,5.027795008125157,5.027795008125157,1.850951525604117
telecom_cluster_00753,syn_ts_258_9_3p0022,1.7148854732513428,11.807800007087227,11.807800007087227,40.68415480110054,25.548391526684203,25.548391526684203,13.447620202576193
telecom_cluster_00783,syn_ts_258_9_3p0022,1.3338853120803833,13.07840256419933,13.07840256419933,30.571670493756685,17.493267929557355,17.493267929557355,12.17701764546409
telecom_cluster_00784,syn_ts_258_9_3p0022,0.867160439491272,22.703779941625363,22.703779941625363,29.121017068169216,6.417237126543853,6.417237126543853,2.5516402680380565
telecom_cluster_00790,syn_ts_258_9_3p0022,0.2004104852676391,24.665707578577575,24.665707578577575,26.719643696114744,2.0539361175371695,2.0539361175371695,0.5897126310858454
telecom_cluster_00792,syn_ts_258_9_3p0022,1.0100353956222534,14.86637988697571,14.86637988697571,29.53426881791916,10.145801798887307,10.145801798887307,10.38904032268771
telecom_cluster_00832,syn_ts_258_9_3p0022,1.905385375022888,1.7082299603174353,1.7082299603174353,41.426496651264635,32.805055956729795,32.805055956729795,23.547190249345984
telecom_cluster_00833,syn_ts_258_9_3p0022,1.5243854522705078,12.443101086866948,12.443101086866948,39.66873046245016,22.169070577448878,22.169070577448878,12.812319122796472
telecom_cluster_00840,syn_ts_258_9_3p0022,4.972435474395752,0.0,0.0,45.47811598585754,45.47811598585754,45.47811598585754,25.25542020966342
telecom_cluster_00848,syn_ts_258_9_3p0022,0.448060393333435,23.936991819626066,23.936991819626066,27.908811429861046,3.9718196102349808,3.9718196102349808,1.3184283900373543
telecom_cluster_00849,syn_ts_258_9_3p0022,0.1718353033065796,24.749790732787343,24.749790732787343,26.510869926114,1.7610791933266583,1.7610791933266583,0.5056294768760772
telecom_cluster_00871,syn_ts_258_9_3p0022,1.2862604856491089,13.237227237815267,13.237227237815267,30.414698187812707,16.806405614376118,16.806405614376118,12.018192971848153
telecom_cluster_00879,syn_ts_258_9_3p0022,1.7053604125976562,11.839565259852543,11.839565259852543,40.63338326645673,25.37942442188279,25.37942442188279,13.415854949810877
telecom_cluster_00886,syn_ts_258_9_3p0022,0.1813603639602661,24.721763014717418,24.721763014717418,26.580461182780915,1.8586981680634977,1.8586981680634977,0.5336571949460023
telecom_cluster_00887,syn_ts_258_9_3p0022,4.6200103759765625,0.0,0.0,45.47811598585754,45.47811598585754,45.47811598585754,25.25542020966342
telecom_cluster_00923,syn_ts_258_9_3p0022,1.114810347557068,13.808998607169675,13.808998607169675,29.849595371751892,13.093033906043525,13.093033906043525,11.446421602493745
telecom_cluster_00943,syn_ts_258_9_3p0022,0.981460452079773,15.490298431438498,15.490298431438498,29.451618605889628,9.009817982867995,9.009817982867995,9.765121778224922
telecom_cluster_00944,syn_ts_258_9_3p0022,0.905260443687439,22.591669770898026,22.591669770898026,29.231217580742687,6.639547809844661,6.639547809844661,2.663750438765394
telecom_cluster_00958,syn_ts_258_9_3p0022,0.8004854917526245,22.899972565010113,22.899972565010113,28.928166343566215,6.028193778556101,6.028193778556101,2.3554476446533066
telecom_cluster_00984,syn_ts_258_9_3p0022,0.3718603849411011,24.161212161080737,24.161212161080737,27.68841040471411,3.5271982436333715,3.5271982436333715,1.0942080485826828
telecom_cluster_01000,syn_ts_258_9_3p0022,0.1146854162216186,24.91795563810217,24.91795563810217,26.093325869943037,1.1753702318408656,1.1753702318408656,0.33746457156124876
telecom_cluster_01020,syn_ts_258_9_3p0022,0.943360447883606,16.322191559302755,16.322191559302755,29.341418093316157,7.545738647335877,7.545738647335877,8.933228650360665
telecom_cluster_01031,syn_ts_258_9_3p0022,0.4766353368759155,23.85290936696865,23.85290936696865,27.99146164189058,4.138552274921931,4.138552274921931,1.4025108426947703
telecom_cluster_01046,syn_ts_258_9_3p0022,1.3434103727340698,13.046637311434013,13.046637311434013,30.603065269278293,17.556427957844278,17.556427957844278,12.208782898229407
telecom_cluster_01096,syn_ts_258_9_3p0022,1.5910604000091553,12.220745907720376,12.220745907720376,40.02412866326651,23.351831852341597,23.351831852341597,13.034674301943044
telecom_cluster_01159,syn_ts_258_9_3p0022,0.3242353200912475,24.301350049877996,24.301350049877996,27.550659591596702,3.2493095417187057,3.2493095417187057,0.9540701597854238
telecom_cluster_01183,syn_ts_258_9_3p0022,1.6005854606628418,12.18898065495506,12.18898065495506,40.07490019791031,23.520798957143008,23.520798957143008,13.06643955470836
telecom_cluster_01202,syn_ts_258_9_3p0022,2.8578853607177734,0.0,0.0,45.47811598585754,45.47811598585754,45.47811598585754,25.25542020966342
telecom_cluster_01218,syn_ts_258_9_3p0022,1.4196103811264038,12.792516879522124,12.792516879522124,39.11024675848117,19.606163520720884,19.606163520720884,12.462903330141296
telecom_cluster_01220,syn_ts_258_9_3p0022,0.3432854413986206,24.24529461373815,24.24529461373815,27.605760192684574,3.3604655789464246,3.3604655789464246,1.0101255959252704
telecom_cluster_01237,syn_ts_258_9_3p0022,1.8196604251861572,2.239090579859718,2.239090579859718,41.14398023034251,29.564024212618452,29.564024212618452,23.016329629803703
telecom_cluster_01668,syn_ts_258_9_3p0022,1.000510334968567,15.074354470377179,15.074354470377179,29.506718517375223,9.767137367473667,9.767137367473667,10.181065739286241
telecom_cluster_01684,syn_ts_258_9_3p0022,1.1814855337142944,13.586642632917783,13.586642632917783,30.069358014571115,14.537125772514564,14.537125772514564,11.668777576745637
telecom_cluster_01690,syn_ts_258_9_3p0022,0.733810305595398,23.096165889947216,23.096165889947216,28.735314929360936,5.63914903941372,5.63914903941372,2.1592543197162044
telecom_cluster_01693,syn_ts_258_9_3p0022,1.4291354417800903,12.760751626756807,12.760751626756807,39.161018293124975,19.879533617123474,19.879533617123474,12.494668582906613
telecom_cluster_01696,syn_ts_258_9_3p0022,1.1624354124069214,13.650173138448416,13.650173138448416,30.0065684635279,14.124526621004247,14.124526621004247,11.605247071215004
telecom_cluster_01697,syn_ts_258_9_3p0022,1.3053103685379028,13.173697527389956,13.173697527389956,30.47748695302389,17.21899960207137,17.21899960207137,12.081722682273464
telecom_cluster_01698,syn_ts_258_9_3p0022,1.3053103685379028,13.173697527389956,13.173697527389956,30.47748695302389,17.21899960207137,17.21899960207137,12.081722682273464
telecom_cluster_01699,syn_ts_258_9_3p0022,1.3053103685379028,13.173697527389956,13.173697527389956,30.47748695302389,17.21899960207137,17.21899960207137,12.081722682273464
telecom_cluster_01701,syn_ts_258_9_3p0022,1.000510334968567,15.074354470377179,15.074354470377179,29.506718517375223,9.767137367473667,9.767137367473667,10.181065739286241
telecom_cluster_01703,syn_ts_258_9_3p0022,1.6577354669570925,11.998390331021142,11.998390331021142,40.37952749950543,24.534595241913614,24.534595241913614,13.257029878642278
telecom_cluster_01704,syn_ts_258_9_3p0022,1.4767603874206543,12.601926555588209,12.601926555588209,39.41487406007628,21.246373835184436,21.246373835184436,12.653493654075211
telecom_cluster_01715,syn_ts_258_9_3p0022,0.4956854581832886,23.796853930828807,23.796853930828807,28.046562242978453,4.249708312149647,4.249708312149647,1.4585662788346134
telecom_cluster_01716,syn_ts_258_9_3p0022,1.3053103685379028,13.173697527389956,13.173697527389956,30.47748695302389,17.21899960207137,17.21899960207137,12.081722682273464
telecom_cluster_01717,syn_ts_258_9_3p0022,0.752860426902771,23.040110453807372,23.040110453807372,28.790415530448808,5.750305076641435,5.750305076641435,2.2153097558560475
telecom_cluster_01718,syn_ts_258_9_3p0022,0.6480854749679565,23.34841324791946,23.34841324791946,28.487364293272336,5.138951045352876,5.138951045352876,1.90700696174396
telecom_cluster_01719,syn_ts_258_9_3p0022,0.2575603723526001,24.497542673262746,24.497542673262746,27.137187752285712,2.6396450790229657,2.6396450790229657,0.7578775364006738
telecom_cluster_01731,syn_ts_258_9_3p0022,0.2861353158950805,24.413460220605334,24.413460220605334,27.345959780371192,2.9324995597658585,2.9324995597658585,0.8419599890580862
telecom_cluster_01734,syn_ts_258_9_3p0022,0.5052105188369751,23.76882621275888,23.76882621275888,28.07411254352239,4.305286330763508,4.305286330763508,1.4865939969045385
telecom_cluster_01746,syn_ts_258_9_3p0022,0.562360405921936,23.600661307444053,23.600661307444053,28.23941296758146,4.638751660137405,4.638751660137405,1.654758902219367
telecom_cluster_01747,syn_ts_258_9_3p0022,0.0861104726791381,25.002038090759584,25.002038090759584,25.884553841857553,0.8825157510979693,0.8825157510979693,0.25338211890383633
telecom_cluster_01749,syn_ts_258_9_3p0022,3.2007853984832764,0.0,0.0,45.47811598585754,45.47811598585754,45.47811598585754,25.25542020966342
telecom_cluster_01750,syn_ts_258_9_3p0022,1.2005354166030884,13.523112922492473,13.523112922492473,30.1321467797823,14.949719760209817,14.949719760209817,11.732307287170947
telecom_cluster_01751,syn_ts_258_9_3p0022,1.6005854606628418,12.18898065495506,12.18898065495506,40.07490019791031,23.520798957143008,23.520798957143008,13.06643955470836
telecom_cluster_01769,syn_ts_258_9_3p0022,0.542169988155365,23.66007209310203,23.66007209310203,28.181014171206193,4.520942078104163,4.520942078104163,1.5953481165613894
telecom_cluster_01774,syn_ts_258_9_3p0022,0.2385104894638061,24.553597407850237,24.553597407850237,26.998006980867142,2.4444095730169053,2.4444095730169053,0.7018228018131829
telecom_cluster_01775,syn_ts_258_9_3p0022,0.2766104936599731,24.441487237122903,24.441487237122903,27.27637026561954,2.8348830284966375,2.8348830284966375,0.8139329725405169
telecom_cluster_01826,syn_ts_258_9_3p0022,1.257685303688049,13.33252299611122,13.33252299611122,30.320513861247882,16.187506887110633,16.187506887110633,11.9228972135522
telecom_cluster_01827,syn_ts_258_9_3p0022,1.1814855337142944,13.586642632917783,13.586642632917783,30.069358014571115,14.537125772514564,14.537125772514564,11.668777576745637
telecom_cluster_01843,syn_ts_258_9_3p0022,0.1242104768753051,24.889927920032246,24.889927920032246,26.16291712660995,1.272989206577705,1.272989206577705,0.36549228963117386
telecom_cluster_01861,syn_ts_258_9_3p0022,0.8576353788375854,22.731807659695285,22.731807659695285,29.09346676762528,6.361659107929995,6.361659107929995,2.523612549968135
telecom_cluster_01862,syn_ts_258_9_3p0022,0.1432603597640991,24.833873185444755,24.833873185444755,26.302097898028517,1.468224712583762,1.468224712583762,0.42154702421866475
telecom_cluster_01863,syn_ts_258_9_3p0022,1.8482353687286377,2.0621372860842424,2.0621372860842424,41.23815223969392,30.927615310750138,30.927615310750138,23.193282923579176
telecom_cluster_01868,syn_ts_258_9_3p0022,2.9721853733062744,0.0,0.0,45.47811598585754,45.47811598585754,45.47811598585754,25.25542020966342
telecom_cluster_01869,syn_ts_258_9_3p0022,1.3815103769302368,12.919577095478068,12.919577095478068,38.90716189075109,18.51268997774519,18.51268997774519,12.335843114185352
telecom_cluster_01872,syn_ts_258_9_3p0022,0.3718603849411011,24.161212161080737,24.161212161080737,27.68841040471411,3.5271982436333715,3.5271982436333715,1.0942080485826828
telecom_cluster_01886,syn_ts_258_9_3p0022,0.6195105314254761,23.432495700576872,23.432495700576872,28.4047140812428,4.972218380665929,4.972218380665929,1.8229245090865476
telecom_cluster_01888,syn_ts_258_9_3p0022,0.1813603639602661,24.721763014717418,24.721763014717418,26.580461182780915,1.8586981680634977,1.8586981680634977,0.5336571949460023
telecom_cluster_01889,syn_ts_258_9_3p0022,0.6195105314254761,23.432495700576872,23.432495700576872,28.4047140812428,4.972218380665929,4.972218380665929,1.8229245090865476
telecom_cluster_01897,syn_ts_258_9_3p0022,2.1530354022979736,0.17463154866126415,0.17463154866126415,42.2426557680711,38.35800946740549,38.35800946740549,25.080788661002156
telecom_cluster_01898,syn_ts_258_9_3p0022,2.1720855236053467,0.0566617018564711,0.0566617018564711,42.30543763146259,38.77894494725685,38.77894494725685,25.19875850780695
telecom_cluster_01899,syn_ts_258_9_3p0022,1.2386354207992554,13.396052706536528,13.396052706536528,30.2577250960367,15.774912899415392,15.774912899415392,11.859367503126892
telecom_cluster_01903,syn_ts_258_9_3p0022,0.1146854162216186,24.91795563810217,24.91795563810217,26.093325869943037,1.1753702318408656,1.1753702318408656,0.33746457156124876
telecom_cluster_01917,syn_ts_258_9_3p0022,0.2670854330062866,24.469514955192825,24.469514955192825,27.206779008952626,2.7372640537598016,2.7372640537598016,0.7859052544705953
telecom_cluster_01919,syn_ts_258_9_3p0022,0.3909105062484741,24.10515672494089,24.10515672494089,27.74351100580198,3.6383542808610905,3.6383542808610905,1.1502634847225295
telecom_cluster_01920,syn_ts_258_9_3p0022,0.867160439491272,22.703779941625363,22.703779941625363,29.121017068169216,6.417237126543853,6.417237126543853,2.5516402680380565
telecom_cluster_01921,syn_ts_258_9_3p0022,0.867160439491272,22.703779941625363,22.703779941625363,29.121017068169216,6.417237126543853,6.417237126543853,2.5516402680380565
telecom_cluster_01929,syn_ts_258_9_3p0022,2.4578354358673096,0.0,0.0,43.27214524372413,43.27214524372413,43.27214524372413,25.25542020966342
telecom_cluster_01946,syn_ts_258_9_3p0022,0.9909855127334596,15.282323848037029,15.282323848037029,29.479168906433564,9.388482414281635,9.388482414281635,9.973096361626391
telecom_cluster_01948,syn_ts_258_9_3p0022,0.8385854959487915,22.787862394282776,22.787862394282776,29.038366856139685,6.250504461856909,6.250504461856909,2.467557815380644
telecom_cluster_01949,syn_ts_258_9_3p0022,0.8576353788375854,22.731807659695285,22.731807659695285,29.09346676762528,6.361659107929995,6.361659107929995,2.523612549968135
telecom_cluster_01950,syn_ts_258_9_3p0022,0.1337352991104126,24.86190090351468,24.86190090351468,26.232506641361603,1.3706057378469225,1.3706057378469225,0.39351930614873964
telecom_cluster_01951,syn_ts_258_9_3p0022,0.7719103097915649,22.98405571921988,22.98405571921988,28.845515441934403,5.861459722714521,5.861459722714521,2.2713644904435384
telecom_cluster_01952,syn_ts_258_9_3p0022,0.867160439491272,22.703779941625363,22.703779941625363,29.121017068169216,6.417237126543853,6.417237126543853,2.5516402680380565
telecom_cluster_01953,syn_ts_258_9_3p0022,0.6195105314254761,23.432495700576872,23.432495700576872,28.4047140812428,4.972218380665929,4.972218380665929,1.8229245090865476
telecom_cluster_01966,syn_ts_258_9_3p0022,3.3150854110717773,0.0,0.0,45.47811598585754,45.47811598585754,45.47811598585754,25.25542020966342
telecom_cluster_01967,syn_ts_258_9_3p0022,1.9339604377746584,1.5312759283260997,1.5312759283260997,41.52066905348396,33.44992733884236,33.44992733884236,23.72414428133732
telecom_cluster_01984,syn_ts_258_9_3p0022,0.4004353284835815,24.07712970842332,24.07712970842332,27.77106061674364,3.6939309083203185,3.6939309083203185,1.1782905012400988
telecom_cluster_01988,syn_ts_258_9_3p0022,0.7052353620529175,23.18024834260463,23.18024834260463,28.6526647173314,5.47241637472677,5.47241637472677,2.0751718670587884
telecom_cluster_01989,syn_ts_258_9_3p0022,0.3909105062484741,24.10515672494089,24.10515672494089,27.74351100580198,3.6383542808610905,3.6383542808610905,1.1502634847225295
telecom_cluster_01990,syn_ts_258_9_3p0022,0.1718353033065796,24.749790732787343,24.749790732787343,26.510869926114,1.7610791933266583,1.7610791933266583,0.5056294768760772
telecom_cluster_01992,syn_ts_258_9_3p0022,0.1242104768753051,24.889927920032246,24.889927920032246,26.16291712660995,1.272989206577705,1.272989206577705,0.36549228963117386
telecom_cluster_01993,syn_ts_258_9_3p0022,0.5337854623794556,23.68474376010147,23.68474376010147,28.156762755551924,4.472018995450455,4.472018995450455,1.570676449561951
telecom_cluster_01994,syn_ts_258_9_3p0022,0.6099854707717896,23.460523418646794,23.460523418646794,28.377163780698865,4.916640362052071,4.916640362052071,1.794896791016626
telecom_cluster_02023,syn_ts_258_9_3p0022,0.0289603490382432,25.17020369214589,25.17020369214589,25.46700805738004,0.29680436523414855,0.29680436523414855,0.08521651751753012
telecom_cluster_02025,syn_ts_258_9_3p0022,0.2670854330062866,24.469514955192825,24.469514955192825,27.206779008952626,2.7372640537598016,2.7372640537598016,0.7859052544705953
telecom_cluster_02028,syn_ts_258_9_3p0022,0.7623854875564575,23.01208273573745,23.01208273573745,28.817965830992744,5.805883095255293,5.805883095255293,2.243337473925969
telecom_cluster_02029,syn_ts_258_9_3p0022,0.7242854833602905,23.124192906464785,23.124192906464785,28.707765318419273,5.5835724119544885,5.5835724119544885,2.131227303198635
telecom_cluster_02031,syn_ts_258_9_3p0022,0.3909105062484741,24.10515672494089,24.10515672494089,27.74351100580198,3.6383542808610905,3.6383542808610905,1.1502634847225295
telecom_cluster_02032,syn_ts_258_9_3p0022,0.3909105062484741,24.10515672494089,24.10515672494089,27.74351100580198,3.6383542808610905,3.6383542808610905,1.1502634847225295
telecom_cluster_02033,syn_ts_258_9_3p0022,0.4004353284835815,24.07712970842332,24.07712970842332,27.77106061674364,3.6939309083203185,3.6939309083203185,1.1782905012400988
telecom_cluster_02034,syn_ts_258_9_3p0022,0.867160439491272,22.703779941625363,22.703779941625363,29.121017068169216,6.417237126543853,6.417237126543853,2.5516402680380565
telecom_cluster_02035,syn_ts_258_9_3p0022,0.8195353746414185,22.843917830422622,22.843917830422622,28.98326625505181,6.139348424629187,6.139348424629187,2.4115023792407975
telecom_cluster_02074,syn_ts_258_9_3p0022,0.1051603555679321,24.945983356172093,24.945983356172093,26.02373461327612,1.0777512571040262,1.0777512571040262,0.3094368534913272
telecom_cluster_02075,syn_ts_258_9_3p0022,0.0861104726791381,25.002038090759584,25.002038090759584,25.884553841857553,0.8825157510979693,0.8825157510979693,0.25338211890383633
telecom_cluster_02087,syn_ts_258_9_3p0022,1.257685303688049,13.33252299611122,13.33252299611122,30.320513861247882,16.187506887110633,16.187506887110633,11.9228972135522
telecom_cluster_02088,syn_ts_258_9_3p0022,0.4004353284835815,24.07712970842332,24.07712970842332,27.77106061674364,3.6939309083203185,3.6939309083203185,1.1782905012400988
telecom_cluster_02105,syn_ts_258_9_3p0022,1.0671855211257937,13.967823280785613,13.967823280785613,29.699569931580506,12.068493220670454,12.068493220670454,11.287596928877807
telecom_cluster_02107,syn_ts_258_9_3p0022,1.4196103811264038,12.792516879522124,12.792516879522124,39.11024675848117,19.606163520720884,19.606163520720884,12.462903330141296
telecom_cluster_02108,syn_ts_258_9_3p0022,0.2575603723526001,24.497542673262746,24.497542673262746,27.137187752285712,2.6396450790229657,2.6396450790229657,0.7578775364006738
telecom_cluster_02109,syn_ts_258_9_3p0022,0.3909105062484741,24.10515672494089,24.10515672494089,27.74351100580198,3.6383542808610905,3.6383542808610905,1.1502634847225295
telecom_cluster_02110,syn_ts_258_9_3p0022,0.524260401725769,23.71277147817139,23.71277147817139,28.129212455007988,4.416440976836597,4.416440976836597,1.5426487314920294
telecom_cluster_02111,syn_ts_258_9_3p0022,0.2956603765487671,24.38543250253541,24.38543250253541,27.415551037038107,3.030118534502698,3.030118534502698,0.8699877071280113
telecom_cluster_02128,syn_ts_258_9_3p0022,1.2672103643417358,13.300757743345901,13.300757743345901,30.351908636769494,16.393806462865804,16.393806462865804,11.954662466317519
telecom_cluster_02147,syn_ts_258_9_3p0022,0.486160397529602,23.824881648898728,23.824881648898728,28.019011942434517,4.194130293535789,4.194130293535789,1.4305385607646919
telecom_cluster_02157,syn_ts_258_9_3p0022,0.1146854162216186,24.91795563810217,24.91795563810217,26.093325869943037,1.1753702318408656,1.1753702318408656,0.33746457156124876
telecom_cluster_02178,syn_ts_258_9_3p0022,0.7623854875564575,23.01208273573745,23.01208273573745,28.817965830992744,5.805883095255293,5.805883095255293,2.243337473925969
telecom_cluster_02179,syn_ts_258_9_3p0022,1.6577354669570925,11.998390331021142,11.998390331021142,40.37952749950543,24.534595241913614,24.534595241913614,13.257029878642278
telecom_cluster_02221,syn_ts_258_9_3p0022,1.4958103895187378,12.538396447610236,12.538396447610236,39.51641649394132,21.662171377723933,21.662171377723933,12.717023762053184
telecom_cluster_02222,syn_ts_258_9_3p0022,1.3053103685379028,13.173697527389956,13.173697527389956,30.47748695302389,17.21899960207137,17.21899960207137,12.081722682273464
telecom_cluster_02223,syn_ts_258_9_3p0022,0.676660418510437,23.264330795262044,23.264330795262044,28.570014505301867,5.305683710039823,5.305683710039823,1.991089414401376
telecom_cluster_02225,syn_ts_258_9_3p0022,2.143510580062866,0.2336149956319468,0.2336149956319468,42.211265622111185,38.14754699562678,38.14754699562678,25.021805214031474
telecom_cluster_02226,syn_ts_258_9_3p0022,2.9150354862213135,0.0,0.0,45.47811598585754,45.47811598585754,45.47811598585754,25.25542020966342
telecom_cluster_02267,syn_ts_258_9_3p0022,1.4481854438781738,12.697221518778836,12.697221518778836,39.26256072699001,20.42627038861132,20.42627038861132,12.558198690884584
telecom_cluster_02268,syn_ts_258_9_3p0022,1.5910604000091553,12.220745907720376,12.220745907720376,40.02412866326651,23.351831852341597,23.351831852341597,13.034674301943044
telecom_cluster_02316,syn_ts_258_9_3p0022,1.4291354417800903,12.760751626756807,12.760751626756807,39.161018293124975,19.879533617123474,19.879533617123474,12.494668582906613
telecom_cluster_02478,syn_ts_258_9_3p0022,1.191010355949402,13.554878175257787,13.554878175257787,30.10075200426069,14.743420184454667,14.743420184454667,11.700542034405633
telecom_cluster_02479,syn_ts_258_9_3p0022,2.8578853607177734,0.0,0.0,45.47811598585754,45.47811598585754,45.47811598585754,25.25542020966342
telecom_cluster_02486,syn_ts_258_9_3p0022,0.2575603723526001,24.497542673262746,24.497542673262746,27.137187752285712,2.6396450790229657,2.6396450790229657,0.7578775364006738
telecom_cluster_02487,syn_ts_258_9_3p0022,0.8100103139877319,22.871945548492544,22.871945548492544,28.955715954507873,6.083770406015329,6.083770406015329,2.383474661170876
telecom_cluster_02523,syn_ts_258_9_3p0022,1.3529354333877563,13.014872058668695,13.014872058668695,38.75484855766482,17.692586531172076,17.692586531172076,12.240548150994725
telecom_cluster_02525,syn_ts_258_9_3p0022,2.105410575866699,0.46955321280981904,0.46955321280981904,42.085702681064035,37.30568130407102,37.30568130407102,24.7858669968536
telecom_cluster_02529,syn_ts_258_9_3p0022,0.7052353620529175,23.18024834260463,23.18024834260463,28.6526647173314,5.47241637472677,5.47241637472677,2.0751718670587884
telecom_cluster_02532,syn_ts_258_9_3p0022,0.6861854791641235,23.236303077192122,23.236303077192122,28.597564805845803,5.36126172865368,5.36126172865368,2.0191171324712975
telecom_cluster_02576,syn_ts_258_9_3p0022,1.4767603874206543,12.601926555588209,12.601926555588209,39.41487406007628,21.246373835184436,21.246373835184436,12.653493654075211
telecom_cluster_02579,syn_ts_258_9_3p0022,0.0289603490382432,25.17020369214589,25.17020369214589,25.46700805738004,0.29680436523414855,0.29680436523414855,0.08521651751753012
telecom_cluster_02580,syn_ts_258_9_3p0022,1.2005354166030884,13.523112922492473,13.523112922492473,30.1321467797823,14.949719760209817,14.949719760209817,11.732307287170947
telecom_cluster_02582,syn_ts_258_9_3p0022,1.3815103769302368,12.919577095478068,12.919577095478068,38.90716189075109,18.51268997774519,18.51268997774519,12.335843114185352
telecom_cluster_02583,syn_ts_258_9_3p0022,1.2957853078842163,13.205462780155273,13.205462780155273,30.446092177502283,17.012700026316214,17.012700026316214,12.049957429508147
telecom_cluster_02626,syn_ts_258_9_3p0022,0.448060393333435,23.936991819626066,23.936991819626066,27.908811429861046,3.9718196102349808,3.9718196102349808,1.3184283900373543
telecom_cluster_02634,syn_ts_258_9_3p0022,1.095760464668274,13.872528317594988,13.872528317594988,29.786806606540708,12.680439918348267,12.680439918348267,11.382891892068432
telecom_cluster_02635,syn_ts_258_9_3p0022,1.905385375022888,1.7082299603174353,1.7082299603174353,41.426496651264635,32.805055956729795,32.805055956729795,23.547190249345984
telecom_cluster_02683,syn_ts_258_9_3p0022,1.2005354166030884,13.523112922492473,13.523112922492473,30.1321467797823,14.949719760209817,14.949719760209817,11.732307287170947
telecom_cluster_02684,syn_ts_258_9_3p0022,0.409960389137268,24.0491019903534,24.0491019903534,27.798610917287576,3.749508926934176,3.749508926934176,1.2063182193100204
telecom_cluster_02690,syn_ts_258_9_3p0022,0.6480854749679565,23.34841324791946,23.34841324791946,28.487364293272336,5.138951045352876,5.138951045352876,1.90700696174396
telecom_cluster_02692,syn_ts_258_9_3p0022,1.3719853162765503,12.951342348243385,12.951342348243385,38.85639035610729,18.23931988134261,18.23931988134261,12.304077861420035
telecom_cluster_02694,syn_ts_258_9_3p0022,0.2194603681564331,24.609652843990084,24.609652843990084,26.858824467533314,2.24917162354323,2.24917162354323,0.6457673656733363
telecom_cluster_02695,syn_ts_258_9_3p0022,0.2194603681564331,24.609652843990084,24.609652843990084,26.858824467533314,2.24917162354323,2.24917162354323,0.6457673656733363
telecom_cluster_02734,syn_ts_258_9_3p0022,1.7148854732513428,11.807800007087227,11.807800007087227,40.68415480110054,25.548391526684203,25.548391526684203,13.447620202576193
telecom_cluster_02735,syn_ts_258_9_3p0022,0.8100103139877319,22.871945548492544,22.871945548492544,28.955715954507873,6.083770406015329,6.083770406015329,2.383474661170876
telecom_cluster_02740,syn_ts_258_9_3p0022,0.6861854791641235,23.236303077192122,23.236303077192122,28.597564805845803,5.36126172865368,5.36126172865368,2.0191171324712975
telecom_cluster_02741,syn_ts_258_9_3p0022,1.5053354501724243,12.50663119484492,12.50663119484492,39.56718802858513,21.831138482525347,21.831138482525347,12.7487890148185
telecom_cluster_02750,syn_ts_258_9_3p0022,1.3148354291915894,13.14193227462464,13.14193227462464,30.5088817285455,17.36694945392086,17.36694945392086,12.11348793503878
telecom_cluster_02763,syn_ts_258_9_3p0022,1.7148854732513428,11.807800007087227,11.807800007087227,40.68415480110054,25.548391526684203,25.548391526684203,13.447620202576193
telecom_cluster_02764,syn_ts_258_9_3p0022,1.7148854732513428,11.807800007087227,11.807800007087227,40.68415480110054,25.548391526684203,25.548391526684203,13.447620202576193
telecom_cluster_02786,syn_ts_258_9_3p0022,0.8862103223800659,22.647725207037873,22.647725207037873,29.176116979654815,6.528391772616942,6.528391772616942,2.6076950026255474
telecom_cluster_02793,syn_ts_258_9_3p0022,1.7529853582382202,2.6519828290289227,2.6519828290289227,40.88723903340804,26.57875470179335,26.57875470179335,22.603437380634496
telecom_cluster_02794,syn_ts_258_9_3p0022,1.5910604000091553,12.220745907720376,12.220745907720376,40.02412866326651,23.351831852341597,23.351831852341597,13.034674301943044
telecom_cluster_02797,syn_ts_258_9_3p0022,0.4290105104446411,23.993046554213556,23.993046554213556,27.85371151837545,3.860664964161895,3.860664964161895,1.2623736554498635
telecom_cluster_02812,syn_ts_258_9_3p0022,1.7148854732513428,11.807800007087227,11.807800007087227,40.68415480110054,25.548391526684203,25.548391526684203,13.447620202576193
telecom_cluster_02813,syn_ts_258_9_3p0022,1.7148854732513428,11.807800007087227,11.807800007087227,40.68415480110054,25.548391526684203,25.548391526684203,13.447620202576193
telecom_cluster_02832,syn_ts_258_9_3p0022,1.3529354333877563,13.014872058668695,13.014872058668695,38.75484855766482,17.692586531172076,17.692586531172076,12.240548150994725
telecom_cluster_02839,syn_ts_258_9_3p0022,1.6577354669570925,11.998390331021142,11.998390331021142,40.37952749950543,24.534595241913614,24.534595241913614,13.257029878642278
telecom_cluster_02842,syn_ts_258_9_3p0022,0.4194854497909546,24.021074272283478,24.021074272283478,27.826161217831515,3.8050869455480374,3.8050869455480374,1.234345937379942
telecom_cluster_02843,syn_ts_258_9_3p0022,0.4575854539871216,23.90896410155614,23.90896410155614,27.936361730404982,4.027397628848842,4.027397628848842,1.3464561081072794
telecom_cluster_02844,syn_ts_258_9_3p0022,2.0958855152130127,0.5285381362122156,0.5285381362122156,42.05431174936829,37.09521356414533,37.09521356414533,24.726882073451204
telecom_cluster_02845,syn_ts_258_9_3p0022,0.4385353326797485,23.965019537695987,23.965019537695987,27.88126112931711,3.916241591621123,3.916241591621123,1.2904006719674328
telecom_cluster_02863,syn_ts_258_9_3p0022,1.7148854732513428,11.807800007087227,11.807800007087227,40.68415480110054,25.548391526684203,25.548391526684203,13.447620202576193
telecom_cluster_02864,syn_ts_258_9_3p0022,0.63856041431427,23.37644096598938,23.37644096598938,28.459813992728396,5.0833730267390145,5.0833730267390145,1.8789792436740385
telecom_cluster_02891,syn_ts_258_9_3p0022,1.5815354585647583,12.252510762933031,12.252510762933031,39.973357764045275,23.182866862219473,23.182866862219473,13.002909446730389
telecom_cluster_02900,syn_ts_258_9_3p0022,1.210060477256775,13.491347669727155,13.491347669727155,30.163541555303908,15.15601933596498,15.15601933596498,11.764072539936265
telecom_cluster_02901,syn_ts_258_9_3p0022,1.057660460472107,13.99958853355093,13.99958853355093,29.672019631036566,11.866038119892952,11.866038119892952,11.25583167611249
telecom_cluster_02902,syn_ts_258_9_3p0022,0.0670603513717651,25.05809352689943,25.05809352689943,25.745371328523724,0.687277801624294,0.687277801624294,0.19732668276398968
telecom_cluster_02918,syn_ts_258_9_3p0022,1.7148854732513428,11.807800007087227,11.807800007087227,40.68415480110054,25.548391526684203,25.548391526684203,13.447620202576193
telecom_cluster_02947,syn_ts_258_9_3p0022,1.6767854690551758,11.93486022304317,11.93486022304317,40.48106993337046,24.872527336837138,24.872527336837138,13.32055998662025
telecom_cluster_02948,syn_ts_258_9_3p0022,0.7814353704452515,22.956028001149956,22.956028001149956,28.87306574247834,5.917037741328382,5.917037741328382,2.2993922085134635
telecom_cluster_02954,syn_ts_258_9_3p0022,0.3147104978561401,24.329377066395566,24.329377066395566,27.52310998065504,3.193732914259474,3.193732914259474,0.9260431432678544
telecom_cluster_02955,syn_ts_258_9_3p0022,1.000510334968567,15.074354470377179,15.074354470377179,29.506718517375223,9.767137367473667,9.767137367473667,10.181065739286241
telecom_cluster_02957,syn_ts_258_9_3p0022,1.1052855253219604,13.840763064829671,13.840763064829671,29.818201382062316,12.886739494103422,12.886739494103422,11.414657144833749
telecom_cluster_02959,syn_ts_258_9_3p0022,0.8004854917526245,22.899972565010113,22.899972565010113,28.928166343566215,6.028193778556101,6.028193778556101,2.3554476446533066
telecom_cluster_02980,syn_ts_258_9_3p0022,1.7148854732513428,11.807800007087227,11.807800007087227,40.68415480110054,25.548391526684203,25.548391526684203,13.447620202576193
telecom_cluster_02981,syn_ts_258_9_3p0022,0.1242104768753051,24.889927920032246,24.889927920032246,26.16291712660995,1.272989206577705,1.272989206577705,0.36549228963117386
telecom_cluster_03010,syn_ts_258_9_3p0022,2.048260450363159,0.8234612767924844,0.8234612767924844,41.8973578766254,36.029407486750756,36.029407486750756,24.431958932870934
telecom_cluster_03011,syn_ts_258_9_3p0022,0.3718603849411011,24.161212161080737,24.161212161080737,27.68841040471411,3.5271982436333715,3.5271982436333715,1.0942080485826828
telecom_cluster_03041,syn_ts_258_9_3p0022,0.7433353662490845,23.068138171877294,23.068138171877294,28.76286522990487,5.694727058027578,5.694727058027578,2.187282037786126
telecom_cluster_03042,syn_ts_258_9_3p0022,1.9815853834152224,1.2363535259616878,1.2363535259616878,41.677622533358935,34.52470938866875,34.52470938866875,24.01906668370173
telecom_cluster_03043,syn_ts_258_9_3p0022,1.6386854648590088,12.061920438999115,12.061920438999115,40.27798506564039,24.19666314699007,24.19666314699007,13.193499770664305
telecom_cluster_03071,syn_ts_258_9_3p0022,1.4767603874206543,12.601926555588209,12.601926555588209,39.41487406007628,21.246373835184436,21.246373835184436,12.653493654075211
telecom_cluster_03096,syn_ts_258_9_3p0022,0.6671353578567505,23.29235851333197,23.29235851333197,28.54246420475793,5.250105691425961,5.250105691425961,1.963061696331451
telecom_cluster_03097,syn_ts_258_9_3p0022,0.5814105272293091,23.54460587130421,23.54460587130421,28.29451356866933,4.749907697365121,4.749907697365121,1.71081433835921
telecom_cluster_03098,syn_ts_258_9_3p0022,1.1624354124069214,13.650173138448416,13.650173138448416,30.0065684635279,14.124526621004247,14.124526621004247,11.605247071215004
telecom_cluster_03131,syn_ts_258_9_3p0022,0.4290105104446411,23.993046554213556,23.993046554213556,27.85371151837545,3.860664964161895,3.860664964161895,1.2623736554498635
telecom_cluster_03144,syn_ts_258_9_3p0022,0.790960431098938,22.928000283080035,22.928000283080035,28.90061604302228,5.972615759942244,5.972615759942244,2.327419926583385
telecom_cluster_03145,syn_ts_258_9_3p0022,0.0956355333328247,24.974010372689662,24.974010372689662,25.954145098524467,0.9801347258348052,0.9801347258348052,0.2814098369737579
telecom_cluster_03146,syn_ts_258_9_3p0022,1.5339103937149048,12.411336231654293,12.411336231654293,39.71950136167139,22.33803556757099,22.33803556757099,12.844083978009127
telecom_cluster_03197,syn_ts_258_9_3p0022,2.295910358428955,0.0,0.0,42.713516600563956,40.80486809705499,40.80486809705499,25.25542020966342
telecom_cluster_03205,syn_ts_258_9_3p0022,0.2766104936599731,24.441487237122903,24.441487237122903,27.27637026561954,2.8348830284966375,2.8348830284966375,0.8139329725405169
telecom_cluster_03206,syn_ts_258_9_3p0022,0.3718603849411011,24.161212161080737,24.161212161080737,27.68841040471411,3.5271982436333715,3.5271982436333715,1.0942080485826828
telecom_cluster_03207,syn_ts_258_9_3p0022,2.7626354694366455,0.0,0.0,45.47811598585754,45.47811598585754,45.47811598585754,25.25542020966342
telecom_cluster_03214,syn_ts_258_9_3p0022,1.6672604084014893,11.966625475808488,11.966625475808488,40.430298398726656,24.703560232035723,24.703560232035723,13.288794733854932
telecom_cluster_03250,syn_ts_258_9_3p0022,5.12483549118042,0.0,0.0,45.47811598585754,45.47811598585754,45.47811598585754,25.25542020966342
telecom_cluster_03261,syn_ts_258_9_3p0022,1.7053604125976562,11.839565259852543,11.839565259852543,40.63338326645673,25.37942442188279,25.37942442188279,13.415854949810877
telecom_cluster_03262,syn_ts_258_9_3p0022,2.2101855278015137,0.0,0.0,42.43100057250974,39.44153412349121,39.44153412349121,25.25542020966342
telecom_cluster_03304,syn_ts_258_9_3p0022,0.3813854455947876,24.133184443010816,24.133184443010816,27.715960705258045,3.5827762622472292,3.5827762622472292,1.1222357666526044
telecom_cluster_03305,syn_ts_258_9_3p0022,0.2956603765487671,24.38543250253541,24.38543250253541,27.415551037038107,3.030118534502698,3.030118534502698,0.8699877071280113
telecom_cluster_03306,syn_ts_258_9_3p0022,1.1814855337142944,13.586642632917783,13.586642632917783,30.069358014571115,14.537125772514564,14.537125772514564,11.668777576745637
telecom_cluster_03307,syn_ts_258_9_3p0022,2.7816853523254395,0.0,0.0,45.47811598585754,45.47811598585754,45.47811598585754,25.25542020966342
telecom_cluster_03308,syn_ts_258_9_3p0022,0.4004353284835815,24.07712970842332,24.07712970842332,27.77106061674364,3.6939309083203185,3.6939309083203185,1.1782905012400988
telecom_cluster_03328,syn_ts_258_9_3p0022,1.3434103727340698,13.046637311434013,13.046637311434013,30.603065269278293,17.556427957844278,17.556427957844278,12.208782898229407
telecom_cluster_03343,syn_ts_258_9_3p0022,0.2385104894638061,24.553597407850237,24.553597407850237,26.998006980867142,2.4444095730169053,2.4444095730169053,0.7018228018131829
telecom_cluster_03344,syn_ts_258_9_3p0022,0.0956355333328247,24.974010372689662,24.974010372689662,25.954145098524467,0.9801347258348052,0.9801347258348052,0.2814098369737579
telecom_cluster_03370,syn_ts_258_9_3p0022,1.4577103853225708,12.66545666356618,12.66545666356618,39.313331626211244,20.699637063696592,20.699637063696592,12.58996354609724
telecom_cluster_03371,syn_ts_258_9_3p0022,2.3625855445861816,0.0,0.0,42.93325233669833,41.86524402100274,41.86524402100274,25.25542020966342
telecom_cluster_03380,syn_ts_258_9_3p0022,0.8862103223800659,22.647725207037873,22.647725207037873,29.176116979654815,6.528391772616942,6.528391772616942,2.6076950026255474
telecom_cluster_03400,syn_ts_258_9_3p0022,1.5720103979110718,12.284276015698348,12.284276015698348,39.92258622940147,23.01389975741806,23.01389975741806,12.971144193965072
telecom_cluster_03401,syn_ts_258_9_3p0022,1.6386854648590088,12.061920438999115,12.061920438999115,40.27798506564039,24.19666314699007,24.19666314699007,13.193499770664305
telecom_cluster_03408,syn_ts_258_9_3p0022,0.1623104810714721,24.777817749304912,24.777817749304912,26.44128041136235,1.6634626620574373,1.6634626620574373,0.47760246035850784
telecom_cluster_03409,syn_ts_258_9_3p0022,0.1623104810714721,24.777817749304912,24.777817749304912,26.44128041136235,1.6634626620574373,1.6634626620574373,0.47760246035850784
telecom_cluster_03442,syn_ts_258_9_3p0022,0.1623104810714721,24.777817749304912,24.777817749304912,26.44128041136235,1.6634626620574373,1.6634626620574373,0.47760246035850784
telecom_cluster_03443,syn_ts_258_9_3p0022,0.8100103139877319,22.871945548492544,22.871945548492544,28.955715954507873,6.083770406015329,6.083770406015329,2.383474661170876
telecom_cluster_03475,syn_ts_258_9_3p0022,0.1242104768753051,24.889927920032246,24.889927920032246,26.16291712660995,1.272989206577705,1.272989206577705,0.36549228963117386
telecom_cluster_03500,syn_ts_258_9_3p0022,2.086360454559326,0.5875230596146122,0.5875230596146122,42.02292081767255,36.88474582421966,36.88474582421966,24.66789715004881
telecom_cluster_03502,syn_ts_258_9_3p0022,0.3909105062484741,24.10515672494089,24.10515672494089,27.74351100580198,3.6383542808610905,3.6383542808610905,1.1502634847225295
telecom_cluster_03505,syn_ts_258_9_3p0022,0.4956854581832886,23.796853930828807,23.796853930828807,28.046562242978453,4.249708312149647,4.249708312149647,1.4585662788346134
telecom_cluster_03524,syn_ts_258_9_3p0022,1.5053354501724243,12.50663119484492,12.50663119484492,39.56718802858513,21.831138482525347,21.831138482525347,12.7487890148185
telecom_cluster_03531,syn_ts_258_9_3p0022,0.5814105272293091,23.54460587130421,23.54460587130421,28.29451356866933,4.749907697365121,4.749907697365121,1.71081433835921
telecom_cluster_03536,syn_ts_258_9_3p0022,0.4004353284835815,24.07712970842332,24.07712970842332,27.77106061674364,3.6939309083203185,3.6939309083203185,1.1782905012400988
telecom_cluster_03564,syn_ts_258_9_3p0022,1.4386603832244873,12.728986771544152,12.728986771544152,39.2117891923462,20.15290029220874,20.15290029220874,12.526433438119268
telecom_cluster_03566,syn_ts_258_9_3p0022,0.1146854162216186,24.91795563810217,24.91795563810217,26.093325869943037,1.1753702318408656,1.1753702318408656,0.33746457156124876
telecom_cluster_03570,syn_ts_258_9_3p0022,1.0767103433609009,13.936058823125622,13.936058823125622,29.727119542522164,12.270943253862617,12.270943253862617,11.319361386537798
telecom_cluster_03571,syn_ts_258_9_3p0022,1.2672103643417358,13.300757743345901,13.300757743345901,30.351908636769494,16.393806462865804,16.393806462865804,11.954662466317519
telecom_cluster_03588,syn_ts_258_9_3p0022,1.171960473060608,13.6184078856831,13.6184078856831,30.037963239049507,14.330826196759409,14.330826196759409,11.63701232398032
telecom_cluster_03592,syn_ts_258_9_3p0022,0.3718603849411011,24.161212161080737,24.161212161080737,27.68841040471411,3.5271982436333715,3.5271982436333715,1.0942080485826828
telecom_cluster_03593,syn_ts_258_9_3p0022,0.1242104768753051,24.889927920032246,24.889927920032246,26.16291712660995,1.272989206577705,1.272989206577705,0.36549228963117386
telecom_cluster_03618,syn_ts_258_9_3p0022,1.7720353603363037,2.5340137204399866,2.5340137204399866,40.98702635759962,27.291364797538236,27.291364797538236,22.721406489223433
telecom_cluster_03630,syn_ts_258_9_3p0022,0.3051854372024536,24.357404784465487,24.357404784465487,27.485142293705024,3.1277375092395374,3.1277375092395374,0.8980154251979329
telecom_cluster_03645,syn_ts_258_9_3p0022,0.486160397529602,23.824881648898728,23.824881648898728,28.019011942434517,4.194130293535789,4.194130293535789,1.4305385607646919
telecom_cluster_03651,syn_ts_258_9_3p0022,2.5149855613708496,0.0,0.0,43.75443870475821,43.75443870475821,43.75443870475821,25.25542020966342
telecom_cluster_03674,syn_ts_258_9_3p0022,2.5717499256134033,0.0,0.0,44.233476702535555,44.233476702535555,44.233476702535555,25.25542020966342
telecom_cluster_03677,syn_ts_258_9_3p0022,0.4385353326797485,23.965019537695987,23.965019537695987,27.88126112931711,3.916241591621123,3.916241591621123,1.2904006719674328
telecom_cluster_03688,syn_ts_258_9_3p0022,0.981460452079773,15.490298431438498,15.490298431438498,29.451618605889628,9.009817982867995,9.009817982867995,9.765121778224922
telecom_cluster_03708,syn_ts_258_9_3p0022,2.619760513305664,0.0,0.0,44.63864103595327,44.63864103595327,44.63864103595327,25.25542020966342
telecom_cluster_03719,syn_ts_258_9_3p0022,0.2575603723526001,24.497542673262746,24.497542673262746,27.137187752285712,2.6396450790229657,2.6396450790229657,0.7578775364006738
telecom_cluster_03750,syn_ts_258_9_3p0022,0.3718603849411011,24.161212161080737,24.161212161080737,27.68841040471411,3.5271982436333715,3.5271982436333715,1.0942080485826828
telecom_cluster_03766,syn_ts_258_9_3p0022,1.2291103601455688,13.427817959301844,13.427817959301844,30.226330320515093,15.568613323660234,15.568613323660234,11.827602250361576
telecom_cluster_03799,syn_ts_258_9_3p0022,1.8482353687286377,2.0621372860842424,2.0621372860842424,41.23815223969392,30.927615310750138,30.927615310750138,23.193282923579176
telecom_cluster_03854,syn_ts_258_9_3p0022,0.2766104936599731,24.441487237122903,24.441487237122903,27.27637026561954,2.8348830284966375,2.8348830284966375,0.8139329725405169
telecom_cluster_03884,syn_ts_258_9_3p0022,0.2766104936599731,24.441487237122903,24.441487237122903,27.27637026561954,2.8348830284966375,2.8348830284966375,0.8139329725405169
telecom_cluster_03885,syn_ts_258_9_3p0022,0.5718854665756226,23.57263358937413,23.57263358937413,28.266963268125394,4.694329678751263,4.694329678751263,1.6827866202892885
telecom_cluster_03908,syn_ts_258_9_3p0022,0.7623854875564575,23.01208273573745,23.01208273573745,28.817965830992744,5.805883095255293,5.805883095255293,2.243337473925969
telecom_cluster_03925,syn_ts_258_9_3p0022,2.086360454559326,0.5875230596146122,0.5875230596146122,42.02292081767255,36.88474582421966,36.88474582421966,24.66789715004881
telecom_cluster_03926,syn_ts_258_9_3p0022,1.857760429382324,2.003152362681847,2.003152362681847,41.26954317138966,31.382149469224398,31.382149469224398,23.252267846981574
telecom_cluster_03951,syn_ts_258_9_3p0022,2.105410575866699,0.46955321280981904,0.46955321280981904,42.085702681064035,37.30568130407102,37.30568130407102,24.7858669968536
telecom_cluster_04005,syn_ts_258_9_3p0022,0.8957353830337524,22.619697488967947,22.619697488967947,29.20366728019875,6.583969791230803,6.583969791230803,2.6357227206954725
telecom_cluster_04006,syn_ts_258_9_3p0022,1.6767854690551758,11.93486022304317,11.93486022304317,40.48106993337046,24.872527336837138,24.872527336837138,13.32055998662025
telecom_cluster_04034,syn_ts_258_9_3p0022,1.6767854690551758,11.93486022304317,11.93486022304317,40.48106993337046,24.872527336837138,24.872527336837138,13.32055998662025
hospital_bellevue_hospital_center,syn_ts_258_9_3p0022,1.1529103517532349,13.681938391213734,13.681938391213734,29.97517368800629,13.918227045249086,13.918227045249086,11.573481818449686
hospital_coney_island_hospital,syn_ts_258_9_3p0022,1.1433855295181274,13.713702848873726,13.713702848873726,29.943779698316714,13.711932633308994,13.711932633308994,11.541717360789693
hospital_metropolitan_hospital_center,syn_ts_258_9_3p0022,0.9909855127334596,15.282323848037029,15.282323848037029,29.479168906433564,9.388482414281635,9.388482414281635,9.973096361626391
hospital_hospital_for_special_surgery,syn_ts_258_9_3p0022,0.6576105356216431,23.32038552984954,23.32038552984954,28.514914593816272,5.194529063966733,5.194529063966733,1.9350346798138816
subway_tottenville_sir,syn_ts_258_9_3p0022,1.1529103517532349,13.681938391213734,13.681938391213734,29.97517368800629,13.918227045249086,13.918227045249086,11.573481818449686
subway_richmond_valley_sir,syn_ts_258_9_3p0022,1.2005354166030884,13.523112922492473,13.523112922492473,30.1321467797823,14.949719760209817,14.949719760209817,11.732307287170947
subway_w_8_st_ny_aquarium_fq,syn_ts_258_9_3p0022,1.6101104021072388,12.157215799742405,12.157215799742405,40.125671097131544,23.689763947265128,23.689763947265128,13.098204409921015
subway_ocean_pkwy_q,syn_ts_258_9_3p0022,1.5720103979110718,12.284276015698348,12.284276015698348,39.92258622940147,23.01389975741806,23.01389975741806,12.971144193965072
subway_coney_island_stillwell_av_dfnq,syn_ts_258_9_3p0022,1.4100854396820068,12.824281734734779,12.824281734734779,39.05947585925994,19.33279684563563,19.33279684563563,12.431138474928641
subway_brighton_beach_bq,syn_ts_258_9_3p0022,1.038610339164734,14.242461342512911,14.242461342512911,29.616919029948697,11.281785614906639,11.281785614906639,11.012958867150509
subway_neptune_av_f,syn_ts_258_9_3p0022,1.095760464668274,13.872528317594988,13.872528317594988,29.786806606540708,12.680439918348267,12.680439918348267,11.382891892068432
subway_bay_50_st_d,syn_ts_258_9_3p0022,0.7719103097915649,22.98405571921988,22.98405571921988,28.845515441934403,5.861459722714521,5.861459722714521,2.2713644904435384
subway_avenue_x_f,syn_ts_258_9_3p0022,0.63856041431427,23.37644096598938,23.37644096598938,28.459813992728396,5.0833730267390145,5.0833730267390145,1.8789792436740385
subway_25_av_d,syn_ts_258_9_3p0022,0.7719103097915649,22.98405571921988,22.98405571921988,28.845515441934403,5.861459722714521,5.861459722714521,2.2713644904435384
subway_clifton_sir,syn_ts_258_9_3p0022,1.057660460472107,13.99958853355093,13.99958853355093,29.672019631036566,11.866038119892952,11.866038119892952,11.25583167611249
subway_stapleton_sir,syn_ts_258_9_3p0022,1.1624354124069214,13.650173138448416,13.650173138448416,30.0065684635279,14.124526621004247,14.124526621004247,11.605247071215004
subway_st_george_sir,syn_ts_258_9_3p0022,0.4766353368759155,23.85290936696865,23.85290936696865,27.99146164189058,4.138552274921931,4.138552274921931,1.4025108426947703
subway_east_105_st_l,syn_ts_258_9_3p0022,0.0289603490382432,25.17020369214589,25.17020369214589,25.46700805738004,0.29680436523414855,0.29680436523414855,0.08521651751753012
subway_howard_beach_jfk_airport_a,syn_ts_258_9_3p0022,1.4005603790283203,12.856046987500097,12.856046987500097,39.00870432461613,19.05942674923304,19.05942674923304,12.399373222163323
subway_smith_9_sts_fg,syn_ts_258_9_3p0022,1.4005603790283203,12.856046987500097,12.856046987500097,39.00870432461613,19.05942674923304,19.05942674923304,12.399373222163323
subway_south_ferry_1,syn_ts_258_9_3p0022,1.2195852994918823,13.459583212067162,13.459583212067162,30.194935544993484,15.36231374790507,15.36231374790507,11.795836997596258
subway_whitehall_st_south_ferry_rw,syn_ts_258_9_3p0022,0.9528855085372924,16.114216975901286,16.114216975901286,29.368968393860094,7.8776221353056,7.8776221353056,9.141203233762134
subway_franklin_st_1,syn_ts_258_9_3p0022,0.6099854707717896,23.460523418646794,23.460523418646794,28.377163780698865,4.916640362052071,4.916640362052071,1.794896791016626
subway_canal_st_ace,syn_ts_258_9_3p0022,0.8385854959487915,22.787862394282776,22.787862394282776,29.038366856139685,6.250504461856909,6.250504461856909,2.467557815380644
subway_canal_st_1,syn_ts_258_9_3p0022,0.8385854959487915,22.787862394282776,22.787862394282776,29.038366856139685,6.250504461856909,6.250504461856909,2.467557815380644
subway_mets_willets_point_7,syn_ts_258_9_3p0022,0.7623854875564575,23.01208273573745,23.01208273573745,28.817965830992744,5.805883095255293,5.805883095255293,2.243337473925969
subway_103_st_6,syn_ts_258_9_3p0022,0.057535532861948,25.086120532455244,25.086120532455244,25.675781840989497,0.5896613085342537,0.5896613085342537,0.1692996772081763
subway_145_st_3,syn_ts_258_9_3p0022,0.2099353075027465,24.637680562060005,24.637680562060005,26.7892332108664,2.151552648806394,2.151552648806394,0.6177396476034147
water_red_hook_wwtp,syn_ts_258_9_3p0022,0.3623353242874145,24.18923987915066,24.18923987915066,27.660860104170172,3.471620225019514,3.471620225019514,1.0661803305127613
water_bensonhurst_storm_water_sewer,syn_ts_258_9_3p0022,0.2099353075027465,24.637680562060005,24.637680562060005,26.7892332108664,2.151552648806394,2.151552648806394,0.6177396476034147
water_owls_head_wwtp,syn_ts_258_9_3p0022,2.3625855445861816,0.0,0.0,42.93325233669833,41.86524402100274,41.86524402100274,25.25542020966342
water_brooklyn_navy_yard_admiral_row,syn_ts_258_9_3p0022,1.857760429382324,2.003152362681847,2.003152362681847,41.26954317138966,31.382149469224398,31.382149469224398,23.252267846981574
water_hunts_point_wwtp,syn_ts_258_9_3p0022,2.086360454559326,0.5875230596146122,0.5875230596146122,42.02292081767255,36.88474582421966,36.88474582421966,24.66789715004881
water_manhattan_grit_chamber,syn_ts_258_9_3p0022,0.733810305595398,23.096165889947216,23.096165889947216,28.735314929360936,5.63914903941372,5.63914903941372,2.1592543197162044
water_zerega_industrial_park,syn_ts_258_9_3p0022,1.2195852994918823,13.459583212067162,13.459583212067162,30.194935544993484,15.36231374790507,15.36231374790507,11.795836997596258
water_eltingville_pump_station_park,syn_ts_258_9_3p0022,0.5814105272293091,23.54460587130421,23.54460587130421,28.29451356866933,4.749907697365121,4.749907697365121,1.71081433835921
water_coney_island_wwtp,syn_ts_258_9_3p0022,0.5337854623794556,23.68474376010147,23.68474376010147,28.156762755551924,4.472018995450455,4.472018995450455,1.570676449561951
water_manhattan_sewage_pump_station,syn_ts_258_9_3p0022,1.257685303688049,13.33252299611122,13.33252299611122,30.320513861247882,16.187506887110633,16.187506887110633,11.9228972135522
water_wastewater_pumping_station,syn_ts_258_9_3p0022,0.4766353368759155,23.85290936696865,23.85290936696865,27.99146164189058,4.138552274921931,4.138552274921931,1.4025108426947703
water_coney_island_wpcp,syn_ts_258_9_3p0022,0.943360447883606,16.322191559302755,16.322191559302755,29.341418093316157,7.545738647335877,7.545738647335877,8.933228650360665
water_spring_creek_park_dep_aux_plnt,syn_ts_258_9_3p0022,0.6099854707717896,23.460523418646794,23.460523418646794,28.377163780698865,4.916640362052071,4.916640362052071,1.794896791016626
water_gowanus_pumping_station,syn_ts_258_9_3p0022,1.171960473060608,13.6184078856831,13.6184078856831,30.037963239049507,14.330826196759409,14.330826196759409,11.63701232398032
water_hunts_pt_market_wholesale,syn_ts_258_9_3p0022,0.5052105188369751,23.76882621275888,23.76882621275888,28.07411254352239,4.305286330763508,4.305286330763508,1.4865939969045385
water_spring_creek_park,syn_ts_258_9_3p0022,2.581660509109497,0.0,0.0,44.31711273260696,44.31711273260696,44.31711273260696,25.25542020966342
water_destratification_facility,syn_ts_258_9_3p0022,1.000510334968567,15.074354470377179,15.074354470377179,29.506718517375223,9.767137367473667,9.767137367473667,10.181065739286241
water_mason_avenue_pumping_station,syn_ts_258_9_3p0022,1.1243354082107544,13.77723335440436,13.77723335440436,29.880990147273497,13.299333481798671,13.299333481798671,11.47818685525906
water_jfk_airport,syn_ts_258_9_3p0022,0.2670854330062866,24.469514955192825,24.469514955192825,27.206779008952626,2.7372640537598016,2.7372640537598016,0.7859052544705953
water_pumping_stn_sewage_disposal,syn_ts_258_9_3p0022,0.600460410118103,23.48855113671672,23.48855113671672,28.34961348015493,4.86106234343821,4.86106234343821,1.766869072946701
water_sirtoa_r_o_w_hannah_st_ps,syn_ts_258_9_3p0022,0.4766353368759155,23.85290936696865,23.85290936696865,27.99146164189058,4.138552274921931,4.138552274921931,1.4025108426947703
water_p_o_water_pollution_control_pl,syn_ts_258_9_3p0022,0.3337603807449341,24.273322331808075,24.273322331808075,27.578209892140638,3.3048875603325634,3.3048875603325634,0.9820978778553453
water_grand_canal_court_park,syn_ts_258_9_3p0022,0.8385854959487915,22.787862394282776,22.787862394282776,29.038366856139685,6.250504461856909,6.250504461856909,2.467557815380644
water_conner_st_sewage_pump_station,syn_ts_258_9_3p0022,0.7719103097915649,22.98405571921988,22.98405571921988,28.845515441934403,5.861459722714521,5.861459722714521,2.2713644904435384
water_26_ward_water_pollution_cp,syn_ts_258_9_3p0022,0.5528353452682495,23.628689025513978,23.628689025513978,28.211862667037522,4.583173641523544,4.583173641523544,1.6267311841494418
water_throgs_neck_sewage_pump_station,syn_ts_258_9_3p0022,1.5243854522705078,12.443101086866948,12.443101086866948,39.66873046245016,22.169070577448878,22.169070577448878,12.812319122796472
water_marble_hill_sewage_pump_statn,syn_ts_258_9_3p0022,1.7339354753494265,2.7699511994020005,2.7699511994020005,40.785697234965575,25.969575007663014,25.969575007663014,22.48546901026142
water_lew_fidler_park_dep_pier,syn_ts_258_9_3p0022,1.7625104188919067,2.592997905626526,2.592997905626526,40.938010568051844,26.883348360949075,26.883348360949075,22.662422304036895
water_newtown_creek_wwtp,syn_ts_258_9_3p0022,1.133860468864441,13.745468101639045,13.745468101639045,29.912384922795106,13.505633057553833,13.505633057553833,11.509952108024375
fuel_station_mobil_0148,syn_ts_258_9_3p0022,0.7433353662490845,23.068138171877294,23.068138171877294,28.76286522990487,5.694727058027578,5.694727058027578,2.187282037786126
fuel_station_sunoco_0168,syn_ts_258_9_3p0022,0.4671105146408081,23.88093638348622,23.88093638348622,27.963912030948922,4.082975647462703,4.082975647462703,1.374483826177201
fuel_station_bp_0169,syn_ts_258_9_3p0022,0.6576105356216431,23.32038552984954,23.32038552984954,28.514914593816272,5.194529063966733,5.194529063966733,1.9350346798138816
fuel_station_allegiance_0213,syn_ts_258_9_3p0022,0.600460410118103,23.48855113671672,23.48855113671672,28.34961348015493,4.86106234343821,4.86106234343821,1.766869072946701
fuel_station_bp_0281,syn_ts_258_9_3p0022,0.409960389137268,24.0491019903534,24.0491019903534,27.798610917287576,3.749508926934176,3.749508926934176,1.2063182193100204
fuel_station_mobil_0300,syn_ts_258_9_3p0022,0.63856041431427,23.37644096598938,23.37644096598938,28.459813992728396,5.0833730267390145,5.0833730267390145,1.8789792436740385
fuel_station_gulf_0324,syn_ts_258_9_3p0022,1.6386854648590088,12.061920438999115,12.061920438999115,40.27798506564039,24.19666314699007,24.19666314699007,13.193499770664305
fuel_station_shell_0326,syn_ts_258_9_3p0022,0.4671105146408081,23.88093638348622,23.88093638348622,27.963912030948922,4.082975647462703,4.082975647462703,1.374483826177201
fuel_station_shell_0327,syn_ts_258_9_3p0022,1.3434103727340698,13.046637311434013,13.046637311434013,30.603065269278293,17.556427957844278,17.556427957844278,12.208782898229407
fuel_station_shell_0379,syn_ts_258_9_3p0022,0.5147353410720825,23.740799196241312,23.740799196241312,28.10166215446405,4.360862958222739,4.360862958222739,1.5146210134221079
fuel_station_allegiance_0402,syn_ts_258_9_3p0022,1.5529603958129885,12.34780612367632,12.34780612367632,39.82104379553643,22.67596766249453,22.67596766249453,12.9076140859871
fuel_station_gulf_0508,syn_ts_258_9_3p0022,0.7814353704452515,22.956028001149956,22.956028001149956,28.87306574247834,5.917037741328382,5.917037741328382,2.2993922085134635
fuel_station_bp_0509,syn_ts_258_9_3p0022,0.6576105356216431,23.32038552984954,23.32038552984954,28.514914593816272,5.194529063966733,5.194529063966733,1.9350346798138816
fuel_station_citgo_0518,syn_ts_258_9_3p0022,0.3242353200912475,24.301350049877996,24.301350049877996,27.550659591596702,3.2493095417187057,3.2493095417187057,0.9540701597854238
fuel_station_shell_0531,syn_ts_258_9_3p0022,1.5434354543685913,12.379570978888975,12.379570978888975,39.7702728963152,22.507002672372412,22.507002672372412,12.875849230774445
fuel_station_allegiance_0536,syn_ts_258_9_3p0022,2.5530855655670166,0.0,0.0,44.07596700810452,44.07596700810452,44.07596700810452,25.25542020966342
fuel_station_bp_0597,syn_ts_258_9_3p0022,0.8481103181838989,22.759835377765206,22.759835377765206,29.065916467081344,6.306081089316137,6.306081089316137,2.4955848318982135
fuel_station_unknown_gas_station_0630,syn_ts_258_9_3p0022,0.4385353326797485,23.965019537695987,23.965019537695987,27.88126112931711,3.916241591621123,3.916241591621123,1.2904006719674328
fuel_station_bp_0649,syn_ts_258_9_3p0022,0.4671105146408081,23.88093638348622,23.88093638348622,27.963912030948922,4.082975647462703,4.082975647462703,1.374483826177201
fuel_station_shell_0678,syn_ts_258_9_3p0022,1.1624354124069214,13.650173138448416,13.650173138448416,30.0065684635279,14.124526621004247,14.124526621004247,11.605247071215004
fuel_station_mobil_0695,syn_ts_258_9_3p0022,1.4862854480743408,12.570161302822891,12.570161302822891,39.46564559472009,21.493206387601816,21.493206387601816,12.685258906840529
fuel_station_american_quick_start_auto_cent_0713,syn_ts_258_9_3p0022,1.3910354375839231,12.887811842712752,12.887811842712752,38.9579334253949,18.78606007414777,18.78606007414777,12.367608366950668
fuel_station_natural_gas_fueling_station_0758,syn_ts_258_9_3p0022,0.3909105062484741,24.10515672494089,24.10515672494089,27.74351100580198,3.6383542808610905,3.6383542808610905,1.1502634847225295
fuel_station_bp_0770,syn_ts_258_9_3p0022,0.7719103097915649,22.98405571921988,22.98405571921988,28.845515441934403,5.861459722714521,5.861459722714521,2.2713644904435384
fuel_station_mobil_0815,syn_ts_258_9_3p0022,0.6576105356216431,23.32038552984954,23.32038552984954,28.514914593816272,5.194529063966733,5.194529063966733,1.9350346798138816
fuel_station_citgo_0833,syn_ts_258_9_3p0022,0.4290105104446411,23.993046554213556,23.993046554213556,27.85371151837545,3.860664964161895,3.860664964161895,1.2623736554498635
fuel_station_speedway_0842,syn_ts_258_9_3p0022,0.905260443687439,22.591669770898026,22.591669770898026,29.231217580742687,6.639547809844661,6.639547809844661,2.663750438765394
fuel_station_sonamax_0846,syn_ts_258_9_3p0022,0.905260443687439,22.591669770898026,22.591669770898026,29.231217580742687,6.639547809844661,6.639547809844661,2.663750438765394
fuel_station_bp_0850,syn_ts_258_9_3p0022,1.7339354753494265,2.7699511994020005,2.7699511994020005,40.785697234965575,25.969575007663014,25.969575007663014,22.48546901026142
fuel_station_sunoco_0873,syn_ts_258_9_3p0022,0.3909105062484741,24.10515672494089,24.10515672494089,27.74351100580198,3.6383542808610905,3.6383542808610905,1.1502634847225295
fuel_station_mobil_0895,syn_ts_258_9_3p0022,1.1243354082107544,13.77723335440436,13.77723335440436,29.880990147273497,13.299333481798671,13.299333481798671,11.47818685525906
fuel_station_bp_0914,syn_ts_258_9_3p0022,1.1243354082107544,13.77723335440436,13.77723335440436,29.880990147273497,13.299333481798671,13.299333481798671,11.47818685525906
fuel_station_sunoco_0928,syn_ts_258_9_3p0022,1.114810347557068,13.808998607169675,13.808998607169675,29.849595371751892,13.093033906043525,13.093033906043525,11.446421602493745
fuel_station_citgo_0936,syn_ts_258_9_3p0022,0.9528855085372924,16.114216975901286,16.114216975901286,29.368968393860094,7.8776221353056,7.8776221353056,9.141203233762134
fuel_station_citgo_0937,syn_ts_258_9_3p0022,2.8007354736328125,0.0,0.0,45.47811598585754,45.47811598585754,45.47811598585754,25.25542020966342
fuel_station_mobil_0990,syn_ts_258_9_3p0022,0.448060393333435,23.936991819626066,23.936991819626066,27.908811429861046,3.9718196102349808,3.9718196102349808,1.3184283900373543
fuel_station_gulf_0991,syn_ts_258_9_3p0022,0.0384854115545749,25.142175968595087,25.142175968595087,25.536599327655665,0.39442335906057835,0.39442335906057835,0.1132442410683332
fuel_station_mobil_1019,syn_ts_258_9_3p0022,1.1814855337142944,13.586642632917783,13.586642632917783,30.069358014571115,14.537125772514564,14.537125772514564,11.668777576745637
fuel_station_exxon_1020,syn_ts_258_9_3p0022,0.6099854707717896,23.460523418646794,23.460523418646794,28.377163780698865,4.916640362052071,4.916640362052071,1.794896791016626
fuel_station_bp_1033,syn_ts_258_9_3p0022,0.2385104894638061,24.553597407850237,24.553597407850237,26.998006980867142,2.4444095730169053,2.4444095730169053,0.7018228018131829
fuel_station_unknown_gas_station_1040,syn_ts_258_9_3p0022,1.6101104021072388,12.157215799742405,12.157215799742405,40.125671097131544,23.689763947265128,23.689763947265128,13.098204409921015
fuel_station_citgo_1044,syn_ts_258_9_3p0022,1.1243354082107544,13.77723335440436,13.77723335440436,29.880990147273497,13.299333481798671,13.299333481798671,11.47818685525906
fuel_station_unknown_gas_station_1054,syn_ts_258_9_3p0022,0.3337603807449341,24.273322331808075,24.273322331808075,27.578209892140638,3.3048875603325634,3.3048875603325634,0.9820978778553453
fuel_station_lukoil_1058,syn_ts_258_9_3p0022,5.953510284423828,0.0,0.0,45.47811598585754,45.47811598585754,45.47811598585754,25.25542020966342
fuel_station_sunoco_1068,syn_ts_258_9_3p0022,0.6195105314254761,23.432495700576872,23.432495700576872,28.4047140812428,4.972218380665929,4.972218380665929,1.8229245090865476
fuel_station_unknown_gas_station_1079,syn_ts_258_9_3p0022,0.057535532861948,25.086120532455244,25.086120532455244,25.675781840989497,0.5896613085342537,0.5896613085342537,0.1692996772081763
fuel_station_unknown_gas_station_1094,syn_ts_258_9_3p0022,0.7242854833602905,23.124192906464785,23.124192906464785,28.707765318419273,5.5835724119544885,5.5835724119544885,2.131227303198635
fuel_station_sunoco_1100,syn_ts_258_9_3p0022,0.7719103097915649,22.98405571921988,22.98405571921988,28.845515441934403,5.861459722714521,5.861459722714521,2.2713644904435384
fuel_station_speedway_1103,syn_ts_258_9_3p0022,1.5624854564666748,12.316040870911003,12.316040870911003,39.87181533018024,22.844934767295943,22.844934767295943,12.939379338752417
fuel_station_mobil_1104,syn_ts_258_9_3p0022,1.6291604042053225,12.093685691764431,12.093685691764431,40.22721353099658,24.027696042188662,24.027696042188662,13.161734517898989
fuel_station_speedway_1105,syn_ts_258_9_3p0022,1.8006104230880735,2.3570596884486554,2.3570596884486554,41.08119875981893,28.654961584315473,28.654961584315473,22.898360521214766
fuel_station_speedway_1106,syn_ts_258_9_3p0022,0.1432603597640991,24.833873185444755,24.833873185444755,26.302097898028517,1.468224712583762,1.468224712583762,0.42154702421866475
fuel_station_mobil_1108,syn_ts_258_9_3p0022,0.1432603597640991,24.833873185444755,24.833873185444755,26.302097898028517,1.468224712583762,1.468224712583762,0.42154702421866475
fuel_station_bp_1149,syn_ts_258_9_3p0022,1.3053103685379028,13.173697527389956,13.173697527389956,30.47748695302389,17.21899960207137,17.21899960207137,12.081722682273464
fuel_station_unknown_gas_station_1150,syn_ts_258_9_3p0022,0.0194355268031358,25.198230708663456,25.198230708663456,25.397418542628387,0.19918783396493112,0.19918783396493112,0.05718950099996434
power_bruckner,syn_ts_914_26_3p4047,1.4298508167266846,22.06413290838856,22.06413290838856,50.51594023805473,25.591423543943847,25.591423543943847,15.481699158807
power_east_64th_street,syn_ts_914_26_3p4047,0.3630509376525879,35.98368832862451,35.98368832862451,39.16719391723594,3.183505588611432,3.183505588611432,1.5621437385710522
power_mill_avenue,syn_ts_914_26_3p4047,0.4678258895874023,35.53286030933242,35.53286030933242,39.63511203089052,4.102251721558098,4.102251721558098,2.0129717578631414
power_east_83rd_street,syn_ts_914_26_3p4047,1.2012507915496826,22.630244846783732,22.630244846783732,50.02078610578163,21.081304625661204,21.081304625661204,14.91558722041183
power_gowanus,syn_ts_914_26_3p4047,1.0202758312225342,23.078416650406517,23.078416650406517,49.62878921350411,15.407889584923836,15.407889584923836,14.467415416789045
power_farragut,syn_ts_914_26_3p4047,0.9059758186340332,23.361472619604104,23.361472619604104,49.23021715027465,12.477800693336395,12.477800693336395,14.184359447591458
power_east_13th_street,syn_ts_914_26_3p4047,1.6965508460998535,13.840954072911682,13.840954072911682,51.09362005904001,29.996729440091748,29.996729440091748,23.70487799428388
power_leonard_street,syn_ts_914_26_3p4047,0.6392757892608643,34.795141825570155,34.795141825570155,47.83179626807751,6.190483568574926,6.190483568574926,2.7506902416254064
power_east_36th_street,syn_ts_914_26_3p4047,1.496525764465332,21.89901707396336,21.89901707396336,50.6603600641957,26.906873719151584,26.906873719151584,15.646814993232201
power_unknown124169,syn_ts_914_26_3p4047,0.3059008121490478,36.22959517379381,36.22959517379381,38.911965177666815,2.682370003873004,2.682370003873004,1.3162368934017508
power_chisholm,syn_ts_914_26_3p4047,0.2773258686065674,36.35254808344205,36.35254808344205,38.78435134026318,2.4318032568211265,2.4318032568211265,1.1932839837535099
power_151st_avenue,syn_ts_914_26_3p4047,0.9917008876800536,23.14918049509919,23.14918049509919,49.56689507607532,14.713117560529295,14.713117560529295,14.39665157209637
power_160th_avenue,syn_ts_914_26_3p4047,1.306025743484497,22.370777022626005,22.370777022626005,50.24773162063478,23.148441287249373,23.148441287249373,15.175055044569557
power_howard_beach,syn_ts_914_26_3p4047,1.7727508544921875,0.0,0.0,51.258671436464375,31.868452306750875,31.868452306750875,37.54583206719556
power_vernon,syn_ts_914_26_3p4047,0.6107008457183838,34.918094735218396,34.918094735218396,47.681965771803,5.3797008205309425,5.3797008205309425,2.6277373319771655
power_unknown129920,syn_ts_914_26_3p4047,1.687025785446167,13.986451810648592,13.986451810648592,51.07298850775661,29.765541178557505,29.765541178557505,23.55938025654697
power_fresh_kills,syn_ts_914_26_3p4047,0.7250008583068848,34.42628207075262,34.42628207075262,48.281289007030345,8.622838577573113,8.622838577573113,3.1195499964429416
power_naughton,syn_ts_914_26_3p4047,1.3917508125305176,22.15848489812109,22.15848489812109,50.433414549342544,24.839737057563404,24.839737057563404,15.387347169074474
power_dongan_hills,syn_ts_914_26_3p4047,0.5440258979797363,35.204985199688565,35.204985199688565,39.97541630714145,4.770431107452886,4.770431107452886,2.340846867506997
power_seaside,syn_ts_914_26_3p4047,1.3727009296417236,22.205660597773903,22.205660597773903,50.39215196319715,24.46389616628925,24.46389616628925,15.340171469421659
power_howland_hook,syn_ts_914_26_3p4047,2.182325839996338,0.0,0.0,58.54802660876644,41.40710189969544,41.40710189969544,37.54583206719556
power_unknown140894,syn_ts_914_26_3p4047,0.1916007846593856,36.72140790237665,36.72140790237665,38.401508696742795,1.6801007943661475,1.6801007943661475,0.8244241648189146
power_unknown124209,syn_ts_914_26_3p4047,0.2487509101629257,36.47550105720734,36.47550105720734,38.65673743631193,2.1812363791045897,2.1812363791045897,1.070331009988223
power_hell_gate,syn_ts_914_26_3p4047,0.9059758186340332,23.361472619604104,23.361472619604104,49.23021715027465,12.477800693336395,12.477800693336395,14.184359447591458
telecom_cluster_00015,syn_ts_914_26_3p4047,0.8964507579803467,23.38506076464396,23.38506076464396,49.18027323480671,12.21689572204821,12.21689572204821,14.160771302551602
telecom_cluster_00020,syn_ts_914_26_3p4047,1.458425760269165,21.993369063695887,21.993369063695887,50.57783437548352,26.155187232771144,26.155187232771144,15.552463003499675
telecom_cluster_00021,syn_ts_914_26_3p4047,1.4870007038116455,21.922605219003216,21.922605219003216,50.639728512912306,26.718950921598445,26.718950921598445,15.623226848192346
telecom_cluster_00023,syn_ts_914_26_3p4047,0.4011507034301758,35.81975179967541,35.81975179967541,39.33734499059956,3.5175931909241527,3.5175931909241527,1.7260802675201532
telecom_cluster_00024,syn_ts_914_26_3p4047,1.4108009338378906,22.111308608041377,22.111308608041377,50.47467765190934,25.215582652669696,25.215582652669696,15.434523459154185
telecom_cluster_00026,syn_ts_914_26_3p4047,1.572725772857666,21.710313094498304,21.710313094498304,50.82541144162007,28.410246691912466,28.410246691912466,15.835518972697258
telecom_cluster_00027,syn_ts_914_26_3p4047,1.1250507831573486,22.81894882624879,22.81894882624879,49.85573472835726,19.577931652900322,19.577931652900322,14.726883240946773
telecom_cluster_00030,syn_ts_914_26_3p4047,1.0964758396148682,22.889712670941464,22.889712670941464,49.793840590928475,18.248593204702843,18.248593204702843,14.656119396254098
telecom_cluster_00031,syn_ts_914_26_3p4047,0.0487258322536945,37.3361734604614,37.3361734604614,37.76343846159966,0.4272650011382595,0.4272650011382595,0.20965860673415904
telecom_cluster_00032,syn_ts_914_26_3p4047,1.3727009296417236,22.205660597773903,22.205660597773903,50.39215196319715,24.46389616628925,24.46389616628925,15.340171469421659
telecom_cluster_00033,syn_ts_914_26_3p4047,1.3155508041381836,22.347188877586145,22.347188877586145,50.26836317191818,23.336364084802526,23.336364084802526,15.198643189609417
telecom_cluster_00034,syn_ts_914_26_3p4047,0.5726008415222168,35.082032290040324,35.082032290040324,40.10303014454509,5.020997854504763,5.020997854504763,2.463799777155238
telecom_cluster_00044,syn_ts_914_26_3p4047,0.5345008373260498,35.24596984486225,35.24596984486225,39.93287800641962,4.686908161557369,4.686908161557369,2.29986222233331
telecom_cluster_00066,syn_ts_914_26_3p4047,3.6110758781433105,0.0,0.0,58.54802660876644,58.54802660876644,58.54802660876644,37.54583206719556
telecom_cluster_00072,syn_ts_914_26_3p4047,3.52535080909729,0.0,0.0,58.54802660876644,58.54802660876644,58.54802660876644,37.54583206719556
telecom_cluster_00073,syn_ts_914_26_3p4047,3.52535080909729,0.0,0.0,58.54802660876644,58.54802660876644,58.54802660876644,37.54583206719556
telecom_cluster_00082,syn_ts_914_26_3p4047,0.2392258495092392,36.51648570238103,36.51648570238103,38.6141991355901,2.0977134332090657,2.0977134332090657,1.0293463648145291
telecom_cluster_00085,syn_ts_914_26_3p4047,1.2774507999420166,22.441540867318675,22.441540867318675,50.185837483205994,22.58467759842208,22.58467759842208,15.104291199876887
telecom_cluster_00086,syn_ts_914_26_3p4047,0.8869259357452393,23.40864831925692,23.40864831925692,49.13033056946807,11.955997281384327,11.955997281384327,14.137183747938643
telecom_cluster_00087,syn_ts_914_26_3p4047,0.8869259357452393,23.40864831925692,23.40864831925692,49.13033056946807,11.955997281384327,11.955997281384327,14.137183747938643
telecom_cluster_00099,syn_ts_914_26_3p4047,1.1345758438110352,22.795360681208933,22.795360681208933,49.876366279640656,19.76585445045346,19.76585445045346,14.750471385986629
telecom_cluster_00100,syn_ts_914_26_3p4047,1.0679008960723877,22.960476515634134,22.960476515634134,49.73194645349969,16.9246515025454,16.9246515025454,14.585355551561427
telecom_cluster_00101,syn_ts_914_26_3p4047,1.0583758354187012,22.98406466067399,22.98406466067399,49.711314902216294,16.492090212656553,16.492090212656553,14.561767406521572
telecom_cluster_00111,syn_ts_914_26_3p4047,0.9345507621765136,23.290708774911433,23.290708774911433,49.38004764654916,13.260509076576653,13.260509076576653,14.255123292284129
telecom_cluster_00116,syn_ts_914_26_3p4047,0.4773507118225097,35.49187669003155,35.49187669003155,39.677649266850494,4.185772576818941,4.185772576818941,2.0539553771640087
telecom_cluster_00117,syn_ts_914_26_3p4047,1.1345758438110352,22.795360681208933,22.795360681208933,49.876366279640656,19.76585445045346,19.76585445045346,14.750471385986629
telecom_cluster_00118,syn_ts_914_26_3p4047,0.8678758144378662,23.455824609336634,23.455824609336634,49.0304427385322,11.434187338807963,11.434187338807963,14.090007457858928
telecom_cluster_00119,syn_ts_914_26_3p4047,1.1345758438110352,22.795360681208933,22.795360681208933,49.876366279640656,19.76585445045346,19.76585445045346,14.750471385986629
telecom_cluster_00137,syn_ts_914_26_3p4047,0.4392507076263428,35.65581424485348,35.65581424485348,39.50749712872503,3.851682883871547,3.851682883871547,1.890017822342081
telecom_cluster_00138,syn_ts_914_26_3p4047,0.7726259231567383,34.221359870757006,34.221359870757006,48.531007334240726,9.616350624775961,9.616350624775961,3.324472196438556
telecom_cluster_00139,syn_ts_914_26_3p4047,0.5916507244110107,35.00006402556577,35.00006402556577,40.188105681226894,5.188041655661124,5.188041655661124,2.545768041629792
telecom_cluster_00140,syn_ts_914_26_3p4047,0.6202259063720703,34.87711009004471,34.87711009004471,47.731909687270935,5.649963991501011,5.649963991501011,2.6687219771508524
telecom_cluster_00141,syn_ts_914_26_3p4047,0.3535258769989013,36.0246729737982,36.0246729737982,39.12465561651411,3.099982642715915,3.099982642715915,1.5211590933973653
telecom_cluster_00142,syn_ts_914_26_3p4047,0.9821758270263672,23.172768640139047,23.172768640139047,49.546263524791925,14.481524953425655,14.481524953425655,14.373063427056515
telecom_cluster_00153,syn_ts_914_26_3p4047,1.1345758438110352,22.795360681208933,22.795360681208933,49.876366279640656,19.76585445045346,19.76585445045346,14.750471385986629
telecom_cluster_00154,syn_ts_914_26_3p4047,0.6392757892608643,34.795141825570155,34.795141825570155,47.83179626807751,6.190483568574926,6.190483568574926,2.7506902416254064
telecom_cluster_00155,syn_ts_914_26_3p4047,0.8678758144378662,23.455824609336634,23.455824609336634,49.0304427385322,11.434187338807963,11.434187338807963,14.090007457858928
telecom_cluster_00170,syn_ts_914_26_3p4047,1.496525764465332,21.89901707396336,21.89901707396336,50.6603600641957,26.906873719151584,26.906873719151584,15.646814993232201
telecom_cluster_00190,syn_ts_914_26_3p4047,0.6583259105682373,34.71317253522278,34.71317253522278,47.93168409901338,6.73100991051507,6.73100991051507,2.83265953197278
telecom_cluster_00191,syn_ts_914_26_3p4047,0.5821259021759033,35.04104764486664,35.04104764486664,40.14556844526692,5.10452080040028,5.10452080040028,2.5047844223289246
telecom_cluster_00192,syn_ts_914_26_3p4047,1.3727009296417236,22.205660597773903,22.205660597773903,50.39215196319715,24.46389616628925,24.46389616628925,15.340171469421659
telecom_cluster_00215,syn_ts_914_26_3p4047,0.2392258495092392,36.51648570238103,36.51648570238103,38.6141991355901,2.0977134332090657,2.0977134332090657,1.0293463648145291
telecom_cluster_00238,syn_ts_914_26_3p4047,2.3633008003234863,0.0,0.0,58.54802660876644,45.24877884706054,45.24877884706054,37.54583206719556
telecom_cluster_00271,syn_ts_914_26_3p4047,0.7345259189605713,34.38529742557893,34.38529742557893,48.33123292249828,8.893101748543181,8.893101748543181,3.1605346416166284
telecom_cluster_00272,syn_ts_914_26_3p4047,1.2584009170532229,22.48871656697149,22.48871656697149,50.14457489706061,22.20883670714794,22.20883670714794,15.057115500224072
telecom_cluster_00274,syn_ts_914_26_3p4047,3.620600700378418,0.0,0.0,58.54802660876644,58.54802660876644,58.54802660876644,37.54583206719556
telecom_cluster_00275,syn_ts_914_26_3p4047,2.896700859069824,0.0,0.0,58.54802660876644,56.70770458512814,56.70770458512814,37.54583206719556
telecom_cluster_00292,syn_ts_914_26_3p4047,1.8108508586883545,0.0,0.0,51.342833334571,32.93367076662419,32.93367076662419,37.54583206719556
telecom_cluster_00293,syn_ts_914_26_3p4047,2.0585007667541504,0.0,0.0,51.900348553511144,39.103203395683856,39.103203395683856,37.54583206719556
telecom_cluster_00294,syn_ts_914_26_3p4047,0.1916007846593856,36.72140790237665,36.72140790237665,38.401508696742795,1.6801007943661475,1.6801007943661475,0.8244241648189146
telecom_cluster_00316,syn_ts_914_26_3p4047,0.0773007720708847,37.21322056684242,37.21322056684242,37.891052282366395,0.6778317155239719,0.6778317155239719,0.33261150035313847
telecom_cluster_00346,syn_ts_914_26_3p4047,0.1344508975744247,36.96731372167312,36.96731372167312,38.14628102193552,1.1789673002624,1.1789673002624,0.5785183455224399
telecom_cluster_00415,syn_ts_914_26_3p4047,1.32507586479187,22.32360073254629,22.32360073254629,50.288994723201576,23.52428688235566,23.52428688235566,15.222231334649273
telecom_cluster_00416,syn_ts_914_26_3p4047,3.9539759159088135,0.0,0.0,58.54802660876644,58.54802660876644,58.54802660876644,37.54583206719556
telecom_cluster_00422,syn_ts_914_26_3p4047,1.0298008918762207,23.05482850536666,23.05482850536666,49.64942076478751,15.639482192027476,15.639482192027476,14.4910035618289
telecom_cluster_00423,syn_ts_914_26_3p4047,0.5440258979797363,35.204985199688565,35.204985199688565,39.97541630714145,4.770431107452886,4.770431107452886,2.340846867506997
telecom_cluster_00424,syn_ts_914_26_3p4047,0.7440507411956787,34.344313806278066,34.344313806278066,48.38117558783692,9.081855880975048,9.081855880975048,3.2015182609174957
telecom_cluster_00484,syn_ts_914_26_3p4047,0.020150888711214,37.459126370109644,37.459126370109644,37.635824624196026,0.17669825408638218,0.17669825408638218,0.08670569708591813
telecom_cluster_00493,syn_ts_914_26_3p4047,2.3061506748199463,0.0,0.0,58.54802660876644,44.03561477569349,44.03561477569349,37.54583206719556
telecom_cluster_00528,syn_ts_914_26_3p4047,0.2297007888555526,36.55747034755472,36.55747034755472,38.57166083486827,2.0141904873135488,2.0141904873135488,0.9883617196408423
telecom_cluster_00569,syn_ts_914_26_3p4047,1.4108009338378906,22.111308608041377,22.111308608041377,50.47467765190934,25.215582652669696,25.215582652669696,15.434523459154185
telecom_cluster_00570,syn_ts_914_26_3p4047,0.7821507453918457,34.18037625145614,34.18037625145614,48.58094999957937,9.79451107979041,9.79451107979041,3.3654558157394234
telecom_cluster_00571,syn_ts_914_26_3p4047,1.106000900268555,22.866124525901604,22.866124525901604,49.81447214221187,18.724721038999892,18.724721038999892,14.679707541293958
telecom_cluster_00580,syn_ts_914_26_3p4047,0.2487509101629257,36.47550105720734,36.47550105720734,38.65673743631193,2.1812363791045897,2.1812363791045897,1.070331009988223
telecom_cluster_00586,syn_ts_914_26_3p4047,1.982300877571106,0.0,0.0,51.72880559501421,37.73439755501755,37.73439755501755,37.54583206719556
telecom_cluster_00609,syn_ts_914_26_3p4047,0.9726507663726808,23.196356785178903,23.196356785178903,49.52563197350853,14.24993234632202,14.24993234632202,14.349475282016659
telecom_cluster_00615,syn_ts_914_26_3p4047,1.115525722503662,22.842536971288645,22.842536971288645,49.83510317707387,19.20083695550174,19.20083695550174,14.703295095906917
telecom_cluster_00616,syn_ts_914_26_3p4047,1.7727508544921875,0.0,0.0,51.258671436464375,31.868452306750875,31.868452306750875,37.54583206719556
telecom_cluster_00618,syn_ts_914_26_3p4047,0.2678008079528808,36.39353272861574,36.39353272861574,38.74181303954135,2.3482803109256096,2.3482803109256096,1.152299338579823
telecom_cluster_00628,syn_ts_914_26_3p4047,0.6773757934570312,34.631204270748235,34.631204270748235,48.03157067981996,7.271529487588978,7.271529487588978,2.914627796447327
telecom_cluster_00652,syn_ts_914_26_3p4047,1.6679757833480835,21.47443312016698,21.47443312016698,51.03172566340052,29.55729254323354,29.55729254323354,16.07139894702858
telecom_cluster_00658,syn_ts_914_26_3p4047,0.7440507411956787,34.344313806278066,34.344313806278066,48.38117558783692,9.081855880975048,9.081855880975048,3.2015182609174957
telecom_cluster_00695,syn_ts_914_26_3p4047,1.6679757833480835,21.47443312016698,21.47443312016698,51.03172566340052,29.55729254323354,29.55729254323354,16.07139894702858
telecom_cluster_00704,syn_ts_914_26_3p4047,0.4297258853912353,35.69679786415435,35.69679786415435,39.46495989276505,3.7681620286107034,3.7681620286107034,1.8490342030412137
telecom_cluster_00705,syn_ts_914_26_3p4047,0.6583259105682373,34.71317253522278,34.71317253522278,47.93168409901338,6.73100991051507,6.73100991051507,2.83265953197278
telecom_cluster_00714,syn_ts_914_26_3p4047,1.982300877571106,0.0,0.0,51.72880559501421,37.73439755501755,37.73439755501755,37.54583206719556
telecom_cluster_00715,syn_ts_914_26_3p4047,0.963125705718994,23.219944930218762,23.219944930218762,49.50500042222514,14.01833973921837,14.01833973921837,14.3258871369768
telecom_cluster_00738,syn_ts_914_26_3p4047,1.5441508293151855,21.781076939190974,21.781076939190974,50.76351730419128,27.846483003085172,27.846483003085172,15.764755128004587
telecom_cluster_00745,syn_ts_914_26_3p4047,0.8964507579803467,23.38506076464396,23.38506076464396,49.18027323480671,12.21689572204821,12.21689572204821,14.160771302551602
telecom_cluster_00753,syn_ts_914_26_3p4047,1.982300877571106,0.0,0.0,51.72880559501421,37.73439755501755,37.73439755501755,37.54583206719556
telecom_cluster_00783,syn_ts_914_26_3p4047,1.6013007164001465,21.63954924980563,21.63954924980563,50.887305579048856,28.974010380739767,28.974010380739767,15.906282817389933
telecom_cluster_00784,syn_ts_914_26_3p4047,1.1345758438110352,22.795360681208933,22.795360681208933,49.876366279640656,19.76585445045346,19.76585445045346,14.750471385986629
telecom_cluster_00790,syn_ts_914_26_3p4047,0.4678258895874023,35.53286030933242,35.53286030933242,39.63511203089052,4.102251721558098,4.102251721558098,2.0129717578631414
telecom_cluster_00792,syn_ts_914_26_3p4047,1.2774507999420166,22.441540867318675,22.441540867318675,50.185837483205994,22.58467759842208,22.58467759842208,15.104291199876887
telecom_cluster_00832,syn_ts_914_26_3p4047,2.1728007793426514,0.0,0.0,58.54802660876644,41.20490704428907,41.20490704428907,37.54583206719556
telecom_cluster_00833,syn_ts_914_26_3p4047,1.791800856590271,0.0,0.0,51.29994752785508,32.40025667902493,32.40025667902493,37.54583206719556
telecom_cluster_00840,syn_ts_914_26_3p4047,5.239850997924805,0.0,0.0,58.54802660876644,58.54802660876644,58.54802660876644,37.54583206719556
telecom_cluster_00848,syn_ts_914_26_3p4047,0.7154757976531982,34.46726671592631,34.46726671592631,48.23134509156241,8.352575406603037,8.352575406603037,3.078565351269255
telecom_cluster_00849,syn_ts_914_26_3p4047,0.4392507076263428,35.65581424485348,35.65581424485348,39.50749712872503,3.851682883871547,3.851682883871547,1.890017822342081
telecom_cluster_00871,syn_ts_914_26_3p4047,1.553675889968872,21.75748879415112,21.75748879415112,50.784148855474676,28.034405800638314,28.034405800638314,15.788343273044443
telecom_cluster_00879,syn_ts_914_26_3p4047,1.9727758169174192,0.0,0.0,51.70736255747289,37.467688842243966,37.467688842243966,37.54583206719556
telecom_cluster_00886,syn_ts_914_26_3p4047,0.4487757682800293,35.614829599679794,35.614829599679794,39.55003542944686,3.935205829767064,3.935205829767064,1.9310024675157678
telecom_cluster_00887,syn_ts_914_26_3p4047,4.887425899505615,0.0,0.0,58.54802660876644,58.54802660876644,58.54802660876644,37.54583206719556
telecom_cluster_00921,syn_ts_914_26_3p4047,0.2487509101629257,36.47550105720734,36.47550105720734,38.65673743631193,2.1812363791045897,2.1812363791045897,1.070331009988223
telecom_cluster_00923,syn_ts_914_26_3p4047,1.382225751876831,22.182073043160948,22.182073043160948,50.41278299805915,24.651814260010262,24.651814260010262,15.363759024034614
telecom_cluster_00943,syn_ts_914_26_3p4047,1.248875856399536,22.51230471201135,22.51230471201135,50.12394334577721,22.020913909594775,22.020913909594775,15.033527355184212
telecom_cluster_00944,syn_ts_914_26_3p4047,1.172675848007202,22.701008691476407,22.701008691476407,49.958891968352845,20.517540936833896,20.517540936833896,14.844823375719155
telecom_cluster_00958,syn_ts_914_26_3p4047,1.0679008960723877,22.960476515634134,22.960476515634134,49.73194645349969,16.9246515025454,16.9246515025454,14.585355551561427
telecom_cluster_00984,syn_ts_914_26_3p4047,0.6392757892608643,34.795141825570155,34.795141825570155,47.83179626807751,6.190483568574926,6.190483568574926,2.7506902416254064
telecom_cluster_01000,syn_ts_914_26_3p4047,0.3821008205413818,35.901720064149956,35.901720064149956,39.25226945391775,3.3505493897677923,3.3505493897677923,1.6441120030456062
telecom_cluster_01020,syn_ts_914_26_3p4047,1.2107758522033691,22.606656701743876,22.606656701743876,50.041417657065026,21.269227423214346,21.269227423214346,14.939175365451685
telecom_cluster_01031,syn_ts_914_26_3p4047,0.7440507411956787,34.344313806278066,34.344313806278066,48.38117558783692,9.081855880975048,9.081855880975048,3.2015182609174957
telecom_cluster_01046,syn_ts_914_26_3p4047,1.610825777053833,21.615961104765773,21.615961104765773,50.90793713033225,29.161933178292905,29.161933178292905,15.929870962429789
telecom_cluster_01096,syn_ts_914_26_3p4047,1.8584758043289185,0.0,0.0,51.45004771717742,34.2672043166484,34.2672043166484,37.54583206719556
telecom_cluster_01136,syn_ts_914_26_3p4047,0.0963508933782577,37.13125127649505,37.13125127649505,37.976128883810055,0.8448776073150057,0.8448776073150057,0.4145807907005121
telecom_cluster_01159,syn_ts_914_26_3p4047,0.5916507244110107,35.00006402556577,35.00006402556577,40.188105681226894,5.188041655661124,5.188041655661124,2.545768041629792
telecom_cluster_01183,syn_ts_914_26_3p4047,1.868000864982605,0.0,0.0,51.47149075471874,34.53391302942198,34.53391302942198,37.54583206719556
telecom_cluster_01184,syn_ts_914_26_3p4047,0.1630258411169052,36.84436081202488,36.84436081202488,38.27389485933916,1.4295340473142772,1.4295340473142772,0.7014712551706808
telecom_cluster_01202,syn_ts_914_26_3p4047,3.125300884246826,0.0,0.0,58.54802660876644,58.54802660876644,58.54802660876644,37.54583206719556
telecom_cluster_01218,syn_ts_914_26_3p4047,1.687025785446167,13.986451810648592,13.986451810648592,51.07298850775661,29.765541178557505,29.765541178557505,23.55938025654697
telecom_cluster_01220,syn_ts_914_26_3p4047,0.6107008457183838,34.918094735218396,34.918094735218396,47.681965771803,5.3797008205309425,5.3797008205309425,2.6277373319771655
telecom_cluster_01234,syn_ts_914_26_3p4047,0.1249258369207382,37.00829836684681,37.00829836684681,38.10374272121369,1.095444354366883,1.095444354366883,0.537533700348753
telecom_cluster_01237,syn_ts_914_26_3p4047,2.087075710296631,0.0,0.0,51.96467712940165,39.59258798800744,39.59258798800744,37.54583206719556
telecom_cluster_01385,syn_ts_914_26_3p4047,0.1916007846593856,36.72140790237665,36.72140790237665,38.401508696742795,1.6801007943661475,1.6801007943661475,0.8244241648189146
telecom_cluster_01663,syn_ts_914_26_3p4047,0.2106509059667587,36.63943861202927,36.63943861202927,38.486585298186455,1.8471466861571884,1.8471466861571884,0.9063934551662953
telecom_cluster_01668,syn_ts_914_26_3p4047,1.26792573928833,22.46512901235853,22.46512901235853,50.1652059319226,22.39675480086894,22.39675480086894,15.08070305483703
telecom_cluster_01684,syn_ts_914_26_3p4047,1.4489009380340576,22.016956618308846,22.016956618308846,50.55720334062152,25.967269139050135,25.967269139050135,15.528875448886716
telecom_cluster_01690,syn_ts_914_26_3p4047,1.0012257099151611,23.125592940486232,23.125592940486232,49.58752611093732,14.944704370716543,14.944704370716543,14.42023912670933
telecom_cluster_01691,syn_ts_914_26_3p4047,0.0487258322536945,37.3361734604614,37.3361734604614,37.76343846159966,0.4272650011382595,0.4272650011382595,0.20965860673415904
telecom_cluster_01692,syn_ts_914_26_3p4047,0.1820757240056991,36.762392547550334,36.762392547550334,38.35897039602097,1.5965778484706377,1.5965778484706377,0.7834395196452277
telecom_cluster_01693,syn_ts_914_26_3p4047,1.6965508460998535,13.840954072911682,13.840954072911682,51.09362005904001,29.996729440091748,29.996729440091748,23.70487799428388
telecom_cluster_01696,syn_ts_914_26_3p4047,1.4298508167266846,22.06413290838856,22.06413290838856,50.51594023805473,25.591423543943847,25.591423543943847,15.481699158807
telecom_cluster_01697,syn_ts_914_26_3p4047,1.572725772857666,21.710313094498304,21.710313094498304,50.82541144162007,28.410246691912466,28.410246691912466,15.835518972697258
telecom_cluster_01698,syn_ts_914_26_3p4047,1.572725772857666,21.710313094498304,21.710313094498304,50.82541144162007,28.410246691912466,28.410246691912466,15.835518972697258
telecom_cluster_01699,syn_ts_914_26_3p4047,1.572725772857666,21.710313094498304,21.710313094498304,50.82541144162007,28.410246691912466,28.410246691912466,15.835518972697258
telecom_cluster_01701,syn_ts_914_26_3p4047,1.26792573928833,22.46512901235853,22.46512901235853,50.1652059319226,22.39675480086894,22.39675480086894,15.08070305483703
telecom_cluster_01703,syn_ts_914_26_3p4047,1.9251508712768557,0.0,0.0,51.600148174866476,36.13415529221977,36.13415529221977,37.54583206719556
telecom_cluster_01704,syn_ts_914_26_3p4047,1.7441757917404177,13.1134708470843,13.1134708470843,51.19677704082489,31.152662067569906,31.152662067569906,24.43236122011126
telecom_cluster_01705,syn_ts_914_26_3p4047,0.0963508933782577,37.13125127649505,37.13125127649505,37.976128883810055,0.8448776073150057,0.8448776073150057,0.4145807907005121
telecom_cluster_01715,syn_ts_914_26_3p4047,0.7631008625030518,34.26234451593069,34.26234451593069,48.48106341877279,9.43818571017566,9.43818571017566,3.2834875512648694
telecom_cluster_01716,syn_ts_914_26_3p4047,1.572725772857666,21.710313094498304,21.710313094498304,50.82541144162007,28.410246691912466,28.410246691912466,15.835518972697258
telecom_cluster_01717,syn_ts_914_26_3p4047,1.0202758312225342,23.078416650406517,23.078416650406517,49.62878921350411,15.407889584923836,15.407889584923836,14.467415416789045
telecom_cluster_01718,syn_ts_914_26_3p4047,0.9155008792877196,23.337884474564248,23.337884474564248,49.28016106574258,12.738705664624582,12.738705664624582,14.207947592631314
telecom_cluster_01719,syn_ts_914_26_3p4047,0.5249757766723633,35.28695449003594,35.28695449003594,39.89033970569779,4.603385215661852,4.603385215661852,2.2588775771596232
telecom_cluster_01731,syn_ts_914_26_3p4047,0.5535507202148438,35.1640015803877,35.1640015803877,40.01795354310143,4.8539519627137295,4.8539519627137295,2.381830486807864
telecom_cluster_01734,syn_ts_914_26_3p4047,0.7726259231567383,34.221359870757006,34.221359870757006,48.531007334240726,9.616350624775961,9.616350624775961,3.324472196438556
telecom_cluster_01746,syn_ts_914_26_3p4047,0.8297758102416992,33.975454051460524,33.975454051460524,48.83066832678975,10.685331193206075,10.685331193206075,3.570378015735038
telecom_cluster_01747,syn_ts_914_26_3p4047,0.3535258769989013,36.0246729737982,36.0246729737982,39.12465561651411,3.099982642715915,3.099982642715915,1.5211590933973653
telecom_cluster_01749,syn_ts_914_26_3p4047,3.468200922012329,0.0,0.0,58.54802660876644,58.54802660876644,58.54802660876644,37.54583206719556
telecom_cluster_01750,syn_ts_914_26_3p4047,1.4679508209228516,21.96978091865603,21.96978091865603,50.59846592676691,26.343110030324286,26.343110030324286,15.57605114853953
telecom_cluster_01751,syn_ts_914_26_3p4047,1.868000864982605,0.0,0.0,51.47149075471874,34.53391302942198,34.53391302942198,37.54583206719556
telecom_cluster_01774,syn_ts_914_26_3p4047,0.5059258937835693,35.36892275451049,35.36892275451049,39.805264169015985,4.436341414505492,4.436341414505492,2.176909312685069
telecom_cluster_01775,syn_ts_914_26_3p4047,0.5440258979797363,35.204985199688565,35.204985199688565,39.97541630714145,4.770431107452886,4.770431107452886,2.340846867506997
telecom_cluster_01826,syn_ts_914_26_3p4047,1.5251007080078125,21.828253229270686,21.828253229270686,50.72225420162449,27.470637407978884,27.470637407978884,15.717578837924876
telecom_cluster_01827,syn_ts_914_26_3p4047,1.4489009380340576,22.016956618308846,22.016956618308846,50.55720334062152,25.967269139050135,25.967269139050135,15.528875448886716
telecom_cluster_01843,syn_ts_914_26_3p4047,0.3916258811950683,35.86073541897627,35.86073541897627,39.29480775463958,3.434072335663309,3.434072335663309,1.685096648219293
telecom_cluster_01861,syn_ts_914_26_3p4047,1.1250507831573486,22.81894882624879,22.81894882624879,49.85573472835726,19.577931652900322,19.577931652900322,14.726883240946773
telecom_cluster_01862,syn_ts_914_26_3p4047,0.4106757640838623,35.77876715450172,35.77876715450172,39.37988329132139,3.6011161368196696,3.6011161368196696,1.76706491269384
telecom_cluster_01863,syn_ts_914_26_3p4047,2.1156506538391113,0.0,0.0,52.02900570529216,40.08197258033101,40.08197258033101,37.54583206719556
telecom_cluster_01868,syn_ts_914_26_3p4047,3.239600896835327,0.0,0.0,58.54802660876644,58.54802660876644,58.54802660876644,37.54583206719556
telecom_cluster_01869,syn_ts_914_26_3p4047,1.64892578125,21.521609115033243,21.521609115033243,50.99046281904443,29.468853704011188,29.468853704011188,16.02422295216232
telecom_cluster_01872,syn_ts_914_26_3p4047,0.6392757892608643,34.795141825570155,34.795141825570155,47.83179626807751,6.190483568574926,6.190483568574926,2.7506902416254064
telecom_cluster_01886,syn_ts_914_26_3p4047,0.8869259357452393,23.40864831925692,23.40864831925692,49.13033056946807,11.955997281384327,11.955997281384327,14.137183747938643
telecom_cluster_01888,syn_ts_914_26_3p4047,0.4487757682800293,35.614829599679794,35.614829599679794,39.55003542944686,3.935205829767064,3.935205829767064,1.9310024675157678
telecom_cluster_01889,syn_ts_914_26_3p4047,0.8869259357452393,23.40864831925692,23.40864831925692,49.13033056946807,11.955997281384327,11.955997281384327,14.137183747938643
telecom_cluster_01897,syn_ts_914_26_3p4047,2.4204506874084473,0.0,0.0,58.54802660876644,46.46193785735637,46.46193785735637,37.54583206719556
telecom_cluster_01898,syn_ts_914_26_3p4047,2.4395008087158203,0.0,0.0,58.54802660876644,46.86632756816912,46.86632756816912,37.54583206719556
telecom_cluster_01899,syn_ts_914_26_3p4047,1.5060508251190186,21.875428928923505,21.875428928923505,50.680991615479094,27.094796516704726,27.094796516704726,15.670403138272057
telecom_cluster_01903,syn_ts_914_26_3p4047,0.3821008205413818,35.901720064149956,35.901720064149956,39.25226945391775,3.3505493897677923,3.3505493897677923,1.6441120030456062
telecom_cluster_01917,syn_ts_914_26_3p4047,0.5345008373260498,35.24596984486225,35.24596984486225,39.93287800641962,4.686908161557369,4.686908161557369,2.29986222233331
telecom_cluster_01919,syn_ts_914_26_3p4047,0.6583259105682373,34.71317253522278,34.71317253522278,47.93168409901338,6.73100991051507,6.73100991051507,2.83265953197278
telecom_cluster_01920,syn_ts_914_26_3p4047,1.1345758438110352,22.795360681208933,22.795360681208933,49.876366279640656,19.76585445045346,19.76585445045346,14.750471385986629
telecom_cluster_01921,syn_ts_914_26_3p4047,1.1345758438110352,22.795360681208933,22.795360681208933,49.876366279640656,19.76585445045346,19.76585445045346,14.750471385986629
telecom_cluster_01929,syn_ts_914_26_3p4047,2.725250720977783,0.0,0.0,58.54802660876644,53.40125061450759,53.40125061450759,37.54583206719556
telecom_cluster_01930,syn_ts_914_26_3p4047,0.1058757156133651,37.09026765719418,37.09026765719418,38.01866611977003,0.9283984625758492,0.9283984625758492,0.45556441000137937
telecom_cluster_01946,syn_ts_914_26_3p4047,1.2584009170532229,22.48871656697149,22.48871656697149,50.14457489706061,22.20883670714794,22.20883670714794,15.057115500224072
telecom_cluster_01948,syn_ts_914_26_3p4047,1.106000900268555,22.866124525901604,22.866124525901604,49.81447214221187,18.724721038999892,18.724721038999892,14.679707541293958
telecom_cluster_01949,syn_ts_914_26_3p4047,1.1250507831573486,22.81894882624879,22.81894882624879,49.85573472835726,19.577931652900322,19.577931652900322,14.726883240946773
telecom_cluster_01950,syn_ts_914_26_3p4047,0.4011507034301758,35.81975179967541,35.81975179967541,39.33734499059956,3.5175931909241527,3.5175931909241527,1.7260802675201532
telecom_cluster_01951,syn_ts_914_26_3p4047,1.039325714111328,23.031240950753705,23.031240950753705,49.6700517996495,15.871069002214703,15.871069002214703,14.514591116441856
telecom_cluster_01952,syn_ts_914_26_3p4047,1.1345758438110352,22.795360681208933,22.795360681208933,49.876366279640656,19.76585445045346,19.76585445045346,14.750471385986629
telecom_cluster_01953,syn_ts_914_26_3p4047,0.8869259357452393,23.40864831925692,23.40864831925692,49.13033056946807,11.955997281384327,11.955997281384327,14.137183747938643
telecom_cluster_01966,syn_ts_914_26_3p4047,3.582500696182251,0.0,0.0,58.54802660876644,58.54802660876644,58.54802660876644,37.54583206719556
telecom_cluster_01967,syn_ts_914_26_3p4047,2.201375722885132,0.0,0.0,58.54802660876644,41.81148654943698,41.81148654943698,37.54583206719556
telecom_cluster_01984,syn_ts_914_26_3p4047,0.6678507328033447,34.67218891592192,34.67218891592192,47.98162676435202,7.00126631661891,7.00126631661891,2.8736431512736402
telecom_cluster_01986,syn_ts_914_26_3p4047,0.2297007888555526,36.55747034755472,36.55747034755472,38.57166083486827,2.0141904873135488,2.0141904873135488,0.9883617196408423
telecom_cluster_01988,syn_ts_914_26_3p4047,0.9726507663726808,23.196356785178903,23.196356785178903,49.52563197350853,14.24993234632202,14.24993234632202,14.349475282016659
telecom_cluster_01989,syn_ts_914_26_3p4047,0.6583259105682373,34.71317253522278,34.71317253522278,47.93168409901338,6.73100991051507,6.73100991051507,2.83265953197278
telecom_cluster_01990,syn_ts_914_26_3p4047,0.4392507076263428,35.65581424485348,35.65581424485348,39.50749712872503,3.851682883871547,3.851682883871547,1.890017822342081
telecom_cluster_01991,syn_ts_914_26_3p4047,0.2678008079528808,36.39353272861574,36.39353272861574,38.74181303954135,2.3482803109256096,2.3482803109256096,1.152299338579823
telecom_cluster_01992,syn_ts_914_26_3p4047,0.3916258811950683,35.86073541897627,35.86073541897627,39.29480775463958,3.434072335663309,3.434072335663309,1.685096648219293
telecom_cluster_01993,syn_ts_914_26_3p4047,0.8012008666992188,34.098406961108765,34.098406961108765,48.68083783051524,10.150840908991015,10.150840908991015,3.447425106086797
telecom_cluster_01994,syn_ts_914_26_3p4047,0.8774008750915527,23.43223646429678,23.43223646429678,49.08038665400014,11.695092310096143,11.695092310096143,14.113595602898783
telecom_cluster_02023,syn_ts_914_26_3p4047,0.2963757514953613,36.2705798189675,36.2705798189675,38.869426876944985,2.598847057977487,2.598847057977487,1.275252248228064
telecom_cluster_02024,syn_ts_914_26_3p4047,0.0773007720708847,37.21322056684242,37.21322056684242,37.891052282366395,0.6778317155239719,0.6778317155239719,0.33261150035313847
telecom_cluster_02025,syn_ts_914_26_3p4047,0.5345008373260498,35.24596984486225,35.24596984486225,39.93287800641962,4.686908161557369,4.686908161557369,2.29986222233331
telecom_cluster_02027,syn_ts_914_26_3p4047,0.1249258369207382,37.00829836684681,37.00829836684681,38.10374272121369,1.095444354366883,1.095444354366883,0.537533700348753
telecom_cluster_02028,syn_ts_914_26_3p4047,1.0298008918762207,23.05482850536666,23.05482850536666,49.64942076478751,15.639482192027476,15.639482192027476,14.4910035618289
telecom_cluster_02029,syn_ts_914_26_3p4047,0.9917008876800536,23.14918049509919,23.14918049509919,49.56689507607532,14.713117560529295,14.713117560529295,14.39665157209637
telecom_cluster_02030,syn_ts_914_26_3p4047,0.2297007888555526,36.55747034755472,36.55747034755472,38.57166083486827,2.0141904873135488,2.0141904873135488,0.9883617196408423
telecom_cluster_02031,syn_ts_914_26_3p4047,0.6583259105682373,34.71317253522278,34.71317253522278,47.93168409901338,6.73100991051507,6.73100991051507,2.83265953197278
telecom_cluster_02032,syn_ts_914_26_3p4047,0.6583259105682373,34.71317253522278,34.71317253522278,47.93168409901338,6.73100991051507,6.73100991051507,2.83265953197278
telecom_cluster_02033,syn_ts_914_26_3p4047,0.6678507328033447,34.67218891592192,34.67218891592192,47.98162676435202,7.00126631661891,7.00126631661891,2.8736431512736402
telecom_cluster_02034,syn_ts_914_26_3p4047,1.1345758438110352,22.795360681208933,22.795360681208933,49.876366279640656,19.76585445045346,19.76585445045346,14.750471385986629
telecom_cluster_02035,syn_ts_914_26_3p4047,1.0869507789611816,22.913300815981316,22.913300815981316,49.77320903964508,17.789763255027395,17.789763255027395,14.632531251214246
telecom_cluster_02069,syn_ts_914_26_3p4047,0.0106258271262049,37.50011101929064,37.50011101929064,37.59328631931497,0.09317530002432761,0.09317530002432761,0.04572104790491949
telecom_cluster_02070,syn_ts_914_26_3p4047,0.1439757198095321,36.92633010237226,36.92633010237226,38.1888182578955,1.2624881555232363,1.2624881555232363,0.6195019648233
telecom_cluster_02074,syn_ts_914_26_3p4047,0.3725757598876953,35.94270470932365,35.94270470932365,39.20973115319592,3.2670264438722683,3.2670264438722683,1.6031273578719123
telecom_cluster_02075,syn_ts_914_26_3p4047,0.3535258769989013,36.0246729737982,36.0246729737982,39.12465561651411,3.099982642715915,3.099982642715915,1.5211590933973653
telecom_cluster_02087,syn_ts_914_26_3p4047,1.5251007080078125,21.828253229270686,21.828253229270686,50.72225420162449,27.470637407978884,27.470637407978884,15.717578837924876
telecom_cluster_02088,syn_ts_914_26_3p4047,0.6678507328033447,34.67218891592192,34.67218891592192,47.98162676435202,7.00126631661891,7.00126631661891,2.8736431512736402
telecom_cluster_02105,syn_ts_914_26_3p4047,1.3346009254455566,22.300012587506433,22.300012587506433,50.30962627448497,23.71220967990881,23.71220967990881,15.245819479689128
telecom_cluster_02107,syn_ts_914_26_3p4047,1.687025785446167,13.986451810648592,13.986451810648592,51.07298850775661,29.765541178557505,29.765541178557505,23.55938025654697
telecom_cluster_02108,syn_ts_914_26_3p4047,0.5249757766723633,35.28695449003594,35.28695449003594,39.89033970569779,4.603385215661852,4.603385215661852,2.2588775771596232
telecom_cluster_02109,syn_ts_914_26_3p4047,0.6583259105682373,34.71317253522278,34.71317253522278,47.93168409901338,6.73100991051507,6.73100991051507,2.83265953197278
telecom_cluster_02110,syn_ts_914_26_3p4047,0.7916758060455322,34.13939160628245,34.13939160628245,48.6308939150473,9.972675994390713,9.972675994390713,3.4064404609131103
telecom_cluster_02111,syn_ts_914_26_3p4047,0.5630757808685303,35.12301693521401,35.12301693521401,40.06049184382326,4.937474908609246,4.937474908609246,2.422815131981551
telecom_cluster_02128,syn_ts_914_26_3p4047,1.534625768661499,21.80466508423083,21.80466508423083,50.74288575290788,27.658560205532023,27.658560205532023,15.741166982964732
telecom_cluster_02147,syn_ts_914_26_3p4047,0.7535758018493652,34.30332916110438,34.30332916110438,48.431119503304856,9.26002079557535,9.26002079557535,3.2425029060911825
telecom_cluster_02149,syn_ts_914_26_3p4047,0.2297007888555526,36.55747034755472,36.55747034755472,38.57166083486827,2.0141904873135488,2.0141904873135488,0.9883617196408423
telecom_cluster_02157,syn_ts_914_26_3p4047,0.3821008205413818,35.901720064149956,35.901720064149956,39.25226945391775,3.3505493897677923,3.3505493897677923,1.6441120030456062
telecom_cluster_02178,syn_ts_914_26_3p4047,1.0298008918762207,23.05482850536666,23.05482850536666,49.64942076478751,15.639482192027476,15.639482192027476,14.4910035618289
telecom_cluster_02179,syn_ts_914_26_3p4047,1.9251508712768557,0.0,0.0,51.600148174866476,36.13415529221977,36.13415529221977,37.54583206719556
telecom_cluster_02180,syn_ts_914_26_3p4047,0.0677757114171981,37.25420521201611,37.25420521201611,37.848513981644565,0.594308769628455,0.594308769628455,0.29162685517945164
telecom_cluster_02221,syn_ts_914_26_3p4047,1.763225793838501,12.822477192562875,12.822477192562875,51.23803988518098,31.6150356972407,31.6150356972407,24.723354874632687
telecom_cluster_02222,syn_ts_914_26_3p4047,1.572725772857666,21.710313094498304,21.710313094498304,50.82541144162007,28.410246691912466,28.410246691912466,15.835518972697258
telecom_cluster_02223,syn_ts_914_26_3p4047,0.9440758228302002,23.267120629871577,23.267120629871577,49.42999156201709,13.52141404786483,13.52141404786483,14.278711437323985
telecom_cluster_02225,syn_ts_914_26_3p4047,2.41092586517334,0.0,0.0,58.54802660876644,46.2597480630212,46.2597480630212,37.54583206719556
telecom_cluster_02226,syn_ts_914_26_3p4047,3.182450771331787,0.0,0.0,58.54802660876644,58.54802660876644,58.54802660876644,37.54583206719556
telecom_cluster_02267,syn_ts_914_26_3p4047,1.715600848197937,13.549960418390253,13.549960418390253,51.134882903396104,30.45910306976255,30.45910306976255,23.99587164880531
telecom_cluster_02268,syn_ts_914_26_3p4047,1.8584758043289185,0.0,0.0,51.45004771717742,34.2672043166484,34.2672043166484,37.54583206719556
telecom_cluster_02316,syn_ts_914_26_3p4047,1.6965508460998535,13.840954072911682,13.840954072911682,51.09362005904001,29.996729440091748,29.996729440091748,23.70487799428388
telecom_cluster_02478,syn_ts_914_26_3p4047,1.458425760269165,21.993369063695887,21.993369063695887,50.57783437548352,26.155187232771144,26.155187232771144,15.552463003499675
telecom_cluster_02479,syn_ts_914_26_3p4047,3.125300884246826,0.0,0.0,58.54802660876644,58.54802660876644,58.54802660876644,37.54583206719556
telecom_cluster_02485,syn_ts_914_26_3p4047,0.0963508933782577,37.13125127649505,37.13125127649505,37.976128883810055,0.8448776073150057,0.8448776073150057,0.4145807907005121
telecom_cluster_02486,syn_ts_914_26_3p4047,0.5249757766723633,35.28695449003594,35.28695449003594,39.89033970569779,4.603385215661852,4.603385215661852,2.2588775771596232
telecom_cluster_02487,syn_ts_914_26_3p4047,1.0774257183074951,22.936888961021175,22.936888961021175,49.75257748836169,17.35720196513856,17.35720196513856,14.608943106174387
telecom_cluster_02523,syn_ts_914_26_3p4047,1.6203508377075195,21.592372959725918,21.592372959725918,50.928568681615644,29.336195721889727,29.336195721889727,15.953459107469644
telecom_cluster_02525,syn_ts_914_26_3p4047,2.372825860977173,0.0,0.0,58.54802660876644,45.4509737024669,45.4509737024669,37.54583206719556
telecom_cluster_02529,syn_ts_914_26_3p4047,0.9726507663726808,23.196356785178903,23.196356785178903,49.52563197350853,14.24993234632202,14.24993234632202,14.349475282016659
telecom_cluster_02532,syn_ts_914_26_3p4047,0.9536008834838868,23.243532484831718,23.243532484831718,49.47993547748503,13.782319019153022,13.782319019153022,14.302299582363844
telecom_cluster_02576,syn_ts_914_26_3p4047,1.7441757917404177,13.1134708470843,13.1134708470843,51.19677704082489,31.152662067569906,31.152662067569906,24.43236122011126
telecom_cluster_02579,syn_ts_914_26_3p4047,0.2963757514953613,36.2705798189675,36.2705798189675,38.869426876944985,2.598847057977487,2.598847057977487,1.275252248228064
telecom_cluster_02580,syn_ts_914_26_3p4047,1.4679508209228516,21.96978091865603,21.96978091865603,50.59846592676691,26.343110030324286,26.343110030324286,15.57605114853953
telecom_cluster_02582,syn_ts_914_26_3p4047,1.64892578125,21.521609115033243,21.521609115033243,50.99046281904443,29.468853704011188,29.468853704011188,16.02422295216232
telecom_cluster_02583,syn_ts_914_26_3p4047,1.5632007122039795,21.73390123953816,21.73390123953816,50.80477989033667,28.22232389435932,28.22232389435932,15.811930827657402
telecom_cluster_02626,syn_ts_914_26_3p4047,0.7154757976531982,34.46726671592631,34.46726671592631,48.23134509156241,8.352575406603037,8.352575406603037,3.078565351269255
telecom_cluster_02634,syn_ts_914_26_3p4047,1.363175868988037,22.22924874281376,22.22924874281376,50.37152041191376,24.27597336873611,24.27597336873611,15.316583324381803
telecom_cluster_02635,syn_ts_914_26_3p4047,2.1728007793426514,0.0,0.0,58.54802660876644,41.20490704428907,41.20490704428907,37.54583206719556
telecom_cluster_02683,syn_ts_914_26_3p4047,1.4679508209228516,21.96978091865603,21.96978091865603,50.59846592676691,26.343110030324286,26.343110030324286,15.57605114853953
telecom_cluster_02684,syn_ts_914_26_3p4047,0.6773757934570312,34.631204270748235,34.631204270748235,48.03157067981996,7.271529487588978,7.271529487588978,2.914627796447327
telecom_cluster_02690,syn_ts_914_26_3p4047,0.9155008792877196,23.337884474564248,23.337884474564248,49.28016106574258,12.738705664624582,12.738705664624582,14.207947592631314
telecom_cluster_02692,syn_ts_914_26_3p4047,1.6394007205963137,21.545197260073103,21.545197260073103,50.96983126776104,29.424634007687935,29.424634007687935,16.00063480712246
telecom_cluster_02694,syn_ts_914_26_3p4047,0.4868757724761963,35.450892044857866,35.450892044857866,39.720187567572324,4.269295522714458,4.269295522714458,2.0949400223376955
telecom_cluster_02695,syn_ts_914_26_3p4047,0.4868757724761963,35.450892044857866,35.450892044857866,39.720187567572324,4.269295522714458,4.269295522714458,2.0949400223376955
telecom_cluster_02711,syn_ts_914_26_3p4047,0.058250892907381,37.295188815287716,37.295188815287716,37.80597676232149,0.5107879470337764,0.5107879470337764,0.25064325190784587
telecom_cluster_02734,syn_ts_914_26_3p4047,1.982300877571106,0.0,0.0,51.72880559501421,37.73439755501755,37.73439755501755,37.54583206719556
telecom_cluster_02735,syn_ts_914_26_3p4047,1.0774257183074951,22.936888961021175,22.936888961021175,49.75257748836169,17.35720196513856,17.35720196513856,14.608943106174387
telecom_cluster_02740,syn_ts_914_26_3p4047,0.9536008834838868,23.243532484831718,23.243532484831718,49.47993547748503,13.782319019153022,13.782319019153022,14.302299582363844
telecom_cluster_02741,syn_ts_914_26_3p4047,1.7727508544921875,0.0,0.0,51.258671436464375,31.868452306750875,31.868452306750875,37.54583206719556
telecom_cluster_02750,syn_ts_914_26_3p4047,1.5822508335113523,21.686724949458448,21.686724949458448,50.84604299290346,28.5981694894656,28.5981694894656,15.859107117737114
telecom_cluster_02763,syn_ts_914_26_3p4047,1.982300877571106,0.0,0.0,51.72880559501421,37.73439755501755,37.73439755501755,37.54583206719556
telecom_cluster_02764,syn_ts_914_26_3p4047,1.982300877571106,0.0,0.0,51.72880559501421,37.73439755501755,37.73439755501755,37.54583206719556
telecom_cluster_02786,syn_ts_914_26_3p4047,1.153625726699829,22.74818498155612,22.74818498155612,49.91762886578605,20.14169534172762,20.14169534172762,14.797647085639444
telecom_cluster_02793,syn_ts_914_26_3p4047,2.0204007625579834,0.0,0.0,51.81457694007931,38.45068924483877,38.45068924483877,37.54583206719556
telecom_cluster_02794,syn_ts_914_26_3p4047,1.8584758043289185,0.0,0.0,51.45004771717742,34.2672043166484,34.2672043166484,37.54583206719556
telecom_cluster_02796,syn_ts_914_26_3p4047,0.2297007888555526,36.55747034755472,36.55747034755472,38.57166083486827,2.0141904873135488,2.0141904873135488,0.9883617196408423
telecom_cluster_02797,syn_ts_914_26_3p4047,0.6964259147644043,34.549234980400854,34.549234980400854,48.131458510755834,7.812055829529136,7.812055829529136,2.996597086794708
telecom_cluster_02812,syn_ts_914_26_3p4047,1.982300877571106,0.0,0.0,51.72880559501421,37.73439755501755,37.73439755501755,37.54583206719556
telecom_cluster_02813,syn_ts_914_26_3p4047,1.982300877571106,0.0,0.0,51.72880559501421,37.73439755501755,37.73439755501755,37.54583206719556
telecom_cluster_02832,syn_ts_914_26_3p4047,1.6203508377075195,21.592372959725918,21.592372959725918,50.928568681615644,29.336195721889727,29.336195721889727,15.953459107469644
telecom_cluster_02839,syn_ts_914_26_3p4047,1.9251508712768557,0.0,0.0,51.600148174866476,36.13415529221977,36.13415529221977,37.54583206719556
telecom_cluster_02842,syn_ts_914_26_3p4047,0.6869008541107178,34.59021962557455,34.59021962557455,48.08151459528789,7.541792658559054,7.541792658559054,2.955612441621014
telecom_cluster_02843,syn_ts_914_26_3p4047,0.7250008583068848,34.42628207075262,34.42628207075262,48.281289007030345,8.622838577573113,8.622838577573113,3.1195499964429416
telecom_cluster_02844,syn_ts_914_26_3p4047,2.3633008003234863,0.0,0.0,58.54802660876644,45.24877884706054,45.24877884706054,37.54583206719556
telecom_cluster_02845,syn_ts_914_26_3p4047,0.7059507369995117,34.508251361099994,34.508251361099994,48.181401176094475,8.082312235632969,8.082312235632969,3.037580706095568
telecom_cluster_02863,syn_ts_914_26_3p4047,1.982300877571106,0.0,0.0,51.72880559501421,37.73439755501755,37.73439755501755,37.54583206719556
telecom_cluster_02864,syn_ts_914_26_3p4047,0.9059758186340332,23.361472619604104,23.361472619604104,49.23021715027465,12.477800693336395,12.477800693336395,14.184359447591458
telecom_cluster_02891,syn_ts_914_26_3p4047,1.8489508628845217,0.0,0.0,51.42860494800282,34.00049894182273,34.00049894182273,37.54583206719556
telecom_cluster_02900,syn_ts_914_26_3p4047,1.477475881576538,21.946192773616175,21.946192773616175,50.61909747805031,26.53103282787743,26.53103282787743,15.599639293579386
telecom_cluster_02901,syn_ts_914_26_3p4047,1.32507586479187,22.32360073254629,22.32360073254629,50.288994723201576,23.52428688235566,23.52428688235566,15.222231334649273
telecom_cluster_02902,syn_ts_914_26_3p4047,0.3344757556915283,36.10664226414557,36.10664226414557,39.03957901507045,2.932936750924881,2.932936750924881,1.4391898030499917
telecom_cluster_02918,syn_ts_914_26_3p4047,1.982300877571106,0.0,0.0,51.72880559501421,37.73439755501755,37.73439755501755,37.54583206719556
telecom_cluster_02947,syn_ts_914_26_3p4047,1.944200873374939,0.0,0.0,51.643033981582384,36.66756937981903,36.66756937981903,37.54583206719556
telecom_cluster_02948,syn_ts_914_26_3p4047,1.0488507747650146,23.007652805713846,23.007652805713846,49.6906833509329,16.10266160931836,16.10266160931836,14.538179261481716
telecom_cluster_02954,syn_ts_914_26_3p4047,0.5821259021759033,35.04104764486664,35.04104764486664,40.14556844526692,5.10452080040028,5.10452080040028,2.5047844223289246
telecom_cluster_02955,syn_ts_914_26_3p4047,1.26792573928833,22.46512901235853,22.46512901235853,50.1652059319226,22.39675480086894,22.39675480086894,15.08070305483703
telecom_cluster_02957,syn_ts_914_26_3p4047,1.3727009296417236,22.205660597773903,22.205660597773903,50.39215196319715,24.46389616628925,24.46389616628925,15.340171469421659
telecom_cluster_02959,syn_ts_914_26_3p4047,1.0679008960723877,22.960476515634134,22.960476515634134,49.73194645349969,16.9246515025454,16.9246515025454,14.585355551561427
telecom_cluster_02979,syn_ts_914_26_3p4047,0.0487258322536945,37.3361734604614,37.3361734604614,37.76343846159966,0.4272650011382595,0.4272650011382595,0.20965860673415904
telecom_cluster_02980,syn_ts_914_26_3p4047,1.982300877571106,0.0,0.0,51.72880559501421,37.73439755501755,37.73439755501755,37.54583206719556
telecom_cluster_02981,syn_ts_914_26_3p4047,0.3916258811950683,35.86073541897627,35.86073541897627,39.29480775463958,3.434072335663309,3.434072335663309,1.685096648219293
telecom_cluster_03010,syn_ts_914_26_3p4047,2.315675735473633,0.0,0.0,58.54802660876644,44.23780963109987,44.23780963109987,37.54583206719556
telecom_cluster_03011,syn_ts_914_26_3p4047,0.6392757892608643,34.795141825570155,34.795141825570155,47.83179626807751,6.190483568574926,6.190483568574926,2.7506902416254064
telecom_cluster_03024,syn_ts_914_26_3p4047,0.0106258271262049,37.50011101929064,37.50011101929064,37.59328631931497,0.09317530002432761,0.09317530002432761,0.04572104790491949
telecom_cluster_03041,syn_ts_914_26_3p4047,1.0107507705688477,23.102004795446376,23.102004795446376,49.60815766222071,15.17629697782018,15.17629697782018,14.443827271749186
telecom_cluster_03042,syn_ts_914_26_3p4047,2.249000787734986,0.0,0.0,58.54802660876644,42.82245576539766,42.82245576539766,37.54583206719556
telecom_cluster_03043,syn_ts_914_26_3p4047,1.906100869178772,0.0,0.0,51.55726236815056,35.600741204620505,35.600741204620505,37.54583206719556
telecom_cluster_03071,syn_ts_914_26_3p4047,1.7441757917404177,13.1134708470843,13.1134708470843,51.19677704082489,31.152662067569906,31.152662067569906,24.43236122011126
telecom_cluster_03096,syn_ts_914_26_3p4047,0.9345507621765136,23.290708774911433,23.290708774911433,49.38004764654916,13.260509076576653,13.260509076576653,14.255123292284129
telecom_cluster_03097,syn_ts_914_26_3p4047,0.8488259315490723,33.89348476111315,33.89348476111315,48.930556157725626,11.041661022406686,11.041661022406686,3.6523473060824116
telecom_cluster_03098,syn_ts_914_26_3p4047,1.4298508167266846,22.06413290838856,22.06413290838856,50.51594023805473,25.591423543943847,25.591423543943847,15.481699158807
telecom_cluster_03099,syn_ts_914_26_3p4047,0.1344508975744247,36.96731372167312,36.96731372167312,38.14628102193552,1.1789673002624,1.1789673002624,0.5785183455224399
telecom_cluster_03131,syn_ts_914_26_3p4047,0.6964259147644043,34.549234980400854,34.549234980400854,48.131458510755834,7.812055829529136,7.812055829529136,2.996597086794708
telecom_cluster_03144,syn_ts_914_26_3p4047,1.0583758354187012,22.98406466067399,22.98406466067399,49.711314902216294,16.492090212656553,16.492090212656553,14.561767406521572
telecom_cluster_03145,syn_ts_914_26_3p4047,0.3630509376525879,35.98368832862451,35.98368832862451,39.16719391723594,3.183505588611432,3.183505588611432,1.5621437385710522
telecom_cluster_03146,syn_ts_914_26_3p4047,1.801325798034668,0.0,0.0,51.32139029702968,32.66696205385061,32.66696205385061,37.54583206719556
telecom_cluster_03197,syn_ts_914_26_3p4047,2.5633256435394287,0.0,0.0,58.54802660876644,49.49484044416717,49.49484044416717,37.54583206719556
telecom_cluster_03205,syn_ts_914_26_3p4047,0.5440258979797363,35.204985199688565,35.204985199688565,39.97541630714145,4.770431107452886,4.770431107452886,2.340846867506997
telecom_cluster_03206,syn_ts_914_26_3p4047,0.6392757892608643,34.795141825570155,34.795141825570155,47.83179626807751,6.190483568574926,6.190483568574926,2.7506902416254064
telecom_cluster_03207,syn_ts_914_26_3p4047,3.030050754547119,0.0,0.0,58.54802660876644,58.35055340069982,58.35055340069982,37.54583206719556
telecom_cluster_03214,syn_ts_914_26_3p4047,1.9346758127212524,0.0,0.0,51.62159094404107,36.40086066704545,36.40086066704545,37.54583206719556
telecom_cluster_03250,syn_ts_914_26_3p4047,5.3922505378723145,0.0,0.0,58.54802660876644,58.54802660876644,58.54802660876644,37.54583206719556
telecom_cluster_03260,syn_ts_914_26_3p4047,0.2011258453130722,36.68042325720296,36.68042325720296,38.444046997464625,1.7636237402616644,1.7636237402616644,0.8654088099926014
telecom_cluster_03261,syn_ts_914_26_3p4047,1.9727758169174192,0.0,0.0,51.70736255747289,37.467688842243966,37.467688842243966,37.54583206719556
telecom_cluster_03262,syn_ts_914_26_3p4047,2.4776008129119873,0.0,0.0,58.54802660876644,47.67510192872342,47.67510192872342,37.54583206719556
telecom_cluster_03264,syn_ts_914_26_3p4047,0.2392258495092392,36.51648570238103,36.51648570238103,38.6141991355901,2.0977134332090657,2.0977134332090657,1.0293463648145291
telecom_cluster_03304,syn_ts_914_26_3p4047,0.6488008499145508,34.75415718039647,34.75415718039647,47.881740183545446,6.4607467395449945,6.4607467395449945,2.7916748867990933
telecom_cluster_03305,syn_ts_914_26_3p4047,0.5630757808685303,35.12301693521401,35.12301693521401,40.06049184382326,4.937474908609246,4.937474908609246,2.422815131981551
telecom_cluster_03306,syn_ts_914_26_3p4047,1.4489009380340576,22.016956618308846,22.016956618308846,50.55720334062152,25.967269139050135,25.967269139050135,15.528875448886716
telecom_cluster_03307,syn_ts_914_26_3p4047,3.049100875854492,0.0,0.0,58.54802660876644,58.50380849763233,58.50380849763233,37.54583206719556
telecom_cluster_03308,syn_ts_914_26_3p4047,0.6678507328033447,34.67218891592192,34.67218891592192,47.98162676435202,7.00126631661891,7.00126631661891,2.8736431512736402
telecom_cluster_03328,syn_ts_914_26_3p4047,1.610825777053833,21.615961104765773,21.615961104765773,50.90793713033225,29.161933178292905,29.161933178292905,15.929870962429789
telecom_cluster_03337,syn_ts_914_26_3p4047,0.0677757114171981,37.25420521201611,37.25420521201611,37.848513981644565,0.594308769628455,0.594308769628455,0.29162685517945164
telecom_cluster_03343,syn_ts_914_26_3p4047,0.5059258937835693,35.36892275451049,35.36892275451049,39.805264169015985,4.436341414505492,4.436341414505492,2.176909312685069
telecom_cluster_03344,syn_ts_914_26_3p4047,0.3630509376525879,35.98368832862451,35.98368832862451,39.16719391723594,3.183505588611432,3.183505588611432,1.5621437385710522
telecom_cluster_03370,syn_ts_914_26_3p4047,1.725125789642334,13.404464501605734,13.404464501605734,51.1555141964688,30.690288437899106,30.690288437899106,24.141367565589828
telecom_cluster_03371,syn_ts_914_26_3p4047,2.6300008296966553,0.0,0.0,58.54802660876644,51.04131306986772,51.04131306986772,37.54583206719556
telecom_cluster_03380,syn_ts_914_26_3p4047,1.153625726699829,22.74818498155612,22.74818498155612,49.91762886578605,20.14169534172762,20.14169534172762,14.797647085639444
telecom_cluster_03400,syn_ts_914_26_3p4047,1.839425802230835,0.0,0.0,51.407161910461504,33.733790229049134,33.733790229049134,37.54583206719556
telecom_cluster_03401,syn_ts_914_26_3p4047,1.906100869178772,0.0,0.0,51.55726236815056,35.600741204620505,35.600741204620505,37.54583206719556
telecom_cluster_03442,syn_ts_914_26_3p4047,0.4297258853912353,35.69679786415435,35.69679786415435,39.46495989276505,3.7681620286107034,3.7681620286107034,1.8490342030412137
telecom_cluster_03443,syn_ts_914_26_3p4047,1.0774257183074951,22.936888961021175,22.936888961021175,49.75257748836169,17.35720196513856,17.35720196513856,14.608943106174387
telecom_cluster_03475,syn_ts_914_26_3p4047,0.3916258811950683,35.86073541897627,35.86073541897627,39.29480775463958,3.434072335663309,3.434072335663309,1.685096648219293
telecom_cluster_03499,syn_ts_914_26_3p4047,0.0773007720708847,37.21322056684242,37.21322056684242,37.891052282366395,0.6778317155239719,0.6778317155239719,0.33261150035313847
telecom_cluster_03500,syn_ts_914_26_3p4047,2.3537757396698,0.0,0.0,58.54802660876644,45.04658399165416,45.04658399165416,37.54583206719556
telecom_cluster_03502,syn_ts_914_26_3p4047,0.6583259105682373,34.71317253522278,34.71317253522278,47.93168409901338,6.73100991051507,6.73100991051507,2.83265953197278
telecom_cluster_03505,syn_ts_914_26_3p4047,0.7631008625030518,34.26234451593069,34.26234451593069,48.48106341877279,9.43818571017566,9.43818571017566,3.2834875512648694
telecom_cluster_03524,syn_ts_914_26_3p4047,1.7727508544921875,0.0,0.0,51.258671436464375,31.868452306750875,31.868452306750875,37.54583206719556
telecom_cluster_03531,syn_ts_914_26_3p4047,0.8488259315490723,33.89348476111315,33.89348476111315,48.930556157725626,11.041661022406686,11.041661022406686,3.6523473060824116
telecom_cluster_03536,syn_ts_914_26_3p4047,0.6678507328033447,34.67218891592192,34.67218891592192,47.98162676435202,7.00126631661891,7.00126631661891,2.8736431512736402
telecom_cluster_03564,syn_ts_914_26_3p4047,1.7060757875442505,13.695458156127163,13.695458156127163,51.11425135211271,30.22791480822831,30.22791480822831,23.8503739110684
telecom_cluster_03566,syn_ts_914_26_3p4047,0.3821008205413818,35.901720064149956,35.901720064149956,39.25226945391775,3.3505493897677923,3.3505493897677923,1.6441120030456062
telecom_cluster_03567,syn_ts_914_26_3p4047,0.1725509017705917,36.803376166851194,36.803376166851194,38.31643316006099,1.5130569932097941,1.5130569932097941,0.7424559003443676
telecom_cluster_03570,syn_ts_914_26_3p4047,1.344125747680664,22.276425032893474,22.276425032893474,50.33025730934697,23.900127773629826,23.900127773629826,15.269407034302088
telecom_cluster_03588,syn_ts_914_26_3p4047,1.439375877380371,22.040544763348702,22.040544763348702,50.536571789338126,25.779346341496993,25.779346341496993,15.50528730384686
telecom_cluster_03592,syn_ts_914_26_3p4047,0.6392757892608643,34.795141825570155,34.795141825570155,47.83179626807751,6.190483568574926,6.190483568574926,2.7506902416254064
telecom_cluster_03593,syn_ts_914_26_3p4047,0.3916258811950683,35.86073541897627,35.86073541897627,39.29480775463958,3.434072335663309,3.434072335663309,1.685096648219293
telecom_cluster_03618,syn_ts_914_26_3p4047,2.0394506454467773,0.0,0.0,51.85746247842851,38.77694427864085,38.77694427864085,37.54583206719556
telecom_cluster_03630,syn_ts_914_26_3p4047,0.5726008415222168,35.082032290040324,35.082032290040324,40.10303014454509,5.020997854504763,5.020997854504763,2.463799777155238
telecom_cluster_03645,syn_ts_914_26_3p4047,0.7535758018493652,34.30332916110438,34.30332916110438,48.431119503304856,9.26002079557535,9.26002079557535,3.2425029060911825
telecom_cluster_03651,syn_ts_914_26_3p4047,2.7824008464813232,0.0,0.0,58.54802660876644,54.65647877204534,54.65647877204534,37.54583206719556
telecom_cluster_03674,syn_ts_914_26_3p4047,2.5717499256134033,0.0,0.0,58.54802660876644,49.67366833385526,49.67366833385526,37.54583206719556
telecom_cluster_03677,syn_ts_914_26_3p4047,0.7059507369995117,34.508251361099994,34.508251361099994,48.181401176094475,8.082312235632969,8.082312235632969,3.037580706095568
telecom_cluster_03688,syn_ts_914_26_3p4047,1.248875856399536,22.51230471201135,22.51230471201135,50.12394334577721,22.020913909594775,22.020913909594775,15.033527355184212
telecom_cluster_03708,syn_ts_914_26_3p4047,2.8871757984161377,0.0,0.0,58.54802660876644,56.53676803104078,56.53676803104078,37.54583206719556
telecom_cluster_03719,syn_ts_914_26_3p4047,0.5249757766723633,35.28695449003594,35.28695449003594,39.89033970569779,4.603385215661852,4.603385215661852,2.2588775771596232
telecom_cluster_03750,syn_ts_914_26_3p4047,0.6392757892608643,34.795141825570155,34.795141825570155,47.83179626807751,6.190483568574926,6.190483568574926,2.7506902416254064
telecom_cluster_03766,syn_ts_914_26_3p4047,1.496525764465332,21.89901707396336,21.89901707396336,50.6603600641957,26.906873719151584,26.906873719151584,15.646814993232201
telecom_cluster_03767,syn_ts_914_26_3p4047,0.0963508933782577,37.13125127649505,37.13125127649505,37.976128883810055,0.8448776073150057,0.8448776073150057,0.4145807907005121
telecom_cluster_03774,syn_ts_914_26_3p4047,0.0773007720708847,37.21322056684242,37.21322056684242,37.891052282366395,0.6778317155239719,0.6778317155239719,0.33261150035313847
telecom_cluster_03799,syn_ts_914_26_3p4047,2.1156506538391113,0.0,0.0,52.02900570529216,40.08197258033101,40.08197258033101,37.54583206719556
telecom_cluster_03805,syn_ts_914_26_3p4047,0.0963508933782577,37.13125127649505,37.13125127649505,37.976128883810055,0.8448776073150057,0.8448776073150057,0.4145807907005121
telecom_cluster_03830,syn_ts_914_26_3p4047,0.1535007804632187,36.88534545719857,36.88534545719857,38.23135655861733,1.3460111014187603,1.3460111014187603,0.6604866099969939
telecom_cluster_03854,syn_ts_914_26_3p4047,0.5440258979797363,35.204985199688565,35.204985199688565,39.97541630714145,4.770431107452886,4.770431107452886,2.340846867506997
telecom_cluster_03884,syn_ts_914_26_3p4047,0.5440258979797363,35.204985199688565,35.204985199688565,39.97541630714145,4.770431107452886,4.770431107452886,2.340846867506997
telecom_cluster_03885,syn_ts_914_26_3p4047,0.8393008708953857,33.93446940628684,33.93446940628684,48.88061224225769,10.863496107806384,10.863496107806384,3.611362660908725
telecom_cluster_03908,syn_ts_914_26_3p4047,1.0298008918762207,23.05482850536666,23.05482850536666,49.64942076478751,15.639482192027476,15.639482192027476,14.4910035618289
telecom_cluster_03925,syn_ts_914_26_3p4047,2.3537757396698,0.0,0.0,58.54802660876644,45.04658399165416,45.04658399165416,37.54583206719556
telecom_cluster_03926,syn_ts_914_26_3p4047,2.125175714492798,0.0,0.0,52.050448742833474,40.245102138852516,40.245102138852516,37.54583206719556
telecom_cluster_03951,syn_ts_914_26_3p4047,2.372825860977173,0.0,0.0,58.54802660876644,45.4509737024669,45.4509737024669,37.54583206719556
telecom_cluster_04005,syn_ts_914_26_3p4047,1.1631507873535156,22.724596836516262,22.724596836516262,49.93826041706945,20.32961813928076,20.32961813928076,14.8212352306793
telecom_cluster_04006,syn_ts_914_26_3p4047,1.944200873374939,0.0,0.0,51.643033981582384,36.66756937981903,36.66756937981903,37.54583206719556
telecom_cluster_04034,syn_ts_914_26_3p4047,1.944200873374939,0.0,0.0,51.643033981582384,36.66756937981903,36.66756937981903,37.54583206719556
hospital_bellevue_hospital_center,syn_ts_914_26_3p4047,1.420325756072998,22.087721053428417,22.087721053428417,50.49530868677133,25.403500746390698,25.403500746390698,15.458111013767144
hospital_coney_island_hospital,syn_ts_914_26_3p4047,1.4108009338378906,22.111308608041377,22.111308608041377,50.47467765190934,25.215582652669696,25.215582652669696,15.434523459154185
hospital_metropolitan_hospital_center,syn_ts_914_26_3p4047,1.2584009170532229,22.48871656697149,22.48871656697149,50.14457489706061,22.20883670714794,22.20883670714794,15.057115500224072
hospital_david_h__koch_center_for_cancer_care,syn_ts_914_26_3p4047,0.2201757282018661,36.598454992728406,36.598454992728406,38.52912253414644,1.9306675414180319,1.9306675414180319,0.9473770744671555
hospital_hospital_for_special_surgery,syn_ts_914_26_3p4047,0.9250259399414062,23.31429632952439,23.31429632952439,49.33010498121052,12.999610635912767,12.999610635912767,14.231535737671173
subway_tottenville_sir,syn_ts_914_26_3p4047,1.420325756072998,22.087721053428417,22.087721053428417,50.49530868677133,25.403500746390698,25.403500746390698,15.458111013767144
subway_richmond_valley_sir,syn_ts_914_26_3p4047,1.4679508209228516,21.96978091865603,21.96978091865603,50.59846592676691,26.343110030324286,26.343110030324286,15.57605114853953
subway_w_8_st_ny_aquarium_fq,syn_ts_914_26_3p4047,1.877525806427002,0.0,0.0,51.492933523893335,34.800618404247665,34.800618404247665,37.54583206719556
subway_ocean_pkwy_q,syn_ts_914_26_3p4047,1.839425802230835,0.0,0.0,51.407161910461504,33.733790229049134,33.733790229049134,37.54583206719556
subway_coney_island_stillwell_av_dfnq,syn_ts_914_26_3p4047,1.67750084400177,21.450844975127126,21.450844975127126,51.05235721468392,29.601512239556797,29.601512239556797,16.094987092068436
subway_brighton_beach_bq,syn_ts_914_26_3p4047,1.306025743484497,22.370777022626005,22.370777022626005,50.24773162063478,23.148441287249373,23.148441287249373,15.175055044569557
subway_neptune_av_f,syn_ts_914_26_3p4047,1.363175868988037,22.22924874281376,22.22924874281376,50.37152041191376,24.27597336873611,24.27597336873611,15.316583324381803
subway_bay_50_st_d,syn_ts_914_26_3p4047,1.039325714111328,23.031240950753705,23.031240950753705,49.6700517996495,15.871069002214703,15.871069002214703,14.514591116441856
subway_avenue_x_f,syn_ts_914_26_3p4047,0.9059758186340332,23.361472619604104,23.361472619604104,49.23021715027465,12.477800693336395,12.477800693336395,14.184359447591458
subway_25_av_d,syn_ts_914_26_3p4047,1.039325714111328,23.031240950753705,23.031240950753705,49.6700517996495,15.871069002214703,15.871069002214703,14.514591116441856
subway_clifton_sir,syn_ts_914_26_3p4047,1.32507586479187,22.32360073254629,22.32360073254629,50.288994723201576,23.52428688235566,23.52428688235566,15.222231334649273
subway_stapleton_sir,syn_ts_914_26_3p4047,1.4298508167266846,22.06413290838856,22.06413290838856,50.51594023805473,25.591423543943847,25.591423543943847,15.481699158807
subway_st_george_sir,syn_ts_914_26_3p4047,0.7440507411956787,34.344313806278066,34.344313806278066,48.38117558783692,9.081855880975048,9.081855880975048,3.2015182609174957
subway_canarsie_rockaway_pkwy_l,syn_ts_914_26_3p4047,0.1916007846593856,36.72140790237665,36.72140790237665,38.401508696742795,1.6801007943661475,1.6801007943661475,0.8244241648189146
subway_east_105_st_l,syn_ts_914_26_3p4047,0.2963757514953613,36.2705798189675,36.2705798189675,38.869426876944985,2.598847057977487,2.598847057977487,1.275252248228064
subway_howard_beach_jfk_airport_a,syn_ts_914_26_3p4047,1.6679757833480835,21.47443312016698,21.47443312016698,51.03172566340052,29.55729254323354,29.55729254323354,16.07139894702858
subway_smith_9_sts_fg,syn_ts_914_26_3p4047,1.6679757833480835,21.47443312016698,21.47443312016698,51.03172566340052,29.55729254323354,29.55729254323354,16.07139894702858
subway_south_ferry_1,syn_ts_914_26_3p4047,1.4870007038116455,21.922605219003216,21.922605219003216,50.639728512912306,26.718950921598445,26.718950921598445,15.623226848192346
subway_whitehall_st_south_ferry_rw,syn_ts_914_26_3p4047,1.2203009128570557,22.583068556704017,22.583068556704017,50.06204920834842,21.457150220767492,21.457150220767492,14.962763510491545
subway_rector_st_1,syn_ts_914_26_3p4047,0.1058757156133651,37.09026765719418,37.09026765719418,38.01866611977003,0.9283984625758492,0.9283984625758492,0.45556441000137937
subway_franklin_st_1,syn_ts_914_26_3p4047,0.8774008750915527,23.43223646429678,23.43223646429678,49.08038665400014,11.695092310096143,11.695092310096143,14.113595602898783
subway_canal_st_rw,syn_ts_914_26_3p4047,0.2392258495092392,36.51648570238103,36.51648570238103,38.6141991355901,2.0977134332090657,2.0977134332090657,1.0293463648145291
subway_canal_st_ace,syn_ts_914_26_3p4047,1.106000900268555,22.866124525901604,22.866124525901604,49.81447214221187,18.724721038999892,18.724721038999892,14.679707541293958
subway_canal_st_1,syn_ts_914_26_3p4047,1.106000900268555,22.866124525901604,22.866124525901604,49.81447214221187,18.724721038999892,18.724721038999892,14.679707541293958
subway_mets_willets_point_7,syn_ts_914_26_3p4047,1.0298008918762207,23.05482850536666,23.05482850536666,49.64942076478751,15.639482192027476,15.639482192027476,14.4910035618289
subway_96_st_q,syn_ts_914_26_3p4047,0.2773258686065674,36.35254808344205,36.35254808344205,38.78435134026318,2.4318032568211265,2.4318032568211265,1.1932839837535099
subway_103_st_6,syn_ts_914_26_3p4047,0.3249509334564209,36.14762588344644,36.14762588344644,38.997041779110475,2.8494158956640376,2.8494158956640376,1.3982061837491244
subway_145_st_3,syn_ts_914_26_3p4047,0.4773507118225097,35.49187669003155,35.49187669003155,39.677649266850494,4.185772576818941,4.185772576818941,2.0539553771640087
water_red_hook_wwtp,syn_ts_914_26_3p4047,0.6297507286071777,34.83612647074385,34.83612647074385,47.781852352609576,5.920220397604851,5.920220397604851,2.7097055964517125
water_bensonhurst_storm_water_sewer,syn_ts_914_26_3p4047,0.4773507118225097,35.49187669003155,35.49187669003155,39.677649266850494,4.185772576818941,4.185772576818941,2.0539553771640087
water_owls_head_wwtp,syn_ts_914_26_3p4047,2.6300008296966553,0.0,0.0,58.54802660876644,51.04131306986772,51.04131306986772,37.54583206719556
water_brooklyn_navy_yard_admiral_row,syn_ts_914_26_3p4047,2.125175714492798,0.0,0.0,52.050448742833474,40.245102138852516,40.245102138852516,37.54583206719556
water_hunts_point_wwtp,syn_ts_914_26_3p4047,2.3537757396698,0.0,0.0,58.54802660876644,45.04658399165416,45.04658399165416,37.54583206719556
water_manhattan_grit_chamber,syn_ts_914_26_3p4047,1.0012257099151611,23.125592940486232,23.125592940486232,49.58752611093732,14.944704370716543,14.944704370716543,14.42023912670933
water_zerega_industrial_park,syn_ts_914_26_3p4047,1.4870007038116455,21.922605219003216,21.922605219003216,50.639728512912306,26.718950921598445,26.718950921598445,15.623226848192346
water_eltingville_pump_station_park,syn_ts_914_26_3p4047,0.8488259315490723,33.89348476111315,33.89348476111315,48.930556157725626,11.041661022406686,11.041661022406686,3.6523473060824116
water_paerdegat_pumping_station,syn_ts_914_26_3p4047,0.2678008079528808,36.39353272861574,36.39353272861574,38.74181303954135,2.3482803109256096,2.3482803109256096,1.152299338579823
water_coney_island_wwtp,syn_ts_914_26_3p4047,0.8012008666992188,34.098406961108765,34.098406961108765,48.68083783051524,10.150840908991015,10.150840908991015,3.447425106086797
water_red_hook_poll_control_plant,syn_ts_914_26_3p4047,0.1344508975744247,36.96731372167312,36.96731372167312,38.14628102193552,1.1789673002624,1.1789673002624,0.5785183455224399
water_manhattan_sewage_pump_station,syn_ts_914_26_3p4047,1.5251007080078125,21.828253229270686,21.828253229270686,50.72225420162449,27.470637407978884,27.470637407978884,15.717578837924876
water_26th_ward_wwtp,syn_ts_914_26_3p4047,0.2392258495092392,36.51648570238103,36.51648570238103,38.6141991355901,2.0977134332090657,2.0977134332090657,1.0293463648145291
water_wastewater_pumping_station,syn_ts_914_26_3p4047,0.7440507411956787,34.344313806278066,34.344313806278066,48.38117558783692,9.081855880975048,9.081855880975048,3.2015182609174957
water_coney_island_wpcp,syn_ts_914_26_3p4047,1.2107758522033691,22.606656701743876,22.606656701743876,50.041417657065026,21.269227423214346,21.269227423214346,14.939175365451685
water_spring_creek_park_dep_aux_plnt,syn_ts_914_26_3p4047,0.8774008750915527,23.43223646429678,23.43223646429678,49.08038665400014,11.695092310096143,11.695092310096143,14.113595602898783
water_gowanus_pumping_station,syn_ts_914_26_3p4047,1.439375877380371,22.040544763348702,22.040544763348702,50.536571789338126,25.779346341496993,25.779346341496993,15.50528730384686
water_hunts_pt_market_wholesale,syn_ts_914_26_3p4047,0.7726259231567383,34.221359870757006,34.221359870757006,48.531007334240726,9.616350624775961,9.616350624775961,3.324472196438556
water_spring_creek_park,syn_ts_914_26_3p4047,2.8490757942199707,0.0,0.0,58.54802660876644,55.85302609334651,55.85302609334651,37.54583206719556
water_destratification_facility,syn_ts_914_26_3p4047,1.26792573928833,22.46512901235853,22.46512901235853,50.1652059319226,22.39675480086894,22.39675480086894,15.08070305483703
water_bowery_bay_wwtp,syn_ts_914_26_3p4047,0.1916007846593856,36.72140790237665,36.72140790237665,38.401508696742795,1.6801007943661475,1.6801007943661475,0.8244241648189146
water_hannah_street_pumping_station,syn_ts_914_26_3p4047,0.0296757109463214,37.41814275080878,37.41814275080878,37.678361860156,0.2602191093472257,0.2602191093472257,0.12768931638678538
water_mason_avenue_pumping_station,syn_ts_914_26_3p4047,1.3917508125305176,22.15848489812109,22.15848489812109,50.433414549342544,24.839737057563404,24.839737057563404,15.387347169074474
water_jfk_airport,syn_ts_914_26_3p4047,0.5345008373260498,35.24596984486225,35.24596984486225,39.93287800641962,4.686908161557369,4.686908161557369,2.29986222233331
water_pumping_stn_sewage_disposal,syn_ts_914_26_3p4047,0.8678758144378662,23.455824609336634,23.455824609336634,49.0304427385322,11.434187338807963,11.434187338807963,14.090007457858928
water_sirtoa_r_o_w_hannah_st_ps,syn_ts_914_26_3p4047,0.7440507411956787,34.344313806278066,34.344313806278066,48.38117558783692,9.081855880975048,9.081855880975048,3.2015182609174957
water_newton_creek_pollution_control,syn_ts_914_26_3p4047,0.1535007804632187,36.88534545719857,36.88534545719857,38.23135655861733,1.3460111014187603,1.3460111014187603,0.6604866099969939
water_p_o_water_pollution_control_pl,syn_ts_914_26_3p4047,0.6011757850646973,34.95907938039208,34.95907938039208,40.230643981948724,5.271564601556641,5.271564601556641,2.5867526868034787
water_grand_canal_court_park,syn_ts_914_26_3p4047,1.106000900268555,22.866124525901604,22.866124525901604,49.81447214221187,18.724721038999892,18.724721038999892,14.679707541293958
water_conner_st_sewage_pump_station,syn_ts_914_26_3p4047,1.039325714111328,23.031240950753705,23.031240950753705,49.6700517996495,15.871069002214703,15.871069002214703,14.514591116441856
water_26_ward_water_pollution_cp,syn_ts_914_26_3p4047,0.8202507495880127,34.01643869663421,34.01643869663421,48.78072441132181,10.507166278605773,10.507166278605773,3.529393370561351
water_throgs_neck_sewage_pump_station,syn_ts_914_26_3p4047,1.791800856590271,0.0,0.0,51.29994752785508,32.40025667902493,32.40025667902493,37.54583206719556
water_marble_hill_sewage_pump_statn,syn_ts_914_26_3p4047,2.0013508796691895,0.0,0.0,51.77169140173012,38.1244342110367,38.1244342110367,37.54583206719556
water_lew_fidler_park_dep_pier,syn_ts_914_26_3p4047,2.02992582321167,0.0,0.0,51.83601997762063,38.613818803360275,38.613818803360275,37.54583206719556
water_avenue_v_sewage_pumping_station,syn_ts_914_26_3p4047,0.1725509017705917,36.803376166851194,36.803376166851194,38.31643316006099,1.5130569932097941,1.5130569932097941,0.7424559003443676
water_newtown_creek_wwtp,syn_ts_914_26_3p4047,1.401275873184204,22.134896753081232,22.134896753081232,50.454046100625945,25.027659855116553,25.027659855116553,15.41093531411433
fuel_station_sunoco_0105,syn_ts_914_26_3p4047,0.1630258411169052,36.84436081202488,36.84436081202488,38.27389485933916,1.4295340473142772,1.4295340473142772,0.7014712551706808
fuel_station_mobil_0148,syn_ts_914_26_3p4047,1.0107507705688477,23.102004795446376,23.102004795446376,49.60815766222071,15.17629697782018,15.17629697782018,14.443827271749186
fuel_station_sunoco_0168,syn_ts_914_26_3p4047,0.7345259189605713,34.38529742557893,34.38529742557893,48.33123292249828,8.893101748543181,8.893101748543181,3.1605346416166284
fuel_station_bp_0169,syn_ts_914_26_3p4047,0.9250259399414062,23.31429632952439,23.31429632952439,49.33010498121052,12.999610635912767,12.999610635912767,14.231535737671173
fuel_station_bp_0212,syn_ts_914_26_3p4047,0.1058757156133651,37.09026765719418,37.09026765719418,38.01866611977003,0.9283984625758492,0.9283984625758492,0.45556441000137937
fuel_station_allegiance_0213,syn_ts_914_26_3p4047,0.8678758144378662,23.455824609336634,23.455824609336634,49.0304427385322,11.434187338807963,11.434187338807963,14.090007457858928
fuel_station_bp_0281,syn_ts_914_26_3p4047,0.6773757934570312,34.631204270748235,34.631204270748235,48.03157067981996,7.271529487588978,7.271529487588978,2.914627796447327
fuel_station_mobil_0300,syn_ts_914_26_3p4047,0.9059758186340332,23.361472619604104,23.361472619604104,49.23021715027465,12.477800693336395,12.477800693336395,14.184359447591458
fuel_station_gulf_0324,syn_ts_914_26_3p4047,1.906100869178772,0.0,0.0,51.55726236815056,35.600741204620505,35.600741204620505,37.54583206719556
fuel_station_shell_0326,syn_ts_914_26_3p4047,0.7345259189605713,34.38529742557893,34.38529742557893,48.33123292249828,8.893101748543181,8.893101748543181,3.1605346416166284
fuel_station_shell_0327,syn_ts_914_26_3p4047,1.610825777053833,21.615961104765773,21.615961104765773,50.90793713033225,29.161933178292905,29.161933178292905,15.929870962429789
fuel_station_shell_0379,syn_ts_914_26_3p4047,0.7821507453918457,34.18037625145614,34.18037625145614,48.58094999957937,9.79451107979041,9.79451107979041,3.3654558157394234
fuel_station_allegiance_0402,syn_ts_914_26_3p4047,1.8203758001327517,0.0,0.0,51.364276103745595,33.20037614144989,33.20037614144989,37.54583206719556
fuel_station_gulf_0508,syn_ts_914_26_3p4047,1.0488507747650146,23.007652805713846,23.007652805713846,49.6906833509329,16.10266160931836,16.10266160931836,14.538179261481716
fuel_station_bp_0509,syn_ts_914_26_3p4047,0.9250259399414062,23.31429632952439,23.31429632952439,49.33010498121052,12.999610635912767,12.999610635912767,14.231535737671173
fuel_station_citgo_0518,syn_ts_914_26_3p4047,0.5916507244110107,35.00006402556577,35.00006402556577,40.188105681226894,5.188041655661124,5.188041655661124,2.545768041629792
fuel_station_shell_0531,syn_ts_914_26_3p4047,1.8108508586883545,0.0,0.0,51.342833334571,32.93367076662419,32.93367076662419,37.54583206719556
fuel_station_bp_0532,syn_ts_914_26_3p4047,0.0677757114171981,37.25420521201611,37.25420521201611,37.848513981644565,0.594308769628455,0.594308769628455,0.29162685517945164
fuel_station_allegiance_0536,syn_ts_914_26_3p4047,2.8205008506774902,0.0,0.0,58.54802660876644,55.34022070973961,55.34022070973961,37.54583206719556
fuel_station_bp_0597,syn_ts_914_26_3p4047,1.115525722503662,22.842536971288645,22.842536971288645,49.83510317707387,19.20083695550174,19.20083695550174,14.703295095906917
fuel_station_mobil_0600,syn_ts_914_26_3p4047,0.2106509059667587,36.63943861202927,36.63943861202927,38.486585298186455,1.8471466861571884,1.8471466861571884,0.9063934551662953
fuel_station_unknown_gas_station_0628,syn_ts_914_26_3p4047,0.020150888711214,37.459126370109644,37.459126370109644,37.635824624196026,0.17669825408638218,0.17669825408638218,0.08670569708591813
fuel_station_unknown_gas_station_0630,syn_ts_914_26_3p4047,0.7059507369995117,34.508251361099994,34.508251361099994,48.181401176094475,8.082312235632969,8.082312235632969,3.037580706095568
fuel_station_bp_0649,syn_ts_914_26_3p4047,0.7345259189605713,34.38529742557893,34.38529742557893,48.33123292249828,8.893101748543181,8.893101748543181,3.1605346416166284
fuel_station_shell_0678,syn_ts_914_26_3p4047,1.4298508167266846,22.06413290838856,22.06413290838856,50.51594023805473,25.591423543943847,25.591423543943847,15.481699158807
fuel_station_mobil_0695,syn_ts_914_26_3p4047,1.753700852394104,12.967973109347394,12.967973109347394,51.217408592108285,31.383850329104146,31.383850329104146,24.577858957848168
fuel_station_american_quick_start_auto_cent_0713,syn_ts_914_26_3p4047,1.6584508419036863,21.49802096999339,21.49802096999339,51.011094370327825,29.513073400334434,29.513073400334434,16.04781109720217
fuel_station_natural_gas_fueling_station_0758,syn_ts_914_26_3p4047,0.6583259105682373,34.71317253522278,34.71317253522278,47.93168409901338,6.73100991051507,6.73100991051507,2.83265953197278
fuel_station_citgo_0763,syn_ts_914_26_3p4047,0.020150888711214,37.459126370109644,37.459126370109644,37.635824624196026,0.17669825408638218,0.17669825408638218,0.08670569708591813
fuel_station_bp_0770,syn_ts_914_26_3p4047,1.039325714111328,23.031240950753705,23.031240950753705,49.6700517996495,15.871069002214703,15.871069002214703,14.514591116441856
fuel_station_mobil_0815,syn_ts_914_26_3p4047,0.9250259399414062,23.31429632952439,23.31429632952439,49.33010498121052,12.999610635912767,12.999610635912767,14.231535737671173
fuel_station_citgo_0833,syn_ts_914_26_3p4047,0.6964259147644043,34.549234980400854,34.549234980400854,48.131458510755834,7.812055829529136,7.812055829529136,2.996597086794708
fuel_station_speedway_0842,syn_ts_914_26_3p4047,1.172675848007202,22.701008691476407,22.701008691476407,49.958891968352845,20.517540936833896,20.517540936833896,14.844823375719155
fuel_station_sonamax_0846,syn_ts_914_26_3p4047,1.172675848007202,22.701008691476407,22.701008691476407,49.958891968352845,20.517540936833896,20.517540936833896,14.844823375719155
fuel_station_bp_0850,syn_ts_914_26_3p4047,2.0013508796691895,0.0,0.0,51.77169140173012,38.1244342110367,38.1244342110367,37.54583206719556
fuel_station_sunoco_0873,syn_ts_914_26_3p4047,0.6583259105682373,34.71317253522278,34.71317253522278,47.93168409901338,6.73100991051507,6.73100991051507,2.83265953197278
fuel_station_sunoco_0884,syn_ts_914_26_3p4047,0.2773258686065674,36.35254808344205,36.35254808344205,38.78435134026318,2.4318032568211265,2.4318032568211265,1.1932839837535099
fuel_station_gulf_0890,syn_ts_914_26_3p4047,0.1249258369207382,37.00829836684681,37.00829836684681,38.10374272121369,1.095444354366883,1.095444354366883,0.537533700348753
fuel_station_bp_0893,syn_ts_914_26_3p4047,0.1630258411169052,36.84436081202488,36.84436081202488,38.27389485933916,1.4295340473142772,1.4295340473142772,0.7014712551706808
fuel_station_mobil_0895,syn_ts_914_26_3p4047,1.3917508125305176,22.15848489812109,22.15848489812109,50.433414549342544,24.839737057563404,24.839737057563404,15.387347169074474
fuel_station_bp_0914,syn_ts_914_26_3p4047,1.3917508125305176,22.15848489812109,22.15848489812109,50.433414549342544,24.839737057563404,24.839737057563404,15.387347169074474
fuel_station_sunoco_0928,syn_ts_914_26_3p4047,1.382225751876831,22.182073043160948,22.182073043160948,50.41278299805915,24.651814260010262,24.651814260010262,15.363759024034614
fuel_station_citgo_0936,syn_ts_914_26_3p4047,1.2203009128570557,22.583068556704017,22.583068556704017,50.06204920834842,21.457150220767492,21.457150220767492,14.962763510491545
fuel_station_citgo_0937,syn_ts_914_26_3p4047,3.068150758743286,0.0,0.0,58.54802660876644,58.54802660876644,58.54802660876644,37.54583206719556
fuel_station_shell_0946,syn_ts_914_26_3p4047,0.2011258453130722,36.68042325720296,36.68042325720296,38.444046997464625,1.7636237402616644,1.7636237402616644,0.8654088099926014
fuel_station_mobil_0990,syn_ts_914_26_3p4047,0.7154757976531982,34.46726671592631,34.46726671592631,48.23134509156241,8.352575406603037,8.352575406603037,3.078565351269255
fuel_station_gulf_0991,syn_ts_914_26_3p4047,0.3059008121490478,36.22959517379381,36.22959517379381,38.911965177666815,2.682370003873004,2.682370003873004,1.3162368934017508
fuel_station_mobil_1019,syn_ts_914_26_3p4047,1.4489009380340576,22.016956618308846,22.016956618308846,50.55720334062152,25.967269139050135,25.967269139050135,15.528875448886716
fuel_station_exxon_1020,syn_ts_914_26_3p4047,0.8774008750915527,23.43223646429678,23.43223646429678,49.08038665400014,11.695092310096143,11.695092310096143,14.113595602898783
fuel_station_sunoco_1021,syn_ts_914_26_3p4047,0.1249258369207382,37.00829836684681,37.00829836684681,38.10374272121369,1.095444354366883,1.095444354366883,0.537533700348753
fuel_station_bp_1033,syn_ts_914_26_3p4047,0.5059258937835693,35.36892275451049,35.36892275451049,39.805264169015985,4.436341414505492,4.436341414505492,2.176909312685069
fuel_station_citgo_1035,syn_ts_914_26_3p4047,0.2392258495092392,36.51648570238103,36.51648570238103,38.6141991355901,2.0977134332090657,2.0977134332090657,1.0293463648145291
fuel_station_unknown_gas_station_1040,syn_ts_914_26_3p4047,1.877525806427002,0.0,0.0,51.492933523893335,34.800618404247665,34.800618404247665,37.54583206719556
fuel_station_citgo_1044,syn_ts_914_26_3p4047,1.3917508125305176,22.15848489812109,22.15848489812109,50.433414549342544,24.839737057563404,24.839737057563404,15.387347169074474
fuel_station_unknown_gas_station_1054,syn_ts_914_26_3p4047,0.6011757850646973,34.95907938039208,34.95907938039208,40.230643981948724,5.271564601556641,5.271564601556641,2.5867526868034787
fuel_station_lukoil_1058,syn_ts_914_26_3p4047,6.220925807952881,0.0,0.0,58.54802660876644,58.54802660876644,58.54802660876644,37.54583206719556
fuel_station_sunoco_1068,syn_ts_914_26_3p4047,0.8869259357452393,23.40864831925692,23.40864831925692,49.13033056946807,11.955997281384327,11.955997281384327,14.137183747938643
fuel_station_unknown_gas_station_1079,syn_ts_914_26_3p4047,0.3249509334564209,36.14762588344644,36.14762588344644,38.997041779110475,2.8494158956640376,2.8494158956640376,1.3982061837491244
fuel_station_unknown_gas_station_1094,syn_ts_914_26_3p4047,0.9917008876800536,23.14918049509919,23.14918049509919,49.56689507607532,14.713117560529295,14.713117560529295,14.39665157209637
fuel_station_sunoco_1100,syn_ts_914_26_3p4047,1.039325714111328,23.031240950753705,23.031240950753705,49.6700517996495,15.871069002214703,15.871069002214703,14.514591116441856
fuel_station_speedway_1103,syn_ts_914_26_3p4047,1.829900860786438,0.0,0.0,51.38571914128691,33.46708485422346,33.46708485422346,37.54583206719556
fuel_station_mobil_1104,syn_ts_914_26_3p4047,1.8965758085250857,0.0,0.0,51.53581933060924,35.33403249184693,35.33403249184693,37.54583206719556
fuel_station_speedway_1105,syn_ts_914_26_3p4047,2.068025827407837,0.0,0.0,51.921791591052454,39.26633295420536,39.26633295420536,37.54583206719556
fuel_station_speedway_1106,syn_ts_914_26_3p4047,0.4106757640838623,35.77876715450172,35.77876715450172,39.37988329132139,3.6011161368196696,3.6011161368196696,1.76706491269384
fuel_station_mobil_1108,syn_ts_914_26_3p4047,0.4106757640838623,35.77876715450172,35.77876715450172,39.37988329132139,3.6011161368196696,3.6011161368196696,1.76706491269384
fuel_station_unknown_gas_station_1109,syn_ts_914_26_3p4047,0.1344508975744247,36.96731372167312,36.96731372167312,38.14628102193552,1.1789673002624,1.1789673002624,0.5785183455224399
fuel_station_bp_1148,syn_ts_914_26_3p4047,0.039200771600008,37.37715810563509,37.37715810563509,37.72090016087783,0.3437420552427426,0.3437420552427426,0.1686739615604722
fuel_station_bp_1149,syn_ts_914_26_3p4047,1.572725772857666,21.710313094498304,21.710313094498304,50.82541144162007,28.410246691912466,28.410246691912466,15.835518972697258
fuel_station_unknown_gas_station_1150,syn_ts_914_26_3p4047,0.2868509292602539,36.311563438268365,36.311563438268365,38.82688964098501,2.5153262027166434,2.5153262027166434,1.2342686289271967
power_bruckner,syn_ts_999_12_3p44,1.2337660789489746,21.283596363844612,21.283596363844612,47.319895145689934,17.292183312526944,17.292183312526944,14.836565470788447
power_east_64th_street,syn_ts_999_12_3p44,0.1669661700725555,35.48522923290857,35.48522923290857,36.99439680903787,1.5091675761293004,1.5091675761293004,0.6349326017244863
power_mill_avenue,syn_ts_999_12_3p44,0.27174112200737,35.086795030347524,35.086795030347524,37.54299852508127,2.4562034947337494,2.4562034947337494,1.033366804285535
power_east_83rd_street,syn_ts_999_12_3p44,1.0051660537719729,21.907006520733432,21.907006520733432,40.90492865920713,10.798928465446824,10.798928465446824,14.213155313899627
power_gowanus,syn_ts_999_12_3p44,0.8241910338401794,22.400539561603754,22.400539561603754,40.435626620468625,8.02233466869518,8.02233466869518,13.719622273029305
power_farragut,syn_ts_999_12_3p44,0.7098910212516785,33.420615256614795,33.420615256614795,39.83715168068678,6.416536424071985,6.416536424071985,2.699546578018264
power_east_13th_street,syn_ts_999_12_3p44,1.5004661083221436,20.556284514140984,20.556284514140984,48.20529965866815,26.356616705374073,26.356616705374073,15.563877320492075
power_leonard_street,syn_ts_999_12_3p44,0.4431910216808319,34.43481187221574,34.43481187221574,38.44071031057412,4.005898438358379,4.005898438358379,1.6853499624173196
power_east_36th_street,syn_ts_999_12_3p44,1.300441026687622,21.101768563965233,21.101768563965233,47.67676368042521,19.67774962486678,19.67774962486678,15.018393270667826
power_unknown124169,syn_ts_999_12_3p44,0.1098160371184349,35.70255758505135,35.70255758505135,36.69515867595579,0.9926010909044365,0.9926010909044365,0.41760424958170717
power_chisholm,syn_ts_999_12_3p44,0.0812410935759544,35.8112212936318,35.8112212936318,36.545540253100285,0.7343189594684816,0.7343189594684816,0.308940541001256
power_151st_avenue,syn_ts_999_12_3p44,0.795616090297699,22.478465668668324,22.478465668668324,40.28600819761312,7.508407780803427,7.508407780803427,13.641696165964735
power_160th_avenue,syn_ts_999_12_3p44,1.109941005706787,21.621277028039255,21.621277028039255,46.444410987012304,13.19683452502493,13.19683452502493,14.498884806593804
power_howard_beach,syn_ts_999_12_3p44,1.5766661167144775,20.348481128511377,20.348481128511377,48.40510891083316,27.740890345322082,27.740890345322082,15.771680706121682
power_vernon,syn_ts_999_12_3p44,0.4146160781383514,34.54347558079618,34.54347558079618,38.29109188771862,3.7476163069224384,3.7476163069224384,1.5766862538368756
power_unknown129920,syn_ts_999_12_3p44,1.490941047668457,20.582260099891215,20.582260099891215,48.18032334585411,26.183581417583603,26.183581417583603,15.537901734741844
power_fresh_kills,syn_ts_999_12_3p44,0.52891606092453,34.108819953156434,34.108819953156434,38.88956667145548,4.780746718299049,4.780746718299049,2.011341881476625
power_naughton,syn_ts_999_12_3p44,1.1956660747528076,21.387498056659414,21.387498056659414,47.115970086397944,15.82842200993273,15.82842200993273,14.732663777973645
power_dongan_hills,syn_ts_999_12_3p44,0.347941130399704,34.79702453636693,34.79702453636693,37.94198181826917,3.1449572819022364,3.1449572819022364,1.3231372982661256
power_seaside,syn_ts_999_12_3p44,1.1766161918640137,21.439448577973756,21.439448577973756,47.01400819480335,15.217337327630588,15.217337327630588,14.680713256659303
power_howland_hook,syn_ts_999_12_3p44,1.986241102218628,7.95764630876341,7.95764630876341,49.2330864777662,35.120635713463294,35.120635713463294,28.16251552586965
power_unknown124209,syn_ts_999_12_3p44,0.0526661537587642,35.91988498804586,35.91988498804586,36.39592184975041,0.47603686170455006,0.47603686170455006,0.2002768465872009
power_hell_gate,syn_ts_999_12_3p44,0.7098910212516785,33.420615256614795,33.420615256614795,39.83715168068678,6.416536424071985,6.416536424071985,2.699546578018264
telecom_cluster_00015,syn_ts_999_12_3p44,0.7003659605979919,33.45683679502464,33.45683679502464,39.787278456948336,6.330441661923693,6.330441661923693,2.6633250396084165
telecom_cluster_00020,syn_ts_999_12_3p44,1.262341022491455,21.20567025678004,21.20567025678004,47.47283862113322,18.32247348586569,18.32247348586569,14.91449157785302
telecom_cluster_00021,syn_ts_999_12_3p44,1.2909159660339355,21.127744149715465,21.127744149715465,47.62578209657651,19.33892846988701,19.33892846988701,14.992417684917594
telecom_cluster_00023,syn_ts_999_12_3p44,0.2050659358501434,35.34034489256738,35.34034489256738,37.193887207271985,1.8535423147046046,1.8535423147046046,0.7798169420656791
telecom_cluster_00024,syn_ts_999_12_3p44,1.2147161960601809,21.33554688515895,21.33554688515895,47.21793325409535,16.560307241122917,16.560307241122917,14.784614949474108
telecom_cluster_00026,syn_ts_999_12_3p44,1.376641035079956,20.893965178335627,20.893965178335627,47.88060946760661,22.184297571466374,22.184297571466374,15.226196656297432
telecom_cluster_00027,syn_ts_999_12_3p44,0.928965985774994,22.114810068909573,22.114810068909573,40.761051426128155,9.683559205922805,9.683559205922805,14.005351765723486
telecom_cluster_00030,syn_ts_999_12_3p44,0.9003910422325134,22.192736175974147,22.192736175974147,40.70709761846957,9.265296933227965,9.265296933227965,13.927425658658912
telecom_cluster_00032,syn_ts_999_12_3p44,1.1766161918640137,21.439448577973756,21.439448577973756,47.01400819480335,15.217337327630588,15.217337327630588,14.680713256659303
telecom_cluster_00033,syn_ts_999_12_3p44,1.1194660663604736,21.59530144228902,21.59530144228902,46.70811996781396,13.667816474825784,13.667816474825784,14.524860392344038
telecom_cluster_00034,syn_ts_999_12_3p44,0.3765160739421844,34.68836082778648,34.68836082778648,38.091600241124674,3.4032394133381914,3.4032394133381914,1.4318010068465767
telecom_cluster_00044,syn_ts_999_12_3p44,0.3384160697460174,34.83324607477678,34.83324607477678,37.892108594530725,3.0588625197539443,3.0588625197539443,1.286915759856278
telecom_cluster_00066,syn_ts_999_12_3p44,3.4149911403656006,0.0,0.0,49.6988184561808,49.6988184561808,49.6988184561808,36.12016183463306
telecom_cluster_00072,syn_ts_999_12_3p44,3.32926607131958,0.0,0.0,49.6988184561808,49.6988184561808,49.6988184561808,36.12016183463306
telecom_cluster_00073,syn_ts_999_12_3p44,3.32926607131958,0.0,0.0,49.6988184561808,49.6988184561808,49.6988184561808,36.12016183463306
telecom_cluster_00082,syn_ts_999_12_3p44,0.0431410931050777,35.956106526455706,35.956106526455706,36.34604862601196,0.3899420995562508,0.3899420995562508,0.16405530817735325
telecom_cluster_00085,syn_ts_999_12_3p44,1.0813660621643066,21.699203135103826,21.699203135103826,41.04880577974353,11.914296852515072,11.914296852515072,14.420958699529233
telecom_cluster_00086,syn_ts_999_12_3p44,0.6908411383628845,33.49305742678539,33.49305742678539,39.73740648156972,6.24434905478433,6.24434905478433,2.6271044078476677
telecom_cluster_00087,syn_ts_999_12_3p44,0.6908411383628845,33.49305742678539,33.49305742678539,39.73740648156972,6.24434905478433,6.24434905478433,2.6271044078476677
telecom_cluster_00099,syn_ts_999_12_3p44,0.9384910464286804,22.088834483159342,22.088834483159342,40.77903617873777,9.822981126762091,9.822981126762091,14.031327351473717
telecom_cluster_00100,syn_ts_999_12_3p44,0.871816098690033,22.270662283038718,22.270662283038718,40.65314381081099,8.847034660533144,8.847034660533144,13.849499551594342
telecom_cluster_00101,syn_ts_999_12_3p44,0.8622910380363464,22.29663786878895,22.29663786878895,40.63511826706257,8.707571948555056,8.707571948555056,13.82352396584411
telecom_cluster_00111,syn_ts_999_12_3p44,0.7384659647941589,33.311951548034344,33.311951548034344,39.986770103542284,6.67481855550794,6.67481855550794,2.8082102865987153
telecom_cluster_00116,syn_ts_999_12_3p44,0.2812659442424774,35.05057439858678,35.05057439858678,37.59287050045988,2.5422961018730987,2.5422961018730987,1.0695874360462767
telecom_cluster_00117,syn_ts_999_12_3p44,0.9384910464286804,22.088834483159342,22.088834483159342,40.77903617873777,9.822981126762091,9.822981126762091,14.031327351473717
telecom_cluster_00118,syn_ts_999_12_3p44,0.6717910170555115,33.565500503605094,33.565500503605094,39.63766003409283,6.072159530487738,6.072159530487738,2.5546613310279653
telecom_cluster_00119,syn_ts_999_12_3p44,0.9384910464286804,22.088834483159342,22.088834483159342,40.77903617873777,9.822981126762091,9.822981126762091,14.031327351473717
telecom_cluster_00137,syn_ts_999_12_3p44,0.2431659400463104,35.19545964557708,35.19545964557708,37.39337885386593,2.1979192082888517,2.1979192082888517,0.9247021890559779
telecom_cluster_00138,syn_ts_999_12_3p44,0.5765411257743835,33.92771316775628,33.92771316775628,39.138931541787876,5.211218374031596,5.211218374031596,2.1924486668767784
telecom_cluster_00139,syn_ts_999_12_3p44,0.3955659568309784,34.615918657615886,34.615918657615886,38.191345440241726,3.57542678262584,3.57542678262584,1.5042431770171731
telecom_cluster_00140,syn_ts_999_12_3p44,0.4241411387920379,34.507254042386336,34.507254042386336,38.340965111457066,3.8337110690707306,3.8337110690707306,1.6129077922467232
telecom_cluster_00141,syn_ts_999_12_3p44,0.157441109418869,35.52145077131842,35.52145077131842,36.94452358529943,1.4230728139810083,1.4230728139810083,0.5987110633146386
telecom_cluster_00142,syn_ts_999_12_3p44,0.7860910296440125,22.50444125441856,22.50444125441856,40.23613497387468,7.337097388835307,7.337097388835307,13.6157205802145
telecom_cluster_00153,syn_ts_999_12_3p44,0.9384910464286804,22.088834483159342,22.088834483159342,40.77903617873777,9.822981126762091,9.822981126762091,14.031327351473717
telecom_cluster_00154,syn_ts_999_12_3p44,0.4431910216808319,34.43481187221574,34.43481187221574,38.44071031057412,4.005898438358379,4.005898438358379,1.6853499624173196
telecom_cluster_00155,syn_ts_999_12_3p44,0.6717910170555115,33.565500503605094,33.565500503605094,39.63766003409283,6.072159530487738,6.072159530487738,2.5546613310279653
telecom_cluster_00170,syn_ts_999_12_3p44,1.300441026687622,21.101768563965233,21.101768563965233,47.67676368042521,19.67774962486678,19.67774962486678,15.018393270667826
telecom_cluster_00190,syn_ts_999_12_3p44,0.4622411429882049,34.36236879539604,34.36236879539604,38.540456758051015,4.178087962654978,4.178087962654978,1.757793039237022
telecom_cluster_00191,syn_ts_999_12_3p44,0.3860411345958709,34.652139289376635,34.652139289376635,38.14147346486312,3.4893341754864835,3.4893341754864835,1.4680225452564244
telecom_cluster_00192,syn_ts_999_12_3p44,1.1766161918640137,21.439448577973756,21.439448577973756,47.01400819480335,15.217337327630588,15.217337327630588,14.680713256659303
telecom_cluster_00215,syn_ts_999_12_3p44,0.0431410931050777,35.956106526455706,35.956106526455706,36.34604862601196,0.3899420995562508,0.3899420995562508,0.16405530817735325
telecom_cluster_00238,syn_ts_999_12_3p44,2.1672160625457764,0.0,0.0,49.559364785369,39.539484996300224,39.539484996300224,36.12016183463306
telecom_cluster_00271,syn_ts_999_12_3p44,0.5384411215782166,34.07259841474658,34.07259841474658,38.93943989519393,4.8668414804473485,4.8668414804473485,2.0475634198864796
telecom_cluster_00272,syn_ts_999_12_3p44,1.0623161792755127,21.75115365641817,21.75115365641817,41.01283672469457,11.63545650065954,11.63545650065954,14.36900817821489
telecom_cluster_00274,syn_ts_999_12_3p44,3.424515962600708,0.0,0.0,49.6988184561808,49.6988184561808,49.6988184561808,36.12016183463306
telecom_cluster_00275,syn_ts_999_12_3p44,2.7006161212921143,0.0,0.0,49.6988184561808,47.71566080250882,47.71566080250882,36.12016183463306
telecom_cluster_00292,syn_ts_999_12_3p44,1.6147661209106443,20.244579435696572,20.244579435696572,48.505013536915655,28.260434101219083,28.260434101219083,15.875582398936487
telecom_cluster_00293,syn_ts_999_12_3p44,1.8624160289764404,8.407120184242427,8.407120184242427,49.00984324420936,32.414142464270554,32.414142464270554,27.713041650390632
telecom_cluster_00415,syn_ts_999_12_3p44,1.1289911270141602,21.569325856538793,21.569325856538793,46.75910155166266,13.926071027673668,13.926071027673668,14.550835978094266
telecom_cluster_00416,syn_ts_999_12_3p44,3.757890939712525,0.0,0.0,49.6988184561808,49.6988184561808,49.6988184561808,36.12016183463306
telecom_cluster_00422,syn_ts_999_12_3p44,0.833716094493866,22.374563975853523,22.374563975853523,40.48549984420707,8.1936450606633,8.1936450606633,13.745597858779536
telecom_cluster_00423,syn_ts_999_12_3p44,0.347941130399704,34.79702453636693,34.79702453636693,37.94198181826917,3.1449572819022364,3.1449572819022364,1.3231372982661256
telecom_cluster_00424,syn_ts_999_12_3p44,0.547965943813324,34.03637778298584,34.03637778298584,38.98931187057254,4.952934087586705,4.952934087586705,2.0837840516472212
telecom_cluster_00493,syn_ts_999_12_3p44,2.1100659370422363,0.0,0.0,49.45632928148009,38.14367801879889,38.14367801879889,36.12016183463306
telecom_cluster_00528,syn_ts_999_12_3p44,0.0336160324513912,35.99232806486556,35.99232806486556,36.29617540227351,0.30384733740795156,0.30384733740795156,0.1278337697674985
telecom_cluster_00569,syn_ts_999_12_3p44,1.2147161960601809,21.33554688515895,21.33554688515895,47.21793325409535,16.560307241122917,16.560307241122917,14.784614949474108
telecom_cluster_00570,syn_ts_999_12_3p44,0.586065948009491,33.89149253599554,33.89149253599554,39.18880351716649,5.297310981170952,5.297310981170952,2.22866929863752
telecom_cluster_00571,syn_ts_999_12_3p44,0.9099161028862,22.166760590223912,22.166760590223912,40.72508237107919,9.40471885406727,9.40471885406727,13.953401244409147
telecom_cluster_00580,syn_ts_999_12_3p44,0.0526661537587642,35.91988498804586,35.91988498804586,36.39592184975041,0.47603686170455006,0.47603686170455006,0.2002768465872009
telecom_cluster_00586,syn_ts_999_12_3p44,1.786216139793396,8.683718926366211,8.683718926366211,48.87246307384092,30.748611564403653,30.748611564403653,27.436442908266848
telecom_cluster_00609,syn_ts_999_12_3p44,0.7765659689903259,22.53041684016879,22.53041684016879,40.18626175013623,7.165786996867183,7.165786996867183,13.589744994464269
telecom_cluster_00615,syn_ts_999_12_3p44,0.9194409251213074,22.140785654659805,22.140785654659805,40.743066673518534,9.544137285083504,9.544137285083504,13.979376179973254
telecom_cluster_00616,syn_ts_999_12_3p44,1.5766661167144775,20.348481128511377,20.348481128511377,48.40510891083316,27.740890345322082,27.740890345322082,15.771680706121682
telecom_cluster_00618,syn_ts_999_12_3p44,0.0717160329222679,35.84744283204165,35.84744283204165,36.49566702936184,0.6482241973201894,0.6482241973201894,0.27271900259140835
telecom_cluster_00628,syn_ts_999_12_3p44,0.4812910258769989,34.28992662522544,34.28992662522544,38.64020195716807,4.350275331942626,4.350275331942626,1.8302352094076184
telecom_cluster_00652,syn_ts_999_12_3p44,1.4718910455703735,20.634210946298616,20.634210946298616,48.13037103281287,25.541815273335562,25.541815273335562,15.485950888334443
telecom_cluster_00658,syn_ts_999_12_3p44,0.547965943813324,34.03637778298584,34.03637778298584,38.98931187057254,4.952934087586705,4.952934087586705,2.0837840516472212
telecom_cluster_00695,syn_ts_999_12_3p44,1.4718910455703735,20.634210946298616,20.634210946298616,48.13037103281287,25.541815273335562,25.541815273335562,15.485950888334443
telecom_cluster_00704,syn_ts_999_12_3p44,0.233641117811203,35.23168027733782,35.23168027733782,37.343506878487325,2.1118266011495024,2.1118266011495024,0.8884815572952363
telecom_cluster_00705,syn_ts_999_12_3p44,0.4622411429882049,34.36236879539604,34.36236879539604,38.540456758051015,4.178087962654978,4.178087962654978,1.757793039237022
telecom_cluster_00714,syn_ts_999_12_3p44,1.786216139793396,8.683718926366211,8.683718926366211,48.87246307384092,30.748611564403653,30.748611564403653,27.436442908266848
telecom_cluster_00715,syn_ts_999_12_3p44,0.7670409083366394,22.55639242591902,22.55639242591902,40.13638852639779,6.9944766048990665,6.9944766048990665,13.563769408714037
telecom_cluster_00738,syn_ts_999_12_3p44,1.3480660915374756,20.9718912854002,20.9718912854002,47.80568115433815,21.24585774961988,21.24585774961988,15.148270549232858
telecom_cluster_00745,syn_ts_999_12_3p44,0.7003659605979919,33.45683679502464,33.45683679502464,39.787278456948336,6.330441661923693,6.330441661923693,2.6633250396084165
telecom_cluster_00753,syn_ts_999_12_3p44,1.786216139793396,8.683718926366211,8.683718926366211,48.87246307384092,30.748611564403653,30.748611564403653,27.436442908266848
telecom_cluster_00783,syn_ts_999_12_3p44,1.4052159786224363,20.816039071271057,20.816039071271057,47.95553778087507,23.151473688525336,23.151473688525336,15.304122763362003
telecom_cluster_00784,syn_ts_999_12_3p44,0.9384910464286804,22.088834483159342,22.088834483159342,40.77903617873777,9.822981126762091,9.822981126762091,14.031327351473717
telecom_cluster_00790,syn_ts_999_12_3p44,0.27174112200737,35.086795030347524,35.086795030347524,37.54299852508127,2.4562034947337494,2.4562034947337494,1.033366804285535
telecom_cluster_00792,syn_ts_999_12_3p44,1.0813660621643066,21.699203135103826,21.699203135103826,41.04880577974353,11.914296852515072,11.914296852515072,14.420958699529233
telecom_cluster_00832,syn_ts_999_12_3p44,1.9767160415649416,7.992221421978255,7.992221421978255,49.21591382214422,34.91244272247728,34.91244272247728,28.127940412654805
telecom_cluster_00833,syn_ts_999_12_3p44,1.595716118812561,20.296530282103973,20.296530282103973,48.45506122387441,28.08695875530909,28.08695875530909,15.823631552529086
telecom_cluster_00840,syn_ts_999_12_3p44,5.043766021728516,0.0,0.0,49.6988184561808,49.6988184561808,49.6988184561808,36.12016183463306
telecom_cluster_00848,syn_ts_999_12_3p44,0.5193910002708435,34.14504149156628,34.14504149156628,38.83969344771704,4.694651956150757,4.694651956150757,1.9751203430667772
telecom_cluster_00849,syn_ts_999_12_3p44,0.2431659400463104,35.19545964557708,35.19545964557708,37.39337885386593,2.1979192082888517,2.1979192082888517,0.9247021890559779
telecom_cluster_00871,syn_ts_999_12_3p44,1.357591152191162,20.94591569964997,20.94591569964997,47.830657467152186,21.55867363356498,21.55867363356498,15.17424613498309
telecom_cluster_00879,syn_ts_999_12_3p44,1.7766910791397097,8.718294039581057,8.718294039581057,48.85529041821894,30.540418573417636,30.540418573417636,27.401867795052002
telecom_cluster_00886,syn_ts_999_12_3p44,0.2526910006999969,35.159238107167226,35.159238107167226,37.44325207760438,2.284013970437151,2.284013970437151,0.9609237274658327
telecom_cluster_00887,syn_ts_999_12_3p44,4.691340923309326,0.0,0.0,49.6988184561808,49.6988184561808,49.6988184561808,36.12016183463306
telecom_cluster_00921,syn_ts_999_12_3p44,0.0526661537587642,35.91988498804586,35.91988498804586,36.39592184975041,0.47603686170455006,0.47603686170455006,0.2002768465872009
telecom_cluster_00923,syn_ts_999_12_3p44,1.186141014099121,21.413473642409645,21.413473642409645,47.064988502549234,15.475585416195923,15.475585416195923,14.706688192223414
telecom_cluster_00943,syn_ts_999_12_3p44,1.0527911186218262,21.7771292421684,21.7771292421684,40.99485197208495,11.49603457982024,11.49603457982024,14.34303259246466
telecom_cluster_00944,syn_ts_999_12_3p44,0.9765910506248474,21.984932790344537,21.984932790344537,40.85097473900598,10.380665320296224,10.380665320296224,14.135229044288522
telecom_cluster_00958,syn_ts_999_12_3p44,0.871816098690033,22.270662283038718,22.270662283038718,40.65314381081099,8.847034660533144,8.847034660533144,13.849499551594342
telecom_cluster_00984,syn_ts_999_12_3p44,0.4431910216808319,34.43481187221574,34.43481187221574,38.44071031057412,4.005898438358379,4.005898438358379,1.6853499624173196
telecom_cluster_01000,syn_ts_999_12_3p44,0.1860160529613495,35.412787062737976,35.412787062737976,37.09414200815493,1.681354945416956,1.681354945416956,0.7073747718950827
telecom_cluster_01020,syn_ts_999_12_3p44,1.0146911144256592,21.8810309349832,21.8810309349832,40.922913411816744,10.938350386286107,10.938350386286107,14.239130899649858
telecom_cluster_01031,syn_ts_999_12_3p44,0.547965943813324,34.03637778298584,34.03637778298584,38.98931187057254,4.952934087586705,4.952934087586705,2.0837840516472212
telecom_cluster_01046,syn_ts_999_12_3p44,1.414741039276123,20.79006348552082,20.79006348552082,47.98051409368911,23.49295288938052,23.49295288938052,15.330098349112237
telecom_cluster_01096,syn_ts_999_12_3p44,1.6623910665512085,20.114702482224597,20.114702482224597,48.62989416322537,28.515191681000776,28.515191681000776,16.00545935240846
telecom_cluster_01159,syn_ts_999_12_3p44,0.3955659568309784,34.615918657615886,34.615918657615886,38.191345440241726,3.57542678262584,3.57542678262584,1.5042431770171731
telecom_cluster_01183,syn_ts_999_12_3p44,1.671916127204895,20.088726896474366,20.088726896474366,48.65487047603941,28.566143579565047,28.566143579565047,16.031434938158693
telecom_cluster_01202,syn_ts_999_12_3p44,2.929216146469116,0.0,0.0,49.6988184561808,49.65280243428676,49.65280243428676,36.12016183463306
telecom_cluster_01218,syn_ts_999_12_3p44,1.490941047668457,20.582260099891215,20.582260099891215,48.18032334585411,26.183581417583603,26.183581417583603,15.537901734741844
telecom_cluster_01220,syn_ts_999_12_3p44,0.4146160781383514,34.54347558079618,34.54347558079618,38.29109188771862,3.7476163069224384,3.7476163069224384,1.5766862538368756
telecom_cluster_01237,syn_ts_999_12_3p44,1.8909910917282104,8.303395277316886,8.303395277316886,49.06136099615381,33.03871883162435,33.03871883162435,27.81676655731617
telecom_cluster_01663,syn_ts_999_12_3p44,0.0145661495625972,36.06477023503615,36.06477023503615,36.19643020315646,0.1316599681203101,0.1316599681203101,0.0553915995969092
telecom_cluster_01668,syn_ts_999_12_3p44,1.07184100151062,21.72517872085406,21.72517872085406,41.03082102713391,11.774874931675765,11.774874931675765,14.394983113778999
telecom_cluster_01684,syn_ts_999_12_3p44,1.2528162002563477,21.23164519234415,21.23164519234415,47.42185831338734,17.98366081180392,17.98366081180392,14.88851664228891
telecom_cluster_01690,syn_ts_999_12_3p44,0.8051409125328064,22.452490733104217,22.452490733104217,40.335880172991736,7.6797138847589395,7.6797138847589395,13.667671101528843
telecom_cluster_01693,syn_ts_999_12_3p44,1.5004661083221436,20.556284514140984,20.556284514140984,48.20529965866815,26.356616705374073,26.356616705374073,15.563877320492075
telecom_cluster_01696,syn_ts_999_12_3p44,1.2337660789489746,21.283596363844612,21.283596363844612,47.319895145689934,17.292183312526944,17.292183312526944,14.836565470788447
telecom_cluster_01697,syn_ts_999_12_3p44,1.376641035079956,20.893965178335627,20.893965178335627,47.88060946760661,22.184297571466374,22.184297571466374,15.226196656297432
telecom_cluster_01698,syn_ts_999_12_3p44,1.376641035079956,20.893965178335627,20.893965178335627,47.88060946760661,22.184297571466374,22.184297571466374,15.226196656297432
telecom_cluster_01699,syn_ts_999_12_3p44,1.376641035079956,20.893965178335627,20.893965178335627,47.88060946760661,22.184297571466374,22.184297571466374,15.226196656297432
telecom_cluster_01701,syn_ts_999_12_3p44,1.07184100151062,21.72517872085406,21.72517872085406,41.03082102713391,11.774874931675765,11.774874931675765,14.394983113778999
telecom_cluster_01703,syn_ts_999_12_3p44,1.7290661334991455,8.891168307498297,8.891168307498297,48.769427784873486,29.49946143530029,29.49946143530029,27.22899352713476
telecom_cluster_01704,syn_ts_999_12_3p44,1.5480910539627075,20.42640756066901,20.42640756066901,48.330180284977864,27.2217866475446,27.2217866475446,15.69375427396405
telecom_cluster_01715,syn_ts_999_12_3p44,0.567016065120697,33.963934706166135,33.963934706166135,39.08905831804943,5.125123611883296,5.125123611883296,2.1562271284669237
telecom_cluster_01716,syn_ts_999_12_3p44,1.376641035079956,20.893965178335627,20.893965178335627,47.88060946760661,22.184297571466374,22.184297571466374,15.226196656297432
telecom_cluster_01717,syn_ts_999_12_3p44,0.8241910338401794,22.400539561603754,22.400539561603754,40.435626620468625,8.02233466869518,8.02233466869518,13.719622273029305
telecom_cluster_01718,syn_ts_999_12_3p44,0.719416081905365,33.38439371820494,33.38439371820494,39.887024904425225,6.502631186220285,6.502631186220285,2.735768116428119
telecom_cluster_01719,syn_ts_999_12_3p44,0.3288910090923309,34.869467613186636,34.869467613186636,37.842235370792274,2.972767757605638,2.972767757605638,1.2506942214464232
telecom_cluster_01731,syn_ts_999_12_3p44,0.3574659526348114,34.760803904606185,34.760803904606185,37.99185379364778,3.231049889041593,3.231049889041593,1.3593579300268743
telecom_cluster_01734,syn_ts_999_12_3p44,0.5765411257743835,33.92771316775628,33.92771316775628,39.138931541787876,5.211218374031596,5.211218374031596,2.1924486668767784
telecom_cluster_01746,syn_ts_999_12_3p44,0.6336910128593445,33.71038575059539,33.71038575059539,39.438168387498884,5.727782636903491,5.727782636903491,2.4097760840376665
telecom_cluster_01747,syn_ts_999_12_3p44,0.157441109418869,35.52145077131842,35.52145077131842,36.94452358529943,1.4230728139810083,1.4230728139810083,0.5987110633146386
telecom_cluster_01749,syn_ts_999_12_3p44,3.27211594581604,0.0,0.0,49.6988184561808,49.6988184561808,49.6988184561808,36.12016183463306
telecom_cluster_01750,syn_ts_999_12_3p44,1.2718660831451416,21.179694671029807,21.179694671029807,47.523820204981924,18.661294640845462,18.661294640845462,14.940467163603252
telecom_cluster_01751,syn_ts_999_12_3p44,1.671916127204895,20.088726896474366,20.088726896474366,48.65487047603941,28.566143579565047,28.566143579565047,16.031434938158693
telecom_cluster_01769,syn_ts_999_12_3p44,0.1918328255414962,35.390667261185676,35.390667261185676,37.12459863314377,1.7339313719580929,1.7339313719580929,0.7294945734473828
telecom_cluster_01774,syn_ts_999_12_3p44,0.309841126203537,34.94190978335723,34.94190978335723,37.74249017167522,2.8005803883179894,2.8005803883179894,1.1782520512758268
telecom_cluster_01775,syn_ts_999_12_3p44,0.347941130399704,34.79702453636693,34.79702453636693,37.94198181826917,3.1449572819022364,3.1449572819022364,1.3231372982661256
telecom_cluster_01826,syn_ts_999_12_3p44,1.3290159702301023,21.023842456900663,21.023842456900663,47.755728528710065,20.62022598172965,20.62022598172965,15.096319377732396
telecom_cluster_01827,syn_ts_999_12_3p44,1.2528162002563477,21.23164519234415,21.23164519234415,47.42185831338734,17.98366081180392,17.98366081180392,14.88851664228891
telecom_cluster_01843,syn_ts_999_12_3p44,0.195541113615036,35.37656552432812,35.37656552432812,37.14401523189338,1.7674497075652553,1.7674497075652553,0.7435963103049374
telecom_cluster_01861,syn_ts_999_12_3p44,0.928965985774994,22.114810068909573,22.114810068909573,40.761051426128155,9.683559205922805,9.683559205922805,14.005351765723486
telecom_cluster_01862,syn_ts_999_12_3p44,0.2145909965038299,35.304123354157525,35.304123354157525,37.24376043101043,1.9396370768529039,1.9396370768529039,0.8160384804755338
telecom_cluster_01863,syn_ts_999_12_3p44,1.919566035270691,8.19967080311034,8.19967080311034,49.11287853317679,33.66329259337391,33.66329259337391,27.92049103152272
telecom_cluster_01868,syn_ts_999_12_3p44,3.043515920639038,0.0,0.0,49.6988184561808,49.6988184561808,49.6988184561808,36.12016183463306
telecom_cluster_01869,syn_ts_999_12_3p44,1.45284104347229,20.68616179270602,20.68616179270602,48.080418719771615,24.85886114535055,24.85886114535055,15.434000041927039
telecom_cluster_01872,syn_ts_999_12_3p44,0.4431910216808319,34.43481187221574,34.43481187221574,38.44071031057412,4.005898438358379,4.005898438358379,1.6853499624173196
telecom_cluster_01886,syn_ts_999_12_3p44,0.6908411383628845,33.49305742678539,33.49305742678539,39.73740648156972,6.24434905478433,6.24434905478433,2.6271044078476677
telecom_cluster_01888,syn_ts_999_12_3p44,0.2526910006999969,35.159238107167226,35.159238107167226,37.44325207760438,2.284013970437151,2.284013970437151,0.9609237274658327
telecom_cluster_01889,syn_ts_999_12_3p44,0.6908411383628845,33.49305742678539,33.49305742678539,39.73740648156972,6.24434905478433,6.24434905478433,2.6271044078476677
telecom_cluster_01897,syn_ts_999_12_3p44,2.2243659496307373,0.0,0.0,49.662399859414954,40.935286150781685,40.935286150781685,36.12016183463306
telecom_cluster_01898,syn_ts_999_12_3p44,2.2434160709381104,0.0,0.0,49.69674517065891,41.40055708428875,41.40055708428875,36.12016183463306
telecom_cluster_01899,syn_ts_999_12_3p44,1.3099660873413086,21.075792978215002,21.075792978215002,47.70577652825565,19.994602043828284,19.994602043828284,15.044368856418057
telecom_cluster_01903,syn_ts_999_12_3p44,0.1860160529613495,35.412787062737976,35.412787062737976,37.09414200815493,1.681354945416956,1.681354945416956,0.7073747718950827
telecom_cluster_01917,syn_ts_999_12_3p44,0.3384160697460174,34.83324607477678,34.83324607477678,37.892108594530725,3.0588625197539443,3.0588625197539443,1.286915759856278
telecom_cluster_01919,syn_ts_999_12_3p44,0.4622411429882049,34.36236879539604,34.36236879539604,38.540456758051015,4.178087962654978,4.178087962654978,1.757793039237022
telecom_cluster_01920,syn_ts_999_12_3p44,0.9384910464286804,22.088834483159342,22.088834483159342,40.77903617873777,9.822981126762091,9.822981126762091,14.031327351473717
telecom_cluster_01921,syn_ts_999_12_3p44,0.9384910464286804,22.088834483159342,22.088834483159342,40.77903617873777,9.822981126762091,9.822981126762091,14.031327351473717
telecom_cluster_01929,syn_ts_999_12_3p44,2.5291659832000732,0.0,0.0,49.6988184561808,46.262803568503664,46.262803568503664,36.12016183463306
telecom_cluster_01946,syn_ts_999_12_3p44,1.0623161792755127,21.75115365641817,21.75115365641817,41.01283672469457,11.63545650065954,11.63545650065954,14.36900817821489
telecom_cluster_01948,syn_ts_999_12_3p44,0.9099161028862,22.166760590223912,22.166760590223912,40.72508237107919,9.40471885406727,9.40471885406727,13.953401244409147
telecom_cluster_01949,syn_ts_999_12_3p44,0.928965985774994,22.114810068909573,22.114810068909573,40.761051426128155,9.683559205922805,9.683559205922805,14.005351765723486
telecom_cluster_01950,syn_ts_999_12_3p44,0.2050659358501434,35.34034489256738,35.34034489256738,37.193887207271985,1.8535423147046046,1.8535423147046046,0.7798169420656791
telecom_cluster_01951,syn_ts_999_12_3p44,0.8432409167289734,22.34858904028941,22.34858904028941,40.535371819585684,8.364951164618812,8.364951164618812,13.771572794343648
telecom_cluster_01952,syn_ts_999_12_3p44,0.9384910464286804,22.088834483159342,22.088834483159342,40.77903617873777,9.822981126762091,9.822981126762091,14.031327351473717
telecom_cluster_01953,syn_ts_999_12_3p44,0.6908411383628845,33.49305742678539,33.49305742678539,39.73740648156972,6.24434905478433,6.24434905478433,2.6271044078476677
telecom_cluster_01966,syn_ts_999_12_3p44,3.386415958404541,0.0,0.0,49.6988184561808,49.6988184561808,49.6988184561808,36.12016183463306
telecom_cluster_01967,syn_ts_999_12_3p44,2.005290985107422,0.0,0.0,49.2674313591672,35.55021614324947,35.55021614324947,36.12016183463306
telecom_cluster_01984,syn_ts_999_12_3p44,0.4717659652233124,34.326148163635295,34.326148163635295,38.59032873342962,4.264180569794327,4.264180569794327,1.7940136709977637
telecom_cluster_01986,syn_ts_999_12_3p44,0.0336160324513912,35.99232806486556,35.99232806486556,36.29617540227351,0.30384733740795156,0.30384733740795156,0.1278337697674985
telecom_cluster_01988,syn_ts_999_12_3p44,0.7765659689903259,22.53041684016879,22.53041684016879,40.18626175013623,7.165786996867183,7.165786996867183,13.589744994464269
telecom_cluster_01989,syn_ts_999_12_3p44,0.4622411429882049,34.36236879539604,34.36236879539604,38.540456758051015,4.178087962654978,4.178087962654978,1.757793039237022
telecom_cluster_01990,syn_ts_999_12_3p44,0.2431659400463104,35.19545964557708,35.19545964557708,37.39337885386593,2.1979192082888517,2.1979192082888517,0.9247021890559779
telecom_cluster_01991,syn_ts_999_12_3p44,0.0717160329222679,35.84744283204165,35.84744283204165,36.49566702936184,0.6482241973201894,0.6482241973201894,0.27271900259140835
telecom_cluster_01992,syn_ts_999_12_3p44,0.195541113615036,35.37656552432812,35.37656552432812,37.14401523189338,1.7674497075652553,1.7674497075652553,0.7435963103049374
telecom_cluster_01993,syn_ts_999_12_3p44,0.605116069316864,33.81904945917584,33.81904945917584,39.28854996464338,5.469500505467543,5.469500505467543,2.3011123754572225
telecom_cluster_01994,syn_ts_999_12_3p44,0.681316077709198,33.52927896519524,33.52927896519524,39.68753325783128,6.1582542926360375,6.1582542926360375,2.59088286943782
telecom_cluster_02023,syn_ts_999_12_3p44,0.1002909764647483,35.73877912346121,35.73877912346121,36.645285452217344,0.9065063287561372,0.9065063287561372,0.3813827111718524
telecom_cluster_02025,syn_ts_999_12_3p44,0.3384160697460174,34.83324607477678,34.83324607477678,37.892108594530725,3.0588625197539443,3.0588625197539443,1.286915759856278
telecom_cluster_02028,syn_ts_999_12_3p44,0.833716094493866,22.374563975853523,22.374563975853523,40.48549984420707,8.1936450606633,8.1936450606633,13.745597858779536
telecom_cluster_02029,syn_ts_999_12_3p44,0.795616090297699,22.478465668668324,22.478465668668324,40.28600819761312,7.508407780803427,7.508407780803427,13.641696165964735
telecom_cluster_02030,syn_ts_999_12_3p44,0.0336160324513912,35.99232806486556,35.99232806486556,36.29617540227351,0.30384733740795156,0.30384733740795156,0.1278337697674985
telecom_cluster_02031,syn_ts_999_12_3p44,0.4622411429882049,34.36236879539604,34.36236879539604,38.540456758051015,4.178087962654978,4.178087962654978,1.757793039237022
telecom_cluster_02032,syn_ts_999_12_3p44,0.4622411429882049,34.36236879539604,34.36236879539604,38.540456758051015,4.178087962654978,4.178087962654978,1.757793039237022
telecom_cluster_02033,syn_ts_999_12_3p44,0.4717659652233124,34.326148163635295,34.326148163635295,38.59032873342962,4.264180569794327,4.264180569794327,1.7940136709977637
telecom_cluster_02034,syn_ts_999_12_3p44,0.9384910464286804,22.088834483159342,22.088834483159342,40.77903617873777,9.822981126762091,9.822981126762091,14.031327351473717
telecom_cluster_02035,syn_ts_999_12_3p44,0.8908659815788269,22.21871176172438,22.21871176172438,40.68911286585995,9.125875012388672,9.125875012388672,13.90145007290868
telecom_cluster_02074,syn_ts_999_12_3p44,0.1764909923076629,35.449008601147824,35.449008601147824,37.04426878441648,1.5952601832686568,1.5952601832686568,0.671153233485235
telecom_cluster_02075,syn_ts_999_12_3p44,0.157441109418869,35.52145077131842,35.52145077131842,36.94452358529943,1.4230728139810083,1.4230728139810083,0.5987110633146386
telecom_cluster_02087,syn_ts_999_12_3p44,1.3290159702301023,21.023842456900663,21.023842456900663,47.755728528710065,20.62022598172965,20.62022598172965,15.096319377732396
telecom_cluster_02088,syn_ts_999_12_3p44,0.4717659652233124,34.326148163635295,34.326148163635295,38.59032873342962,4.264180569794327,4.264180569794327,1.7940136709977637
telecom_cluster_02105,syn_ts_999_12_3p44,1.138516187667847,21.543350270788558,21.543350270788558,46.81008313551136,14.184325580521577,14.184325580521577,14.576811563844501
telecom_cluster_02107,syn_ts_999_12_3p44,1.490941047668457,20.582260099891215,20.582260099891215,48.18032334585411,26.183581417583603,26.183581417583603,15.537901734741844
telecom_cluster_02108,syn_ts_999_12_3p44,0.3288910090923309,34.869467613186636,34.869467613186636,37.842235370792274,2.972767757605638,2.972767757605638,1.2506942214464232
telecom_cluster_02109,syn_ts_999_12_3p44,0.4622411429882049,34.36236879539604,34.36236879539604,38.540456758051015,4.178087962654978,4.178087962654978,1.757793039237022
telecom_cluster_02110,syn_ts_999_12_3p44,0.5955910086631775,33.855270997585684,33.855270997585684,39.238676740904936,5.383405743319251,5.383405743319251,2.264890837047375
telecom_cluster_02111,syn_ts_999_12_3p44,0.3669910132884979,34.72458236619634,34.72458236619634,38.04172701738622,3.317144651189885,3.317144651189885,1.395579468436722
telecom_cluster_02128,syn_ts_999_12_3p44,1.338541030883789,20.997866871150432,20.997866871150432,47.78070484152411,20.93304186567478,20.93304186567478,15.122294963482627
telecom_cluster_02147,syn_ts_999_12_3p44,0.5574910044670105,34.00015624457598,34.00015624457598,39.03918509431099,5.039028849735004,5.039028849735004,2.120005590057076
telecom_cluster_02149,syn_ts_999_12_3p44,0.0336160324513912,35.99232806486556,35.99232806486556,36.29617540227351,0.30384733740795156,0.30384733740795156,0.1278337697674985
telecom_cluster_02157,syn_ts_999_12_3p44,0.1860160529613495,35.412787062737976,35.412787062737976,37.09414200815493,1.681354945416956,1.681354945416956,0.7073747718950827
telecom_cluster_02178,syn_ts_999_12_3p44,0.833716094493866,22.374563975853523,22.374563975853523,40.48549984420707,8.1936450606633,8.1936450606633,13.745597858779536
telecom_cluster_02179,syn_ts_999_12_3p44,1.7290661334991455,8.891168307498297,8.891168307498297,48.769427784873486,29.49946143530029,29.49946143530029,27.22899352713476
telecom_cluster_02221,syn_ts_999_12_3p44,1.567141056060791,20.37445671426161,20.37445671426161,48.38013259801912,27.567855057531613,27.567855057531613,15.74570512037145
telecom_cluster_02222,syn_ts_999_12_3p44,1.376641035079956,20.893965178335627,20.893965178335627,47.88060946760661,22.184297571466374,22.184297571466374,15.226196656297432
telecom_cluster_02223,syn_ts_999_12_3p44,0.7479910254478455,33.275730009624496,33.275730009624496,40.03664332728073,6.760913317656232,6.760913317656232,2.844431825008563
telecom_cluster_02225,syn_ts_999_12_3p44,2.21484112739563,0.0,0.0,49.645227633635926,40.70265650704802,40.70265650704802,36.12016183463306
telecom_cluster_02226,syn_ts_999_12_3p44,2.986366033554077,0.0,0.0,49.6988184561808,49.6988184561808,49.6988184561808,36.12016183463306
telecom_cluster_02267,syn_ts_999_12_3p44,1.519516110420227,20.504333667733583,20.504333667733583,48.255251971709406,26.702685115361078,26.702685115361078,15.615828166899476
telecom_cluster_02268,syn_ts_999_12_3p44,1.6623910665512085,20.114702482224597,20.114702482224597,48.62989416322537,28.515191681000776,28.515191681000776,16.00545935240846
telecom_cluster_02316,syn_ts_999_12_3p44,1.5004661083221436,20.556284514140984,20.556284514140984,48.20529965866815,26.356616705374073,26.356616705374073,15.563877320492075
telecom_cluster_02478,syn_ts_999_12_3p44,1.262341022491455,21.20567025678004,21.20567025678004,47.47283862113322,18.32247348586569,18.32247348586569,14.91449157785302
telecom_cluster_02479,syn_ts_999_12_3p44,2.929216146469116,0.0,0.0,49.6988184561808,49.65280243428676,49.65280243428676,36.12016183463306
telecom_cluster_02486,syn_ts_999_12_3p44,0.3288910090923309,34.869467613186636,34.869467613186636,37.842235370792274,2.972767757605638,2.972767757605638,1.2506942214464232
telecom_cluster_02487,syn_ts_999_12_3p44,0.8813409209251404,22.24468734747461,22.24468734747461,40.67112811325033,8.986453091549386,8.986453091549386,13.87547448715845
telecom_cluster_02523,syn_ts_999_12_3p44,1.4242660999298096,20.76408789977059,20.76408789977059,48.00549040650315,23.83443209023569,23.83443209023569,15.356073934862469
telecom_cluster_02525,syn_ts_999_12_3p44,2.176741123199463,0.0,0.0,49.576537440990975,39.77212046305375,39.77212046305375,36.12016183463306
telecom_cluster_02529,syn_ts_999_12_3p44,0.7765659689903259,22.53041684016879,22.53041684016879,40.18626175013623,7.165786996867183,7.165786996867183,13.589744994464269
telecom_cluster_02532,syn_ts_999_12_3p44,0.757516086101532,33.23950847121465,33.23950847121465,40.08651655101917,6.8470080798045245,6.8470080798045245,2.8806533634184106
telecom_cluster_02576,syn_ts_999_12_3p44,1.5480910539627075,20.42640756066901,20.42640756066901,48.330180284977864,27.2217866475446,27.2217866475446,15.69375427396405
telecom_cluster_02579,syn_ts_999_12_3p44,0.1002909764647483,35.73877912346121,35.73877912346121,36.645285452217344,0.9065063287561372,0.9065063287561372,0.3813827111718524
telecom_cluster_02580,syn_ts_999_12_3p44,1.2718660831451416,21.179694671029807,21.179694671029807,47.523820204981924,18.661294640845462,18.661294640845462,14.940467163603252
telecom_cluster_02582,syn_ts_999_12_3p44,1.45284104347229,20.68616179270602,20.68616179270602,48.080418719771615,24.85886114535055,24.85886114535055,15.434000041927039
telecom_cluster_02583,syn_ts_999_12_3p44,1.3671159744262695,20.919940764085858,20.919940764085858,47.85563315479257,21.87148168752126,21.87148168752126,15.200221070547201
telecom_cluster_02626,syn_ts_999_12_3p44,0.5193910002708435,34.14504149156628,34.14504149156628,38.83969344771704,4.694651956150757,4.694651956150757,1.9751203430667772
telecom_cluster_02634,syn_ts_999_12_3p44,1.1670911312103271,21.465424163723988,21.465424163723988,46.96302661095465,14.959082774782694,14.959082774782694,14.654737670909071
telecom_cluster_02635,syn_ts_999_12_3p44,1.9767160415649416,7.992221421978255,7.992221421978255,49.21591382214422,34.91244272247728,34.91244272247728,28.127940412654805
telecom_cluster_02683,syn_ts_999_12_3p44,1.2718660831451416,21.179694671029807,21.179694671029807,47.523820204981924,18.661294640845462,18.661294640845462,14.940467163603252
telecom_cluster_02684,syn_ts_999_12_3p44,0.4812910258769989,34.28992662522544,34.28992662522544,38.64020195716807,4.350275331942626,4.350275331942626,1.8302352094076184
telecom_cluster_02690,syn_ts_999_12_3p44,0.719416081905365,33.38439371820494,33.38439371820494,39.887024904425225,6.502631186220285,6.502631186220285,2.735768116428119
telecom_cluster_02692,syn_ts_999_12_3p44,1.4433159828186035,20.71213737845625,20.71213737845625,48.055442406957575,24.51738194449538,24.51738194449538,15.408024456176808
telecom_cluster_02694,syn_ts_999_12_3p44,0.2907910048961639,35.01435286017693,35.01435286017693,37.642743724198326,2.628390864021398,2.628390864021398,1.1058089744561315
telecom_cluster_02695,syn_ts_999_12_3p44,0.2907910048961639,35.01435286017693,35.01435286017693,37.642743724198326,2.628390864021398,2.628390864021398,1.1058089744561315
telecom_cluster_02734,syn_ts_999_12_3p44,1.786216139793396,8.683718926366211,8.683718926366211,48.87246307384092,30.748611564403653,30.748611564403653,27.436442908266848
telecom_cluster_02735,syn_ts_999_12_3p44,0.8813409209251404,22.24468734747461,22.24468734747461,40.67112811325033,8.986453091549386,8.986453091549386,13.87547448715845
telecom_cluster_02740,syn_ts_999_12_3p44,0.757516086101532,33.23950847121465,33.23950847121465,40.08651655101917,6.8470080798045245,6.8470080798045245,2.8806533634184106
telecom_cluster_02741,syn_ts_999_12_3p44,1.5766661167144775,20.348481128511377,20.348481128511377,48.40510891083316,27.740890345322082,27.740890345322082,15.771680706121682
telecom_cluster_02750,syn_ts_999_12_3p44,1.3861660957336426,20.867989592585396,20.867989592585396,47.90558578042065,22.49711345541148,22.49711345541148,15.252172242047664
telecom_cluster_02763,syn_ts_999_12_3p44,1.786216139793396,8.683718926366211,8.683718926366211,48.87246307384092,30.748611564403653,30.748611564403653,27.436442908266848
telecom_cluster_02764,syn_ts_999_12_3p44,1.786216139793396,8.683718926366211,8.683718926366211,48.87246307384092,30.748611564403653,30.748611564403653,27.436442908266848
telecom_cluster_02786,syn_ts_999_12_3p44,0.9575409293174744,22.036883961845,22.036883961845,40.815005233786735,10.10182147861763,10.10182147861763,14.08327787278806
telecom_cluster_02793,syn_ts_999_12_3p44,1.8243160247802737,8.545419771663816,8.545419771663816,48.9411530515644,31.581375711534978,31.581375711534978,27.574742062969243
telecom_cluster_02794,syn_ts_999_12_3p44,1.6623910665512085,20.114702482224597,20.114702482224597,48.62989416322537,28.515191681000776,28.515191681000776,16.00545935240846
telecom_cluster_02796,syn_ts_999_12_3p44,0.0336160324513912,35.99232806486556,35.99232806486556,36.29617540227351,0.30384733740795156,0.30384733740795156,0.1278337697674985
telecom_cluster_02797,syn_ts_999_12_3p44,0.5003411173820496,34.21748366173688,34.21748366173688,38.73994824859998,4.5224645868631015,4.5224645868631015,1.9026781728961808
telecom_cluster_02812,syn_ts_999_12_3p44,1.786216139793396,8.683718926366211,8.683718926366211,48.87246307384092,30.748611564403653,30.748611564403653,27.436442908266848
telecom_cluster_02813,syn_ts_999_12_3p44,1.786216139793396,8.683718926366211,8.683718926366211,48.87246307384092,30.748611564403653,30.748611564403653,27.436442908266848
telecom_cluster_02832,syn_ts_999_12_3p44,1.4242660999298096,20.76408789977059,20.76408789977059,48.00549040650315,23.83443209023569,23.83443209023569,15.356073934862469
telecom_cluster_02839,syn_ts_999_12_3p44,1.7290661334991455,8.891168307498297,8.891168307498297,48.769427784873486,29.49946143530029,29.49946143530029,27.22899352713476
telecom_cluster_02842,syn_ts_999_12_3p44,0.4908160865306854,34.25370508681559,34.25370508681559,38.69007518090652,4.436370094090925,4.436370094090925,1.866456747817466
telecom_cluster_02843,syn_ts_999_12_3p44,0.52891606092453,34.108819953156434,34.108819953156434,38.88956667145548,4.780746718299049,4.780746718299049,2.011341881476625
telecom_cluster_02844,syn_ts_999_12_3p44,2.1672160625457764,0.0,0.0,49.559364785369,39.539484996300224,39.539484996300224,36.12016183463306
telecom_cluster_02845,syn_ts_999_12_3p44,0.509865939617157,34.18126302997614,34.18126302997614,38.789820223978595,4.608557194002458,4.608557194002458,1.9388988046569224
telecom_cluster_02863,syn_ts_999_12_3p44,1.786216139793396,8.683718926366211,8.683718926366211,48.87246307384092,30.748611564403653,30.748611564403653,27.436442908266848
telecom_cluster_02864,syn_ts_999_12_3p44,0.7098910212516785,33.420615256614795,33.420615256614795,39.83715168068678,6.416536424071985,6.416536424071985,2.699546578018264
telecom_cluster_02891,syn_ts_999_12_3p44,1.6528661251068115,20.140677742881767,20.140677742881767,48.60491816299816,28.464240420116393,28.464240420116393,15.979484091751292
telecom_cluster_02900,syn_ts_999_12_3p44,1.281391143798828,21.153719085279576,21.153719085279576,47.57480178883063,19.000115795825216,19.000115795825216,14.966442749353483
telecom_cluster_02901,syn_ts_999_12_3p44,1.1289911270141602,21.569325856538793,21.569325856538793,46.75910155166266,13.926071027673668,13.926071027673668,14.550835978094266
telecom_cluster_02902,syn_ts_999_12_3p44,0.1383909881114959,35.59389384813812,35.59389384813812,36.84477713782253,1.2508832896844098,1.2508832896844098,0.5262679864949362
telecom_cluster_02918,syn_ts_999_12_3p44,1.786216139793396,8.683718926366211,8.683718926366211,48.87246307384092,30.748611564403653,30.748611564403653,27.436442908266848
telecom_cluster_02947,syn_ts_999_12_3p44,1.748116135597229,8.8220185137876,8.8220185137876,48.80377288119597,29.91584481166808,29.91584481166808,27.29814332084546
telecom_cluster_02948,syn_ts_999_12_3p44,0.8527659773826599,22.32261345453918,22.32261345453918,40.58524504332413,8.536261556586929,8.536261556586929,13.797548380093879
telecom_cluster_02954,syn_ts_999_12_3p44,0.3860411345958709,34.652139289376635,34.652139289376635,38.14147346486312,3.4893341754864835,3.4893341754864835,1.4680225452564244
telecom_cluster_02955,syn_ts_999_12_3p44,1.07184100151062,21.72517872085406,21.72517872085406,41.03082102713391,11.774874931675765,11.774874931675765,14.394983113778999
telecom_cluster_02957,syn_ts_999_12_3p44,1.1766161918640137,21.439448577973756,21.439448577973756,47.01400819480335,15.217337327630588,15.217337327630588,14.680713256659303
telecom_cluster_02959,syn_ts_999_12_3p44,0.871816098690033,22.270662283038718,22.270662283038718,40.65314381081099,8.847034660533144,8.847034660533144,13.849499551594342
telecom_cluster_02980,syn_ts_999_12_3p44,1.786216139793396,8.683718926366211,8.683718926366211,48.87246307384092,30.748611564403653,30.748611564403653,27.436442908266848
telecom_cluster_02981,syn_ts_999_12_3p44,0.195541113615036,35.37656552432812,35.37656552432812,37.14401523189338,1.7674497075652553,1.7674497075652553,0.7435963103049374
telecom_cluster_03010,syn_ts_999_12_3p44,2.119590997695923,0.0,0.0,49.473501937102064,38.376313485552416,38.376313485552416,36.12016183463306
telecom_cluster_03011,syn_ts_999_12_3p44,0.4431910216808319,34.43481187221574,34.43481187221574,38.44071031057412,4.005898438358379,4.005898438358379,1.6853499624173196
telecom_cluster_03041,syn_ts_999_12_3p44,0.8146659731864929,22.426515147353985,22.426515147353985,40.38575339673018,7.851024276727056,7.851024276727056,13.693646687279074
telecom_cluster_03042,syn_ts_999_12_3p44,2.0529160499572754,0.0,0.0,49.35329420743413,36.747876864317426,36.747876864317426,36.12016183463306
telecom_cluster_03043,syn_ts_999_12_3p44,1.710016131401062,8.960318101208992,8.960318101208992,48.73508268855101,29.083078058932507,29.083078058932507,27.15984373342407
telecom_cluster_03071,syn_ts_999_12_3p44,1.5480910539627075,20.42640756066901,20.42640756066901,48.330180284977864,27.2217866475446,27.2217866475446,15.69375427396405
telecom_cluster_03096,syn_ts_999_12_3p44,0.7384659647941589,33.311951548034344,33.311951548034344,39.986770103542284,6.67481855550794,6.67481855550794,2.8082102865987153
telecom_cluster_03097,syn_ts_999_12_3p44,0.6527411341667175,33.63794267377569,33.63794267377569,39.53791483497577,5.899972161200083,5.899972161200083,2.482219160857369
telecom_cluster_03098,syn_ts_999_12_3p44,1.2337660789489746,21.283596363844612,21.283596363844612,47.319895145689934,17.292183312526944,17.292183312526944,14.836565470788447
telecom_cluster_03131,syn_ts_999_12_3p44,0.5003411173820496,34.21748366173688,34.21748366173688,38.73994824859998,4.5224645868631015,4.5224645868631015,1.9026781728961808
telecom_cluster_03144,syn_ts_999_12_3p44,0.8622910380363464,22.29663786878895,22.29663786878895,40.63511826706257,8.707571948555056,8.707571948555056,13.82352396584411
telecom_cluster_03145,syn_ts_999_12_3p44,0.1669661700725555,35.48522923290857,35.48522923290857,36.99439680903787,1.5091675761293004,1.5091675761293004,0.6349326017244863
telecom_cluster_03146,syn_ts_999_12_3p44,1.605241060256958,20.270555021446803,20.270555021446803,48.48003722410162,28.20948220265482,28.20948220265482,15.849606813186256
telecom_cluster_03197,syn_ts_999_12_3p44,2.3672409057617188,0.0,0.0,49.6988184561808,44.203625341813215,44.203625341813215,36.12016183463306
telecom_cluster_03205,syn_ts_999_12_3p44,0.347941130399704,34.79702453636693,34.79702453636693,37.94198181826917,3.1449572819022364,3.1449572819022364,1.3231372982661256
telecom_cluster_03206,syn_ts_999_12_3p44,0.4431910216808319,34.43481187221574,34.43481187221574,38.44071031057412,4.005898438358379,4.005898438358379,1.6853499624173196
telecom_cluster_03207,syn_ts_999_12_3p44,2.833966016769409,0.0,0.0,49.6988184561808,48.845659077540915,48.845659077540915,36.12016183463306
telecom_cluster_03214,syn_ts_999_12_3p44,1.7385910749435425,8.856593627002447,8.856593627002447,48.78660022557399,29.707651820682063,29.707651820682063,27.263568207630613
telecom_cluster_03250,syn_ts_999_12_3p44,5.196166038513184,0.0,0.0,49.6988184561808,49.6988184561808,49.6988184561808,36.12016183463306
telecom_cluster_03261,syn_ts_999_12_3p44,1.7766910791397097,8.718294039581057,8.718294039581057,48.85529041821894,30.540418573417636,30.540418573417636,27.401867795052002
telecom_cluster_03262,syn_ts_999_12_3p44,2.2815160751342773,0.0,0.0,49.6988184561808,42.26447622115996,42.26447622115996,36.12016183463306
telecom_cluster_03264,syn_ts_999_12_3p44,0.0431410931050777,35.956106526455706,35.956106526455706,36.34604862601196,0.3899420995562508,0.3899420995562508,0.16405530817735325
telecom_cluster_03304,syn_ts_999_12_3p44,0.4527160823345184,34.39859033380589,34.39859033380589,38.49058353431257,4.091993200506678,4.091993200506678,1.7215715008271673
telecom_cluster_03305,syn_ts_999_12_3p44,0.3669910132884979,34.72458236619634,34.72458236619634,38.04172701738622,3.317144651189885,3.317144651189885,1.395579468436722
telecom_cluster_03306,syn_ts_999_12_3p44,1.2528162002563477,21.23164519234415,21.23164519234415,47.42185831338734,17.98366081180392,17.98366081180392,14.88851664228891
telecom_cluster_03307,syn_ts_999_12_3p44,2.8530161380767822,0.0,0.0,49.6988184561808,49.007088557027444,49.007088557027444,36.12016183463306
telecom_cluster_03308,syn_ts_999_12_3p44,0.4717659652233124,34.326148163635295,34.326148163635295,38.59032873342962,4.264180569794327,4.264180569794327,1.7940136709977637
telecom_cluster_03328,syn_ts_999_12_3p44,1.414741039276123,20.79006348552082,20.79006348552082,47.98051409368911,23.49295288938052,23.49295288938052,15.330098349112237
telecom_cluster_03343,syn_ts_999_12_3p44,0.309841126203537,34.94190978335723,34.94190978335723,37.74249017167522,2.8005803883179894,2.8005803883179894,1.1782520512758268
telecom_cluster_03344,syn_ts_999_12_3p44,0.1669661700725555,35.48522923290857,35.48522923290857,36.99439680903787,1.5091675761293004,1.5091675761293004,0.6349326017244863
telecom_cluster_03370,syn_ts_999_12_3p44,1.529041051864624,20.47835840707641,20.47835840707641,48.28022797193662,26.87571823755761,26.87571823755761,15.641803427556649
telecom_cluster_03371,syn_ts_999_12_3p44,2.4339160919189453,0.0,0.0,49.6988184561808,45.45566223210123,45.45566223210123,36.12016183463306
telecom_cluster_03380,syn_ts_999_12_3p44,0.9575409293174744,22.036883961845,22.036883961845,40.815005233786735,10.10182147861763,10.10182147861763,14.08327787278806
telecom_cluster_03400,syn_ts_999_12_3p44,1.643341064453125,20.166653328631998,20.166653328631998,48.57994185018412,28.413288521552122,28.413288521552122,15.95350850600106
telecom_cluster_03401,syn_ts_999_12_3p44,1.710016131401062,8.960318101208992,8.960318101208992,48.73508268855101,29.083078058932507,29.083078058932507,27.15984373342407
telecom_cluster_03408,syn_ts_999_12_3p44,0.233641117811203,35.23168027733782,35.23168027733782,37.343506878487325,2.1118266011495024,2.1118266011495024,0.8884815572952363
telecom_cluster_03409,syn_ts_999_12_3p44,0.233641117811203,35.23168027733782,35.23168027733782,37.343506878487325,2.1118266011495024,2.1118266011495024,0.8884815572952363
telecom_cluster_03442,syn_ts_999_12_3p44,0.233641117811203,35.23168027733782,35.23168027733782,37.343506878487325,2.1118266011495024,2.1118266011495024,0.8884815572952363
telecom_cluster_03443,syn_ts_999_12_3p44,0.8813409209251404,22.24468734747461,22.24468734747461,40.67112811325033,8.986453091549386,8.986453091549386,13.87547448715845
telecom_cluster_03475,syn_ts_999_12_3p44,0.195541113615036,35.37656552432812,35.37656552432812,37.14401523189338,1.7674497075652553,1.7674497075652553,0.7435963103049374
telecom_cluster_03500,syn_ts_999_12_3p44,2.15769100189209,0.0,0.0,49.54219212974702,39.30684952954669,39.30684952954669,36.12016183463306
telecom_cluster_03502,syn_ts_999_12_3p44,0.4622411429882049,34.36236879539604,34.36236879539604,38.540456758051015,4.178087962654978,4.178087962654978,1.757793039237022
telecom_cluster_03505,syn_ts_999_12_3p44,0.567016065120697,33.963934706166135,33.963934706166135,39.08905831804943,5.125123611883296,5.125123611883296,2.1562271284669237
telecom_cluster_03524,syn_ts_999_12_3p44,1.5766661167144775,20.348481128511377,20.348481128511377,48.40510891083316,27.740890345322082,27.740890345322082,15.771680706121682
telecom_cluster_03531,syn_ts_999_12_3p44,0.6527411341667175,33.63794267377569,33.63794267377569,39.53791483497577,5.899972161200083,5.899972161200083,2.482219160857369
telecom_cluster_03536,syn_ts_999_12_3p44,0.4717659652233124,34.326148163635295,34.326148163635295,38.59032873342962,4.264180569794327,4.264180569794327,1.7940136709977637
telecom_cluster_03564,syn_ts_999_12_3p44,1.5099910497665403,20.530309253483814,20.530309253483814,48.230275658895366,26.5296498275706,26.5296498275706,15.589852581149245
telecom_cluster_03566,syn_ts_999_12_3p44,0.1860160529613495,35.412787062737976,35.412787062737976,37.09414200815493,1.681354945416956,1.681354945416956,0.7073747718950827
telecom_cluster_03570,syn_ts_999_12_3p44,1.148041009902954,21.51737533522445,21.51737533522445,46.861063443257244,14.442573669086897,14.442573669086897,14.602786499408609
telecom_cluster_03571,syn_ts_999_12_3p44,1.338541030883789,20.997866871150432,20.997866871150432,47.78070484152411,20.93304186567478,20.93304186567478,15.122294963482627
telecom_cluster_03588,syn_ts_999_12_3p44,1.2432911396026611,21.257620778094378,21.257620778094378,47.37087672953864,17.64483965682415,17.64483965682415,14.862541056538682
telecom_cluster_03592,syn_ts_999_12_3p44,0.4431910216808319,34.43481187221574,34.43481187221574,38.44071031057412,4.005898438358379,4.005898438358379,1.6853499624173196
telecom_cluster_03593,syn_ts_999_12_3p44,0.195541113615036,35.37656552432812,35.37656552432812,37.14401523189338,1.7674497075652553,1.7674497075652553,0.7435963103049374
telecom_cluster_03618,syn_ts_999_12_3p44,1.843366026878357,8.476269977953121,8.476269977953121,48.97549814788688,31.997759087902764,31.997759087902764,27.643891856679936
telecom_cluster_03630,syn_ts_999_12_3p44,0.3765160739421844,34.68836082778648,34.68836082778648,38.091600241124674,3.4032394133381914,3.4032394133381914,1.4318010068465767
telecom_cluster_03645,syn_ts_999_12_3p44,0.5574910044670105,34.00015624457598,34.00015624457598,39.03918509431099,5.039028849735004,5.039028849735004,2.120005590057076
telecom_cluster_03651,syn_ts_999_12_3p44,2.5863161087036133,0.0,0.0,49.6988184561808,46.747089986619855,46.747089986619855,36.12016183463306
telecom_cluster_03674,syn_ts_999_12_3p44,2.5717499256134033,0.0,0.0,49.6988184561808,46.623657105725385,46.623657105725385,36.12016183463306
telecom_cluster_03677,syn_ts_999_12_3p44,0.509865939617157,34.18126302997614,34.18126302997614,38.789820223978595,4.608557194002458,4.608557194002458,1.9388988046569224
telecom_cluster_03688,syn_ts_999_12_3p44,1.0527911186218262,21.7771292421684,21.7771292421684,40.99485197208495,11.49603457982024,11.49603457982024,14.34303259246466
telecom_cluster_03708,syn_ts_999_12_3p44,2.6910910606384277,0.0,0.0,49.6988184561808,47.63494606276555,47.63494606276555,36.12016183463306
telecom_cluster_03719,syn_ts_999_12_3p44,0.3288910090923309,34.869467613186636,34.869467613186636,37.842235370792274,2.972767757605638,2.972767757605638,1.2506942214464232
telecom_cluster_03750,syn_ts_999_12_3p44,0.4431910216808319,34.43481187221574,34.43481187221574,38.44071031057412,4.005898438358379,4.005898438358379,1.6853499624173196
telecom_cluster_03766,syn_ts_999_12_3p44,1.300441026687622,21.101768563965233,21.101768563965233,47.67676368042521,19.67774962486678,19.67774962486678,15.018393270667826
telecom_cluster_03799,syn_ts_999_12_3p44,1.919566035270691,8.19967080311034,8.19967080311034,49.11287853317679,33.66329259337391,33.66329259337391,27.92049103152272
telecom_cluster_03854,syn_ts_999_12_3p44,0.347941130399704,34.79702453636693,34.79702453636693,37.94198181826917,3.1449572819022364,3.1449572819022364,1.3231372982661256
telecom_cluster_03884,syn_ts_999_12_3p44,0.347941130399704,34.79702453636693,34.79702453636693,37.94198181826917,3.1449572819022364,3.1449572819022364,1.3231372982661256
telecom_cluster_03885,syn_ts_999_12_3p44,0.643216073513031,33.67416421218554,33.67416421218554,39.48804161123733,5.8138773990517905,5.8138773990517905,2.4459976224475213
telecom_cluster_03908,syn_ts_999_12_3p44,0.833716094493866,22.374563975853523,22.374563975853523,40.48549984420707,8.1936450606633,8.1936450606633,13.745597858779536
telecom_cluster_03925,syn_ts_999_12_3p44,2.15769100189209,0.0,0.0,49.54219212974702,39.30684952954669,39.30684952954669,36.12016183463306
telecom_cluster_03926,syn_ts_999_12_3p44,1.9290910959243777,8.165095689895495,8.165095689895495,49.13005118879877,33.87148558435994,33.87148558435994,27.955066144737565
telecom_cluster_03951,syn_ts_999_12_3p44,2.176741123199463,0.0,0.0,49.576537440990975,39.77212046305375,39.77212046305375,36.12016183463306
telecom_cluster_04005,syn_ts_999_12_3p44,0.9670659899711608,22.01090837609477,22.01090837609477,40.832989986396356,10.24124339945693,10.24124339945693,14.10925345853829
telecom_cluster_04006,syn_ts_999_12_3p44,1.748116135597229,8.8220185137876,8.8220185137876,48.80377288119597,29.91584481166808,29.91584481166808,27.29814332084546
telecom_cluster_04034,syn_ts_999_12_3p44,1.748116135597229,8.8220185137876,8.8220185137876,48.80377288119597,29.91584481166808,29.91584481166808,27.29814332084546
hospital_bellevue_hospital_center,syn_ts_999_12_3p44,1.224241018295288,21.309571949594844,21.309571949594844,47.26891356184123,16.92624069693186,16.92624069693186,14.810589885038215
hospital_coney_island_hospital,syn_ts_999_12_3p44,1.2147161960601809,21.33554688515895,21.33554688515895,47.21793325409535,16.560307241122917,16.560307241122917,14.784614949474108
hospital_metropolitan_hospital_center,syn_ts_999_12_3p44,1.0623161792755127,21.75115365641817,21.75115365641817,41.01283672469457,11.63545650065954,11.63545650065954,14.36900817821489
hospital_david_h__koch_center_for_cancer_care,syn_ts_999_12_3p44,0.0240909717977046,36.02854960327541,36.02854960327541,36.24630217853507,0.2177525752596594,0.2177525752596594,0.09161223135765084
hospital_hospital_for_special_surgery,syn_ts_999_12_3p44,0.7289411425590515,33.34817217979509,33.34817217979509,39.93689812816367,6.588725948368577,6.588725948368577,2.7719896548379666
subway_tottenville_sir,syn_ts_999_12_3p44,1.224241018295288,21.309571949594844,21.309571949594844,47.26891356184123,16.92624069693186,16.92624069693186,14.810589885038215
subway_richmond_valley_sir,syn_ts_999_12_3p44,1.2718660831451416,21.179694671029807,21.179694671029807,47.523820204981924,18.661294640845462,18.661294640845462,14.940467163603252
subway_w_8_st_ny_aquarium_fq,syn_ts_999_12_3p44,1.681441068649292,20.062751635817197,20.062751635817197,48.67984647626662,28.617094840449422,28.617094840449422,16.057410198815862
subway_ocean_pkwy_q,syn_ts_999_12_3p44,1.643341064453125,20.166653328631998,20.166653328631998,48.57994185018412,28.413288521552122,28.413288521552122,15.95350850600106
subway_coney_island_stillwell_av_dfnq,syn_ts_999_12_3p44,1.48141610622406,20.608235360548385,20.608235360548385,48.15534734562691,25.909807585027046,25.909807585027046,15.511926474084675
subway_brighton_beach_bq,syn_ts_999_12_3p44,1.109941005706787,21.621277028039255,21.621277028039255,46.444410987012304,13.19683452502493,13.19683452502493,14.498884806593804
subway_neptune_av_f,syn_ts_999_12_3p44,1.1670911312103271,21.465424163723988,21.465424163723988,46.96302661095465,14.959082774782694,14.959082774782694,14.654737670909071
subway_bay_50_st_d,syn_ts_999_12_3p44,0.8432409167289734,22.34858904028941,22.34858904028941,40.535371819585684,8.364951164618812,8.364951164618812,13.771572794343648
subway_avenue_x_f,syn_ts_999_12_3p44,0.7098910212516785,33.420615256614795,33.420615256614795,39.83715168068678,6.416536424071985,6.416536424071985,2.699546578018264
subway_25_av_d,syn_ts_999_12_3p44,0.8432409167289734,22.34858904028941,22.34858904028941,40.535371819585684,8.364951164618812,8.364951164618812,13.771572794343648
subway_clifton_sir,syn_ts_999_12_3p44,1.1289911270141602,21.569325856538793,21.569325856538793,46.75910155166266,13.926071027673668,13.926071027673668,14.550835978094266
subway_stapleton_sir,syn_ts_999_12_3p44,1.2337660789489746,21.283596363844612,21.283596363844612,47.319895145689934,17.292183312526944,17.292183312526944,14.836565470788447
subway_st_george_sir,syn_ts_999_12_3p44,0.547965943813324,34.03637778298584,34.03637778298584,38.98931187057254,4.952934087586705,4.952934087586705,2.0837840516472212
subway_east_105_st_l,syn_ts_999_12_3p44,0.1002909764647483,35.73877912346121,35.73877912346121,36.645285452217344,0.9065063287561372,0.9065063287561372,0.3813827111718524
subway_howard_beach_jfk_airport_a,syn_ts_999_12_3p44,1.4718910455703735,20.634210946298616,20.634210946298616,48.13037103281287,25.541815273335562,25.541815273335562,15.485950888334443
subway_smith_9_sts_fg,syn_ts_999_12_3p44,1.4718910455703735,20.634210946298616,20.634210946298616,48.13037103281287,25.541815273335562,25.541815273335562,15.485950888334443
subway_south_ferry_1,syn_ts_999_12_3p44,1.2909159660339355,21.127744149715465,21.127744149715465,47.62578209657651,19.33892846988701,19.33892846988701,14.992417684917594
subway_whitehall_st_south_ferry_rw,syn_ts_999_12_3p44,1.0242161750793457,21.85505534923297,21.85505534923297,40.940898164426365,11.07777230712541,11.07777230712541,14.26510648540009
subway_franklin_st_1,syn_ts_999_12_3p44,0.681316077709198,33.52927896519524,33.52927896519524,39.68753325783128,6.1582542926360375,6.1582542926360375,2.59088286943782
subway_canal_st_rw,syn_ts_999_12_3p44,0.0431410931050777,35.956106526455706,35.956106526455706,36.34604862601196,0.3899420995562508,0.3899420995562508,0.16405530817735325
subway_canal_st_ace,syn_ts_999_12_3p44,0.9099161028862,22.166760590223912,22.166760590223912,40.72508237107919,9.40471885406727,9.40471885406727,13.953401244409147
subway_canal_st_1,syn_ts_999_12_3p44,0.9099161028862,22.166760590223912,22.166760590223912,40.72508237107919,9.40471885406727,9.40471885406727,13.953401244409147
subway_mets_willets_point_7,syn_ts_999_12_3p44,0.833716094493866,22.374563975853523,22.374563975853523,40.48549984420707,8.1936450606633,8.1936450606633,13.745597858779536
subway_96_st_q,syn_ts_999_12_3p44,0.0812410935759544,35.8112212936318,35.8112212936318,36.545540253100285,0.7343189594684816,0.7343189594684816,0.308940541001256
subway_103_st_6,syn_ts_999_12_3p44,0.1288661658763885,35.630114479898864,35.630114479898864,36.794905162443925,1.1647906825450605,1.1647906825450605,0.4900473547341946
subway_145_st_3,syn_ts_999_12_3p44,0.2812659442424774,35.05057439858678,35.05057439858678,37.59287050045988,2.5422961018730987,2.5422961018730987,1.0695874360462767
water_red_hook_wwtp,syn_ts_999_12_3p44,0.4336659610271454,34.471033410625594,34.471033410625594,38.390837086835674,3.91980367621008,3.91980367621008,1.6491284240074648
water_bensonhurst_storm_water_sewer,syn_ts_999_12_3p44,0.2812659442424774,35.05057439858678,35.05057439858678,37.59287050045988,2.5422961018730987,2.5422961018730987,1.0695874360462767
water_owls_head_wwtp,syn_ts_999_12_3p44,2.4339160919189453,0.0,0.0,49.6988184561808,45.45566223210123,45.45566223210123,36.12016183463306
water_brooklyn_navy_yard_admiral_row,syn_ts_999_12_3p44,1.9290910959243777,8.165095689895495,8.165095689895495,49.13005118879877,33.87148558435994,33.87148558435994,27.955066144737565
water_hunts_point_wwtp,syn_ts_999_12_3p44,2.15769100189209,0.0,0.0,49.54219212974702,39.30684952954669,39.30684952954669,36.12016183463306
water_manhattan_grit_chamber,syn_ts_999_12_3p44,0.8051409125328064,22.452490733104217,22.452490733104217,40.335880172991736,7.6797138847589395,7.6797138847589395,13.667671101528843
water_zerega_industrial_park,syn_ts_999_12_3p44,1.2909159660339355,21.127744149715465,21.127744149715465,47.62578209657651,19.33892846988701,19.33892846988701,14.992417684917594
water_eltingville_pump_station_park,syn_ts_999_12_3p44,0.6527411341667175,33.63794267377569,33.63794267377569,39.53791483497577,5.899972161200083,5.899972161200083,2.482219160857369
water_paerdegat_pumping_station,syn_ts_999_12_3p44,0.0717160329222679,35.84744283204165,35.84744283204165,36.49566702936184,0.6482241973201894,0.6482241973201894,0.27271900259140835
water_coney_island_wwtp,syn_ts_999_12_3p44,0.605116069316864,33.81904945917584,33.81904945917584,39.28854996464338,5.469500505467543,5.469500505467543,2.3011123754572225
water_manhattan_sewage_pump_station,syn_ts_999_12_3p44,1.3290159702301023,21.023842456900663,21.023842456900663,47.755728528710065,20.62022598172965,20.62022598172965,15.096319377732396
water_26th_ward_wwtp,syn_ts_999_12_3p44,0.0431410931050777,35.956106526455706,35.956106526455706,36.34604862601196,0.3899420995562508,0.3899420995562508,0.16405530817735325
water_wastewater_pumping_station,syn_ts_999_12_3p44,0.547965943813324,34.03637778298584,34.03637778298584,38.98931187057254,4.952934087586705,4.952934087586705,2.0837840516472212
water_coney_island_wpcp,syn_ts_999_12_3p44,1.0146911144256592,21.8810309349832,21.8810309349832,40.922913411816744,10.938350386286107,10.938350386286107,14.239130899649858
water_spring_creek_park_dep_aux_plnt,syn_ts_999_12_3p44,0.681316077709198,33.52927896519524,33.52927896519524,39.68753325783128,6.1582542926360375,6.1582542926360375,2.59088286943782
water_gowanus_pumping_station,syn_ts_999_12_3p44,1.2432911396026611,21.257620778094378,21.257620778094378,47.37087672953864,17.64483965682415,17.64483965682415,14.862541056538682
water_hunts_pt_market_wholesale,syn_ts_999_12_3p44,0.5765411257743835,33.92771316775628,33.92771316775628,39.138931541787876,5.211218374031596,5.211218374031596,2.1924486668767784
water_spring_creek_park,syn_ts_999_12_3p44,2.6529910564422607,0.0,0.0,49.6988184561808,47.3120891241359,47.3120891241359,36.12016183463306
water_destratification_facility,syn_ts_999_12_3p44,1.07184100151062,21.72517872085406,21.72517872085406,41.03082102713391,11.774874931675765,11.774874931675765,14.394983113778999
water_mason_avenue_pumping_station,syn_ts_999_12_3p44,1.1956660747528076,21.387498056659414,21.387498056659414,47.115970086397944,15.82842200993273,15.82842200993273,14.732663777973645
water_jfk_airport,syn_ts_999_12_3p44,0.3384160697460174,34.83324607477678,34.83324607477678,37.892108594530725,3.0588625197539443,3.0588625197539443,1.286915759856278
water_pumping_stn_sewage_disposal,syn_ts_999_12_3p44,0.6717910170555115,33.565500503605094,33.565500503605094,39.63766003409283,6.072159530487738,6.072159530487738,2.5546613310279653
water_sirtoa_r_o_w_hannah_st_ps,syn_ts_999_12_3p44,0.547965943813324,34.03637778298584,34.03637778298584,38.98931187057254,4.952934087586705,4.952934087586705,2.0837840516472212
water_p_o_water_pollution_control_pl,syn_ts_999_12_3p44,0.4050910174846649,34.57969711920604,34.57969711920604,38.24121866398017,3.661521544774132,3.661521544774132,1.5404647154270208
water_grand_canal_court_park,syn_ts_999_12_3p44,0.9099161028862,22.166760590223912,22.166760590223912,40.72508237107919,9.40471885406727,9.40471885406727,13.953401244409147
water_conner_st_sewage_pump_station,syn_ts_999_12_3p44,0.8432409167289734,22.34858904028941,22.34858904028941,40.535371819585684,8.364951164618812,8.364951164618812,13.771572794343648
water_26_ward_water_pollution_cp,syn_ts_999_12_3p44,0.624165952205658,33.74660728900524,33.74660728900524,39.38829516376044,5.641687874755199,5.641687874755199,2.373554545627819
water_throgs_neck_sewage_pump_station,syn_ts_999_12_3p44,1.595716118812561,20.296530282103973,20.296530282103973,48.45506122387441,28.08695875530909,28.08695875530909,15.823631552529086
water_marble_hill_sewage_pump_statn,syn_ts_999_12_3p44,1.8052661418914795,8.614569132655516,8.614569132655516,48.906808170163394,31.164994940771436,31.164994940771436,27.50559270197754
water_lew_fidler_park_dep_pier,syn_ts_999_12_3p44,1.83384108543396,8.51084465844897,8.51084465844897,48.958325707186376,31.789568702520995,31.789568702520995,27.60931717618409
water_newtown_creek_wwtp,syn_ts_999_12_3p44,1.205191135406494,21.361522470909186,21.361522470909186,47.16695167024664,16.194364625527804,16.194364625527804,14.758639363723873
fuel_station_mobil_0148,syn_ts_999_12_3p44,0.8146659731864929,22.426515147353985,22.426515147353985,40.38575339673018,7.851024276727056,7.851024276727056,13.693646687279074
fuel_station_sunoco_0168,syn_ts_999_12_3p44,0.5384411215782166,34.07259841474658,34.07259841474658,38.93943989519393,4.8668414804473485,4.8668414804473485,2.0475634198864796
fuel_station_bp_0169,syn_ts_999_12_3p44,0.7289411425590515,33.34817217979509,33.34817217979509,39.93689812816367,6.588725948368577,6.588725948368577,2.7719896548379666
fuel_station_allegiance_0213,syn_ts_999_12_3p44,0.6717910170555115,33.565500503605094,33.565500503605094,39.63766003409283,6.072159530487738,6.072159530487738,2.5546613310279653
fuel_station_bp_0281,syn_ts_999_12_3p44,0.4812910258769989,34.28992662522544,34.28992662522544,38.64020195716807,4.350275331942626,4.350275331942626,1.8302352094076184
fuel_station_mobil_0300,syn_ts_999_12_3p44,0.7098910212516785,33.420615256614795,33.420615256614795,39.83715168068678,6.416536424071985,6.416536424071985,2.699546578018264
fuel_station_gulf_0324,syn_ts_999_12_3p44,1.710016131401062,8.960318101208992,8.960318101208992,48.73508268855101,29.083078058932507,29.083078058932507,27.15984373342407
fuel_station_shell_0326,syn_ts_999_12_3p44,0.5384411215782166,34.07259841474658,34.07259841474658,38.93943989519393,4.8668414804473485,4.8668414804473485,2.0475634198864796
fuel_station_shell_0327,syn_ts_999_12_3p44,1.414741039276123,20.79006348552082,20.79006348552082,47.98051409368911,23.49295288938052,23.49295288938052,15.330098349112237
fuel_station_shell_0379,syn_ts_999_12_3p44,0.586065948009491,33.89149253599554,33.89149253599554,39.18880351716649,5.297310981170952,5.297310981170952,2.22866929863752
fuel_station_allegiance_0402,syn_ts_999_12_3p44,1.6242910623550415,20.218604175039403,20.218604175039403,48.52998953714287,28.311385362103465,28.311385362103465,15.901557659593657
fuel_station_gulf_0508,syn_ts_999_12_3p44,0.8527659773826599,22.32261345453918,22.32261345453918,40.58524504332413,8.536261556586929,8.536261556586929,13.797548380093879
fuel_station_bp_0509,syn_ts_999_12_3p44,0.7289411425590515,33.34817217979509,33.34817217979509,39.93689812816367,6.588725948368577,6.588725948368577,2.7719896548379666
fuel_station_citgo_0518,syn_ts_999_12_3p44,0.3955659568309784,34.615918657615886,34.615918657615886,38.191345440241726,3.57542678262584,3.57542678262584,1.5042431770171731
fuel_station_shell_0531,syn_ts_999_12_3p44,1.6147661209106443,20.244579435696572,20.244579435696572,48.505013536915655,28.260434101219083,28.260434101219083,15.875582398936487
fuel_station_allegiance_0536,syn_ts_999_12_3p44,2.6244161128997803,0.0,0.0,49.6988184561808,47.06994692524952,47.06994692524952,36.12016183463306
fuel_station_bp_0597,syn_ts_999_12_3p44,0.9194409251213074,22.140785654659805,22.140785654659805,40.743066673518534,9.544137285083504,9.544137285083504,13.979376179973254
fuel_station_mobil_0600,syn_ts_999_12_3p44,0.0145661495625972,36.06477023503615,36.06477023503615,36.19643020315646,0.1316599681203101,0.1316599681203101,0.0553915995969092
fuel_station_unknown_gas_station_0630,syn_ts_999_12_3p44,0.509865939617157,34.18126302997614,34.18126302997614,38.789820223978595,4.608557194002458,4.608557194002458,1.9388988046569224
fuel_station_bp_0649,syn_ts_999_12_3p44,0.5384411215782166,34.07259841474658,34.07259841474658,38.93943989519393,4.8668414804473485,4.8668414804473485,2.0475634198864796
fuel_station_shell_0678,syn_ts_999_12_3p44,1.2337660789489746,21.283596363844612,21.283596363844612,47.319895145689934,17.292183312526944,17.292183312526944,14.836565470788447
fuel_station_mobil_0695,syn_ts_999_12_3p44,1.557616114616394,20.400431974918778,20.400431974918778,48.355156597791904,27.394821935335084,27.394821935335084,15.719729859714281
fuel_station_american_quick_start_auto_cent_0713,syn_ts_999_12_3p44,1.4623661041259766,20.66018620695579,20.66018620695579,48.105395032585655,25.20034034620572,25.20034034620572,15.45997562767727
fuel_station_natural_gas_fueling_station_0758,syn_ts_999_12_3p44,0.4622411429882049,34.36236879539604,34.36236879539604,38.540456758051015,4.178087962654978,4.178087962654978,1.757793039237022
fuel_station_bp_0770,syn_ts_999_12_3p44,0.8432409167289734,22.34858904028941,22.34858904028941,40.535371819585684,8.364951164618812,8.364951164618812,13.771572794343648
fuel_station_mobil_0815,syn_ts_999_12_3p44,0.7289411425590515,33.34817217979509,33.34817217979509,39.93689812816367,6.588725948368577,6.588725948368577,2.7719896548379666
fuel_station_citgo_0833,syn_ts_999_12_3p44,0.5003411173820496,34.21748366173688,34.21748366173688,38.73994824859998,4.5224645868631015,4.5224645868631015,1.9026781728961808
fuel_station_speedway_0842,syn_ts_999_12_3p44,0.9765910506248474,21.984932790344537,21.984932790344537,40.85097473900598,10.380665320296224,10.380665320296224,14.135229044288522
fuel_station_sonamax_0846,syn_ts_999_12_3p44,0.9765910506248474,21.984932790344537,21.984932790344537,40.85097473900598,10.380665320296224,10.380665320296224,14.135229044288522
fuel_station_bp_0850,syn_ts_999_12_3p44,1.8052661418914795,8.614569132655516,8.614569132655516,48.906808170163394,31.164994940771436,31.164994940771436,27.50559270197754
fuel_station_sunoco_0873,syn_ts_999_12_3p44,0.4622411429882049,34.36236879539604,34.36236879539604,38.540456758051015,4.178087962654978,4.178087962654978,1.757793039237022
fuel_station_sunoco_0884,syn_ts_999_12_3p44,0.0812410935759544,35.8112212936318,35.8112212936318,36.545540253100285,0.7343189594684816,0.7343189594684816,0.308940541001256
fuel_station_mobil_0895,syn_ts_999_12_3p44,1.1956660747528076,21.387498056659414,21.387498056659414,47.115970086397944,15.82842200993273,15.82842200993273,14.732663777973645
fuel_station_bp_0914,syn_ts_999_12_3p44,1.1956660747528076,21.387498056659414,21.387498056659414,47.115970086397944,15.82842200993273,15.82842200993273,14.732663777973645
fuel_station_sunoco_0928,syn_ts_999_12_3p44,1.186141014099121,21.413473642409645,21.413473642409645,47.064988502549234,15.475585416195923,15.475585416195923,14.706688192223414
fuel_station_citgo_0936,syn_ts_999_12_3p44,1.0242161750793457,21.85505534923297,21.85505534923297,40.940898164426365,11.07777230712541,11.07777230712541,14.26510648540009
fuel_station_citgo_0937,syn_ts_999_12_3p44,2.872066020965576,0.0,0.0,49.6988184561808,49.16851601617057,49.16851601617057,36.12016183463306
fuel_station_mobil_0990,syn_ts_999_12_3p44,0.5193910002708435,34.14504149156628,34.14504149156628,38.83969344771704,4.694651956150757,4.694651956150757,1.9751203430667772
fuel_station_gulf_0991,syn_ts_999_12_3p44,0.1098160371184349,35.70255758505135,35.70255758505135,36.69515867595579,0.9926010909044365,0.9926010909044365,0.41760424958170717
fuel_station_mobil_1019,syn_ts_999_12_3p44,1.2528162002563477,21.23164519234415,21.23164519234415,47.42185831338734,17.98366081180392,17.98366081180392,14.88851664228891
fuel_station_exxon_1020,syn_ts_999_12_3p44,0.681316077709198,33.52927896519524,33.52927896519524,39.68753325783128,6.1582542926360375,6.1582542926360375,2.59088286943782
fuel_station_bp_1033,syn_ts_999_12_3p44,0.309841126203537,34.94190978335723,34.94190978335723,37.74249017167522,2.8005803883179894,2.8005803883179894,1.1782520512758268
fuel_station_citgo_1035,syn_ts_999_12_3p44,0.0431410931050777,35.956106526455706,35.956106526455706,36.34604862601196,0.3899420995562508,0.3899420995562508,0.16405530817735325
fuel_station_unknown_gas_station_1040,syn_ts_999_12_3p44,1.681441068649292,20.062751635817197,20.062751635817197,48.67984647626662,28.617094840449422,28.617094840449422,16.057410198815862
fuel_station_citgo_1044,syn_ts_999_12_3p44,1.1956660747528076,21.387498056659414,21.387498056659414,47.115970086397944,15.82842200993273,15.82842200993273,14.732663777973645
fuel_station_unknown_gas_station_1054,syn_ts_999_12_3p44,0.4050910174846649,34.57969711920604,34.57969711920604,38.24121866398017,3.661521544774132,3.661521544774132,1.5404647154270208
fuel_station_lukoil_1058,syn_ts_999_12_3p44,6.024840831756592,0.0,0.0,49.6988184561808,49.6988184561808,49.6988184561808,36.12016183463306
fuel_station_sunoco_1068,syn_ts_999_12_3p44,0.6908411383628845,33.49305742678539,33.49305742678539,39.73740648156972,6.24434905478433,6.24434905478433,2.6271044078476677
fuel_station_unknown_gas_station_1079,syn_ts_999_12_3p44,0.1288661658763885,35.630114479898864,35.630114479898864,36.794905162443925,1.1647906825450605,1.1647906825450605,0.4900473547341946
fuel_station_unknown_gas_station_1094,syn_ts_999_12_3p44,0.795616090297699,22.478465668668324,22.478465668668324,40.28600819761312,7.508407780803427,7.508407780803427,13.641696165964735
fuel_station_sunoco_1100,syn_ts_999_12_3p44,0.8432409167289734,22.34858904028941,22.34858904028941,40.535371819585684,8.364951164618812,8.364951164618812,13.771572794343648
fuel_station_speedway_1103,syn_ts_999_12_3p44,1.633816123008728,20.19262858928917,20.19262858928917,48.55496584995691,28.362337260667736,28.362337260667736,15.927533245343888
fuel_station_mobil_1104,syn_ts_999_12_3p44,1.7004910707473757,8.994893214423838,8.994893214423838,48.71791003292903,28.87488506794649,28.87488506794649,27.12526862020922
fuel_station_speedway_1105,syn_ts_999_12_3p44,1.871941089630127,8.37254507102758,8.37254507102758,49.02701589983133,32.622335455256575,32.622335455256575,27.74761676360548
fuel_station_speedway_1106,syn_ts_999_12_3p44,0.2145909965038299,35.304123354157525,35.304123354157525,37.24376043101043,1.9396370768529039,1.9396370768529039,0.8160384804755338
fuel_station_mobil_1108,syn_ts_999_12_3p44,0.2145909965038299,35.304123354157525,35.304123354157525,37.24376043101043,1.9396370768529039,1.9396370768529039,0.8160384804755338
fuel_station_bp_1149,syn_ts_999_12_3p44,1.376641035079956,20.893965178335627,20.893965178335627,47.88060946760661,22.184297571466374,22.184297571466374,15.226196656297432
fuel_station_unknown_gas_station_1150,syn_ts_999_12_3p44,0.0907661542296409,35.77499975522195,35.77499975522195,36.59541347683873,0.8204137216167808,0.8204137216167808,0.34516207941111077
power_bruckner,syn_ts_605_5_3p7563,2.248518466949463,29.96706484151636,29.96706484151636,61.94242536134294,26.872344977536656,26.872344977536656,28.965833938331492
power_east_64th_street,syn_ts_605_5_3p7563,1.1817185878753662,45.34517663864018,45.34517663864018,60.44545121483101,7.620861801492275,7.620861801492275,13.58772214120767
power_mill_avenue,syn_ts_605_5_3p7563,1.2864935398101809,44.97127235290004,44.97127235290004,60.58634417894103,9.46927280838726,9.46927280838726,13.961626426947817
power_east_83rd_street,syn_ts_605_5_3p7563,2.019918441772461,30.743852582602248,30.743852582602248,61.59015808717077,23.892699346551932,23.892699346551932,28.189046197245606
power_gowanus,syn_ts_605_5_3p7563,1.8389434814453125,31.35880934175739,31.35880934175739,61.329234615653505,21.551768694281318,21.551768694281318,27.574089438090464
power_farragut,syn_ts_605_5_3p7563,1.7246434688568115,31.74720321230033,31.74720321230033,61.17553311282269,19.515510907402604,19.515510907402604,27.185695567547523
power_east_13th_street,syn_ts_605_5_3p7563,2.515218496322632,18.80486165426766,18.80486165426766,62.35340384787713,32.30561855162138,32.30561855162138,40.12803712558019
power_parkview,syn_ts_605_5_3p7563,0.0672934651374816,58.68385380136845,58.68385380136845,59.018206994783625,0.33435319341517555,0.33435319341517555,0.24904497847940377
power_leonard_street,syn_ts_605_5_3p7563,1.4579434394836426,32.65345557690053,32.65345557690053,60.81689627288414,12.69694418693988,12.69694418693988,26.279443202947327
power_east_36th_street,syn_ts_605_5_3p7563,2.3151934146881104,29.740501952904165,29.740501952904165,62.04516989112713,27.741407509667912,27.741407509667912,29.19239682694369
power_cherry_street,syn_ts_605_5_3p7563,0.1815937161445617,58.2608423916559,58.2608423916559,59.16310591416909,0.9022635225131879,0.9022635225131879,0.6720563881919546
power_unknown124169,syn_ts_605_5_3p7563,1.1245684623718262,45.549124972299694,45.549124972299694,60.368600303112494,6.612634939294367,6.612634939294367,13.38377380754816
power_chisholm,syn_ts_605_5_3p7563,1.0959935188293457,45.65109871371418,45.65109871371418,60.33017500755635,6.108523611253062,6.108523611253062,13.281800066133677
power_flushing,syn_ts_605_5_3p7563,0.4197185635566711,57.379571121436705,57.379571121436705,59.464977806530065,2.0854066850933606,2.0854066850933606,1.553327658411149
power_151st_avenue,syn_ts_605_5_3p7563,1.810368537902832,31.455907606855277,31.455907606855277,61.29080932009735,21.184921789180187,21.184921789180187,27.476991172992577
power_160th_avenue,syn_ts_605_5_3p7563,2.1246933937072754,30.387825070475735,30.387825070475735,61.75161382931699,25.25836948384731,25.25836948384731,28.54507370937212
power_howard_beach,syn_ts_605_5_3p7563,2.591418504714966,6.293057906908472,6.293057906908472,62.47082627260119,34.71108978823127,34.71108978823127,52.63984087293938
power_vernon,syn_ts_605_5_3p7563,1.429368495941162,44.46140279499706,44.46140279499706,60.77847097732799,11.989833654709095,11.989833654709095,14.47149598485079
power_queensbridge,syn_ts_605_5_3p7563,0.3530433773994446,57.626327924162084,57.626327924162084,59.3804533865145,1.7541254623524196,1.7541254623524196,1.30657085568577
power_unknown129920,syn_ts_605_5_3p7563,2.5056934356689453,18.85088756693728,18.85088756693728,62.33872595293727,32.074163542924296,32.074163542924296,40.08201121291057
power_fresh_kills,syn_ts_605_5_3p7563,1.543668508529663,32.36215997145547,32.36215997145547,60.9321724801588,14.888627870966396,14.888627870966396,26.570738808392385
power_naughton,syn_ts_605_5_3p7563,2.210418462753296,30.096529465030677,30.096529465030677,61.88371414898091,26.375737372372527,26.375737372372527,28.836369314817176
power_dongan_hills,syn_ts_605_5_3p7563,1.3626935482025146,44.69934180857438,44.69934180857438,60.688811847494904,10.81357248724094,10.81357248724094,14.233556971273472
power_seaside,syn_ts_605_5_3p7563,2.191368579864502,30.161261371712136,30.161261371712136,61.85435872649862,26.127435123602368,26.127435123602368,28.771637408135717
power_howland_hook,syn_ts_605_5_3p7563,3.000993490219116,4.316311954493831,4.316311954493831,70.27001257930056,52.52876568843527,52.52876568843527,54.61658682535402
power_unknown140894,syn_ts_605_5_3p7563,1.0102684497833252,55.19401739187535,55.19401739187535,60.21489880028169,5.020881408406339,5.020881408406339,3.738881387972505
power_unknown124209,syn_ts_605_5_3p7563,1.0674185752868652,45.75307245512867,45.75307245512867,60.2917497120002,5.604412283211751,5.604412283211751,13.179826324719187
power_hell_gate,syn_ts_605_5_3p7563,1.7246434688568115,31.74720321230033,31.74720321230033,61.17553311282269,19.515510907402604,19.515510907402604,27.185695567547523
telecom_cluster_00015,syn_ts_605_5_3p7563,1.715118408203125,31.779569570716756,31.779569570716756,61.16272457410191,19.271989143508303,19.271989143508303,27.153329209131098
telecom_cluster_00020,syn_ts_605_5_3p7563,2.2770934104919434,29.869966576418477,29.869966576418477,61.9864586787651,27.244799904503793,27.244799904503793,29.062932203429376
telecom_cluster_00021,syn_ts_605_5_3p7563,2.305668354034424,29.77286831132059,29.77286831132059,62.03049199618726,27.617254831470927,27.617254831470927,29.160030468527264
telecom_cluster_00023,syn_ts_605_5_3p7563,1.219818353652954,45.209212217307886,45.209212217307886,60.496684728501734,8.29300743480384,8.29300743480384,13.723686562539967
telecom_cluster_00024,syn_ts_605_5_3p7563,2.229468584060669,30.03179674819782,30.03179674819782,61.913069938860644,26.62404272876649,26.62404272876649,28.901102031650034
telecom_cluster_00026,syn_ts_605_5_3p7563,2.3913934230804443,19.403195062795433,19.403195062795433,62.162592315851185,29.296720818976034,29.296720818976034,39.52970371705242
telecom_cluster_00027,syn_ts_605_5_3p7563,1.943718433380127,31.002781829630877,31.002781829630877,61.472735662446716,22.89948413622369,22.89948413622369,27.930116950216977
telecom_cluster_00030,syn_ts_605_5_3p7563,1.9151434898376465,31.09988009472876,31.09988009472876,61.431702284207375,22.530029148439375,22.530029148439375,27.833018685119093
telecom_cluster_00031,syn_ts_605_5_3p7563,0.8673935532569885,55.722780109888944,55.722780109888944,60.03249731477206,4.309717204883114,4.309717204883114,3.2101186699589093
telecom_cluster_00032,syn_ts_605_5_3p7563,2.191368579864502,30.161261371712136,30.161261371712136,61.85435872649862,26.127435123602368,26.127435123602368,28.771637408135717
telecom_cluster_00033,syn_ts_605_5_3p7563,2.134218454360962,30.355458712059303,30.355458712059303,61.76629172425685,25.38252216204429,25.38252216204429,28.57744006778855
telecom_cluster_00034,syn_ts_605_5_3p7563,1.3912684917449951,44.59736806715989,44.59736806715989,60.72723714305105,11.317683815282251,11.317683815282251,14.335530712687962
telecom_cluster_00042,syn_ts_605_5_3p7563,0.4673436284065246,57.20331651444953,57.20331651444953,59.525352305899965,2.322035791450432,2.322035791450432,1.7295822653983208
telecom_cluster_00044,syn_ts_605_5_3p7563,1.353168487548828,44.73333333932272,44.73333333932272,60.67600330877411,10.645533975855408,10.645533975855408,14.199565440525134
telecom_cluster_00066,syn_ts_605_5_3p7563,4.429743766784668,0.0,0.0,70.27001257930056,70.27001257930056,70.27001257930056,58.932898779847854
telecom_cluster_00072,syn_ts_605_5_3p7563,4.344018459320068,0.0,0.0,70.27001257930056,70.27001257930056,70.27001257930056,58.932898779847854
telecom_cluster_00073,syn_ts_605_5_3p7563,4.344018459320068,0.0,0.0,70.27001257930056,70.27001257930056,70.27001257930056,58.932898779847854
telecom_cluster_00082,syn_ts_605_5_3p7563,1.0578935146331787,45.787063985877005,45.787063985877005,60.278941173279414,5.436373771826219,5.436373771826219,13.145834793970849
telecom_cluster_00085,syn_ts_605_5_3p7563,2.096118450164795,30.48492333557362,30.48492333557362,61.707580511894825,24.885914556880174,24.885914556880174,28.447975444274235
telecom_cluster_00086,syn_ts_605_5_3p7563,1.7055935859680176,31.81193511898179,31.81193511898179,61.14991635598733,19.0284734751251,19.0284734751251,27.120963660866064
telecom_cluster_00087,syn_ts_605_5_3p7563,1.7055935859680176,31.81193511898179,31.81193511898179,61.14991635598733,19.0284734751251,19.0284734751251,27.120963660866064
telecom_cluster_00099,syn_ts_605_5_3p7563,1.9532434940338137,30.970415471214444,30.970415471214444,61.48741355738658,23.023636814420676,23.023636814420676,27.96248330863341
telecom_cluster_00100,syn_ts_605_5_3p7563,1.886568546295166,31.196978359826648,31.196978359826648,61.39327698865122,22.163182243338237,22.163182243338237,27.735920420021206
telecom_cluster_00101,syn_ts_605_5_3p7563,1.8770434856414795,31.229344718243073,31.229344718243073,61.38046844993044,22.04089892136035,22.04089892136035,27.70355406160478
telecom_cluster_00109,syn_ts_605_5_3p7563,0.2958934903144836,57.83783274666002,57.83783274666002,59.308004229066036,1.4701714824060161,1.4701714824060161,1.095066033187834
telecom_cluster_00111,syn_ts_605_5_3p7563,1.753218412399292,31.650104947202443,31.650104947202443,61.21395840837884,20.246070103574404,20.246070103574404,27.28279383264541
telecom_cluster_00116,syn_ts_605_5_3p7563,1.296018362045288,44.93728167298223,44.93728167298223,60.599152397055605,9.637307113657513,9.637307113657513,13.995617106865623
telecom_cluster_00117,syn_ts_605_5_3p7563,1.9532434940338137,30.970415471214444,30.970415471214444,61.48741355738658,23.023636814420676,23.023636814420676,27.96248330863341
telecom_cluster_00118,syn_ts_605_5_3p7563,1.6865434646606443,31.876667835814644,31.876667835814644,61.124299278545756,18.541429947336496,18.541429947336496,27.05623094403321
telecom_cluster_00119,syn_ts_605_5_3p7563,1.9532434940338137,30.970415471214444,30.970415471214444,61.48741355738658,23.023636814420676,23.023636814420676,27.96248330863341
telecom_cluster_00137,syn_ts_605_5_3p7563,1.257918357849121,45.07324694514506,45.07324694514506,60.54791856277867,8.965157274230677,8.965157274230677,13.859651834702795
telecom_cluster_00138,syn_ts_605_5_3p7563,1.5912935733795166,32.20032898952473,32.20032898952473,60.99621485315652,16.106230594926792,16.106230594926792,26.732569790323126
telecom_cluster_00139,syn_ts_605_5_3p7563,1.410318374633789,44.52938585649375,44.52938585649375,60.75285389988642,11.653756631938037,11.653756631938037,14.403512923354107
telecom_cluster_00140,syn_ts_605_5_3p7563,1.4388935565948486,32.718187483581985,32.718187483581985,60.791279516048775,12.20990675466237,12.20990675466237,26.214711296265868
telecom_cluster_00141,syn_ts_605_5_3p7563,1.1721935272216797,45.37916816938852,45.37916816938852,60.43264267611022,7.4528232901067355,7.4528232901067355,13.553730610459333
telecom_cluster_00142,syn_ts_605_5_3p7563,1.8008434772491455,31.488273965271702,31.488273965271702,61.27800078137657,21.062638467202298,21.062638467202298,27.44462481457615
telecom_cluster_00153,syn_ts_605_5_3p7563,1.9532434940338137,30.970415471214444,30.970415471214444,61.48741355738658,23.023636814420676,23.023636814420676,27.96248330863341
telecom_cluster_00154,syn_ts_605_5_3p7563,1.4579434394836426,32.65345557690053,32.65345557690053,60.81689627288414,12.69694418693988,12.69694418693988,26.279443202947327
telecom_cluster_00155,syn_ts_605_5_3p7563,1.6865434646606443,31.876667835814644,31.876667835814644,61.124299278545756,18.541429947336496,18.541429947336496,27.05623094403321
telecom_cluster_00169,syn_ts_605_5_3p7563,0.743568480014801,56.18104173511227,56.18104173511227,59.87552373730802,3.6944820021957554,3.6944820021957554,2.751857044735587
telecom_cluster_00170,syn_ts_605_5_3p7563,2.3151934146881104,29.740501952904165,29.740501952904165,62.04516989112713,27.741407509667912,27.741407509667912,29.19239682694369
telecom_cluster_00190,syn_ts_605_5_3p7563,1.4769935607910156,32.588722860067676,32.588722860067676,60.84251335032571,13.183987714728467,13.183987714728467,26.344175919780177
telecom_cluster_00191,syn_ts_605_5_3p7563,1.4007935523986816,44.56337653641155,44.56337653641155,60.74004568177184,11.485722326667776,11.485722326667776,14.3695222434363
telecom_cluster_00192,syn_ts_605_5_3p7563,2.191368579864502,30.161261371712136,30.161261371712136,61.85435872649862,26.127435123602368,26.127435123602368,28.771637408135717
telecom_cluster_00215,syn_ts_605_5_3p7563,1.0578935146331787,45.787063985877005,45.787063985877005,60.278941173279414,5.436373771826219,5.436373771826219,13.145834793970849
telecom_cluster_00217,syn_ts_605_5_3p7563,0.8007186055183411,55.96953603025599,55.96953603025599,59.94797319700075,3.9784371667447616,3.9784371667447616,2.963362749591866
telecom_cluster_00219,syn_ts_605_5_3p7563,0.5530684590339661,56.886059280702625,56.886059280702625,59.634026042072676,2.7479667613700514,2.7479667613700514,2.0468394991452286
telecom_cluster_00221,syn_ts_605_5_3p7563,0.5340185761451721,56.95656059408249,56.95656059408249,59.609876423671274,2.6533158295887844,2.6533158295887844,1.9763381857653641
telecom_cluster_00238,syn_ts_605_5_3p7563,3.1819684505462646,3.442866229104272,3.442866229104272,70.27001257930056,59.18278322754656,59.18278322754656,55.49003255074358
telecom_cluster_00239,syn_ts_605_5_3p7563,0.6292684674263,56.60405226246648,56.60405226246648,59.73062512016681,3.1265728577003316,3.1265728577003316,2.328846517381372
telecom_cluster_00256,syn_ts_605_5_3p7563,0.0482433438301086,58.75435599710666,58.75435599710666,58.99405707413796,0.23970107703130594,0.23970107703130594,0.1785427827411965
telecom_cluster_00271,syn_ts_605_5_3p7563,1.5531935691833496,32.329793613039044,32.329793613039044,60.94498101887959,15.132149634860689,15.132149634860689,26.60310516680881
telecom_cluster_00272,syn_ts_605_5_3p7563,2.077068567276001,30.549655242255078,30.549655242255078,61.67822508941253,24.637612308110008,24.637612308110008,28.383243537592776
telecom_cluster_00274,syn_ts_605_5_3p7563,4.439268589019775,0.0,0.0,70.27001257930056,70.27001257930056,70.27001257930056,58.932898779847854
telecom_cluster_00275,syn_ts_605_5_3p7563,3.7153685092926025,0.8684990327124154,0.8684990327124154,70.27001257930056,69.40151354658813,69.40151354658813,58.06439974713544
telecom_cluster_00292,syn_ts_605_5_3p7563,2.629518508911133,6.109174535737625,6.109174535737625,62.529537484963214,36.036220572169,36.036220572169,52.82372424411023
telecom_cluster_00293,syn_ts_605_5_3p7563,2.8771684169769287,4.913933198471048,4.913933198471048,70.25017956016187,48.367077272626695,48.367077272626695,54.018965581376804
telecom_cluster_00294,syn_ts_605_5_3p7563,1.0102684497833252,55.19401739187535,55.19401739187535,60.21489880028169,5.020881408406339,5.020881408406339,3.738881387972505
telecom_cluster_00316,syn_ts_605_5_3p7563,0.895968496799469,55.61702769863998,55.61702769863998,60.068721893496296,4.451694194856316,4.451694194856316,3.3158710812078738
telecom_cluster_00319,syn_ts_605_5_3p7563,0.5721185803413391,56.81555708496442,56.81555708496442,59.65817596271834,2.842618877753921,2.842618877753921,2.117341694883436
telecom_cluster_00346,syn_ts_605_5_3p7563,0.953118622303009,55.4055219937837,55.4055219937837,60.14117135318902,4.735649359405322,4.735649359405322,3.5273767860641527
telecom_cluster_00384,syn_ts_605_5_3p7563,0.1149185299873352,58.50759919438128,58.50759919438128,59.078581494153525,0.5709822997722469,0.5709822997722469,0.42529958546657554
telecom_cluster_00415,syn_ts_605_5_3p7563,2.1437435150146484,30.323092353642878,30.323092353642878,61.78096961919672,25.50667484024126,25.50667484024126,28.609806426204976
telecom_cluster_00416,syn_ts_605_5_3p7563,4.772643566131592,0.0,0.0,70.27001257930056,70.27001257930056,70.27001257930056,58.932898779847854
telecom_cluster_00422,syn_ts_605_5_3p7563,1.848468542098999,31.32644298334096,31.32644298334096,61.34204315437429,21.674052016259218,21.674052016259218,27.606455796506893
telecom_cluster_00423,syn_ts_605_5_3p7563,1.3626935482025146,44.69934180857438,44.69934180857438,60.688811847494904,10.81357248724094,10.81357248724094,14.233556971273472
telecom_cluster_00424,syn_ts_605_5_3p7563,1.562718391418457,32.29742806477401,32.29742806477401,60.95778923699416,15.375665303243892,15.375665303243892,26.635470715073843
telecom_cluster_00427,syn_ts_605_5_3p7563,0.819768488407135,55.89903471687612,55.89903471687612,59.97212281540216,4.073088098526036,4.073088098526036,3.0338640629717304
telecom_cluster_00456,syn_ts_605_5_3p7563,0.6768935322761536,56.4277976554793,56.4277976554793,59.79099961953671,3.36320196405741,3.36320196405741,2.505101124368551
telecom_cluster_00484,syn_ts_605_5_3p7563,0.8388186097145081,55.828532521137916,55.828532521137916,59.99627273604782,4.167740214909905,4.167740214909905,3.1043662587099377
telecom_cluster_00487,syn_ts_605_5_3p7563,0.7626186013221741,56.11053953937406,56.11053953937406,59.899673657953684,3.789134118579625,3.789134118579625,2.8223592404737943
telecom_cluster_00493,syn_ts_605_5_3p7563,3.1248185634613037,3.7186907105166154,3.7186907105166154,70.27001257930056,56.60493743616373,56.60493743616373,55.214208069331235
telecom_cluster_00528,syn_ts_605_5_3p7563,1.0483684539794922,45.82105551662535,45.82105551662535,60.26613263455862,5.268335260440686,5.268335260440686,13.111843263222504
telecom_cluster_00535,syn_ts_605_5_3p7563,0.6292684674263,56.60405226246648,56.60405226246648,59.73062512016681,3.1265728577003316,3.1265728577003316,2.328846517381372
telecom_cluster_00543,syn_ts_605_5_3p7563,0.3720934987068176,57.555825728423876,57.555825728423876,59.404603307160166,1.8487775787362892,1.8487775787362892,1.3770730514239773
telecom_cluster_00569,syn_ts_605_5_3p7563,2.229468584060669,30.03179674819782,30.03179674819782,61.913069938860644,26.62404272876649,26.62404272876649,28.901102031650034
telecom_cluster_00570,syn_ts_605_5_3p7563,1.600818395614624,32.1679634412597,32.1679634412597,61.009023071271095,16.349746263309996,16.349746263309996,26.764935338588153
telecom_cluster_00571,syn_ts_605_5_3p7563,1.924668550491333,31.067513736312335,31.067513736312335,61.444510822928166,22.65231247041728,22.65231247041728,27.865385043535518
telecom_cluster_00576,syn_ts_605_5_3p7563,0.6578436493873596,56.498298968859174,56.498298968859174,59.76685000113531,3.268551032276136,3.268551032276136,2.4345998109886793
telecom_cluster_00580,syn_ts_605_5_3p7563,1.0674185752868652,45.75307245512867,45.75307245512867,60.2917497120002,5.604412283211751,5.604412283211751,13.179826324719187
telecom_cluster_00586,syn_ts_605_5_3p7563,2.800968647003174,5.281698790124887,5.281698790124887,69.77042832707389,44.63741488795144,44.63741488795144,53.65119998972297
telecom_cluster_00609,syn_ts_605_5_3p7563,1.791318416595459,31.52064032368813,31.52064032368813,61.26519224265578,20.940355145224384,20.940355145224384,27.412258456159723
telecom_cluster_00610,syn_ts_605_5_3p7563,0.4863935112953186,57.13281520106966,57.13281520106966,59.549501924301374,2.416686723231713,2.416686723231713,1.8000835787781924
telecom_cluster_00615,syn_ts_605_5_3p7563,1.9341933727264404,31.0351481880473,31.0351481880473,61.45805776750685,22.775331458026713,22.775331458026713,27.897750591800552
telecom_cluster_00616,syn_ts_605_5_3p7563,2.591418504714966,6.293057906908472,6.293057906908472,62.47082627260119,34.71108978823127,34.71108978823127,52.63984087293938
telecom_cluster_00618,syn_ts_605_5_3p7563,1.0864684581756592,45.68509024446252,45.68509024446252,60.31736646883556,5.940485099867523,5.940485099867523,13.247808535385332
telecom_cluster_00628,syn_ts_605_5_3p7563,1.4960434436798096,32.52399095338621,32.52399095338621,60.86813010716107,13.671025147005984,13.671025147005984,26.408907826461643
telecom_cluster_00652,syn_ts_605_5_3p7563,2.4866435527801514,18.94293824021743,18.94293824021743,62.30937053045497,31.611259319002357,31.611259319002357,39.989960539630424
telecom_cluster_00653,syn_ts_605_5_3p7563,0.0768187642097473,58.648601821141014,58.648601821141014,59.03028225735071,0.3816804362096988,0.3816804362096988,0.2842969587068396
telecom_cluster_00658,syn_ts_605_5_3p7563,1.562718391418457,32.29742806477401,32.29742806477401,60.95778923699416,15.375665303243892,15.375665303243892,26.635470715073843
telecom_cluster_00659,syn_ts_605_5_3p7563,0.7340434193611145,56.21629283298137,56.21629283298137,59.86344877698519,3.6471559440038206,3.6471559440038206,2.716605946866487
telecom_cluster_00662,syn_ts_605_5_3p7563,0.1720684170722961,58.29609437188334,58.29609437188334,59.151030651602,0.8549362797186575,0.8549362797186575,0.6368044079645117
telecom_cluster_00695,syn_ts_605_5_3p7563,2.4866435527801514,18.94293824021743,18.94293824021743,62.30937053045497,31.611259319002357,31.611259319002357,39.989960539630424
telecom_cluster_00701,syn_ts_605_5_3p7563,0.6768935322761536,56.4277976554793,56.4277976554793,59.79099961953671,3.36320196405741,3.36320196405741,2.505101124368551
telecom_cluster_00703,syn_ts_605_5_3p7563,0.0863435864448547,58.61335160563025,58.61335160563025,59.04235691542929,0.42900530979903806,0.42900530979903806,0.3195471742176039
telecom_cluster_00704,syn_ts_605_5_3p7563,1.2483935356140137,45.107237625062865,45.107237625062865,60.53511034466409,8.797122968960416,8.797122968960416,13.825661154784989
telecom_cluster_00705,syn_ts_605_5_3p7563,1.4769935607910156,32.588722860067676,32.588722860067676,60.84251335032571,13.183987714728467,13.183987714728467,26.344175919780177
telecom_cluster_00714,syn_ts_605_5_3p7563,2.800968647003174,5.281698790124887,5.281698790124887,69.77042832707389,44.63741488795144,44.63741488795144,53.65119998972297
telecom_cluster_00715,syn_ts_605_5_3p7563,1.7817933559417725,31.553006682104556,31.553006682104556,61.252383703934996,20.818071823246495,20.818071823246495,27.379892097743298
telecom_cluster_00738,syn_ts_605_5_3p7563,2.362818479537964,19.5412716487452,19.5412716487452,62.11855899842902,28.602361586357027,28.602361586357027,39.39162713110265
telecom_cluster_00745,syn_ts_605_5_3p7563,1.715118408203125,31.779569570716756,31.779569570716756,61.16272457410191,19.271989143508303,19.271989143508303,27.153329209131098
telecom_cluster_00753,syn_ts_605_5_3p7563,2.800968647003174,5.281698790124887,5.281698790124887,69.77042832707389,44.63741488795144,44.63741488795144,53.65119998972297
telecom_cluster_00783,syn_ts_605_5_3p7563,2.419968366622925,19.265118476845668,19.265118476845668,62.20662563327335,29.99108005159505,29.99108005159505,39.66778030300219
telecom_cluster_00784,syn_ts_605_5_3p7563,1.9532434940338137,30.970415471214444,30.970415471214444,61.48741355738658,23.023636814420676,23.023636814420676,27.96248330863341
telecom_cluster_00790,syn_ts_605_5_3p7563,1.2864935398101809,44.97127235290004,44.97127235290004,60.58634417894103,9.46927280838726,9.46927280838726,13.961626426947817
telecom_cluster_00792,syn_ts_605_5_3p7563,2.096118450164795,30.48492333557362,30.48492333557362,61.707580511894825,24.885914556880174,24.885914556880174,28.447975444274235
telecom_cluster_00793,syn_ts_605_5_3p7563,0.3530433773994446,57.626327924162084,57.626327924162084,59.3804533865145,1.7541254623524196,1.7541254623524196,1.30657085568577
telecom_cluster_00832,syn_ts_605_5_3p7563,2.9914684295654297,4.362283084958507,4.362283084958507,70.27001257930056,52.21521220435197,52.21521220435197,54.57061569488935
telecom_cluster_00833,syn_ts_605_5_3p7563,2.610468626022339,6.2011156459791215,6.2011156459791215,62.50018206248092,35.37365932633877,35.37365932633877,52.73178313386873
telecom_cluster_00840,syn_ts_605_5_3p7563,6.058518409729004,0.0,0.0,70.27001257930056,70.27001257930056,70.27001257930056,58.932898779847854
telecom_cluster_00848,syn_ts_605_5_3p7563,1.5341434478759766,32.3945263298719,32.3945263298719,60.919363941438014,14.645106107072088,14.645106107072088,26.538372449975952
telecom_cluster_00849,syn_ts_605_5_3p7563,1.257918357849121,45.07324694514506,45.07324694514506,60.54791856277867,8.965157274230677,8.965157274230677,13.859651834702795
telecom_cluster_00871,syn_ts_605_5_3p7563,2.3723435401916504,19.49524573607558,19.49524573607558,62.13323689336889,28.833816595054106,28.833816595054106,39.43765304377227
telecom_cluster_00879,syn_ts_605_5_3p7563,2.7914435863494873,5.327669920589562,5.327669920589562,69.71045886003459,44.17120271376717,44.17120271376717,53.60522885925829
telecom_cluster_00886,syn_ts_605_5_3p7563,1.2674434185028076,45.03925541439672,45.03925541439672,60.56072710149945,9.133195785616195,9.133195785616195,13.893643365451133
telecom_cluster_00887,syn_ts_605_5_3p7563,5.7060933113098145,0.0,0.0,70.27001257930056,70.27001257930056,70.27001257930056,58.932898779847854
telecom_cluster_00921,syn_ts_605_5_3p7563,1.0674185752868652,45.75307245512867,45.75307245512867,60.2917497120002,5.604412283211751,5.604412283211751,13.179826324719187
telecom_cluster_00923,syn_ts_605_5_3p7563,2.20089340209961,30.128895823447102,30.128895823447102,61.86903625404104,26.251584694175556,26.251584694175556,28.80400295640075
telecom_cluster_00943,syn_ts_605_5_3p7563,2.0675435066223145,30.582021600671506,30.582021600671506,61.66354719447266,24.513459629913026,24.513459629913026,28.350877179176347
telecom_cluster_00944,syn_ts_605_5_3p7563,1.9913434982299805,30.84095084770013,30.84095084770013,61.54612476974861,23.520244419584788,23.520244419584788,28.091947932147722
telecom_cluster_00952,syn_ts_605_5_3p7563,0.6387935280799866,56.568801164597375,56.568801164597375,59.74270008048965,3.1738989158922735,3.1738989158922735,2.364097615250479
telecom_cluster_00958,syn_ts_605_5_3p7563,1.886568546295166,31.196978359826648,31.196978359826648,61.39327698865122,22.163182243338237,22.163182243338237,27.735920420021206
telecom_cluster_00959,syn_ts_605_5_3p7563,0.2196934819221496,58.11983976489616,58.11983976489616,59.2114051509719,1.091565386075736,1.091565386075736,0.8130590149516905
telecom_cluster_00984,syn_ts_605_5_3p7563,1.4579434394836426,32.65345557690053,32.65345557690053,60.81689627288414,12.69694418693988,12.69694418693988,26.279443202947327
telecom_cluster_00997,syn_ts_605_5_3p7563,0.4768684506416321,57.16806629893877,57.16806629893877,59.53742696397854,2.369360665039771,2.369360665039771,1.7648324809090852
telecom_cluster_00998,syn_ts_605_5_3p7563,0.7530935406684875,56.14579063724316,56.14579063724316,59.88759869763085,3.74180806038769,3.74180806038769,2.787108142604694
telecom_cluster_01000,syn_ts_605_5_3p7563,1.2007684707641602,45.27719442797404,45.27719442797404,60.47106797166637,7.956934618148047,7.956934618148047,13.655704351873815
telecom_cluster_01020,syn_ts_605_5_3p7563,2.0294435024261475,30.71148622418582,30.71148622418582,61.604835982110636,24.016852024748907,24.016852024748907,28.221412555662035
telecom_cluster_01031,syn_ts_605_5_3p7563,1.562718391418457,32.29742806477401,32.29742806477401,60.95778923699416,15.375665303243892,15.375665303243892,26.635470715073843
telecom_cluster_01046,syn_ts_605_5_3p7563,2.4294934272766113,19.21909256417605,19.21909256417605,62.22130352821321,30.22253506029212,30.22253506029212,39.7138062156718
telecom_cluster_01081,syn_ts_605_5_3p7563,0.819768488407135,55.89903471687612,55.89903471687612,59.97212281540216,4.073088098526036,4.073088098526036,3.0338640629717304
telecom_cluster_01096,syn_ts_605_5_3p7563,2.6771435737609863,5.879320034102103,5.879320034102103,62.602926592265106,37.69263612516047,37.69263612516047,53.05357874574575
telecom_cluster_01136,syn_ts_605_5_3p7563,0.915018618106842,55.54652550290177,55.54652550290177,60.09287181414196,4.546346311240185,4.546346311240185,3.386373276946081
telecom_cluster_01139,syn_ts_605_5_3p7563,0.3149436116218567,57.76733055092182,57.76733055092182,59.3321541497117,1.5648235987898786,1.5648235987898786,1.165568228926034
telecom_cluster_01141,syn_ts_605_5_3p7563,0.5911684632301331,56.74505577158455,56.74505577158455,59.68232558111975,2.937269809535195,2.937269809535195,2.1878430082633002
telecom_cluster_01142,syn_ts_605_5_3p7563,0.5149684548377991,57.0270627898207,57.0270627898207,59.58572650302561,2.558663713204915,2.558663713204915,1.9058359900271569
telecom_cluster_01156,syn_ts_605_5_3p7563,0.3435185551643371,57.66157813967285,57.66157813967285,59.368378728435935,1.7068005887630875,1.7068005887630875,1.2713206401750057
telecom_cluster_01159,syn_ts_605_5_3p7563,1.410318374633789,44.52938585649375,44.52938585649375,60.75285389988642,11.653756631938037,11.653756631938037,14.403512923354107
telecom_cluster_01161,syn_ts_605_5_3p7563,0.1339686512947082,58.43709699864307,58.43709699864307,59.10273141479919,0.6656344161561165,0.6656344161561165,0.4958017812047828
telecom_cluster_01180,syn_ts_605_5_3p7563,0.8007186055183411,55.96953603025599,55.96953603025599,59.94797319700075,3.9784371667447616,3.9784371667447616,2.963362749591866
telecom_cluster_01183,syn_ts_605_5_3p7563,2.686668634414673,5.833348903637427,5.833348903637427,69.05079922582868,38.28225072930996,38.28225072930996,53.099549876210425
telecom_cluster_01184,syn_ts_605_5_3p7563,0.9816935658454896,55.299769582534736,55.299769582534736,60.17739593191326,4.877626349378524,4.877626349378524,3.6331291973131172
telecom_cluster_01202,syn_ts_605_5_3p7563,3.943968534469605,0.0,0.0,70.27001257930056,70.27001257930056,70.27001257930056,58.932898779847854
telecom_cluster_01218,syn_ts_605_5_3p7563,2.5056934356689453,18.85088756693728,18.85088756693728,62.33872595293727,32.074163542924296,32.074163542924296,40.08201121291057
telecom_cluster_01220,syn_ts_605_5_3p7563,1.429368495941162,44.46140279499706,44.46140279499706,60.77847097732799,11.989833654709095,11.989833654709095,14.47149598485079
telecom_cluster_01234,syn_ts_605_5_3p7563,0.9435935616493224,55.4407730916528,55.4407730916528,60.129096392866195,4.688323301213394,4.688323301213394,3.4921256881950526
telecom_cluster_01237,syn_ts_605_5_3p7563,2.9057435989379883,4.776019807077022,4.776019807077022,70.27001257930056,49.38820545275726,49.38820545275726,54.15687897277083
telecom_cluster_01265,syn_ts_605_5_3p7563,0.2863686680793762,57.873082962170784,57.873082962170784,59.29592957098746,1.422846608816677,1.422846608816677,1.0598158176770696
telecom_cluster_01385,syn_ts_605_5_3p7563,1.0102684497833252,55.19401739187535,55.19401739187535,60.21489880028169,5.020881408406339,5.020881408406339,3.738881387972505
telecom_cluster_01439,syn_ts_605_5_3p7563,0.229218304157257,58.0845895493854,58.0845895493854,59.22347980905047,1.138890259665068,1.138890259665068,0.8483092304624549
telecom_cluster_01463,syn_ts_605_5_3p7563,0.0577686429023742,58.719104016879214,58.719104016879214,59.00613233670505,0.2870283198258363,0.2870283198258363,0.21379476296863942
telecom_cluster_01526,syn_ts_605_5_3p7563,0.6292684674263,56.60405226246648,56.60405226246648,59.73062512016681,3.1265728577003316,3.1265728577003316,2.328846517381372
telecom_cluster_01663,syn_ts_605_5_3p7563,1.0293185710906982,55.12351519613714,55.12351519613714,60.24051587772326,5.11700068158612,5.11700068158612,3.809383583710712
telecom_cluster_01668,syn_ts_605_5_3p7563,2.0865933895111084,30.517289693990044,30.517289693990044,61.69290261695496,24.76176187868319,24.76176187868319,28.41560908585781
telecom_cluster_01684,syn_ts_605_5_3p7563,2.267568588256836,29.902332124683507,29.902332124683507,61.97178115122267,27.12065033393061,27.12065033393061,29.030566655164346
telecom_cluster_01690,syn_ts_605_5_3p7563,1.8198933601379397,31.423542058590243,31.423542058590243,61.30361753821193,21.30720205032552,21.30720205032552,27.50935672125761
telecom_cluster_01691,syn_ts_605_5_3p7563,0.8673935532569885,55.722780109888944,55.722780109888944,60.03249731477206,4.309717204883114,4.309717204883114,3.2101186699589093
telecom_cluster_01692,syn_ts_605_5_3p7563,1.000743389129639,55.22926848974445,55.22926848974445,60.2020902615609,4.972821771816449,4.972821771816449,3.703630290103405
telecom_cluster_01693,syn_ts_605_5_3p7563,2.515218496322632,18.80486165426766,18.80486165426766,62.35340384787713,32.30561855162138,32.30561855162138,40.12803712558019
telecom_cluster_01694,syn_ts_605_5_3p7563,0.0482433438301086,58.75435599710666,58.75435599710666,58.99405707413796,0.23970107703130594,0.23970107703130594,0.1785427827411965
telecom_cluster_01695,syn_ts_605_5_3p7563,0.8102434277534485,55.93428581474522,55.93428581474522,59.960047855079324,4.025762040334101,4.025762040334101,2.9986129651026303
telecom_cluster_01696,syn_ts_605_5_3p7563,2.248518466949463,29.96706484151636,29.96706484151636,61.94242536134294,26.872344977536656,26.872344977536656,28.965833938331492
telecom_cluster_01697,syn_ts_605_5_3p7563,2.3913934230804443,19.403195062795433,19.403195062795433,62.162592315851185,29.296720818976034,29.296720818976034,39.52970371705242
telecom_cluster_01698,syn_ts_605_5_3p7563,2.3913934230804443,19.403195062795433,19.403195062795433,62.162592315851185,29.296720818976034,29.296720818976034,39.52970371705242
telecom_cluster_01699,syn_ts_605_5_3p7563,2.3913934230804443,19.403195062795433,19.403195062795433,62.162592315851185,29.296720818976034,29.296720818976034,39.52970371705242
telecom_cluster_01701,syn_ts_605_5_3p7563,2.0865933895111084,30.517289693990044,30.517289693990044,61.69290261695496,24.76176187868319,24.76176187868319,28.41560908585781
telecom_cluster_01703,syn_ts_605_5_3p7563,2.743818521499634,5.557524422225084,5.557524422225084,69.41061302591355,41.845394840628536,41.845394840628536,53.37537435762277
telecom_cluster_01704,syn_ts_605_5_3p7563,2.562843561172486,6.430970147614642,6.430970147614642,62.426792955179025,33.71724377334729,33.71724377334729,52.50192863223321
telecom_cluster_01705,syn_ts_605_5_3p7563,0.915018618106842,55.54652550290177,55.54652550290177,60.09287181414196,4.546346311240185,4.546346311240185,3.386373276946081
telecom_cluster_01715,syn_ts_605_5_3p7563,1.58176851272583,32.23269534794116,32.23269534794116,60.98340631443573,15.862708831032485,15.862708831032485,26.700203431906694
telecom_cluster_01716,syn_ts_605_5_3p7563,2.3913934230804443,19.403195062795433,19.403195062795433,62.162592315851185,29.296720818976034,29.296720818976034,39.52970371705242
telecom_cluster_01717,syn_ts_605_5_3p7563,1.8389434814453125,31.35880934175739,31.35880934175739,61.329234615653505,21.551768694281318,21.551768694281318,27.574089438090464
telecom_cluster_01718,syn_ts_605_5_3p7563,1.734168529510498,31.714836853883902,31.714836853883902,61.18834165154348,19.7590326712969,19.7590326712969,27.21806192596395
telecom_cluster_01719,syn_ts_605_5_3p7563,1.3436434268951416,44.767324870071064,44.767324870071064,60.66319477005333,10.477495464469882,10.477495464469882,14.16557390977679
telecom_cluster_01720,syn_ts_605_5_3p7563,0.1434934735298156,58.40184678313231,58.40184678313231,59.11480607287776,0.7129592897454557,0.7129592897454557,0.5310519967155471
telecom_cluster_01731,syn_ts_605_5_3p7563,1.372218370437622,44.665351128656575,44.665351128656575,60.701620065609475,10.981606792511194,10.981606792511194,14.267547651191279
telecom_cluster_01733,syn_ts_605_5_3p7563,0.4673436284065246,57.20331651444953,57.20331651444953,59.525352305899965,2.322035791450432,2.322035791450432,1.7295822653983208
telecom_cluster_01734,syn_ts_605_5_3p7563,1.5912935733795166,32.20032898952473,32.20032898952473,60.99621485315652,16.106230594926792,16.106230594926792,26.732569790323126
telecom_cluster_01746,syn_ts_605_5_3p7563,1.6484434604644775,32.00613245932896,32.00613245932896,61.07306544426882,17.5673489872704,17.5673489872704,26.926766320518894
telecom_cluster_01747,syn_ts_605_5_3p7563,1.1721935272216797,45.37916816938852,45.37916816938852,60.43264267611022,7.4528232901067355,7.4528232901067355,13.553730610459333
telecom_cluster_01748,syn_ts_605_5_3p7563,0.6102185845375061,56.674553575846346,56.674553575846346,59.70647550176541,3.0319219259190646,3.0319219259190646,2.2583452040015075
telecom_cluster_01749,syn_ts_605_5_3p7563,4.286868572235107,0.0,0.0,70.27001257930056,70.27001257930056,70.27001257930056,58.932898779847854
telecom_cluster_01750,syn_ts_605_5_3p7563,2.28661847114563,29.83760021800205,29.83760021800205,62.00113657370497,27.368952582700768,27.368952582700768,29.095298561845805
telecom_cluster_01751,syn_ts_605_5_3p7563,2.686668634414673,5.833348903637427,5.833348903637427,69.05079922582868,38.28225072930996,38.28225072930996,53.099549876210425
telecom_cluster_01772,syn_ts_605_5_3p7563,0.0101435761898756,58.895358630759816,58.895358630759816,58.94575783497387,0.05039920421405242,0.05039920421405242,0.03754014908803782
telecom_cluster_01773,syn_ts_605_5_3p7563,0.2673185467720032,57.94358515790899,57.94358515790899,59.2717796503418,1.3281944924328073,1.3281944924328073,0.9893136219388623
telecom_cluster_01774,syn_ts_605_5_3p7563,1.3245935440063477,44.83530708073721,44.83530708073721,60.63757801321797,10.141422647814096,10.141422647814096,14.097591699110644
telecom_cluster_01775,syn_ts_605_5_3p7563,1.3626935482025146,44.69934180857438,44.69934180857438,60.688811847494904,10.81357248724094,10.81357248724094,14.233556971273472
telecom_cluster_01801,syn_ts_605_5_3p7563,0.5435436367988586,56.92130949621339,56.92130949621339,59.6219513839941,2.700641887780712,2.700641887780712,2.011589283634464
telecom_cluster_01802,syn_ts_605_5_3p7563,0.381618320941925,57.52057551291311,57.52057551291311,59.41667796523874,1.8961024523256285,1.8961024523256285,1.4123232669347416
telecom_cluster_01803,syn_ts_605_5_3p7563,0.5816436409950256,56.78030598709532,56.78030598709532,59.67025092304117,2.8899449359458558,2.8899449359458558,2.152592792752536
telecom_cluster_01817,syn_ts_605_5_3p7563,0.5435436367988586,56.92130949621339,56.92130949621339,59.6219513839941,2.700641887780712,2.700641887780712,2.011589283634464
telecom_cluster_01824,syn_ts_605_5_3p7563,0.457818329334259,57.23856849467697,57.23856849467697,59.51327704333288,2.2747085486559087,2.2747085486559087,1.694330285170885
telecom_cluster_01826,syn_ts_605_5_3p7563,2.343768358230591,19.63332347408444,19.63332347408444,62.08920320854929,28.139451568962865,28.139451568962865,39.29957530576341
telecom_cluster_01827,syn_ts_605_5_3p7563,2.267568588256836,29.902332124683507,29.902332124683507,61.97178115122267,27.12065033393061,27.12065033393061,29.030566655164346
telecom_cluster_01834,syn_ts_605_5_3p7563,0.2387436032295227,58.04933756915796,58.04933756915796,59.23555507161756,1.1862175024595984,1.1862175024595984,0.8835612106898907
telecom_cluster_01843,syn_ts_605_5_3p7563,1.210293531417847,45.24320289722569,45.24320289722569,60.483876510387155,8.12497312953358,8.12497312953358,13.68969588262216
telecom_cluster_01856,syn_ts_605_5_3p7563,0.2387436032295227,58.04933756915796,58.04933756915796,59.23555507161756,1.1862175024595984,1.1862175024595984,0.8835612106898907
telecom_cluster_01857,syn_ts_605_5_3p7563,0.2387436032295227,58.04933756915796,58.04933756915796,59.23555507161756,1.1862175024595984,1.1862175024595984,0.8835612106898907
telecom_cluster_01858,syn_ts_605_5_3p7563,0.2387436032295227,58.04933756915796,58.04933756915796,59.23555507161756,1.1862175024595984,1.1862175024595984,0.8835612106898907
telecom_cluster_01859,syn_ts_605_5_3p7563,0.3911436200141907,57.485323532685676,57.485323532685676,59.428753227805835,1.9434296951201588,1.9434296951201588,1.4475752471621774
telecom_cluster_01861,syn_ts_605_5_3p7563,1.943718433380127,31.002781829630877,31.002781829630877,61.472735662446716,22.89948413622369,22.89948413622369,27.930116950216977
telecom_cluster_01862,syn_ts_605_5_3p7563,1.2293434143066406,45.17522068655955,45.17522068655955,60.50949326722252,8.461045946189358,8.461045946189358,13.757678093288305
telecom_cluster_01863,syn_ts_605_5_3p7563,2.9343185424804688,4.6381075663708495,4.6381075663708495,70.27001257930056,50.33390699675512,50.33390699675512,54.294791213477005
telecom_cluster_01868,syn_ts_605_5_3p7563,4.0582685470581055,0.0,0.0,70.27001257930056,70.27001257930056,70.27001257930056,58.932898779847854
telecom_cluster_01869,syn_ts_605_5_3p7563,2.4675934314727783,19.034990065556666,19.034990065556666,62.28001474057524,31.148349301608206,31.148349301608206,39.89790871429119
telecom_cluster_01872,syn_ts_605_5_3p7563,1.4579434394836426,32.65345557690053,32.65345557690053,60.81689627288414,12.69694418693988,12.69694418693988,26.279443202947327
telecom_cluster_01884,syn_ts_605_5_3p7563,0.6578436493873596,56.498298968859174,56.498298968859174,59.76685000113531,3.268551032276136,3.268551032276136,2.4345998109886793
telecom_cluster_01885,syn_ts_605_5_3p7563,0.4673436284065246,57.20331651444953,57.20331651444953,59.525352305899965,2.322035791450432,2.322035791450432,1.7295822653983208
telecom_cluster_01886,syn_ts_605_5_3p7563,1.7055935859680176,31.81193511898179,31.81193511898179,61.14991635598733,19.0284734751251,19.0284734751251,27.120963660866064
telecom_cluster_01887,syn_ts_605_5_3p7563,0.8102434277534485,55.93428581474522,55.93428581474522,59.960047855079324,4.025762040334101,4.025762040334101,2.9986129651026303
telecom_cluster_01888,syn_ts_605_5_3p7563,1.2674434185028076,45.03925541439672,45.03925541439672,60.56072710149945,9.133195785616195,9.133195785616195,13.893643365451133
telecom_cluster_01889,syn_ts_605_5_3p7563,1.7055935859680176,31.81193511898179,31.81193511898179,61.14991635598733,19.0284734751251,19.0284734751251,27.120963660866064
telecom_cluster_01897,syn_ts_605_5_3p7563,3.2391185760498047,3.1670405970040743,3.1670405970040743,70.27001257930056,61.12319835252526,61.12319835252526,55.76585818284378
telecom_cluster_01898,syn_ts_605_5_3p7563,3.258168458938598,3.0750994867625803,3.0750994867625803,70.27001257930056,61.602189256266776,61.602189256266776,55.85779929308527
telecom_cluster_01899,syn_ts_605_5_3p7563,2.324718475341797,29.708135594487736,29.708135594487736,62.059847786066996,27.865560187864887,27.865560187864887,29.224763185360118
telecom_cluster_01903,syn_ts_605_5_3p7563,1.2007684707641602,45.27719442797404,45.27719442797404,60.47106797166637,7.956934618148047,7.956934618148047,13.655704351873815
telecom_cluster_01915,syn_ts_605_5_3p7563,0.4197185635566711,57.379571121436705,57.379571121436705,59.464977806530065,2.0854066850933606,2.0854066850933606,1.553327658411149
telecom_cluster_01916,syn_ts_605_5_3p7563,0.3720934987068176,57.555825728423876,57.555825728423876,59.404603307160166,1.8487775787362892,1.8487775787362892,1.3770730514239773
telecom_cluster_01917,syn_ts_605_5_3p7563,1.353168487548828,44.73333333932272,44.73333333932272,60.67600330877411,10.645533975855408,10.645533975855408,14.199565440525134
telecom_cluster_01919,syn_ts_605_5_3p7563,1.4769935607910156,32.588722860067676,32.588722860067676,60.84251335032571,13.183987714728467,13.183987714728467,26.344175919780177
telecom_cluster_01920,syn_ts_605_5_3p7563,1.9532434940338137,30.970415471214444,30.970415471214444,61.48741355738658,23.023636814420676,23.023636814420676,27.96248330863341
telecom_cluster_01921,syn_ts_605_5_3p7563,1.9532434940338137,30.970415471214444,30.970415471214444,61.48741355738658,23.023636814420676,23.023636814420676,27.96248330863341
telecom_cluster_01929,syn_ts_605_5_3p7563,3.5439186096191406,1.6959736276372994,1.6959736276372994,70.27001257930056,66.97267470727508,66.97267470727508,57.23692515221055
telecom_cluster_01930,syn_ts_605_5_3p7563,0.9245434403419496,55.51127528739101,55.51127528739101,60.10494647222053,4.593671184829525,4.593671184829525,3.4216234924568454
telecom_cluster_01932,syn_ts_605_5_3p7563,0.3149436116218567,57.76733055092182,57.76733055092182,59.3321541497117,1.5648235987898786,1.5648235987898786,1.165568228926034
telecom_cluster_01946,syn_ts_605_5_3p7563,2.077068567276001,30.549655242255078,30.549655242255078,61.67822508941253,24.637612308110008,24.637612308110008,28.383243537592776
telecom_cluster_01948,syn_ts_605_5_3p7563,1.924668550491333,31.067513736312335,31.067513736312335,61.444510822928166,22.65231247041728,22.65231247041728,27.865385043535518
telecom_cluster_01949,syn_ts_605_5_3p7563,1.943718433380127,31.002781829630877,31.002781829630877,61.472735662446716,22.89948413622369,22.89948413622369,27.930116950216977
telecom_cluster_01950,syn_ts_605_5_3p7563,1.219818353652954,45.209212217307886,45.209212217307886,60.496684728501734,8.29300743480384,8.29300743480384,13.723686562539967
telecom_cluster_01951,syn_ts_605_5_3p7563,1.8579933643341064,31.29407743507593,31.29407743507593,61.354851372488866,21.79633227740455,21.79633227740455,27.638821344771923
telecom_cluster_01952,syn_ts_605_5_3p7563,1.9532434940338137,30.970415471214444,30.970415471214444,61.48741355738658,23.023636814420676,23.023636814420676,27.96248330863341
telecom_cluster_01953,syn_ts_605_5_3p7563,1.7055935859680176,31.81193511898179,31.81193511898179,61.14991635598733,19.0284734751251,19.0284734751251,27.120963660866064
telecom_cluster_01966,syn_ts_605_5_3p7563,4.401168346405029,0.0,0.0,70.27001257930056,70.27001257930056,70.27001257930056,58.932898779847854
telecom_cluster_01967,syn_ts_605_5_3p7563,3.0200436115264893,4.224369693564481,4.224369693564481,70.27001257930056,53.15587265660186,53.15587265660186,54.70852908628337
telecom_cluster_01984,syn_ts_605_5_3p7563,1.486518383026123,32.55635731180264,32.55635731180264,60.85532156844029,13.427503383111684,13.427503383111684,26.37654146804521
telecom_cluster_01986,syn_ts_605_5_3p7563,1.0483684539794922,45.82105551662535,45.82105551662535,60.26613263455862,5.268335260440686,5.268335260440686,13.111843263222504
telecom_cluster_01988,syn_ts_605_5_3p7563,1.791318416595459,31.52064032368813,31.52064032368813,61.26519224265578,20.940355145224384,20.940355145224384,27.412258456159723
telecom_cluster_01989,syn_ts_605_5_3p7563,1.4769935607910156,32.588722860067676,32.588722860067676,60.84251335032571,13.183987714728467,13.183987714728467,26.344175919780177
telecom_cluster_01990,syn_ts_605_5_3p7563,1.257918357849121,45.07324694514506,45.07324694514506,60.54791856277867,8.965157274230677,8.965157274230677,13.859651834702795
telecom_cluster_01991,syn_ts_605_5_3p7563,1.0864684581756592,45.68509024446252,45.68509024446252,60.31736646883556,5.940485099867523,5.940485099867523,13.247808535385332
telecom_cluster_01992,syn_ts_605_5_3p7563,1.210293531417847,45.24320289722569,45.24320289722569,60.483876510387155,8.12497312953358,8.12497312953358,13.68969588262216
telecom_cluster_01993,syn_ts_605_5_3p7563,1.619868516921997,32.103230724426844,32.103230724426844,61.03464014871267,16.83678979109859,16.83678979109859,26.82966805542101
telecom_cluster_01994,syn_ts_605_5_3p7563,1.696068525314331,31.84430147739822,31.84430147739822,61.137107817266546,18.784951711230804,18.784951711230804,27.088597302449635
telecom_cluster_02023,syn_ts_605_5_3p7563,1.1150434017181396,45.58311650304803,45.58311650304803,60.35579176439171,6.4445964279088415,6.4445964279088415,13.349782276799822
telecom_cluster_02024,syn_ts_605_5_3p7563,0.895968496799469,55.61702769863998,55.61702769863998,60.068721893496296,4.451694194856316,4.451694194856316,3.3158710812078738
telecom_cluster_02025,syn_ts_605_5_3p7563,1.353168487548828,44.73333333932272,44.73333333932272,60.67600330877411,10.645533975855408,10.645533975855408,14.199565440525134
telecom_cluster_02026,syn_ts_605_5_3p7563,0.4768684506416321,57.16806629893877,57.16806629893877,59.53742696397854,2.369360665039771,2.369360665039771,1.7648324809090852
telecom_cluster_02027,syn_ts_605_5_3p7563,0.9435935616493224,55.4407730916528,55.4407730916528,60.129096392866195,4.688323301213394,4.688323301213394,3.4921256881950526
telecom_cluster_02028,syn_ts_605_5_3p7563,1.848468542098999,31.32644298334096,31.32644298334096,61.34204315437429,21.674052016259218,21.674052016259218,27.606455796506893
telecom_cluster_02029,syn_ts_605_5_3p7563,1.810368537902832,31.455907606855277,31.455907606855277,61.29080932009735,21.184921789180187,21.184921789180187,27.476991172992577
telecom_cluster_02030,syn_ts_605_5_3p7563,1.0483684539794922,45.82105551662535,45.82105551662535,60.26613263455862,5.268335260440686,5.268335260440686,13.111843263222504
telecom_cluster_02031,syn_ts_605_5_3p7563,1.4769935607910156,32.588722860067676,32.588722860067676,60.84251335032571,13.183987714728467,13.183987714728467,26.344175919780177
telecom_cluster_02032,syn_ts_605_5_3p7563,1.4769935607910156,32.588722860067676,32.588722860067676,60.84251335032571,13.183987714728467,13.183987714728467,26.344175919780177
telecom_cluster_02033,syn_ts_605_5_3p7563,1.486518383026123,32.55635731180264,32.55635731180264,60.85532156844029,13.427503383111684,13.427503383111684,26.37654146804521
telecom_cluster_02034,syn_ts_605_5_3p7563,1.9532434940338137,30.970415471214444,30.970415471214444,61.48741355738658,23.023636814420676,23.023636814420676,27.96248330863341
telecom_cluster_02035,syn_ts_605_5_3p7563,1.90561842918396,31.13224645314519,31.13224645314519,61.41889374548659,22.407745826461483,22.407745826461483,27.800652326702664
telecom_cluster_02047,syn_ts_605_5_3p7563,0.0101435761898756,58.895358630759816,58.895358630759816,58.94575783497387,0.05039920421405242,0.05039920421405242,0.03754014908803782
telecom_cluster_02049,syn_ts_605_5_3p7563,0.2482684254646301,58.0140873536472,58.0140873536472,59.24762972969613,1.2335423760489306,1.2335423760489306,0.918811426200655
telecom_cluster_02069,syn_ts_605_5_3p7563,0.8292935490608215,55.86378361900702,55.86378361900702,59.98419777572499,4.120414156717963,4.120414156717963,3.0691151608408305
telecom_cluster_02070,syn_ts_605_5_3p7563,0.9626434445381165,55.37027177827294,55.37027177827294,60.1532460112676,4.782974232994661,4.782974232994661,3.562627001574917
telecom_cluster_02072,syn_ts_605_5_3p7563,0.0482433438301086,58.75435599710666,58.75435599710666,58.99405707413796,0.23970107703130594,0.23970107703130594,0.1785427827411965
telecom_cluster_02074,syn_ts_605_5_3p7563,1.1912434101104736,45.311185958722376,45.311185958722376,60.45825943294558,7.788896106762522,7.788896106762522,13.621712821125477
telecom_cluster_02075,syn_ts_605_5_3p7563,1.1721935272216797,45.37916816938852,45.37916816938852,60.43264267611022,7.4528232901067355,7.4528232901067355,13.553730610459333
telecom_cluster_02087,syn_ts_605_5_3p7563,2.343768358230591,19.63332347408444,19.63332347408444,62.08920320854929,28.139451568962865,28.139451568962865,39.29957530576341
telecom_cluster_02088,syn_ts_605_5_3p7563,1.486518383026123,32.55635731180264,32.55635731180264,60.85532156844029,13.427503383111684,13.427503383111684,26.37654146804521
telecom_cluster_02089,syn_ts_605_5_3p7563,0.3149436116218567,57.76733055092182,57.76733055092182,59.3321541497117,1.5648235987898786,1.5648235987898786,1.165568228926034
telecom_cluster_02105,syn_ts_605_5_3p7563,2.153268575668335,30.29072599522645,30.29072599522645,61.79564751413659,25.630827518438256,25.630827518438256,28.642172784621405
telecom_cluster_02107,syn_ts_605_5_3p7563,2.5056934356689453,18.85088756693728,18.85088756693728,62.33872595293727,32.074163542924296,32.074163542924296,40.08201121291057
telecom_cluster_02108,syn_ts_605_5_3p7563,1.3436434268951416,44.767324870071064,44.767324870071064,60.66319477005333,10.477495464469882,10.477495464469882,14.16557390977679
telecom_cluster_02109,syn_ts_605_5_3p7563,1.4769935607910156,32.588722860067676,32.588722860067676,60.84251335032571,13.183987714728467,13.183987714728467,26.344175919780177
telecom_cluster_02110,syn_ts_605_5_3p7563,1.6103434562683103,32.13559708284327,32.13559708284327,61.021831609991885,16.593268027204303,16.593268027204303,26.797301697004585
telecom_cluster_02111,syn_ts_605_5_3p7563,1.3817434310913086,44.63135959790824,44.63135959790824,60.714428604330266,11.149645303896719,11.149645303896719,14.301539181939617
telecom_cluster_02128,syn_ts_605_5_3p7563,2.3532934188842773,19.587297561414818,19.587297561414818,62.10388110348916,28.370906577659955,28.370906577659955,39.34560121843303
telecom_cluster_02147,syn_ts_605_5_3p7563,1.5722434520721436,32.265061706357585,32.265061706357585,60.97059777571495,15.619187067138192,15.619187067138192,26.66783707349027
telecom_cluster_02149,syn_ts_605_5_3p7563,1.0483684539794922,45.82105551662535,45.82105551662535,60.26613263455862,5.268335260440686,5.268335260440686,13.111843263222504
telecom_cluster_02150,syn_ts_605_5_3p7563,0.1530182957649231,58.36659656762154,58.36659656762154,59.12688073095633,0.7602841633347879,0.7602841633347879,0.5663022122263115
telecom_cluster_02151,syn_ts_605_5_3p7563,0.6578436493873596,56.498298968859174,56.498298968859174,59.76685000113531,3.268551032276136,3.268551032276136,2.4345998109886793
telecom_cluster_02153,syn_ts_605_5_3p7563,0.2101686596870422,58.155089980406935,58.155089980406935,59.199330492893324,1.0442405124863896,1.0442405124863896,0.7778087994409191
telecom_cluster_02154,syn_ts_605_5_3p7563,0.7149935364723206,56.28679414636123,56.28679414636123,59.839299158583785,3.5525050122225537,3.5525050122225537,2.6461046334866225
telecom_cluster_02155,syn_ts_605_5_3p7563,0.0863435864448547,58.61335160563025,58.61335160563025,59.04235691542929,0.42900530979903806,0.42900530979903806,0.3195471742176039
telecom_cluster_02156,syn_ts_605_5_3p7563,0.2863686680793762,57.873082962170784,57.873082962170784,59.29592957098746,1.422846608816677,1.422846608816677,1.0598158176770696
telecom_cluster_02157,syn_ts_605_5_3p7563,1.2007684707641602,45.27719442797404,45.27719442797404,60.47106797166637,7.956934618148047,7.956934618148047,13.655704351873815
telecom_cluster_02161,syn_ts_605_5_3p7563,0.1720684170722961,58.29609437188334,58.29609437188334,59.151030651602,0.8549362797186575,0.8549362797186575,0.6368044079645117
telecom_cluster_02162,syn_ts_605_5_3p7563,0.5340185761451721,56.95656059408249,56.95656059408249,59.609876423671274,2.6533158295887844,2.6533158295887844,1.9763381857653641
telecom_cluster_02163,syn_ts_605_5_3p7563,0.5340185761451721,56.95656059408249,56.95656059408249,59.609876423671274,2.6533158295887844,2.6533158295887844,1.9763381857653641
telecom_cluster_02164,syn_ts_605_5_3p7563,0.4101937413215637,57.41482133694747,57.41482133694747,59.4529031484515,2.0380818115040285,2.0380818115040285,1.5180774429003847
telecom_cluster_02178,syn_ts_605_5_3p7563,1.848468542098999,31.32644298334096,31.32644298334096,61.34204315437429,21.674052016259218,21.674052016259218,27.606455796506893
telecom_cluster_02179,syn_ts_605_5_3p7563,2.743818521499634,5.557524422225084,5.557524422225084,69.41061302591355,41.845394840628536,41.845394840628536,53.37537435762277
telecom_cluster_02180,syn_ts_605_5_3p7563,0.8864434361457825,55.65227879650908,55.65227879650908,60.05664693317346,4.404368136664381,4.404368136664381,3.2806199833387737
telecom_cluster_02221,syn_ts_605_5_3p7563,2.5818934440612793,6.339029037373147,6.339029037373147,62.45614837766132,34.37980501917752,34.37980501917752,52.59386974247471
telecom_cluster_02222,syn_ts_605_5_3p7563,2.3913934230804443,19.403195062795433,19.403195062795433,62.162592315851185,29.296720818976034,29.296720818976034,39.52970371705242
telecom_cluster_02223,syn_ts_605_5_3p7563,1.7627434730529783,31.61773858878602,31.61773858878602,61.226766947099634,20.48959186746871,20.48959186746871,27.315160191061835
telecom_cluster_02224,syn_ts_605_5_3p7563,0.3244684338569641,57.732080335411055,57.732080335411055,59.344228807790266,1.6121484723792108,1.6121484723792108,1.2008184444367984
telecom_cluster_02225,syn_ts_605_5_3p7563,3.229593515396118,3.21301172746875,3.21301172746875,70.27001257930056,60.88369990325206,60.88369990325206,55.71988705237911
telecom_cluster_02226,syn_ts_605_5_3p7563,4.0011186599731445,0.0,0.0,70.27001257930056,70.27001257930056,70.27001257930056,58.932898779847854
telecom_cluster_02267,syn_ts_605_5_3p7563,2.534268617630005,18.712809828928425,18.712809828928425,62.38275963775686,32.768528569015515,32.768528569015515,40.22008895091943
telecom_cluster_02268,syn_ts_605_5_3p7563,2.6771435737609863,5.879320034102103,5.879320034102103,62.602926592265106,37.69263612516047,37.69263612516047,53.05357874574575
telecom_cluster_02272,syn_ts_605_5_3p7563,0.6102185845375061,56.674553575846346,56.674553575846346,59.70647550176541,3.0319219259190646,3.0319219259190646,2.2583452040015075
telecom_cluster_02316,syn_ts_605_5_3p7563,2.515218496322632,18.80486165426766,18.80486165426766,62.35340384787713,32.30561855162138,32.30561855162138,40.12803712558019
telecom_cluster_02317,syn_ts_605_5_3p7563,0.6102185845375061,56.674553575846346,56.674553575846346,59.70647550176541,3.0319219259190646,3.0319219259190646,2.2583452040015075
telecom_cluster_02429,syn_ts_605_5_3p7563,0.4387686848640442,57.309068925698504,57.309068925698504,59.489127727175735,2.18005880147723,2.18005880147723,1.6238298541493492
telecom_cluster_02433,syn_ts_605_5_3p7563,0.4959185719490051,57.09756410320056,57.09756410320056,59.5615768846242,2.4640127814236408,2.4640127814236408,1.8353346766472924
telecom_cluster_02478,syn_ts_605_5_3p7563,2.2770934104919434,29.869966576418477,29.869966576418477,61.9864586787651,27.244799904503793,27.244799904503793,29.062932203429376
telecom_cluster_02479,syn_ts_605_5_3p7563,3.943968534469605,0.0,0.0,70.27001257930056,70.27001257930056,70.27001257930056,58.932898779847854
telecom_cluster_02485,syn_ts_605_5_3p7563,0.915018618106842,55.54652550290177,55.54652550290177,60.09287181414196,4.546346311240185,4.546346311240185,3.386373276946081
telecom_cluster_02486,syn_ts_605_5_3p7563,1.3436434268951416,44.767324870071064,44.767324870071064,60.66319477005333,10.477495464469882,10.477495464469882,14.16557390977679
telecom_cluster_02487,syn_ts_605_5_3p7563,1.8960933685302737,31.164612811561614,31.164612811561614,61.4060852067658,22.28546250448358,22.28546250448358,27.76828596828624
telecom_cluster_02523,syn_ts_605_5_3p7563,2.439018487930298,19.17306665150643,19.17306665150643,62.23598142315308,30.453990068989192,30.453990068989192,39.75983212834142
telecom_cluster_02525,syn_ts_605_5_3p7563,3.191493511199951,3.396895098639597,3.396895098639597,70.27001257930056,59.85719545785872,59.85719545785872,55.53600368120826
telecom_cluster_02529,syn_ts_605_5_3p7563,1.791318416595459,31.52064032368813,31.52064032368813,61.26519224265578,20.940355145224384,20.940355145224384,27.412258456159723
telecom_cluster_02532,syn_ts_605_5_3p7563,1.772268533706665,31.58537223036959,31.58537223036959,61.23957548582042,20.69579156210116,20.69579156210116,27.347526549478264
telecom_cluster_02576,syn_ts_605_5_3p7563,2.562843561172486,6.430970147614642,6.430970147614642,62.426792955179025,33.71724377334729,33.71724377334729,52.50192863223321
telecom_cluster_02579,syn_ts_605_5_3p7563,1.1150434017181396,45.58311650304803,45.58311650304803,60.35579176439171,6.4445964279088415,6.4445964279088415,13.349782276799822
telecom_cluster_02580,syn_ts_605_5_3p7563,2.28661847114563,29.83760021800205,29.83760021800205,62.00113657370497,27.368952582700768,27.368952582700768,29.095298561845805
telecom_cluster_02582,syn_ts_605_5_3p7563,2.4675934314727783,19.034990065556666,19.034990065556666,62.28001474057524,31.148349301608206,31.148349301608206,39.89790871429119
telecom_cluster_02583,syn_ts_605_5_3p7563,2.381868362426758,19.449220975465053,19.449220975465053,62.14791442091132,29.065265810278962,29.065265810278962,39.4836778043828
telecom_cluster_02626,syn_ts_605_5_3p7563,1.5341434478759766,32.3945263298719,32.3945263298719,60.919363941438014,14.645106107072088,14.645106107072088,26.538372449975952
telecom_cluster_02634,syn_ts_605_5_3p7563,2.181843519210815,30.193627730128565,30.193627730128565,61.839680831558745,26.00328244540538,26.00328244540538,28.73927104971929
telecom_cluster_02635,syn_ts_605_5_3p7563,2.9914684295654297,4.362283084958507,4.362283084958507,70.27001257930056,52.21521220435197,52.21521220435197,54.57061569488935
telecom_cluster_02639,syn_ts_605_5_3p7563,0.6387935280799866,56.568801164597375,56.568801164597375,59.74270008048965,3.1738989158922735,3.1738989158922735,2.364097615250479
telecom_cluster_02683,syn_ts_605_5_3p7563,2.28661847114563,29.83760021800205,29.83760021800205,62.00113657370497,27.368952582700768,27.368952582700768,29.095298561845805
telecom_cluster_02684,syn_ts_605_5_3p7563,1.4960434436798096,32.52399095338621,32.52399095338621,60.86813010716107,13.671025147005984,13.671025147005984,26.408907826461643
telecom_cluster_02685,syn_ts_605_5_3p7563,0.8007186055183411,55.96953603025599,55.96953603025599,59.94797319700075,3.9784371667447616,3.9784371667447616,2.963362749591866
telecom_cluster_02689,syn_ts_605_5_3p7563,0.4959185719490051,57.09756410320056,57.09756410320056,59.5615768846242,2.4640127814236408,2.4640127814236408,1.8353346766472924
telecom_cluster_02690,syn_ts_605_5_3p7563,1.734168529510498,31.714836853883902,31.714836853883902,61.18834165154348,19.7590326712969,19.7590326712969,27.21806192596395
telecom_cluster_02692,syn_ts_605_5_3p7563,2.458068370819092,19.081015978226283,19.081015978226283,62.265336845635375,30.916894292911135,30.916894292911135,39.85188280162157
telecom_cluster_02694,syn_ts_605_5_3p7563,1.3055434226989746,44.90329014223389,44.90329014223389,60.611960935776395,9.805345625043046,9.805345625043046,14.029608637613961
telecom_cluster_02695,syn_ts_605_5_3p7563,1.3055434226989746,44.90329014223389,44.90329014223389,60.611960935776395,9.805345625043046,9.805345625043046,14.029608637613961
telecom_cluster_02699,syn_ts_605_5_3p7563,0.6578436493873596,56.498298968859174,56.498298968859174,59.76685000113531,3.268551032276136,3.268551032276136,2.4345998109886793
telecom_cluster_02710,syn_ts_605_5_3p7563,0.229218304157257,58.0845895493854,58.0845895493854,59.22347980905047,1.138890259665068,1.138890259665068,0.8483092304624549
telecom_cluster_02711,syn_ts_605_5_3p7563,0.876918613910675,55.687529012019844,55.687529012019844,60.044572275094886,4.357043263075042,4.357043263075042,3.2453697678280093
telecom_cluster_02734,syn_ts_605_5_3p7563,2.800968647003174,5.281698790124887,5.281698790124887,69.77042832707389,44.63741488795144,44.63741488795144,53.65119998972297
telecom_cluster_02735,syn_ts_605_5_3p7563,1.8960933685302737,31.164612811561614,31.164612811561614,61.4060852067658,22.28546250448358,22.28546250448358,27.76828596828624
telecom_cluster_02740,syn_ts_605_5_3p7563,1.772268533706665,31.58537223036959,31.58537223036959,61.23957548582042,20.69579156210116,20.69579156210116,27.347526549478264
telecom_cluster_02741,syn_ts_605_5_3p7563,2.591418504714966,6.293057906908472,6.293057906908472,62.47082627260119,34.71108978823127,34.71108978823127,52.63984087293938
telecom_cluster_02750,syn_ts_605_5_3p7563,2.400918483734131,19.357169150125817,19.357169150125817,62.17727021079105,29.528175827673113,29.528175827673113,39.575729629722034
telecom_cluster_02763,syn_ts_605_5_3p7563,2.800968647003174,5.281698790124887,5.281698790124887,69.77042832707389,44.63741488795144,44.63741488795144,53.65119998972297
telecom_cluster_02764,syn_ts_605_5_3p7563,2.800968647003174,5.281698790124887,5.281698790124887,69.77042832707389,44.63741488795144,44.63741488795144,53.65119998972297
telecom_cluster_02786,syn_ts_605_5_3p7563,1.9722933769226072,30.905683564532985,30.905683564532985,61.51676897986888,23.271939063190835,23.271939063190835,28.027215215314868
telecom_cluster_02787,syn_ts_605_5_3p7563,0.0768187642097473,58.648601821141014,58.648601821141014,59.03028225735071,0.3816804362096988,0.3816804362096988,0.2842969587068396
telecom_cluster_02793,syn_ts_605_5_3p7563,2.8390684127807617,5.0978165696418944,5.0978165696418944,70.01030319308013,46.502240245489254,46.502240245489254,53.83508221020596
telecom_cluster_02794,syn_ts_605_5_3p7563,2.6771435737609863,5.879320034102103,5.879320034102103,62.602926592265106,37.69263612516047,37.69263612516047,53.05357874574575
telecom_cluster_02796,syn_ts_605_5_3p7563,1.0483684539794922,45.82105551662535,45.82105551662535,60.26613263455862,5.268335260440686,5.268335260440686,13.111843263222504
telecom_cluster_02797,syn_ts_605_5_3p7563,1.5150935649871826,32.45925823655336,32.45925823655336,60.893747184602645,14.158068674794578,14.158068674794578,26.473640543294493
telecom_cluster_02798,syn_ts_605_5_3p7563,0.4101937413215637,57.41482133694747,57.41482133694747,59.4529031484515,2.0380818115040285,2.0380818115040285,1.5180774429003847
telecom_cluster_02812,syn_ts_605_5_3p7563,2.800968647003174,5.281698790124887,5.281698790124887,69.77042832707389,44.63741488795144,44.63741488795144,53.65119998972297
telecom_cluster_02813,syn_ts_605_5_3p7563,2.800968647003174,5.281698790124887,5.281698790124887,69.77042832707389,44.63741488795144,44.63741488795144,53.65119998972297
telecom_cluster_02832,syn_ts_605_5_3p7563,2.439018487930298,19.17306665150643,19.17306665150643,62.23598142315308,30.453990068989192,30.453990068989192,39.75983212834142
telecom_cluster_02838,syn_ts_605_5_3p7563,0.7911935448646545,56.00478712812509,56.00478712812509,59.93589823667792,3.931111108552834,3.931111108552834,2.928111651722766
telecom_cluster_02839,syn_ts_605_5_3p7563,2.743818521499634,5.557524422225084,5.557524422225084,69.41061302591355,41.845394840628536,41.845394840628536,53.37537435762277
telecom_cluster_02842,syn_ts_605_5_3p7563,1.505568504333496,32.491624594969785,32.491624594969785,60.88093864588186,13.914546910900285,13.914546910900285,26.44127418487807
telecom_cluster_02843,syn_ts_605_5_3p7563,1.543668508529663,32.36215997145547,32.36215997145547,60.9321724801588,14.888627870966396,14.888627870966396,26.570738808392385
telecom_cluster_02844,syn_ts_605_5_3p7563,3.1819684505462646,3.442866229104272,3.442866229104272,70.27001257930056,59.18278322754656,59.18278322754656,55.49003255074358
telecom_cluster_02845,syn_ts_605_5_3p7563,1.52461838722229,32.426892688288326,32.426892688288326,60.906555402717224,14.401584343177788,14.401584343177788,26.506006091559527
telecom_cluster_02863,syn_ts_605_5_3p7563,2.800968647003174,5.281698790124887,5.281698790124887,69.77042832707389,44.63741488795144,44.63741488795144,53.65119998972297
telecom_cluster_02864,syn_ts_605_5_3p7563,1.7246434688568115,31.74720321230033,31.74720321230033,61.17553311282269,19.515510907402604,19.515510907402604,27.185695567547523
telecom_cluster_02891,syn_ts_605_5_3p7563,2.6676185131073,5.9252911645667785,5.9252911645667785,62.58824869732524,37.361351356106724,37.361351356106724,53.007607615281074
telecom_cluster_02900,syn_ts_605_5_3p7563,2.2961435317993164,29.805233859585623,29.805233859585623,62.015814468644834,27.493105260897746,27.493105260897746,29.12766492026223
telecom_cluster_02901,syn_ts_605_5_3p7563,2.1437435150146484,30.323092353642878,30.323092353642878,61.78096961919672,25.50667484024126,25.50667484024126,28.609806426204976
telecom_cluster_02902,syn_ts_605_5_3p7563,1.1531434059143066,45.447151230885204,45.447151230885204,60.407025598668646,7.116746267335685,7.116746267335685,13.48574754896265
telecom_cluster_02903,syn_ts_605_5_3p7563,0.0482433438301086,58.75435599710666,58.75435599710666,58.99405707413796,0.23970107703130594,0.23970107703130594,0.1785427827411965
telecom_cluster_02917,syn_ts_605_5_3p7563,0.305418312549591,57.802582531149255,57.802582531149255,59.320078887144604,1.5174963559953483,1.5174963559953483,1.1303162486985983
telecom_cluster_02918,syn_ts_605_5_3p7563,2.800968647003174,5.281698790124887,5.281698790124887,69.77042832707389,44.63741488795144,44.63741488795144,53.65119998972297
telecom_cluster_02947,syn_ts_605_5_3p7563,2.762868642807007,5.4655821612957345,5.4655821612957345,69.53055195999215,42.772577860813996,42.772577860813996,53.46731661855212
telecom_cluster_02948,syn_ts_605_5_3p7563,1.867518424987793,31.261711076659502,31.261711076659502,61.36765991120965,21.91861559938245,21.91861559938245,27.67118770318835
telecom_cluster_02954,syn_ts_605_5_3p7563,1.4007935523986816,44.56337653641155,44.56337653641155,60.74004568177184,11.485722326667776,11.485722326667776,14.3695222434363
telecom_cluster_02955,syn_ts_605_5_3p7563,2.0865933895111084,30.517289693990044,30.517289693990044,61.69290261695496,24.76176187868319,24.76176187868319,28.41560908585781
telecom_cluster_02957,syn_ts_605_5_3p7563,2.191368579864502,30.161261371712136,30.161261371712136,61.85435872649862,26.127435123602368,26.127435123602368,28.771637408135717
telecom_cluster_02958,syn_ts_605_5_3p7563,0.1530182957649231,58.36659656762154,58.36659656762154,59.12688073095633,0.7602841633347879,0.7602841633347879,0.5663022122263115
telecom_cluster_02959,syn_ts_605_5_3p7563,1.886568546295166,31.196978359826648,31.196978359826648,61.39327698865122,22.163182243338237,22.163182243338237,27.735920420021206
telecom_cluster_02960,syn_ts_605_5_3p7563,0.1625435948371887,58.331344587394106,58.331344587394106,59.138955993523425,0.8076114061293183,0.8076114061293183,0.6015541924537473
telecom_cluster_02979,syn_ts_605_5_3p7563,0.8673935532569885,55.722780109888944,55.722780109888944,60.03249731477206,4.309717204883114,4.309717204883114,3.2101186699589093
telecom_cluster_02980,syn_ts_605_5_3p7563,2.800968647003174,5.281698790124887,5.281698790124887,69.77042832707389,44.63741488795144,44.63741488795144,53.65119998972297
telecom_cluster_02981,syn_ts_605_5_3p7563,1.210293531417847,45.24320289722569,45.24320289722569,60.483876510387155,8.12497312953358,8.12497312953358,13.68969588262216
telecom_cluster_03010,syn_ts_605_5_3p7563,3.1343436241149902,3.6727195800519397,3.6727195800519397,70.27001257930056,56.91849092024702,56.91849092024702,55.260179199795914
telecom_cluster_03011,syn_ts_605_5_3p7563,1.4579434394836426,32.65345557690053,32.65345557690053,60.81689627288414,12.69694418693988,12.69694418693988,26.279443202947327
telecom_cluster_03021,syn_ts_605_5_3p7563,0.2958934903144836,57.83783274666002,57.83783274666002,59.308004229066036,1.4701714824060161,1.4701714824060161,1.095066033187834
telecom_cluster_03022,syn_ts_605_5_3p7563,0.0958684086799621,58.578101390119485,58.578101390119485,59.05443157350786,0.4763301833883773,0.4763301833883773,0.3547973897283683
telecom_cluster_03024,syn_ts_605_5_3p7563,0.8292935490608215,55.86378361900702,55.86378361900702,59.98419777572499,4.120414156717963,4.120414156717963,3.0691151608408305
telecom_cluster_03041,syn_ts_605_5_3p7563,1.829418420791626,31.391175700173818,31.391175700173818,61.316426076932714,21.429485372303418,21.429485372303418,27.541723079674036
telecom_cluster_03042,syn_ts_605_5_3p7563,3.0676684379577637,3.994516342616813,3.994516342616813,70.27001257930056,54.723624380115425,54.723624380115425,54.93838243723104
telecom_cluster_03043,syn_ts_605_5_3p7563,2.72476863861084,5.64946553246658,5.64946553246658,69.29067559291042,40.93753872873788,40.93753872873788,53.283433247381275
telecom_cluster_03071,syn_ts_605_5_3p7563,2.562843561172486,6.430970147614642,6.430970147614642,62.426792955179025,33.71724377334729,33.71724377334729,52.50192863223321
telecom_cluster_03084,syn_ts_605_5_3p7563,0.2768433690071106,57.90833494239823,57.90833494239823,59.283854308420366,1.3755193660221394,1.3755193660221394,1.0245638374496266
telecom_cluster_03096,syn_ts_605_5_3p7563,1.753218412399292,31.650104947202443,31.650104947202443,61.21395840837884,20.246070103574404,20.246070103574404,27.28279383264541
telecom_cluster_03097,syn_ts_605_5_3p7563,1.6674935817718506,31.941399742496102,31.941399742496102,61.098682521710394,18.054392515059,18.054392515059,26.99149903735175
telecom_cluster_03098,syn_ts_605_5_3p7563,2.248518466949463,29.96706484151636,29.96706484151636,61.94242536134294,26.872344977536656,26.872344977536656,28.965833938331492
telecom_cluster_03099,syn_ts_605_5_3p7563,0.953118622303009,55.4055219937837,55.4055219937837,60.14117135318902,4.735649359405322,4.735649359405322,3.5273767860641527
telecom_cluster_03131,syn_ts_605_5_3p7563,1.5150935649871826,32.45925823655336,32.45925823655336,60.893747184602645,14.158068674794578,14.158068674794578,26.473640543294493
telecom_cluster_03144,syn_ts_605_5_3p7563,1.8770434856414795,31.229344718243073,31.229344718243073,61.38046844993044,22.04089892136035,22.04089892136035,27.70355406160478
telecom_cluster_03145,syn_ts_605_5_3p7563,1.1817185878753662,45.34517663864018,45.34517663864018,60.44545121483101,7.620861801492275,7.620861801492275,13.58772214120767
telecom_cluster_03146,syn_ts_605_5_3p7563,2.6199934482574463,6.1551456662023005,6.1551456662023005,62.51485959002335,35.70493580311525,35.70493580311525,52.77775311364555
telecom_cluster_03197,syn_ts_605_5_3p7563,3.381993532180786,2.4774782427853625,2.4774782427853625,70.27001257930056,64.49314286928467,64.49314286928467,56.455420537062494
telecom_cluster_03205,syn_ts_605_5_3p7563,1.3626935482025146,44.69934180857438,44.69934180857438,60.688811847494904,10.81357248724094,10.81357248724094,14.233556971273472
telecom_cluster_03206,syn_ts_605_5_3p7563,1.4579434394836426,32.65345557690053,32.65345557690053,60.81689627288414,12.69694418693988,12.69694418693988,26.279443202947327
telecom_cluster_03207,syn_ts_605_5_3p7563,3.8487184047698975,0.22490780895837836,0.22490780895837836,70.27001257930056,70.04510477034218,70.04510477034218,58.707990970889476
telecom_cluster_03214,syn_ts_605_5_3p7563,2.7533435821533203,5.511553291760409,5.511553291760409,69.47058249295286,42.306365686629746,42.306365686629746,53.42134548808745
telecom_cluster_03215,syn_ts_605_5_3p7563,0.6197436451911926,56.639302477977246,56.639302477977246,59.71855046208824,3.0792479841109923,3.0792479841109923,2.2935963018706076
telecom_cluster_03250,syn_ts_605_5_3p7563,6.210918426513672,0.0,0.0,70.27001257930056,70.27001257930056,70.27001257930056,58.932898779847854
telecom_cluster_03257,syn_ts_605_5_3p7563,0.2006433606147766,58.19034196063437,58.19034196063437,59.18725523032623,0.9969132696918592,0.9969132696918592,0.7425568192134833
telecom_cluster_03258,syn_ts_605_5_3p7563,0.5435436367988586,56.92130949621339,56.92130949621339,59.6219513839941,2.700641887780712,2.700641887780712,2.011589283634464
telecom_cluster_03259,syn_ts_605_5_3p7563,0.7530935406684875,56.14579063724316,56.14579063724316,59.88759869763085,3.74180806038769,3.74180806038769,2.787108142604694
telecom_cluster_03260,syn_ts_605_5_3p7563,1.0197935104370115,55.15876629400625,55.15876629400625,60.22770733900247,5.0689410449962224,5.0689410449962224,3.774132485841605
telecom_cluster_03261,syn_ts_605_5_3p7563,2.7914435863494873,5.327669920589562,5.327669920589562,69.71045886003459,44.17120271376717,44.17120271376717,53.60522885925829
telecom_cluster_03262,syn_ts_605_5_3p7563,3.2962684631347656,2.8912161155917313,2.8912161155917313,70.27001257930056,62.560177058554714,62.560177058554714,56.04168266425612
telecom_cluster_03264,syn_ts_605_5_3p7563,1.0578935146331787,45.787063985877005,45.787063985877005,60.278941173279414,5.436373771826219,5.436373771826219,13.145834793970849
telecom_cluster_03304,syn_ts_605_5_3p7563,1.467468500137329,32.6210892184841,32.6210892184841,60.82970481160493,12.94046595083418,12.94046595083418,26.311809561363752
telecom_cluster_03305,syn_ts_605_5_3p7563,1.3817434310913086,44.63135959790824,44.63135959790824,60.714428604330266,11.149645303896719,11.149645303896719,14.301539181939617
telecom_cluster_03306,syn_ts_605_5_3p7563,2.267568588256836,29.902332124683507,29.902332124683507,61.97178115122267,27.12065033393061,27.12065033393061,29.030566655164346
telecom_cluster_03307,syn_ts_605_5_3p7563,3.8677685260772705,0.1329655480290278,0.1329655480290278,70.27001257930056,70.13704703127152,70.13704703127152,58.79993323181883
telecom_cluster_03308,syn_ts_605_5_3p7563,1.486518383026123,32.55635731180264,32.55635731180264,60.85532156844029,13.427503383111684,13.427503383111684,26.37654146804521
telecom_cluster_03328,syn_ts_605_5_3p7563,2.4294934272766113,19.21909256417605,19.21909256417605,62.22130352821321,30.22253506029212,30.22253506029212,39.7138062156718
telecom_cluster_03337,syn_ts_605_5_3p7563,0.8864434361457825,55.65227879650908,55.65227879650908,60.05664693317346,4.404368136664381,4.404368136664381,3.2806199833387737
telecom_cluster_03343,syn_ts_605_5_3p7563,1.3245935440063477,44.83530708073721,44.83530708073721,60.63757801321797,10.141422647814096,10.141422647814096,14.097591699110644
telecom_cluster_03344,syn_ts_605_5_3p7563,1.1817185878753662,45.34517663864018,45.34517663864018,60.44545121483101,7.620861801492275,7.620861801492275,13.58772214120767
telecom_cluster_03370,syn_ts_605_5_3p7563,2.5437934398651123,6.522912408543994,6.522912408543994,62.397437165299294,33.05467423523979,33.05467423523979,52.40998637130386
telecom_cluster_03371,syn_ts_605_5_3p7563,3.4486684799194336,2.1556826309083434,2.1556826309083434,70.27001257930056,65.51412527874044,65.51412527874044,56.77721614893951
telecom_cluster_03379,syn_ts_605_5_3p7563,0.5244935154914856,56.99181169195159,56.99181169195159,59.59780146334844,2.6059897713968496,2.6059897713968496,1.941087087896264
telecom_cluster_03380,syn_ts_605_5_3p7563,1.9722933769226072,30.905683564532985,30.905683564532985,61.51676897986888,23.271939063190835,23.271939063190835,28.027215215314868
telecom_cluster_03400,syn_ts_605_5_3p7563,2.6580934524536133,5.971262295031453,5.971262295031453,62.573570802385376,37.03006658705298,37.03006658705298,52.9616364848164
telecom_cluster_03401,syn_ts_605_5_3p7563,2.72476863861084,5.64946553246658,5.64946553246658,69.29067559291042,40.93753872873788,40.93753872873788,53.283433247381275
telecom_cluster_03439,syn_ts_605_5_3p7563,0.4197185635566711,57.379571121436705,57.379571121436705,59.464977806530065,2.0854066850933606,2.0854066850933606,1.553327658411149
telecom_cluster_03441,syn_ts_605_5_3p7563,0.6197436451911926,56.639302477977246,56.639302477977246,59.71855046208824,3.0792479841109923,3.0792479841109923,2.2935963018706076
telecom_cluster_03442,syn_ts_605_5_3p7563,1.2483935356140137,45.107237625062865,45.107237625062865,60.53511034466409,8.797122968960416,8.797122968960416,13.825661154784989
telecom_cluster_03443,syn_ts_605_5_3p7563,1.8960933685302737,31.164612811561614,31.164612811561614,61.4060852067658,22.28546250448358,22.28546250448358,27.76828596828624
telecom_cluster_03475,syn_ts_605_5_3p7563,1.210293531417847,45.24320289722569,45.24320289722569,60.483876510387155,8.12497312953358,8.12497312953358,13.68969588262216
telecom_cluster_03476,syn_ts_605_5_3p7563,0.6959434151649475,56.35729634209944,56.35729634209944,59.81514923793812,3.457852895838684,3.457852895838684,2.5756024377484152
telecom_cluster_03493,syn_ts_605_5_3p7563,0.5625935196876526,56.85080818283352,56.85080818283352,59.64610100239551,2.7952928195619933,2.7952928195619933,2.0820905970143357
telecom_cluster_03499,syn_ts_605_5_3p7563,0.895968496799469,55.61702769863998,55.61702769863998,60.068721893496296,4.451694194856316,4.451694194856316,3.3158710812078738
telecom_cluster_03500,syn_ts_605_5_3p7563,3.1724436283111572,3.4888362088810934,3.4888362088810934,70.27001257930056,58.50838787821937,58.50838787821937,55.44406257096676
telecom_cluster_03502,syn_ts_605_5_3p7563,1.4769935607910156,32.588722860067676,32.588722860067676,60.84251335032571,13.183987714728467,13.183987714728467,26.344175919780177
telecom_cluster_03505,syn_ts_605_5_3p7563,1.58176851272583,32.23269534794116,32.23269534794116,60.98340631443573,15.862708831032485,15.862708831032485,26.700203431906694
telecom_cluster_03524,syn_ts_605_5_3p7563,2.591418504714966,6.293057906908472,6.293057906908472,62.47082627260119,34.71108978823127,34.71108978823127,52.63984087293938
telecom_cluster_03525,syn_ts_605_5_3p7563,0.7245185971260071,56.25154304849213,56.25154304849213,59.85137411890661,3.5998310704144814,3.5998310704144814,2.6813557313557226
telecom_cluster_03531,syn_ts_605_5_3p7563,1.6674935817718506,31.941399742496102,31.941399742496102,61.098682521710394,18.054392515059,18.054392515059,26.99149903735175
telecom_cluster_03532,syn_ts_605_5_3p7563,0.4197185635566711,57.379571121436705,57.379571121436705,59.464977806530065,2.0854066850933606,2.0854066850933606,1.553327658411149
telecom_cluster_03536,syn_ts_605_5_3p7563,1.486518383026123,32.55635731180264,32.55635731180264,60.85532156844029,13.427503383111684,13.427503383111684,26.37654146804521
telecom_cluster_03563,syn_ts_605_5_3p7563,0.3435185551643371,57.66157813967285,57.66157813967285,59.368378728435935,1.7068005887630875,1.7068005887630875,1.2713206401750057
telecom_cluster_03564,syn_ts_605_5_3p7563,2.5247435569763184,18.758835741598045,18.758835741598045,62.368081742817,32.53707356031845,32.53707356031845,40.17406303824981
telecom_cluster_03566,syn_ts_605_5_3p7563,1.2007684707641602,45.27719442797404,45.27719442797404,60.47106797166637,7.956934618148047,7.956934618148047,13.655704351873815
telecom_cluster_03567,syn_ts_605_5_3p7563,0.991218626499176,55.26451848466563,55.26451848466563,60.189470892236095,4.924952407570466,4.924952407570466,3.6683802951822244
telecom_cluster_03570,syn_ts_605_5_3p7563,2.1627933979034424,30.25836044696142,30.25836044696142,61.810325041679015,25.754977089011433,25.754977089011433,28.674538332886435
telecom_cluster_03588,syn_ts_605_5_3p7563,2.2580435276031494,29.934698483099936,29.934698483099936,61.95710325628281,26.996497655733634,26.996497655733634,28.998200296747918
telecom_cluster_03592,syn_ts_605_5_3p7563,1.4579434394836426,32.65345557690053,32.65345557690053,60.81689627288414,12.69694418693988,12.69694418693988,26.279443202947327
telecom_cluster_03593,syn_ts_605_5_3p7563,1.210293531417847,45.24320289722569,45.24320289722569,60.483876510387155,8.12497312953358,8.12497312953358,13.68969588262216
telecom_cluster_03599,syn_ts_605_5_3p7563,0.4197185635566711,57.379571121436705,57.379571121436705,59.464977806530065,2.0854066850933606,2.0854066850933606,1.553327658411149
telecom_cluster_03618,syn_ts_605_5_3p7563,2.8581185340881348,5.005874308712544,5.005874308712544,70.13024212715875,47.43466459385779,47.43466459385779,53.92702447113531
telecom_cluster_03630,syn_ts_605_5_3p7563,1.3912684917449951,44.59736806715989,44.59736806715989,60.72723714305105,11.317683815282251,11.317683815282251,14.335530712687962
telecom_cluster_03645,syn_ts_605_5_3p7563,1.5722434520721436,32.265061706357585,32.265061706357585,60.97059777571495,15.619187067138192,15.619187067138192,26.66783707349027
telecom_cluster_03651,syn_ts_605_5_3p7563,1.6841148138046265,31.88492044300868,31.88492044300868,61.1210334233812,18.479338023532108,18.479338023532108,27.047978336839172
telecom_cluster_03674,syn_ts_605_5_3p7563,2.5717499256134033,6.387985052131716,6.387985052131716,62.44051745377414,34.027010082895785,34.027010082895785,52.544913727716136
telecom_cluster_03677,syn_ts_605_5_3p7563,1.52461838722229,32.426892688288326,32.426892688288326,60.906555402717224,14.401584343177788,14.401584343177788,26.506006091559527
telecom_cluster_03688,syn_ts_605_5_3p7563,2.0675435066223145,30.582021600671506,30.582021600671506,61.66354719447266,24.513459629913026,24.513459629913026,28.350877179176347
telecom_cluster_03708,syn_ts_605_5_3p7563,3.705843448638916,0.9144701631770907,0.9144701631770907,70.27001257930056,69.35554241612347,69.35554241612347,58.01842861667076
telecom_cluster_03719,syn_ts_605_5_3p7563,1.3436434268951416,44.767324870071064,44.767324870071064,60.66319477005333,10.477495464469882,10.477495464469882,14.16557390977679
telecom_cluster_03750,syn_ts_605_5_3p7563,1.4579434394836426,32.65345557690053,32.65345557690053,60.81689627288414,12.69694418693988,12.69694418693988,26.279443202947327
telecom_cluster_03766,syn_ts_605_5_3p7563,2.3151934146881104,29.740501952904165,29.740501952904165,62.04516989112713,27.741407509667912,27.741407509667912,29.19239682694369
telecom_cluster_03767,syn_ts_605_5_3p7563,0.915018618106842,55.54652550290177,55.54652550290177,60.09287181414196,4.546346311240185,4.546346311240185,3.386373276946081
telecom_cluster_03799,syn_ts_605_5_3p7563,2.9343185424804688,4.6381075663708495,4.6381075663708495,70.27001257930056,50.33390699675512,50.33390699675512,54.294791213477005
telecom_cluster_03804,syn_ts_605_5_3p7563,0.3149436116218567,57.76733055092182,57.76733055092182,59.3321541497117,1.5648235987898786,1.5648235987898786,1.165568228926034
telecom_cluster_03805,syn_ts_605_5_3p7563,0.915018618106842,55.54652550290177,55.54652550290177,60.09287181414196,4.546346311240185,4.546346311240185,3.386373276946081
telecom_cluster_03829,syn_ts_605_5_3p7563,0.3720934987068176,57.555825728423876,57.555825728423876,59.404603307160166,1.8487775787362892,1.8487775787362892,1.3770730514239773
telecom_cluster_03830,syn_ts_605_5_3p7563,0.972168505191803,55.33502068040384,55.33502068040384,60.16532097159043,4.830300291186596,4.830300291186596,3.597878099444017
telecom_cluster_03854,syn_ts_605_5_3p7563,1.3626935482025146,44.69934180857438,44.69934180857438,60.688811847494904,10.81357248724094,10.81357248724094,14.233556971273472
telecom_cluster_03862,syn_ts_605_5_3p7563,0.2006433606147766,58.19034196063437,58.19034196063437,59.18725523032623,0.9969132696918592,0.9969132696918592,0.7425568192134833
telecom_cluster_03863,syn_ts_605_5_3p7563,0.5530684590339661,56.886059280702625,56.886059280702625,59.634026042072676,2.7479667613700514,2.7479667613700514,2.0468394991452286
telecom_cluster_03884,syn_ts_605_5_3p7563,1.3626935482025146,44.69934180857438,44.69934180857438,60.688811847494904,10.81357248724094,10.81357248724094,14.233556971273472
telecom_cluster_03885,syn_ts_605_5_3p7563,1.657968521118164,31.97376610091253,31.97376610091253,61.08587398298961,17.810870751164696,17.810870751164696,26.959132678935323
telecom_cluster_03908,syn_ts_605_5_3p7563,1.848468542098999,31.32644298334096,31.32644298334096,61.34204315437429,21.674052016259218,21.674052016259218,27.606455796506893
telecom_cluster_03925,syn_ts_605_5_3p7563,3.1724436283111572,3.4888362088810934,3.4888362088810934,70.27001257930056,58.50838787821937,58.50838787821937,55.44406257096676
telecom_cluster_03926,syn_ts_605_5_3p7563,2.9438436031341553,4.592136435906174,4.592136435906174,70.27001257930056,50.64746048083842,50.64746048083842,54.34076234394168
telecom_cluster_03928,syn_ts_605_5_3p7563,0.6292684674263,56.60405226246648,56.60405226246648,59.73062512016681,3.1265728577003316,3.1265728577003316,2.328846517381372
telecom_cluster_03951,syn_ts_605_5_3p7563,3.191493511199951,3.396895098639597,3.396895098639597,70.27001257930056,59.85719545785872,59.85719545785872,55.53600368120826
telecom_cluster_04005,syn_ts_605_5_3p7563,1.981818437576294,30.87331720611656,30.87331720611656,61.53144687480874,23.396091741387814,23.396091741387814,28.059581573731293
telecom_cluster_04006,syn_ts_605_5_3p7563,2.762868642807007,5.4655821612957345,5.4655821612957345,69.53055195999215,42.772577860813996,42.772577860813996,53.46731661855212
telecom_cluster_04034,syn_ts_605_5_3p7563,2.762868642807007,5.4655821612957345,5.4655821612957345,69.53055195999215,42.772577860813996,42.772577860813996,53.46731661855212
telecom_cluster_04139,syn_ts_605_5_3p7563,0.0101435761898756,58.895358630759816,58.895358630759816,58.94575783497387,0.05039920421405242,0.05039920421405242,0.03754014908803782
hospital_bellevue_hospital_center,syn_ts_605_5_3p7563,2.2389934062957764,29.99943119993279,29.99943119993279,61.92774746640307,26.748192299339667,26.748192299339667,28.933467579915064
hospital_coney_island_hospital,syn_ts_605_5_3p7563,2.229468584060669,30.03179674819782,30.03179674819782,61.913069938860644,26.62404272876649,26.62404272876649,28.901102031650034
hospital_metropolitan_hospital_center,syn_ts_605_5_3p7563,2.077068567276001,30.549655242255078,30.549655242255078,61.67822508941253,24.637612308110008,24.637612308110008,28.383243537592776
hospital_lincoln_medical_and_mental_health_center,syn_ts_605_5_3p7563,0.667368471622467,56.46304875334841,56.46304875334841,59.778924659213885,3.315875905865475,3.315875905865475,2.4698500264994436
hospital_david_h__koch_center_for_cancer_care,syn_ts_605_5_3p7563,1.0388433933258057,55.08826498062638,55.08826498062638,60.25332409583784,5.165059115211463,5.165059115211463,3.8446337992214765
hospital_staten_island_university_hosp_north,syn_ts_605_5_3p7563,0.7245185971260071,56.25154304849213,56.25154304849213,59.85137411890661,3.5998310704144814,3.5998310704144814,2.6813557313557226
hospital_hospital_for_special_surgery,syn_ts_605_5_3p7563,1.7436935901641846,31.682470495467477,31.682470495467477,61.201150190264265,20.002554435191193,20.002554435191193,27.250428284380376
hospital_calvary_hospital_inc,syn_ts_605_5_3p7563,0.0387185215950012,58.78960621261742,58.78960621261742,58.98198241605939,0.1923762034419667,0.1923762034419667,0.14329256723043216
subway_tottenville_sir,syn_ts_605_5_3p7563,2.2389934062957764,29.99943119993279,29.99943119993279,61.92774746640307,26.748192299339667,26.748192299339667,28.933467579915064
subway_arthur_kill_sir,syn_ts_605_5_3p7563,0.5054436326026917,57.06231300533146,57.06231300533146,59.57365184494704,2.5113388396155756,2.5113388396155756,1.8705857745163925
subway_richmond_valley_sir,syn_ts_605_5_3p7563,2.28661847114563,29.83760021800205,29.83760021800205,62.00113657370497,27.368952582700768,27.368952582700768,29.095298561845805
subway_w_8_st_ny_aquarium_fq,syn_ts_605_5_3p7563,2.6961934566497803,5.787378923860607,5.787378923860607,69.1107671917925,38.99635553106641,38.99635553106641,53.145519855987246
subway_ocean_pkwy_q,syn_ts_605_5_3p7563,2.6580934524536133,5.971262295031453,5.971262295031453,62.573570802385376,37.03006658705298,37.03006658705298,52.9616364848164
subway_coney_island_stillwell_av_dfnq,syn_ts_605_5_3p7563,2.496168613433838,18.89691232754781,18.89691232754781,62.324048425394835,31.84271432769943,31.84271432769943,40.035986452300044
subway_brighton_beach_bq,syn_ts_605_5_3p7563,2.1246933937072754,30.387825070475735,30.387825070475735,61.75161382931699,25.25836948384731,25.25836948384731,28.54507370937212
subway_neptune_av_f,syn_ts_605_5_3p7563,2.181843519210815,30.193627730128565,30.193627730128565,61.839680831558745,26.00328244540538,26.00328244540538,28.73927104971929
subway_bay_50_st_d,syn_ts_605_5_3p7563,1.8579933643341064,31.29407743507593,31.29407743507593,61.354851372488866,21.79633227740455,21.79633227740455,27.638821344771923
subway_avenue_x_f,syn_ts_605_5_3p7563,1.7246434688568115,31.74720321230033,31.74720321230033,61.17553311282269,19.515510907402604,19.515510907402604,27.185695567547523
subway_25_av_d,syn_ts_605_5_3p7563,1.8579933643341064,31.29407743507593,31.29407743507593,61.354851372488866,21.79633227740455,21.79633227740455,27.638821344771923
subway_bay_pkwy_d,syn_ts_605_5_3p7563,0.6864185929298401,56.3925465576102,56.3925465576102,59.80307457985955,3.410528022249345,3.410528022249345,2.540352222237651
subway_clifton_sir,syn_ts_605_5_3p7563,2.1437435150146484,30.323092353642878,30.323092353642878,61.78096961919672,25.50667484024126,25.50667484024126,28.609806426204976
subway_stapleton_sir,syn_ts_605_5_3p7563,2.248518466949463,29.96706484151636,29.96706484151636,61.94242536134294,26.872344977536656,26.872344977536656,28.965833938331492
subway_tompkinsville_sir,syn_ts_605_5_3p7563,0.743568480014801,56.18104173511227,56.18104173511227,59.87552373730802,3.6944820021957554,3.6944820021957554,2.751857044735587
subway_st_george_sir,syn_ts_605_5_3p7563,1.562718391418457,32.29742806477401,32.29742806477401,60.95778923699416,15.375665303243892,15.375665303243892,26.635470715073843
subway_canarsie_rockaway_pkwy_l,syn_ts_605_5_3p7563,1.0102684497833252,55.19401739187535,55.19401739187535,60.21489880028169,5.020881408406339,5.020881408406339,3.738881387972505
subway_east_105_st_l,syn_ts_605_5_3p7563,1.1150434017181396,45.58311650304803,45.58311650304803,60.35579176439171,6.4445964279088415,6.4445964279088415,13.349782276799822
subway_howard_beach_jfk_airport_a,syn_ts_605_5_3p7563,2.4866435527801514,18.94293824021743,18.94293824021743,62.30937053045497,31.611259319002357,31.611259319002357,39.989960539630424
subway_smith_9_sts_fg,syn_ts_605_5_3p7563,2.4866435527801514,18.94293824021743,18.94293824021743,62.30937053045497,31.611259319002357,31.611259319002357,39.989960539630424
subway_flushing_av_g,syn_ts_605_5_3p7563,0.819768488407135,55.89903471687612,55.89903471687612,59.97212281540216,4.073088098526036,4.073088098526036,3.0338640629717304
subway_south_ferry_1,syn_ts_605_5_3p7563,2.305668354034424,29.77286831132059,29.77286831132059,62.03049199618726,27.617254831470927,27.617254831470927,29.160030468527264
subway_whitehall_st_south_ferry_rw,syn_ts_605_5_3p7563,2.038968563079834,30.67911986576939,30.67911986576939,61.6195138770505,24.14100470294589,24.14100470294589,28.253778914078463
subway_lorimer_st_jm,syn_ts_605_5_3p7563,0.819768488407135,55.89903471687612,55.89903471687612,59.97212281540216,4.073088098526036,4.073088098526036,3.0338640629717304
subway_broad_st_jz,syn_ts_605_5_3p7563,0.2101686596870422,58.155089980406935,58.155089980406935,59.199330492893324,1.0442405124863896,1.0442405124863896,0.7778087994409191
subway_rector_st_1,syn_ts_605_5_3p7563,0.9245434403419496,55.51127528739101,55.51127528739101,60.10494647222053,4.593671184829525,4.593671184829525,3.4216234924568454
subway_canal_st_nq,syn_ts_605_5_3p7563,0.6102185845375061,56.674553575846346,56.674553575846346,59.70647550176541,3.0319219259190646,3.0319219259190646,2.2583452040015075
subway_canal_st_6,syn_ts_605_5_3p7563,0.6864185929298401,56.3925465576102,56.3925465576102,59.80307457985955,3.410528022249345,3.410528022249345,2.540352222237651
subway_franklin_st_1,syn_ts_605_5_3p7563,1.696068525314331,31.84430147739822,31.84430147739822,61.137107817266546,18.784951711230804,18.784951711230804,27.088597302449635
subway_canal_st_rw,syn_ts_605_5_3p7563,1.0578935146331787,45.787063985877005,45.787063985877005,60.278941173279414,5.436373771826219,5.436373771826219,13.145834793970849
subway_canal_st_ace,syn_ts_605_5_3p7563,1.924668550491333,31.067513736312335,31.067513736312335,61.444510822928166,22.65231247041728,22.65231247041728,27.865385043535518
subway_canal_st_1,syn_ts_605_5_3p7563,1.924668550491333,31.067513736312335,31.067513736312335,61.444510822928166,22.65231247041728,22.65231247041728,27.865385043535518
subway_nassau_av_g,syn_ts_605_5_3p7563,0.1053937077522277,58.54284940989204,58.54284940989204,59.06650683607495,0.5236574261829077,0.5236574261829077,0.3900493699558112
subway_houston_st_1,syn_ts_605_5_3p7563,0.0768187642097473,58.648601821141014,58.648601821141014,59.03028225735071,0.3816804362096988,0.3816804362096988,0.2842969587068396
subway_vernon_blvd_jackson_av_7,syn_ts_605_5_3p7563,0.1911185383796692,58.225592176145135,58.225592176145135,59.17518057224766,0.9495883961025271,0.9495883961025271,0.7073066037027189
subway_21_st_g,syn_ts_605_5_3p7563,0.5625935196876526,56.85080818283352,56.85080818283352,59.64610100239551,2.7952928195619933,2.7952928195619933,2.0820905970143357
subway_court_sq_7,syn_ts_605_5_3p7563,0.381618320941925,57.52057551291311,57.52057551291311,59.41667796523874,1.8961024523256285,1.8961024523256285,1.4123232669347416
subway_21_st_queensbridge_m,syn_ts_605_5_3p7563,0.2768433690071106,57.90833494239823,57.90833494239823,59.283854308420366,1.3755193660221394,1.3755193660221394,1.0245638374496266
subway_mets_willets_point_7,syn_ts_605_5_3p7563,1.848468542098999,31.32644298334096,31.32644298334096,61.34204315437429,21.674052016259218,21.674052016259218,27.606455796506893
subway_96_st_q,syn_ts_605_5_3p7563,1.0959935188293457,45.65109871371418,45.65109871371418,60.33017500755635,6.108523611253062,6.108523611253062,13.281800066133677
subway_103_st_6,syn_ts_605_5_3p7563,1.1436185836791992,45.48114191080301,45.48114191080301,60.39421738055407,6.948711962065424,6.948711962065424,13.451756869044843
subway_110_st_6,syn_ts_605_5_3p7563,0.5721185803413391,56.81555708496442,56.81555708496442,59.65817596271834,2.842618877753921,2.842618877753921,2.117341694883436
subway_145_st_3,syn_ts_605_5_3p7563,1.296018362045288,44.93728167298223,44.93728167298223,60.599152397055605,9.637307113657513,9.637307113657513,13.995617106865623
subway_238_st_1,syn_ts_605_5_3p7563,0.1530182957649231,58.36659656762154,58.36659656762154,59.12688073095633,0.7602841633347879,0.7602841633347879,0.5663022122263115
water_red_hook_wwtp,syn_ts_605_5_3p7563,1.448418378829956,32.68582193531695,32.68582193531695,60.80408773416335,12.453422423045588,12.453422423045588,26.247076844530902
water_water_pollution_control_plant,syn_ts_605_5_3p7563,0.3339937329292297,57.69682835518361,57.69682835518361,59.35630407035736,1.6594757151737483,1.6594757151737483,1.2360704246642413
water_bensonhurst_storm_water_sewer,syn_ts_605_5_3p7563,1.296018362045288,44.93728167298223,44.93728167298223,60.599152397055605,9.637307113657513,9.637307113657513,13.995617106865623
water_pollution_control_facility,syn_ts_605_5_3p7563,0.6197436451911926,56.639302477977246,56.639302477977246,59.71855046208824,3.0792479841109923,3.0792479841109923,2.2935963018706076
water_owls_head_wwtp,syn_ts_605_5_3p7563,3.4486684799194336,2.1556826309083434,2.1556826309083434,70.27001257930056,65.51412527874044,65.51412527874044,56.77721614893951
water_brooklyn_navy_yard_admiral_row,syn_ts_605_5_3p7563,2.9438436031341553,4.592136435906174,4.592136435906174,70.27001257930056,50.64746048083842,50.64746048083842,54.34076234394168
water_hunts_point_wwtp,syn_ts_605_5_3p7563,3.1724436283111572,3.4888362088810934,3.4888362088810934,70.27001257930056,58.50838787821937,58.50838787821937,55.44406257096676
water_manhattan_grit_chamber,syn_ts_605_5_3p7563,1.8198933601379397,31.423542058590243,31.423542058590243,61.30361753821193,21.30720205032552,21.30720205032552,27.50935672125761
water_ely_avenue_sewage_pumping_station,syn_ts_605_5_3p7563,0.2006433606147766,58.19034196063437,58.19034196063437,59.18725523032623,0.9969132696918592,0.9969132696918592,0.7425568192134833
water_bmt_expansion_coney_island_yd,syn_ts_605_5_3p7563,0.0672934651374816,58.68385380136845,58.68385380136845,59.018206994783625,0.33435319341517555,0.33435319341517555,0.24904497847940377
water_zerega_industrial_park,syn_ts_605_5_3p7563,2.305668354034424,29.77286831132059,29.77286831132059,62.03049199618726,27.617254831470927,27.617254831470927,29.160030468527264
water_eltingville_pump_station_park,syn_ts_605_5_3p7563,1.6674935817718506,31.941399742496102,31.941399742496102,61.098682521710394,18.054392515059,18.054392515059,26.99149903735175
water_jamaica_wwtp,syn_ts_605_5_3p7563,0.5340185761451721,56.95656059408249,56.95656059408249,59.609876423671274,2.6533158295887844,2.6533158295887844,1.9763381857653641
water_paerdegat_pumping_station,syn_ts_605_5_3p7563,1.0864684581756592,45.68509024446252,45.68509024446252,60.31736646883556,5.940485099867523,5.940485099867523,13.247808535385332
water_coney_island_wwtp,syn_ts_605_5_3p7563,1.619868516921997,32.103230724426844,32.103230724426844,61.03464014871267,16.83678979109859,16.83678979109859,26.82966805542101
water_red_hook_poll_control_plant,syn_ts_605_5_3p7563,0.953118622303009,55.4055219937837,55.4055219937837,60.14117135318902,4.735649359405322,4.735649359405322,3.5273767860641527
water_manhattan_sewage_pump_station,syn_ts_605_5_3p7563,2.343768358230591,19.63332347408444,19.63332347408444,62.08920320854929,28.139451568962865,28.139451568962865,39.29957530576341
water_26th_ward_wwtp,syn_ts_605_5_3p7563,1.0578935146331787,45.787063985877005,45.787063985877005,60.278941173279414,5.436373771826219,5.436373771826219,13.145834793970849
water_wastewater_pumping_station,syn_ts_605_5_3p7563,1.562718391418457,32.29742806477401,32.29742806477401,60.95778923699416,15.375665303243892,15.375665303243892,26.635470715073843
water_coney_island_wpcp,syn_ts_605_5_3p7563,2.0294435024261475,30.71148622418582,30.71148622418582,61.604835982110636,24.016852024748907,24.016852024748907,28.221412555662035
water_spring_creek_park_dep_aux_plnt,syn_ts_605_5_3p7563,1.696068525314331,31.84430147739822,31.84430147739822,61.137107817266546,18.784951711230804,18.784951711230804,27.088597302449635
water_gowanus_pumping_station,syn_ts_605_5_3p7563,2.2580435276031494,29.934698483099936,29.934698483099936,61.95710325628281,26.996497655733634,26.996497655733634,28.998200296747918
water_hunts_pt_market_wholesale,syn_ts_605_5_3p7563,1.5912935733795166,32.20032898952473,32.20032898952473,60.99621485315652,16.106230594926792,16.106230594926792,26.732569790323126
water_spring_creek_park,syn_ts_605_5_3p7563,3.667743444442749,1.0983535343479376,1.0983535343479376,70.27001257930056,68.86878385316031,68.86878385316031,57.83454524549992
water_destratification_facility,syn_ts_605_5_3p7563,2.0865933895111084,30.517289693990044,30.517289693990044,61.69290261695496,24.76176187868319,24.76176187868319,28.41560908585781
water_bowery_bay_wwtp,syn_ts_605_5_3p7563,1.0102684497833252,55.19401739187535,55.19401739187535,60.21489880028169,5.020881408406339,5.020881408406339,3.738881387972505
water_hannah_street_pumping_station,syn_ts_605_5_3p7563,0.8483434319496155,55.79328230562715,55.79328230562715,60.008347394126396,4.215065088499244,4.215065088499244,3.139616474220702
water_mason_avenue_pumping_station,syn_ts_605_5_3p7563,2.210418462753296,30.096529465030677,30.096529465030677,61.88371414898091,26.375737372372527,26.375737372372527,28.836369314817176
water_bronx_grit_chamber,syn_ts_605_5_3p7563,0.3149436116218567,57.76733055092182,57.76733055092182,59.3321541497117,1.5648235987898786,1.5648235987898786,1.165568228926034
water_jfk_airport,syn_ts_605_5_3p7563,1.353168487548828,44.73333333932272,44.73333333932272,60.67600330877411,10.645533975855408,10.645533975855408,14.199565440525134
water_pumping_stn_sewage_disposal,syn_ts_605_5_3p7563,1.6865434646606443,31.876667835814644,31.876667835814644,61.124299278545756,18.541429947336496,18.541429947336496,27.05623094403321
water_sirtoa_r_o_w_hannah_st_ps,syn_ts_605_5_3p7563,1.562718391418457,32.29742806477401,32.29742806477401,60.95778923699416,15.375665303243892,15.375665303243892,26.635470715073843
water_newton_creek_pollution_control,syn_ts_605_5_3p7563,0.972168505191803,55.33502068040384,55.33502068040384,60.16532097159043,4.830300291186596,4.830300291186596,3.597878099444017
water_p_o_water_pollution_control_pl,syn_ts_605_5_3p7563,1.4198434352874756,44.49539432574541,44.49539432574541,60.7656624386072,11.821795143323556,11.821795143323556,14.437504454102445
water_grand_canal_court_park,syn_ts_605_5_3p7563,1.924668550491333,31.067513736312335,31.067513736312335,61.444510822928166,22.65231247041728,22.65231247041728,27.865385043535518
water_owl_s_head_sewer_trmnt_plant,syn_ts_605_5_3p7563,0.4292433857917785,57.34432090592594,57.34432090592594,59.47705246460864,2.1327315586827,2.1327315586827,1.5885778739219134
water_26_ward_water_pollution_cp,syn_ts_605_5_3p7563,1.638918399810791,32.038498817745385,32.038498817745385,61.06025690554804,17.3238272233761,17.3238272233761,26.89439996210247
water_throgs_neck_sewage_pump_station,syn_ts_605_5_3p7563,2.610468626022339,6.2011156459791215,6.2011156459791215,62.50018206248092,35.37365932633877,35.37365932633877,52.73178313386873
water_tallmans_island_wwtp,syn_ts_605_5_3p7563,0.1815937161445617,58.2608423916559,58.2608423916559,59.16310591416909,0.9022635225131879,0.9022635225131879,0.6720563881919546
water_marble_hill_sewage_pump_statn,syn_ts_605_5_3p7563,2.820018529891968,5.189757679883388,5.189757679883388,69.89036576007702,45.56982756672036,45.56982756672036,53.74314109996447
water_lew_fidler_park_dep_pier,syn_ts_605_5_3p7563,2.848593473434448,5.051845439177221,5.051845439177221,70.07027266011944,46.9684524196735,46.9684524196735,53.88105334067063
water_pre_k_center_at_111_street,syn_ts_605_5_3p7563,0.6578436493873596,56.498298968859174,56.498298968859174,59.76685000113531,3.268551032276136,3.268551032276136,2.4345998109886793
water_avenue_v_sewage_pumping_station,syn_ts_605_5_3p7563,0.991218626499176,55.26451848466563,55.26451848466563,60.189470892236095,4.924952407570466,4.924952407570466,3.6683802951822244
water_newtown_creek_wwtp,syn_ts_605_5_3p7563,2.2199435234069824,30.06416310661425,30.06416310661425,61.89839204392078,26.499890050569515,26.499890050569515,28.868735673233605
fuel_station_sunoco_0105,syn_ts_605_5_3p7563,0.9816935658454896,55.299769582534736,55.299769582534736,60.17739593191326,4.877626349378524,4.877626349378524,3.6331291973131172
fuel_station_bp_0106,syn_ts_605_5_3p7563,0.1720684170722961,58.29609437188334,58.29609437188334,59.151030651602,0.8549362797186575,0.8549362797186575,0.6368044079645117
fuel_station_mobil_0148,syn_ts_605_5_3p7563,1.829418420791626,31.391175700173818,31.391175700173818,61.316426076932714,21.429485372303418,21.429485372303418,27.541723079674036
fuel_station_sunoco_0168,syn_ts_605_5_3p7563,1.5531935691833496,32.329793613039044,32.329793613039044,60.94498101887959,15.132149634860689,15.132149634860689,26.60310516680881
fuel_station_bp_0169,syn_ts_605_5_3p7563,1.7436935901641846,31.682470495467477,31.682470495467477,61.201150190264265,20.002554435191193,20.002554435191193,27.250428284380376
fuel_station_bp_0212,syn_ts_605_5_3p7563,0.9245434403419496,55.51127528739101,55.51127528739101,60.10494647222053,4.593671184829525,4.593671184829525,3.4216234924568454
fuel_station_allegiance_0213,syn_ts_605_5_3p7563,1.6865434646606443,31.876667835814644,31.876667835814644,61.124299278545756,18.541429947336496,18.541429947336496,27.05623094403321
fuel_station_gulf_0275,syn_ts_605_5_3p7563,0.5625935196876526,56.85080818283352,56.85080818283352,59.64610100239551,2.7952928195619933,2.7952928195619933,2.0820905970143357
fuel_station_bp_0281,syn_ts_605_5_3p7563,1.4960434436798096,32.52399095338621,32.52399095338621,60.86813010716107,13.671025147005984,13.671025147005984,26.408907826461643
fuel_station_mobil_0300,syn_ts_605_5_3p7563,1.7246434688568115,31.74720321230033,31.74720321230033,61.17553311282269,19.515510907402604,19.515510907402604,27.185695567547523
fuel_station_gulf_0324,syn_ts_605_5_3p7563,2.72476863861084,5.64946553246658,5.64946553246658,69.29067559291042,40.93753872873788,40.93753872873788,53.283433247381275
fuel_station_shell_0326,syn_ts_605_5_3p7563,1.5531935691833496,32.329793613039044,32.329793613039044,60.94498101887959,15.132149634860689,15.132149634860689,26.60310516680881
fuel_station_shell_0327,syn_ts_605_5_3p7563,2.4294934272766113,19.21909256417605,19.21909256417605,62.22130352821321,30.22253506029212,30.22253506029212,39.7138062156718
fuel_station_unknown_gas_station_0354,syn_ts_605_5_3p7563,0.457818329334259,57.23856849467697,57.23856849467697,59.51327704333288,2.2747085486559087,2.2747085486559087,1.694330285170885
fuel_station_unknown_gas_station_0355,syn_ts_605_5_3p7563,0.3149436116218567,57.76733055092182,57.76733055092182,59.3321541497117,1.5648235987898786,1.5648235987898786,1.165568228926034
fuel_station_shell_0379,syn_ts_605_5_3p7563,1.600818395614624,32.1679634412597,32.1679634412597,61.009023071271095,16.349746263309996,16.349746263309996,26.764935338588153
fuel_station_allegiance_0402,syn_ts_605_5_3p7563,2.6390435695648193,6.063203405272949,6.063203405272949,62.54421537990308,36.36750534122274,36.36750534122274,52.8696953745749
fuel_station_sunoco_0427,syn_ts_605_5_3p7563,0.3244684338569641,57.732080335411055,57.732080335411055,59.344228807790266,1.6121484723792108,1.6121484723792108,1.2008184444367984
fuel_station_gulf_0508,syn_ts_605_5_3p7563,1.867518424987793,31.261711076659502,31.261711076659502,61.36765991120965,21.91861559938245,21.91861559938245,27.67118770318835
fuel_station_bp_0509,syn_ts_605_5_3p7563,1.7436935901641846,31.682470495467477,31.682470495467477,61.201150190264265,20.002554435191193,20.002554435191193,27.250428284380376
fuel_station_citgo_0518,syn_ts_605_5_3p7563,1.410318374633789,44.52938585649375,44.52938585649375,60.75285389988642,11.653756631938037,11.653756631938037,14.403512923354107
fuel_station_sunoco_0520,syn_ts_605_5_3p7563,0.6006935238838196,56.70980467371545,56.70980467371545,59.694400541442576,2.9845958677271227,2.9845958677271227,2.2230941061324003
fuel_station_unknown_gas_station_0521,syn_ts_605_5_3p7563,0.2387436032295227,58.04933756915796,58.04933756915796,59.23555507161756,1.1862175024595984,1.1862175024595984,0.8835612106898907
fuel_station_shell_0531,syn_ts_605_5_3p7563,2.629518508911133,6.109174535737625,6.109174535737625,62.529537484963214,36.036220572169,36.036220572169,52.82372424411023
fuel_station_bp_0532,syn_ts_605_5_3p7563,0.8864434361457825,55.65227879650908,55.65227879650908,60.05664693317346,4.404368136664381,4.404368136664381,3.2806199833387737
fuel_station_allegiance_0536,syn_ts_605_5_3p7563,3.639168500900269,1.236265775054107,1.236265775054107,70.27001257930056,68.43122048494558,68.43122048494558,57.696633004793746
fuel_station_sunoco_0541,syn_ts_605_5_3p7563,0.0482433438301086,58.75435599710666,58.75435599710666,58.99405707413796,0.23970107703130594,0.23970107703130594,0.1785427827411965
fuel_station_bp_0550,syn_ts_605_5_3p7563,0.5911684632301331,56.74505577158455,56.74505577158455,59.68232558111975,2.937269809535195,2.937269809535195,2.1878430082633002
fuel_station_sunoco_0552,syn_ts_605_5_3p7563,0.705468475818634,56.32204524423034,56.32204524423034,59.82722419826095,3.5051789540306117,3.5051789540306117,2.6108535356175153
fuel_station_mobil_0568,syn_ts_605_5_3p7563,0.7721434235572815,56.075289323863295,56.075289323863295,59.91174831603226,3.8364589921689642,3.8364589921689642,2.8576094559845586
fuel_station_unknown_gas_station_0578,syn_ts_605_5_3p7563,0.7626186013221741,56.11053953937406,56.11053953937406,59.899673657953684,3.789134118579625,3.789134118579625,2.8223592404737943
fuel_station_emporium_0589,syn_ts_605_5_3p7563,0.6483185887336731,56.533550066728274,56.533550066728274,59.754775040812476,3.221224974084201,3.221224974084201,2.399348713119579
fuel_station_bp_0592,syn_ts_605_5_3p7563,0.5340185761451721,56.95656059408249,56.95656059408249,59.609876423671274,2.6533158295887844,2.6533158295887844,1.9763381857653641
fuel_station_bp_0597,syn_ts_605_5_3p7563,1.9341933727264404,31.0351481880473,31.0351481880473,61.45805776750685,22.775331458026713,22.775331458026713,27.897750591800552
fuel_station_citgo_0598,syn_ts_605_5_3p7563,0.667368471622467,56.46304875334841,56.46304875334841,59.778924659213885,3.315875905865475,3.315875905865475,2.4698500264994436
fuel_station_mobil_0600,syn_ts_605_5_3p7563,1.0293185710906982,55.12351519613714,55.12351519613714,60.24051587772326,5.11700068158612,5.11700068158612,3.809383583710712
fuel_station_bp_0607,syn_ts_605_5_3p7563,0.4101937413215637,57.41482133694747,57.41482133694747,59.4529031484515,2.0380818115040285,2.0380818115040285,1.5180774429003847
fuel_station_unknown_gas_station_0627,syn_ts_605_5_3p7563,0.305418312549591,57.802582531149255,57.802582531149255,59.320078887144604,1.5174963559953483,1.5174963559953483,1.1303162486985983
fuel_station_unknown_gas_station_0628,syn_ts_605_5_3p7563,0.8388186097145081,55.828532521137916,55.828532521137916,59.99627273604782,4.167740214909905,4.167740214909905,3.1043662587099377
fuel_station_unknown_gas_station_0630,syn_ts_605_5_3p7563,1.52461838722229,32.426892688288326,32.426892688288326,60.906555402717224,14.401584343177788,14.401584343177788,26.506006091559527
fuel_station_mobil_0632,syn_ts_605_5_3p7563,0.2006433606147766,58.19034196063437,58.19034196063437,59.18725523032623,0.9969132696918592,0.9969132696918592,0.7425568192134833
fuel_station_bp_0649,syn_ts_605_5_3p7563,1.5531935691833496,32.329793613039044,32.329793613039044,60.94498101887959,15.132149634860689,15.132149634860689,26.60310516680881
fuel_station_citgo_0667,syn_ts_605_5_3p7563,0.2673185467720032,57.94358515790899,57.94358515790899,59.2717796503418,1.3281944924328073,1.3281944924328073,0.9893136219388623
fuel_station_shell_0678,syn_ts_605_5_3p7563,2.248518466949463,29.96706484151636,29.96706484151636,61.94242536134294,26.872344977536656,26.872344977536656,28.965833938331492
fuel_station_mobil_0695,syn_ts_605_5_3p7563,2.572368621826172,6.384999017149968,6.384999017149968,62.44147085011889,34.04852854240103,34.04852854240103,52.54789976269789
fuel_station_shell_0698,syn_ts_605_5_3p7563,0.305418312549591,57.802582531149255,57.802582531149255,59.320078887144604,1.5174963559953483,1.5174963559953483,1.1303162486985983
fuel_station_american_quick_start_auto_cent_0713,syn_ts_605_5_3p7563,2.477118492126465,18.988964152887046,18.988964152887046,62.294692635515105,31.37980431030529,31.37980431030529,39.94393462696081
fuel_station_shell_0729,syn_ts_605_5_3p7563,0.2006433606147766,58.19034196063437,58.19034196063437,59.18725523032623,0.9969132696918592,0.9969132696918592,0.7425568192134833
fuel_station_costco_gasoline_0744,syn_ts_605_5_3p7563,0.5911684632301331,56.74505577158455,56.74505577158455,59.68232558111975,2.937269809535195,2.937269809535195,2.1878430082633002
fuel_station_natural_gas_fueling_station_0758,syn_ts_605_5_3p7563,1.4769935607910156,32.588722860067676,32.588722860067676,60.84251335032571,13.183987714728467,13.183987714728467,26.344175919780177
fuel_station_citgo_0763,syn_ts_605_5_3p7563,0.8388186097145081,55.828532521137916,55.828532521137916,59.99627273604782,4.167740214909905,4.167740214909905,3.1043662587099377
fuel_station_bp_0770,syn_ts_605_5_3p7563,1.8579933643341064,31.29407743507593,31.29407743507593,61.354851372488866,21.79633227740455,21.79633227740455,27.638821344771923
fuel_station_citgo_0802,syn_ts_605_5_3p7563,0.5911684632301331,56.74505577158455,56.74505577158455,59.68232558111975,2.937269809535195,2.937269809535195,2.1878430082633002
fuel_station_shell_0806,syn_ts_605_5_3p7563,0.5435436367988586,56.92130949621339,56.92130949621339,59.6219513839941,2.700641887780712,2.700641887780712,2.011589283634464
fuel_station_mobil_0808,syn_ts_605_5_3p7563,0.2768433690071106,57.90833494239823,57.90833494239823,59.283854308420366,1.3755193660221394,1.3755193660221394,1.0245638374496266
fuel_station_mobil_0815,syn_ts_605_5_3p7563,1.7436935901641846,31.682470495467477,31.682470495467477,61.201150190264265,20.002554435191193,20.002554435191193,27.250428284380376
fuel_station_citgo_0833,syn_ts_605_5_3p7563,1.5150935649871826,32.45925823655336,32.45925823655336,60.893747184602645,14.158068674794578,14.158068674794578,26.473640543294493
fuel_station_speedway_0842,syn_ts_605_5_3p7563,1.9913434982299805,30.84095084770013,30.84095084770013,61.54612476974861,23.520244419584788,23.520244419584788,28.091947932147722
fuel_station_sonamax_0846,syn_ts_605_5_3p7563,1.9913434982299805,30.84095084770013,30.84095084770013,61.54612476974861,23.520244419584788,23.520244419584788,28.091947932147722
fuel_station_bp_0850,syn_ts_605_5_3p7563,2.820018529891968,5.189757679883388,5.189757679883388,69.89036576007702,45.56982756672036,45.56982756672036,53.74314109996447
fuel_station_shea_fuel_0859,syn_ts_605_5_3p7563,0.5530684590339661,56.886059280702625,56.886059280702625,59.634026042072676,2.7479667613700514,2.7479667613700514,2.0468394991452286
fuel_station_sunoco_0873,syn_ts_605_5_3p7563,1.4769935607910156,32.588722860067676,32.588722860067676,60.84251335032571,13.183987714728467,13.183987714728467,26.344175919780177
fuel_station_sunoco_0884,syn_ts_605_5_3p7563,1.0959935188293457,45.65109871371418,45.65109871371418,60.33017500755635,6.108523611253062,6.108523611253062,13.281800066133677
fuel_station_gulf_0890,syn_ts_605_5_3p7563,0.9435935616493224,55.4407730916528,55.4407730916528,60.129096392866195,4.688323301213394,4.688323301213394,3.4921256881950526
fuel_station_bp_0893,syn_ts_605_5_3p7563,0.9816935658454896,55.299769582534736,55.299769582534736,60.17739593191326,4.877626349378524,4.877626349378524,3.6331291973131172
fuel_station_mobil_0895,syn_ts_605_5_3p7563,2.210418462753296,30.096529465030677,30.096529465030677,61.88371414898091,26.375737372372527,26.375737372372527,28.836369314817176
fuel_station_bp_0914,syn_ts_605_5_3p7563,2.210418462753296,30.096529465030677,30.096529465030677,61.88371414898091,26.375737372372527,26.375737372372527,28.836369314817176
fuel_station_sunoco_0928,syn_ts_605_5_3p7563,2.20089340209961,30.128895823447102,30.128895823447102,61.86903625404104,26.251584694175556,26.251584694175556,28.80400295640075
fuel_station_citgo_0936,syn_ts_605_5_3p7563,2.038968563079834,30.67911986576939,30.67911986576939,61.6195138770505,24.14100470294589,24.14100470294589,28.253778914078463
fuel_station_citgo_0937,syn_ts_605_5_3p7563,3.886818408966065,0.04102443778752932,0.04102443778752932,70.27001257930056,70.22898814151303,70.22898814151303,58.891874342060326
fuel_station_shell_0946,syn_ts_605_5_3p7563,1.0197935104370115,55.15876629400625,55.15876629400625,60.22770733900247,5.0689410449962224,5.0689410449962224,3.774132485841605
fuel_station_mobil_0990,syn_ts_605_5_3p7563,1.5341434478759766,32.3945263298719,32.3945263298719,60.919363941438014,14.645106107072088,14.645106107072088,26.538372449975952
fuel_station_gulf_0991,syn_ts_605_5_3p7563,1.1245684623718262,45.549124972299694,45.549124972299694,60.368600303112494,6.612634939294367,6.612634939294367,13.38377380754816
fuel_station_shell_0998,syn_ts_605_5_3p7563,0.6102185845375061,56.674553575846346,56.674553575846346,59.70647550176541,3.0319219259190646,3.0319219259190646,2.2583452040015075
fuel_station_bp_0999,syn_ts_605_5_3p7563,0.819768488407135,55.89903471687612,55.89903471687612,59.97212281540216,4.073088098526036,4.073088098526036,3.0338640629717304
fuel_station_mobil_1019,syn_ts_605_5_3p7563,2.267568588256836,29.902332124683507,29.902332124683507,61.97178115122267,27.12065033393061,27.12065033393061,29.030566655164346
fuel_station_exxon_1020,syn_ts_605_5_3p7563,1.696068525314331,31.84430147739822,31.84430147739822,61.137107817266546,18.784951711230804,18.784951711230804,27.088597302449635
fuel_station_sunoco_1021,syn_ts_605_5_3p7563,0.9435935616493224,55.4407730916528,55.4407730916528,60.129096392866195,4.688323301213394,4.688323301213394,3.4921256881950526
fuel_station_bp_1033,syn_ts_605_5_3p7563,1.3245935440063477,44.83530708073721,44.83530708073721,60.63757801321797,10.141422647814096,10.141422647814096,14.097591699110644
fuel_station_citgo_1035,syn_ts_605_5_3p7563,1.0578935146331787,45.787063985877005,45.787063985877005,60.278941173279414,5.436373771826219,5.436373771826219,13.145834793970849
fuel_station_unknown_gas_station_1040,syn_ts_605_5_3p7563,2.6961934566497803,5.787378923860607,5.787378923860607,69.1107671917925,38.99635553106641,38.99635553106641,53.145519855987246
fuel_station_unknown_gas_station_1042,syn_ts_605_5_3p7563,0.5721185803413391,56.81555708496442,56.81555708496442,59.65817596271834,2.842618877753921,2.842618877753921,2.117341694883436
fuel_station_citgo_1044,syn_ts_605_5_3p7563,2.210418462753296,30.096529465030677,30.096529465030677,61.88371414898091,26.375737372372527,26.375737372372527,28.836369314817176
fuel_station_unknown_gas_station_1054,syn_ts_605_5_3p7563,1.4198434352874756,44.49539432574541,44.49539432574541,60.7656624386072,11.821795143323556,11.821795143323556,14.437504454102445
fuel_station_lukoil_1058,syn_ts_605_5_3p7563,7.039593696594238,0.0,0.0,70.27001257930056,70.27001257930056,70.27001257930056,58.932898779847854
fuel_station_sunoco_1068,syn_ts_605_5_3p7563,1.7055935859680176,31.81193511898179,31.81193511898179,61.14991635598733,19.0284734751251,19.0284734751251,27.120963660866064
fuel_station_unknown_gas_station_1079,syn_ts_605_5_3p7563,1.1436185836791992,45.48114191080301,45.48114191080301,60.39421738055407,6.948711962065424,6.948711962065424,13.451756869044843
fuel_station_unknown_gas_station_1094,syn_ts_605_5_3p7563,1.810368537902832,31.455907606855277,31.455907606855277,61.29080932009735,21.184921789180187,21.184921789180187,27.476991172992577
fuel_station_sunoco_1100,syn_ts_605_5_3p7563,1.8579933643341064,31.29407743507593,31.29407743507593,61.354851372488866,21.79633227740455,21.79633227740455,27.638821344771923
fuel_station_speedway_1103,syn_ts_605_5_3p7563,2.648568630218506,6.017232274808275,6.017232274808275,62.558893274842944,36.69879011027649,36.69879011027649,52.91566650503958
fuel_station_mobil_1104,syn_ts_605_5_3p7563,2.7152435779571533,5.6954366629312565,5.6954366629312565,69.23070612587112,40.42460088450683,40.42460088450683,53.237462116916596
fuel_station_speedway_1105,syn_ts_605_5_3p7563,2.8866934776306152,4.867962068006372,4.867962068006372,70.27001257930056,48.72993688814873,48.72993688814873,54.06493671184148
fuel_station_speedway_1106,syn_ts_605_5_3p7563,1.2293434143066406,45.17522068655955,45.17522068655955,60.50949326722252,8.461045946189358,8.461045946189358,13.757678093288305
fuel_station_mobil_1108,syn_ts_605_5_3p7563,1.2293434143066406,45.17522068655955,45.17522068655955,60.50949326722252,8.461045946189358,8.461045946189358,13.757678093288305
fuel_station_unknown_gas_station_1109,syn_ts_605_5_3p7563,0.953118622303009,55.4055219937837,55.4055219937837,60.14117135318902,4.735649359405322,4.735649359405322,3.5273767860641527
fuel_station_conoco_1113,syn_ts_605_5_3p7563,0.743568480014801,56.18104173511227,56.18104173511227,59.87552373730802,3.6944820021957554,3.6944820021957554,2.751857044735587
fuel_station_mobil_1138,syn_ts_605_5_3p7563,0.0958684086799621,58.578101390119485,58.578101390119485,59.05443157350786,0.4763301833883773,0.4763301833883773,0.3547973897283683
fuel_station_bp_1148,syn_ts_605_5_3p7563,0.857868492603302,55.75803120775805,55.75803120775805,60.020422354449224,4.262391146691172,4.262391146691172,3.174867572089802
fuel_station_bp_1149,syn_ts_605_5_3p7563,2.3913934230804443,19.403195062795433,19.403195062795433,62.162592315851185,29.296720818976034,29.296720818976034,39.52970371705242
fuel_station_unknown_gas_station_1150,syn_ts_605_5_3p7563,1.1055185794830322,45.61710718296584,45.61710718296584,60.34298354627713,6.2765621226385875,6.2765621226385875,13.315791596882015
fuel_terminal_brooklyn_terminal__gowanus,syn_ts_605_5_3p7563,0.3625686764717102,57.59107594393465,57.59107594393465,59.3925286490816,1.80145270514695,1.80145270514695,1.3418228359132058
power_bruckner,syn_ts_808_27_3p7885,1.535228252410889,22.396624453537143,22.396624453537143,59.62067990153766,29.655820291748622,29.655820291748622,23.644544157426097
power_east_64th_street,syn_ts_808_27_3p7885,0.4684283435344696,34.42675693955899,34.42675693955899,51.85981044598795,7.812625746928113,7.812625746928113,11.614411671404248
power_mill_avenue,syn_ts_808_27_3p7885,0.5732033252716064,34.1117650110141,34.1117650110141,52.030657764759994,9.21172247950642,9.21172247950642,11.92940359994914
power_east_83rd_street,syn_ts_808_27_3p7885,1.3066282272338867,31.906821421603183,31.906821421603183,58.6210977772452,21.360058659298865,21.360058659298865,14.134347189360057
power_gowanus,syn_ts_808_27_3p7885,1.1256532669067385,32.45089836465435,32.45089836465435,52.931489143771174,16.588778485051222,16.588778485051222,13.59027024630889
power_farragut,syn_ts_808_27_3p7885,1.0113532543182373,32.794526020808796,32.794526020808796,52.74511019755147,15.062490706281316,15.062490706281316,13.246642590154444
power_east_13th_street,syn_ts_808_27_3p7885,1.8019282817840576,11.070314877620053,11.070314877620053,60.34143478513229,34.99678957496799,34.99678957496799,34.97085373334319
power_leonard_street,syn_ts_808_27_3p7885,0.7446532249450684,33.59632388516917,33.59632388516917,52.310225989705486,11.501152555818216,11.501152555818216,12.44484472579407
power_east_36th_street,syn_ts_808_27_3p7885,1.601903200149536,22.138590778544703,22.138590778544703,59.88028828954221,31.089637236165334,31.089637236165334,23.902577832418537
power_unknown124169,syn_ts_808_27_3p7885,0.4112782180309295,44.535606552198665,44.535606552198665,51.55229683328202,7.016690281083356,7.016690281083356,1.5055620587645748
power_chisholm,syn_ts_808_27_3p7885,0.3827032744884491,44.64021056219188,44.64021056219188,51.16939258281601,6.529182020624127,6.529182020624127,1.4009580487713578
power_151st_avenue,syn_ts_808_27_3p7885,1.0970783233642578,32.536805099499595,32.536805099499595,52.88489450440828,16.207207336280263,16.207207336280263,13.504363511463644
power_160th_avenue,syn_ts_808_27_3p7885,1.4114031791687012,22.87583050901291,22.87583050901291,59.13854937501734,24.85086035605618,24.85086035605618,23.16533810195033
power_howard_beach,syn_ts_808_27_3p7885,1.8781282901763916,10.696081954472914,10.696081954472914,60.50923767250979,36.89475205161012,36.89475205161012,35.345086656490324
power_vernon,syn_ts_808_27_3p7885,0.7160782814025879,33.68223062001441,33.68223062001441,52.26363135034259,11.11958140704727,11.11958140704727,12.358937990948831
power_unknown129920,syn_ts_808_27_3p7885,1.792403221130371,11.117094285743342,11.117094285743342,60.320459292952485,34.759542780776606,34.759542780776606,34.9240743252199
power_fresh_kills,syn_ts_808_27_3p7885,0.8303782939910889,33.33860296385997,33.33860296385997,52.4500102965623,12.645869185817162,12.645869185817162,12.70256564710327
power_naughton,syn_ts_808_27_3p7885,1.4971282482147217,22.544072399630785,22.544072399630785,59.472332118632686,28.68829075276401,28.68829075276401,23.497096211332455
power_dongan_hills,syn_ts_808_27_3p7885,0.6494033336639404,33.882679906911136,33.882679906911136,52.15491039557313,10.229247665353022,10.229247665353022,12.158488704052104
power_seaside,syn_ts_808_27_3p7885,1.4780783653259275,22.61779591133475,22.61779591133475,59.398158691338516,28.20452901052882,28.20452901052882,23.42337269962849
power_howland_hook,syn_ts_808_27_3p7885,2.287703275680542,8.684580285286936,8.684580285286936,61.37307053208024,47.058191350124424,47.058191350124424,37.356588325676306
power_unknown140894,syn_ts_808_27_3p7885,0.2969782054424286,44.95402346494802,44.95402346494802,50.02067663660896,5.066653171660938,5.066653171660938,1.0871451460152173
power_unknown124209,syn_ts_808_27_3p7885,0.3541283309459686,44.74481457218509,44.74481457218509,50.78648833235,6.041673760164905,6.041673760164905,1.2963540387781478
power_hell_gate,syn_ts_808_27_3p7885,1.0113532543182373,32.794526020808796,32.794526020808796,52.74511019755147,15.062490706281316,15.062490706281316,13.246642590154444
telecom_cluster_00015,syn_ts_808_27_3p7885,1.0018281936645508,32.82316183801504,32.82316183801504,52.72957852150779,14.935299262128957,14.935299262128957,13.2180067729482
telecom_cluster_00020,syn_ts_808_27_3p7885,1.5638031959533691,22.286038724638345,22.286038724638345,59.73194050663724,30.3814659323585,30.3814659323585,23.755129886324895
telecom_cluster_00021,syn_ts_808_27_3p7885,1.5923781394958496,22.17545299573954,22.17545299573954,59.8432011117368,30.930777288693065,30.930777288693065,23.8657156152237
telecom_cluster_00023,syn_ts_808_27_3p7885,0.5065281391143799,34.3122150146843,34.3122150146843,51.92193642122239,8.32138555412606,8.32138555412606,11.728953596278942
telecom_cluster_00024,syn_ts_808_27_3p7885,1.5161783695220947,22.470347965241107,22.470347965241107,59.54650647424349,29.172058549513434,29.172058549513434,23.570820645722133
telecom_cluster_00026,syn_ts_808_27_3p7885,1.67810320854187,21.843694886357422,21.843694886357422,60.068754961886235,32.25227996973811,32.25227996973811,24.197473724605818
telecom_cluster_00027,syn_ts_808_27_3p7885,1.2304282188415527,32.13590652570615,32.13590652570615,53.274393711896124,18.15993211761768,18.15993211761768,13.905262085257093
telecom_cluster_00030,syn_ts_808_27_3p7885,1.2018532752990725,32.221813260551386,32.221813260551386,53.17226976620586,17.72283166251937,17.72283166251937,13.819355350411854
telecom_cluster_00031,syn_ts_808_27_3p7885,0.1541032493114471,45.477044387690604,45.477044387690604,48.10615218946988,2.629107801779277,2.629107801779277,0.5641242232726356
telecom_cluster_00032,syn_ts_808_27_3p7885,1.4780783653259275,22.61779591133475,22.61779591133475,59.398158691338516,28.20452901052882,28.20452901052882,23.42337269962849
telecom_cluster_00033,syn_ts_808_27_3p7885,1.4209282398223877,22.83896829181807,22.83896829181807,59.175636552822745,25.212476565443296,25.212476565443296,23.20220031914517
telecom_cluster_00034,syn_ts_808_27_3p7885,0.6779782772064209,33.7967731720659,33.7967731720659,52.20150503493603,10.610818814123967,10.610818814123967,12.244395438897342
telecom_cluster_00044,syn_ts_808_27_3p7885,0.6398782730102539,33.91131572411737,33.91131572411737,52.139378719529454,10.10205622120067,10.10205622120067,12.129852886845867
telecom_cluster_00066,syn_ts_808_27_3p7885,3.716453313827514,0.0,0.0,62.251150762435664,62.251150762435664,62.251150762435664,46.04116861096324
telecom_cluster_00072,syn_ts_808_27_3p7885,3.630728244781494,0.0,0.0,62.251150762435664,62.251150762435664,62.251150762435664,46.04116861096324
telecom_cluster_00073,syn_ts_808_27_3p7885,3.630728244781494,0.0,0.0,62.251150762435664,62.251150762435664,62.251150762435664,46.04116861096324
telecom_cluster_00082,syn_ts_808_27_3p7885,0.3446032702922821,44.77968286644167,44.77968286644167,50.658852517258325,5.879169650816657,5.879169650816657,1.261485744521572
telecom_cluster_00085,syn_ts_808_27_3p7885,1.3828282356262207,22.986416237911712,22.986416237911712,59.02728876991777,23.766020779388132,23.766020779388132,23.054752373051528
telecom_cluster_00086,syn_ts_808_27_3p7885,0.9923033714294434,32.8517969384478,32.8517969384478,52.714047234232254,14.808111001662724,14.808111001662724,13.189371672515442
telecom_cluster_00087,syn_ts_808_27_3p7885,0.9923033714294434,32.8517969384478,32.8517969384478,52.714047234232254,14.808111001662724,14.808111001662724,13.189371672515442
telecom_cluster_00099,syn_ts_808_27_3p7885,1.2399532794952393,32.107270708499904,32.107270708499904,53.30843531115414,18.305633484984376,18.305633484984376,13.933897902463336
telecom_cluster_00100,syn_ts_808_27_3p7885,1.1732783317565918,32.30771999539663,32.30771999539663,53.07014582051559,17.285731207421037,17.285731207421037,13.733448615566608
telecom_cluster_00101,syn_ts_808_27_3p7885,1.1637532711029053,32.33635581260287,32.33635581260287,53.036104221257574,17.140029840054353,17.140029840054353,13.704812798360372
telecom_cluster_00111,syn_ts_808_27_3p7885,1.0399281978607178,32.70861928596356,32.70861928596356,52.791704836914356,15.444061855052261,15.444061855052261,13.332549324999682
telecom_cluster_00116,syn_ts_808_27_3p7885,0.5827281475067139,34.083129910581334,34.083129910581334,52.04618905203553,9.338910739972654,9.338910739972654,11.958038700381906
telecom_cluster_00117,syn_ts_808_27_3p7885,1.2399532794952393,32.107270708499904,32.107270708499904,53.30843531115414,18.305633484984376,18.305633484984376,13.933897902463336
telecom_cluster_00118,syn_ts_808_27_3p7885,0.9732532501220704,32.90906857286028,32.90906857286028,52.682983882144896,14.553728113358012,14.553728113358012,13.132100038102962
telecom_cluster_00119,syn_ts_808_27_3p7885,1.2399532794952393,32.107270708499904,32.107270708499904,53.30843531115414,18.305633484984376,18.305633484984376,13.933897902463336
telecom_cluster_00137,syn_ts_808_27_3p7885,0.5446281433105469,34.19767246263282,34.19767246263282,51.984062736628964,8.83014814704935,8.83014814704935,11.843496148330416
telecom_cluster_00138,syn_ts_808_27_3p7885,0.8780033588409424,33.195424594602244,33.195424594602244,52.52766828801255,13.281823222892832,13.281823222892832,12.845744016360996
telecom_cluster_00139,syn_ts_808_27_3p7885,0.6970281600952148,33.73950225442689,33.73950225442689,52.23256799825524,10.865198518742567,10.865198518742567,12.301666356536352
telecom_cluster_00140,syn_ts_808_27_3p7885,0.7256033420562744,33.65359480280817,33.65359480280817,52.27916302638627,11.246772851199623,11.246772851199623,12.387573808155068
telecom_cluster_00141,syn_ts_808_27_3p7885,0.4589032828807831,34.45539275676523,34.45539275676523,51.844278769944275,7.685434302775761,7.685434302775761,11.585775854198012
telecom_cluster_00142,syn_ts_808_27_3p7885,1.0875532627105713,32.56544091670583,32.56544091670583,52.86936282836461,16.080015892127918,16.080015892127918,13.475727694257408
telecom_cluster_00153,syn_ts_808_27_3p7885,1.2399532794952393,32.107270708499904,32.107270708499904,53.30843531115414,18.305633484984376,18.305633484984376,13.933897902463336
telecom_cluster_00154,syn_ts_808_27_3p7885,0.7446532249450684,33.59632388516917,33.59632388516917,52.310225989705486,11.501152555818216,11.501152555818216,12.44484472579407
telecom_cluster_00155,syn_ts_808_27_3p7885,0.9732532501220704,32.90906857286028,32.90906857286028,52.682983882144896,14.553728113358012,14.553728113358012,13.132100038102962
telecom_cluster_00169,syn_ts_808_27_3p7885,0.0302781779319047,45.93032958787797,45.93032958787797,46.44689620266459,0.516566614786619,0.516566614786619,0.11083902308526916
telecom_cluster_00170,syn_ts_808_27_3p7885,1.601903200149536,22.138590778544703,22.138590778544703,59.88028828954221,31.089637236165334,31.089637236165334,23.902577832418537
telecom_cluster_00190,syn_ts_808_27_3p7885,0.7637033462524414,33.53905225075669,33.53905225075669,52.34128934179284,11.75553544412292,11.75553544412292,12.50211636020655
telecom_cluster_00191,syn_ts_808_27_3p7885,0.6875033378601074,33.768137354859654,33.768137354859654,52.217036710979706,10.738010258276326,10.738010258276326,12.273031256103586
telecom_cluster_00192,syn_ts_808_27_3p7885,1.4780783653259275,22.61779591133475,22.61779591133475,59.398158691338516,28.20452901052882,28.20452901052882,23.42337269962849
telecom_cluster_00215,syn_ts_808_27_3p7885,0.3446032702922821,44.77968286644167,44.77968286644167,50.658852517258325,5.879169650816657,5.879169650816657,1.261485744521572
telecom_cluster_00217,syn_ts_808_27_3p7885,0.0874283015727996,45.7211207019336,45.7211207019336,47.212707873446185,1.4915871715125846,1.4915871715125846,0.32004790902963975
telecom_cluster_00238,syn_ts_808_27_3p7885,2.4686782360076904,7.795777385542375,7.795777385542375,61.72438993603764,50.44388730855911,50.44388730855911,38.24539122542087
telecom_cluster_00271,syn_ts_808_27_3p7885,0.8399033546447754,33.309967146653726,33.309967146653726,52.465541972605976,12.773060629969521,12.773060629969521,12.731201464309514
telecom_cluster_00272,syn_ts_808_27_3p7885,1.3637783527374268,31.73500723513922,31.73500723513922,58.9531153426236,23.14273913564488,23.14273913564488,14.306161375824018
telecom_cluster_00274,syn_ts_808_27_3p7885,3.725978136062622,0.0,0.0,62.251150762435664,62.251150762435664,62.251150762435664,46.04116861096324
telecom_cluster_00275,syn_ts_808_27_3p7885,3.0020782947540283,0.0,0.0,62.251150762435664,62.251150762435664,62.251150762435664,46.04116861096324
telecom_cluster_00292,syn_ts_808_27_3p7885,1.9162282943725584,10.508965492899346,10.508965492899346,60.593139116198536,37.843733289931166,37.843733289931166,35.53220311806389
telecom_cluster_00293,syn_ts_808_27_3p7885,2.1638782024383545,9.292709078130931,9.292709078130931,61.13269390291681,44.006304035052494,44.006304035052494,36.74845953283231
telecom_cluster_00294,syn_ts_808_27_3p7885,0.2969782054424286,44.95402346494802,44.95402346494802,50.02067663660896,5.066653171660938,5.066653171660938,1.0871451460152173
telecom_cluster_00316,syn_ts_808_27_3p7885,0.1826781928539276,45.37244037769739,45.37244037769739,48.489056439935894,3.1166160622385064,3.1166160622385064,0.6687282332658526
telecom_cluster_00346,syn_ts_808_27_3p7885,0.2398283183574676,45.16323148493446,45.16323148493446,49.254868135676936,4.09163665074248,4.09163665074248,0.8779371260287832
telecom_cluster_00415,syn_ts_808_27_3p7885,1.4304533004760742,22.80210607462323,22.80210607462323,59.21272373062814,25.57409277483041,25.57409277483041,23.23906253634001
telecom_cluster_00416,syn_ts_808_27_3p7885,4.059353351593018,0.0,0.0,62.251150762435664,62.251150762435664,62.251150762435664,46.04116861096324
telecom_cluster_00422,syn_ts_808_27_3p7885,1.1351783275604248,32.42226254744811,32.42226254744811,52.94702081981485,16.715969929203567,16.715969929203567,13.618906063515126
telecom_cluster_00423,syn_ts_808_27_3p7885,0.6494033336639404,33.882679906911136,33.882679906911136,52.15491039557313,10.229247665353022,10.229247665353022,12.158488704052104
telecom_cluster_00424,syn_ts_808_27_3p7885,0.8494281768798828,33.28133204622097,33.28133204622097,52.48107325988151,12.900248890435755,12.900248890435755,12.759836564742272
telecom_cluster_00427,syn_ts_808_27_3p7885,0.1064781844615936,45.65138498619696,45.65138498619696,47.46797630882052,1.8165913226235588,1.8165913226235588,0.3897836247662809
telecom_cluster_00484,syn_ts_808_27_3p7885,0.1255283057689666,45.581648397683814,45.581648397683814,47.72324793900387,2.141599541320055,2.141599541320055,0.4595202132794256
telecom_cluster_00487,syn_ts_808_27_3p7885,0.0493283011019229,45.86059299254626,45.86059299254626,46.70216785780738,0.8415748652611228,0.8415748652611228,0.1805756184169809
telecom_cluster_00493,syn_ts_808_27_3p7885,2.4115281105041504,8.07645266336252,8.07645266336252,61.61344669841129,49.54478286174209,49.54478286174209,37.96471594760072
telecom_cluster_00528,syn_ts_808_27_3p7885,0.3350782096385956,44.81455116069824,44.81455116069824,50.531216702166645,5.716665541468409,5.716665541468409,1.2266174502650031
telecom_cluster_00569,syn_ts_808_27_3p7885,1.5161783695220947,22.470347965241107,22.470347965241107,59.54650647424349,29.172058549513434,29.172058549513434,23.570820645722133
telecom_cluster_00570,syn_ts_808_27_3p7885,0.8875281810760498,33.166789494169485,33.166789494169485,52.543199575288085,13.409011483359059,13.409011483359059,12.874379116793754
telecom_cluster_00571,syn_ts_808_27_3p7885,1.2113783359527588,32.19317744334515,32.19317744334515,53.206311365463876,17.86853302988606,17.86853302988606,13.84799116761809
telecom_cluster_00580,syn_ts_808_27_3p7885,0.3541283309459686,44.74481457218509,44.74481457218509,50.78648833235,6.041673760164905,6.041673760164905,1.2963540387781478
telecom_cluster_00586,syn_ts_808_27_3p7885,2.0876781940460205,9.666942001278072,9.666942001278072,60.97069535028268,42.11414589315373,42.11414589315373,36.37422660968517
telecom_cluster_00609,syn_ts_808_27_3p7885,1.0780282020568848,32.594076733912075,32.594076733912075,52.85383115232093,15.952824447975559,15.952824447975559,13.447091877051164
telecom_cluster_00615,syn_ts_808_27_3p7885,1.2209031581878662,32.164542342912384,32.164542342912384,53.24035211263811,18.014230750250988,18.014230750250988,13.876626268050856
telecom_cluster_00616,syn_ts_808_27_3p7885,1.8781282901763916,10.696081954472914,10.696081954472914,60.50923767250979,36.89475205161012,36.89475205161012,35.345086656490324
telecom_cluster_00618,syn_ts_808_27_3p7885,0.3731782138347626,44.67507885644845,44.67507885644845,51.04175676772434,6.366677911275886,6.366677911275886,1.366089754514789
telecom_cluster_00628,syn_ts_808_27_3p7885,0.7827532291412354,33.48178133311769,33.48178133311769,52.37235230511205,12.009915148741513,12.009915148741513,12.559387277845552
telecom_cluster_00652,syn_ts_808_27_3p7885,1.7733532190322876,11.210652516530125,11.210652516530125,60.27850857110811,34.28505216161608,34.28505216161608,34.830516094433115
telecom_cluster_00658,syn_ts_808_27_3p7885,0.8494281768798828,33.28133204622097,33.28133204622097,52.48107325988151,12.900248890435755,12.900248890435755,12.759836564742272
telecom_cluster_00659,syn_ts_808_27_3p7885,0.0207531172782182,45.96519788213455,45.96519788213455,46.31926038757291,0.35406250543836393,0.35406250543836393,0.07597072882869327
telecom_cluster_00695,syn_ts_808_27_3p7885,1.7733532190322876,11.210652516530125,11.210652516530125,60.27850857110811,34.28505216161608,34.28505216161608,34.830516094433115
telecom_cluster_00704,syn_ts_808_27_3p7885,0.5351033210754395,34.22630756306558,34.22630756306558,51.96853144935343,8.702959886583123,8.702959886583123,11.814861047897658
telecom_cluster_00705,syn_ts_808_27_3p7885,0.7637033462524414,33.53905225075669,33.53905225075669,52.34128934179284,11.75553544412292,11.75553544412292,12.50211636020655
telecom_cluster_00714,syn_ts_808_27_3p7885,2.0876781940460205,9.666942001278072,9.666942001278072,60.97069535028268,42.11414589315373,42.11414589315373,36.37422660968517
telecom_cluster_00715,syn_ts_808_27_3p7885,1.0685031414031982,32.62271255111831,32.62271255111831,52.83829947627725,15.825633003823206,15.825633003823206,13.418456059844928
telecom_cluster_00738,syn_ts_808_27_3p7885,1.6495282649993896,21.95428061525622,21.95428061525622,60.00582901037729,31.82403875728167,31.82403875728167,24.08688799570702
telecom_cluster_00745,syn_ts_808_27_3p7885,1.0018281936645508,32.82316183801504,32.82316183801504,52.72957852150779,14.935299262128957,14.935299262128957,13.2180067729482
telecom_cluster_00753,syn_ts_808_27_3p7885,2.0876781940460205,9.666942001278072,9.666942001278072,60.97069535028268,42.11414589315373,42.11414589315373,36.37422660968517
telecom_cluster_00783,syn_ts_808_27_3p7885,1.7066781520843506,21.733109157458617,21.733109157458617,60.13168091339518,32.68052118219457,32.68052118219457,24.308059453504622
telecom_cluster_00784,syn_ts_808_27_3p7885,1.2399532794952393,32.107270708499904,32.107270708499904,53.30843531115414,18.305633484984376,18.305633484984376,13.933897902463336
telecom_cluster_00790,syn_ts_808_27_3p7885,0.5732033252716064,34.1117650110141,34.1117650110141,52.030657764759994,9.21172247950642,9.21172247950642,11.92940359994914
telecom_cluster_00792,syn_ts_808_27_3p7885,1.3828282356262207,22.986416237911712,22.986416237911712,59.02728876991777,23.766020779388132,23.766020779388132,23.054752373051528
telecom_cluster_00832,syn_ts_808_27_3p7885,2.2781782150268555,8.731359693410223,8.731359693410223,61.35457991533712,46.82342943136973,46.82342943136973,37.30980891755301
telecom_cluster_00833,syn_ts_808_27_3p7885,1.897178292274475,10.60252372368613,10.60252372368613,60.55118839435416,37.369242670770646,37.369242670770646,35.43864488727711
telecom_cluster_00840,syn_ts_808_27_3p7885,5.34522819519043,0.0,0.0,62.251150762435664,62.251150762435664,62.251150762435664,46.04116861096324
telecom_cluster_00848,syn_ts_808_27_3p7885,0.8208532333374023,33.367238781066206,33.367238781066206,52.434478620518625,12.518677741664817,12.518677741664817,12.673929829897034
telecom_cluster_00849,syn_ts_808_27_3p7885,0.5446281433105469,34.19767246263282,34.19767246263282,51.984062736628964,8.83014814704935,8.83014814704935,11.843496148330416
telecom_cluster_00871,syn_ts_808_27_3p7885,1.6590533256530762,21.91741839806138,21.91741839806138,60.02680450255709,31.96678701912834,31.96678701912834,24.12375021290186
telecom_cluster_00879,syn_ts_808_27_3p7885,2.078153133392334,9.713721409401359,9.713721409401359,60.949719858102874,41.876899098962355,41.876899098962355,36.32744720156188
telecom_cluster_00886,syn_ts_808_27_3p7885,0.5541532039642334,34.16903664542658,34.16903664542658,51.99959441267264,8.957339591201716,8.957339591201716,11.87213196553666
telecom_cluster_00887,syn_ts_808_27_3p7885,4.99280309677124,0.0,0.0,62.251150762435664,62.251150762435664,62.251150762435664,46.04116861096324
telecom_cluster_00921,syn_ts_808_27_3p7885,0.3541283309459686,44.74481457218509,44.74481457218509,50.78648833235,6.041673760164905,6.041673760164905,1.2963540387781478
telecom_cluster_00923,syn_ts_808_27_3p7885,1.4876031875610352,22.580934616825626,22.580934616825626,59.43524494082729,28.446406854389306,28.446406854389306,23.460233994137614
telecom_cluster_00943,syn_ts_808_27_3p7885,1.3542532920837402,31.76364305234546,31.76364305234546,58.916028164818194,22.8742598787184,22.8742598787184,14.277525558617779
telecom_cluster_00944,syn_ts_808_27_3p7885,1.2780532836914062,31.992728156448422,31.992728156448422,58.16774857717311,20.015617048577006,20.015617048577006,14.048440454514818
telecom_cluster_00958,syn_ts_808_27_3p7885,1.1732783317565918,32.30771999539663,32.30771999539663,53.07014582051559,17.285731207421037,17.285731207421037,13.733448615566608
telecom_cluster_00984,syn_ts_808_27_3p7885,0.7446532249450684,33.59632388516917,33.59632388516917,52.310225989705486,11.501152555818216,11.501152555818216,12.44484472579407
telecom_cluster_00998,syn_ts_808_27_3p7885,0.0398032404482364,45.89546128680283,45.89546128680283,46.57453204271571,0.6790707559128819,0.6790707559128819,0.1457073241604121
telecom_cluster_01000,syn_ts_808_27_3p7885,0.4874782264232635,34.36948602191999,34.36948602191999,51.89087340930716,8.067005451546699,8.067005451546699,11.67168258904325
telecom_cluster_01020,syn_ts_808_27_3p7885,1.3161532878875732,31.87818560439694,31.87818560439694,58.76768038191322,21.800349571226143,21.800349571226143,14.1629830065663
telecom_cluster_01031,syn_ts_808_27_3p7885,0.8494281768798828,33.28133204622097,33.28133204622097,52.48107325988151,12.900248890435755,12.900248890435755,12.759836564742272
telecom_cluster_01046,syn_ts_808_27_3p7885,1.716203212738037,11.491327208890478,11.491327208890478,60.15265640557499,32.86158030413449,32.86158030413449,34.54984140207276
telecom_cluster_01081,syn_ts_808_27_3p7885,0.1064781844615936,45.65138498619696,45.65138498619696,47.46797630882052,1.8165913226235588,1.8165913226235588,0.3897836247662809
telecom_cluster_01096,syn_ts_808_27_3p7885,1.9638532400131223,10.275070208662278,10.275070208662278,60.69801578955186,39.02995835322139,39.02995835322139,35.76609840230096
telecom_cluster_01136,syn_ts_808_27_3p7885,0.2017283141613006,45.30270378918424,45.30270378918424,48.744328070119245,3.4416242809350024,3.4416242809350024,0.7384648217789973
telecom_cluster_01159,syn_ts_808_27_3p7885,0.6970281600952148,33.73950225442689,33.73950225442689,52.23256799825524,10.865198518742567,10.865198518742567,12.301666356536352
telecom_cluster_01180,syn_ts_808_27_3p7885,0.0874283015727996,45.7211207019336,45.7211207019336,47.212707873446185,1.4915871715125846,1.4915871715125846,0.32004790902963975
telecom_cluster_01183,syn_ts_808_27_3p7885,1.973378300666809,10.22829080053899,10.22829080053899,60.71899128173166,39.26720514741277,39.26720514741277,35.812877810424254
telecom_cluster_01184,syn_ts_808_27_3p7885,0.2684032618999481,45.05862747494124,45.05862747494124,49.63777238614295,4.579144911201709,4.579144911201709,0.9825411360220002
telecom_cluster_01202,syn_ts_808_27_3p7885,3.2306783199310303,0.0,0.0,62.251150762435664,62.251150762435664,62.251150762435664,46.04116861096324
telecom_cluster_01218,syn_ts_808_27_3p7885,1.792403221130371,11.117094285743342,11.117094285743342,60.320459292952485,34.759542780776606,34.759542780776606,34.9240743252199
telecom_cluster_01220,syn_ts_808_27_3p7885,0.7160782814025879,33.68223062001441,33.68223062001441,52.26363135034259,11.11958140704727,11.11958140704727,12.358937990948831
telecom_cluster_01234,syn_ts_808_27_3p7885,0.2303032577037811,45.198099779191026,45.198099779191026,49.12723232058526,3.9291325413942317,3.9291325413942317,0.8430688317722144
telecom_cluster_01237,syn_ts_808_27_3p7885,2.192453145980835,9.15237202468065,9.15237202468065,61.18816529031379,44.71058391507021,44.71058391507021,36.88879658628259
telecom_cluster_01385,syn_ts_808_27_3p7885,0.2969782054424286,44.95402346494802,44.95402346494802,50.02067663660896,5.066653171660938,5.066653171660938,1.0871451460152173
telecom_cluster_01663,syn_ts_808_27_3p7885,0.3160283267498016,44.88428687643488,44.88428687643488,50.27594826679231,5.391661390357434,5.391661390357434,1.156881734528362
telecom_cluster_01668,syn_ts_808_27_3p7885,1.3733031749725342,31.706372134706456,31.706372134706456,58.99020159211236,23.411211672357695,23.411211672357695,14.334796476256784
telecom_cluster_01684,syn_ts_808_27_3p7885,1.5542783737182615,22.322900019147465,22.322900019147465,59.694854257148464,30.13958808849802,30.13958808849802,23.718268591815775
telecom_cluster_01690,syn_ts_808_27_3p7885,1.1066031455993652,32.50816999906683,32.50816999906683,52.900425791683816,16.334395596746504,16.334395596746504,13.53299861189641
telecom_cluster_01691,syn_ts_808_27_3p7885,0.1541032493114471,45.477044387690604,45.477044387690604,48.10615218946988,2.629107801779277,2.629107801779277,0.5641242232726356
telecom_cluster_01692,syn_ts_808_27_3p7885,0.287453144788742,44.9888917592046,44.9888917592046,49.89304082151728,4.904149062312683,4.904149062312683,1.0522768517586414
telecom_cluster_01693,syn_ts_808_27_3p7885,1.8019282817840576,11.070314877620053,11.070314877620053,60.34143478513229,34.99678957496799,34.99678957496799,34.97085373334319
telecom_cluster_01695,syn_ts_808_27_3p7885,0.0969531238079071,45.686253280453535,45.686253280453535,47.34034049372884,1.6540872132753037,1.6540872132753037,0.35491533050970503
telecom_cluster_01696,syn_ts_808_27_3p7885,1.535228252410889,22.396624453537143,22.396624453537143,59.62067990153766,29.655820291748622,29.655820291748622,23.644544157426097
telecom_cluster_01697,syn_ts_808_27_3p7885,1.67810320854187,21.843694886357422,21.843694886357422,60.068754961886235,32.25227996973811,32.25227996973811,24.197473724605818
telecom_cluster_01698,syn_ts_808_27_3p7885,1.67810320854187,21.843694886357422,21.843694886357422,60.068754961886235,32.25227996973811,32.25227996973811,24.197473724605818
telecom_cluster_01699,syn_ts_808_27_3p7885,1.67810320854187,21.843694886357422,21.843694886357422,60.068754961886235,32.25227996973811,32.25227996973811,24.197473724605818
telecom_cluster_01701,syn_ts_808_27_3p7885,1.3733031749725342,31.706372134706456,31.706372134706456,58.99020159211236,23.411211672357695,23.411211672357695,14.334796476256784
telecom_cluster_01703,syn_ts_808_27_3p7885,2.0305283069610596,9.947616108178636,9.947616108178636,60.844843447264786,40.69067700489436,40.69067700489436,36.093552502784604
telecom_cluster_01704,syn_ts_808_27_3p7885,1.8495532274246216,10.836419593382987,10.836419593382987,60.44631145848561,36.18301463825821,36.18301463825821,35.204749017580255
telecom_cluster_01705,syn_ts_808_27_3p7885,0.2017283141613006,45.30270378918424,45.30270378918424,48.744328070119245,3.4416242809350024,3.4416242809350024,0.7384648217789973
telecom_cluster_01715,syn_ts_808_27_3p7885,0.8684782981872559,33.22406041180848,33.22406041180848,52.51213661196887,13.154631778740473,13.154631778740473,12.81710819915476
telecom_cluster_01716,syn_ts_808_27_3p7885,1.67810320854187,21.843694886357422,21.843694886357422,60.068754961886235,32.25227996973811,32.25227996973811,24.197473724605818
telecom_cluster_01717,syn_ts_808_27_3p7885,1.1256532669067385,32.45089836465435,32.45089836465435,52.931489143771174,16.588778485051222,16.588778485051222,13.59027024630889
telecom_cluster_01718,syn_ts_808_27_3p7885,1.0208783149719238,32.76589020360256,32.76589020360256,52.76064187359515,15.189682150433676,15.189682150433676,13.27527840736068
telecom_cluster_01719,syn_ts_808_27_3p7885,0.6303532123565674,33.939951541323616,33.939951541323616,52.12384704348578,9.974864777048317,9.974864777048317,12.101217069639624
telecom_cluster_01731,syn_ts_808_27_3p7885,0.6589281558990479,33.85404480647837,33.85404480647837,52.17044168284867,10.356435925819262,10.356435925819262,12.18712380448487
telecom_cluster_01734,syn_ts_808_27_3p7885,0.8780033588409424,33.195424594602244,33.195424594602244,52.52766828801255,13.281823222892832,13.281823222892832,12.845744016360996
telecom_cluster_01746,syn_ts_808_27_3p7885,0.9351532459259032,33.02361112491176,33.02361112491176,52.62085756673833,14.044965520434715,14.044965520434715,13.01755748605148
telecom_cluster_01747,syn_ts_808_27_3p7885,0.4589032828807831,34.45539275676523,34.45539275676523,51.844278769944275,7.685434302775761,7.685434302775761,11.585775854198012
telecom_cluster_01749,syn_ts_808_27_3p7885,3.573578119277954,0.0,0.0,62.251150762435664,62.251150762435664,62.251150762435664,46.04116861096324
telecom_cluster_01750,syn_ts_808_27_3p7885,1.5733282566070557,22.249176507443504,22.249176507443504,59.769027684442634,30.613061370118256,30.613061370118256,23.791992103519735
telecom_cluster_01751,syn_ts_808_27_3p7885,1.973378300666809,10.22829080053899,10.22829080053899,60.71899128173166,39.26720514741277,39.26720514741277,35.812877810424254
telecom_cluster_01774,syn_ts_808_27_3p7885,0.6113033294677734,33.99722245896262,33.99722245896262,52.09278408016657,9.720485072429724,9.720485072429724,12.043946152000622
telecom_cluster_01775,syn_ts_808_27_3p7885,0.6494033336639404,33.882679906911136,33.882679906911136,52.15491039557313,10.229247665353022,10.229247665353022,12.158488704052104
telecom_cluster_01826,syn_ts_808_27_3p7885,1.6304781436920166,22.028005049645902,22.028005049645902,59.96387802601768,31.538542233588316,31.538542233588316,24.013163561317338
telecom_cluster_01827,syn_ts_808_27_3p7885,1.5542783737182615,22.322900019147465,22.322900019147465,59.694854257148464,30.13958808849802,30.13958808849802,23.718268591815775
telecom_cluster_01843,syn_ts_808_27_3p7885,0.4970032870769501,34.340850204713746,34.340850204713746,51.90640508535084,8.194196895699058,8.194196895699058,11.700318406249494
telecom_cluster_01861,syn_ts_808_27_3p7885,1.2304282188415527,32.13590652570615,32.13590652570615,53.274393711896124,18.15993211761768,18.15993211761768,13.905262085257093
telecom_cluster_01862,syn_ts_808_27_3p7885,0.5160531997680664,34.28357919747806,34.28357919747806,51.93746809726607,8.448576998278412,8.448576998278412,11.757589413485178
telecom_cluster_01863,syn_ts_808_27_3p7885,2.221028089523315,9.012034971230369,9.012034971230369,61.243636677710775,45.414863795087925,45.414863795087925,37.02913363973287
telecom_cluster_01868,syn_ts_808_27_3p7885,3.3449783325195312,0.0,0.0,62.251150762435664,62.251150762435664,62.251150762435664,46.04116861096324
telecom_cluster_01869,syn_ts_808_27_3p7885,1.754303216934204,11.30421074731691,11.30421074731691,60.23655784926373,33.810561542455545,33.810561542455545,34.73695786364633
telecom_cluster_01872,syn_ts_808_27_3p7885,0.7446532249450684,33.59632388516917,33.59632388516917,52.310225989705486,11.501152555818216,11.501152555818216,12.44484472579407
telecom_cluster_01886,syn_ts_808_27_3p7885,0.9923033714294434,32.8517969384478,32.8517969384478,52.714047234232254,14.808111001662724,14.808111001662724,13.189371672515442
telecom_cluster_01887,syn_ts_808_27_3p7885,0.0969531238079071,45.686253280453535,45.686253280453535,47.34034049372884,1.6540872132753037,1.6540872132753037,0.35491533050970503
telecom_cluster_01888,syn_ts_808_27_3p7885,0.5541532039642334,34.16903664542658,34.16903664542658,51.99959441267264,8.957339591201716,8.957339591201716,11.87213196553666
telecom_cluster_01889,syn_ts_808_27_3p7885,0.9923033714294434,32.8517969384478,32.8517969384478,52.714047234232254,14.808111001662724,14.808111001662724,13.189371672515442
telecom_cluster_01897,syn_ts_808_27_3p7885,2.5258281230926514,7.51510327864181,7.51510327864181,61.835332710831594,51.34298800449713,51.34298800449713,38.52606533232143
telecom_cluster_01898,syn_ts_808_27_3p7885,2.5448782444000244,7.421544462395236,7.421544462395236,61.872313944317845,51.642690737062466,51.642690737062466,38.61962414856801
telecom_cluster_01899,syn_ts_808_27_3p7885,1.6114282608032229,22.10172856134986,22.10172856134986,59.91737546734761,31.24849718363762,31.24849718363762,23.93944004961338
telecom_cluster_01903,syn_ts_808_27_3p7885,0.4874782264232635,34.36948602191999,34.36948602191999,51.89087340930716,8.067005451546699,8.067005451546699,11.67168258904325
telecom_cluster_01917,syn_ts_808_27_3p7885,0.6398782730102539,33.91131572411737,33.91131572411737,52.139378719529454,10.10205622120067,10.10205622120067,12.129852886845867
telecom_cluster_01919,syn_ts_808_27_3p7885,0.7637033462524414,33.53905225075669,33.53905225075669,52.34128934179284,11.75553544412292,11.75553544412292,12.50211636020655
telecom_cluster_01920,syn_ts_808_27_3p7885,1.2399532794952393,32.107270708499904,32.107270708499904,53.30843531115414,18.305633484984376,18.305633484984376,13.933897902463336
telecom_cluster_01921,syn_ts_808_27_3p7885,1.2399532794952393,32.107270708499904,32.107270708499904,53.30843531115414,18.305633484984376,18.305633484984376,13.933897902463336
telecom_cluster_01929,syn_ts_808_27_3p7885,2.8306281566619873,0.0,0.0,62.251150762435664,60.7547381693908,60.7547381693908,46.04116861096324
telecom_cluster_01930,syn_ts_808_27_3p7885,0.211253136396408,45.26783636770418,45.26783636770418,48.871960690401906,3.6041243226977286,3.6041243226977286,0.7733322432590626
telecom_cluster_01946,syn_ts_808_27_3p7885,1.3637783527374268,31.73500723513922,31.73500723513922,58.9531153426236,23.14273913564488,23.14273913564488,14.306161375824018
telecom_cluster_01948,syn_ts_808_27_3p7885,1.2113783359527588,32.19317744334515,32.19317744334515,53.206311365463876,17.86853302988606,17.86853302988606,13.84799116761809
telecom_cluster_01949,syn_ts_808_27_3p7885,1.2304282188415527,32.13590652570615,32.13590652570615,53.274393711896124,18.15993211761768,18.15993211761768,13.905262085257093
telecom_cluster_01950,syn_ts_808_27_3p7885,0.5065281391143799,34.3122150146843,34.3122150146843,51.92193642122239,8.32138555412606,8.32138555412606,11.728953596278942
telecom_cluster_01951,syn_ts_808_27_3p7885,1.1447031497955322,32.39362744701535,32.39362744701535,52.96802102274154,16.848627105320958,16.848627105320958,13.647541163947892
telecom_cluster_01952,syn_ts_808_27_3p7885,1.2399532794952393,32.107270708499904,32.107270708499904,53.30843531115414,18.305633484984376,18.305633484984376,13.933897902463336
telecom_cluster_01953,syn_ts_808_27_3p7885,0.9923033714294434,32.8517969384478,32.8517969384478,52.714047234232254,14.808111001662724,14.808111001662724,13.189371672515442
telecom_cluster_01966,syn_ts_808_27_3p7885,3.687878131866455,0.0,0.0,62.251150762435664,62.251150762435664,62.251150762435664,46.04116861096324
telecom_cluster_01967,syn_ts_808_27_3p7885,2.306753158569336,8.591022639959942,8.591022639959942,61.410051302734104,47.52770931138746,47.52770931138746,37.450145971003295
telecom_cluster_01984,syn_ts_808_27_3p7885,0.7732281684875488,33.51041715032393,33.51041715032393,52.35682062906837,11.882723704589154,11.882723704589154,12.530751460639308
telecom_cluster_01986,syn_ts_808_27_3p7885,0.3350782096385956,44.81455116069824,44.81455116069824,50.531216702166645,5.716665541468409,5.716665541468409,1.2266174502650031
telecom_cluster_01988,syn_ts_808_27_3p7885,1.0780282020568848,32.594076733912075,32.594076733912075,52.85383115232093,15.952824447975559,15.952824447975559,13.447091877051164
telecom_cluster_01989,syn_ts_808_27_3p7885,0.7637033462524414,33.53905225075669,33.53905225075669,52.34128934179284,11.75553544412292,11.75553544412292,12.50211636020655
telecom_cluster_01990,syn_ts_808_27_3p7885,0.5446281433105469,34.19767246263282,34.19767246263282,51.984062736628964,8.83014814704935,8.83014814704935,11.843496148330416
telecom_cluster_01991,syn_ts_808_27_3p7885,0.3731782138347626,44.67507885644845,44.67507885644845,51.04175676772434,6.366677911275886,6.366677911275886,1.366089754514789
telecom_cluster_01992,syn_ts_808_27_3p7885,0.4970032870769501,34.340850204713746,34.340850204713746,51.90640508535084,8.194196895699058,8.194196895699058,11.700318406249494
telecom_cluster_01993,syn_ts_808_27_3p7885,0.9065783023834229,33.109517859757005,33.109517859757005,52.574262927375436,13.663394371663763,13.663394371663763,12.931650751206234
telecom_cluster_01994,syn_ts_808_27_3p7885,0.9827783107757568,32.88043275565404,32.88043275565404,52.698515558188575,14.680919557510371,14.680919557510371,13.160735855309198
telecom_cluster_02023,syn_ts_808_27_3p7885,0.401753157377243,44.57047484645524,44.57047484645524,51.42466101819035,6.854186171735108,6.854186171735108,1.470693764507999
telecom_cluster_02024,syn_ts_808_27_3p7885,0.1826781928539276,45.37244037769739,45.37244037769739,48.489056439935894,3.1166160622385064,3.1166160622385064,0.6687282332658526
telecom_cluster_02025,syn_ts_808_27_3p7885,0.6398782730102539,33.91131572411737,33.91131572411737,52.139378719529454,10.10205622120067,10.10205622120067,12.129852886845867
telecom_cluster_02027,syn_ts_808_27_3p7885,0.2303032577037811,45.198099779191026,45.198099779191026,49.12723232058526,3.9291325413942317,3.9291325413942317,0.8430688317722144
telecom_cluster_02028,syn_ts_808_27_3p7885,1.1351783275604248,32.42226254744811,32.42226254744811,52.94702081981485,16.715969929203567,16.715969929203567,13.618906063515126
telecom_cluster_02029,syn_ts_808_27_3p7885,1.0970783233642578,32.536805099499595,32.536805099499595,52.88489450440828,16.207207336280263,16.207207336280263,13.504363511463644
telecom_cluster_02030,syn_ts_808_27_3p7885,0.3350782096385956,44.81455116069824,44.81455116069824,50.531216702166645,5.716665541468409,5.716665541468409,1.2266174502650031
telecom_cluster_02031,syn_ts_808_27_3p7885,0.7637033462524414,33.53905225075669,33.53905225075669,52.34128934179284,11.75553544412292,11.75553544412292,12.50211636020655
telecom_cluster_02032,syn_ts_808_27_3p7885,0.7637033462524414,33.53905225075669,33.53905225075669,52.34128934179284,11.75553544412292,11.75553544412292,12.50211636020655
telecom_cluster_02033,syn_ts_808_27_3p7885,0.7732281684875488,33.51041715032393,33.51041715032393,52.35682062906837,11.882723704589154,11.882723704589154,12.530751460639308
telecom_cluster_02034,syn_ts_808_27_3p7885,1.2399532794952393,32.107270708499904,32.107270708499904,53.30843531115414,18.305633484984376,18.305633484984376,13.933897902463336
telecom_cluster_02035,syn_ts_808_27_3p7885,1.1923282146453855,32.25044907775763,32.25044907775763,53.13822816694784,17.577130295152664,17.577130295152664,13.79071953320561
telecom_cluster_02069,syn_ts_808_27_3p7885,0.1160032451152801,45.61651669194039,45.61651669194039,47.5956121239122,1.9790954319718068,1.9790954319718068,0.4246519190228497
telecom_cluster_02070,syn_ts_808_27_3p7885,0.249353140592575,45.128364063454384,45.128364063454384,49.38250075595959,4.254136692505206,4.254136692505206,0.9128045475088555
telecom_cluster_02074,syn_ts_808_27_3p7885,0.477953165769577,34.398121839126226,34.398121839126226,51.87534173326348,7.939814007394347,7.939814007394347,11.643046771837014
telecom_cluster_02075,syn_ts_808_27_3p7885,0.4589032828807831,34.45539275676523,34.45539275676523,51.844278769944275,7.685434302775761,7.685434302775761,11.585775854198012
telecom_cluster_02087,syn_ts_808_27_3p7885,1.6304781436920166,22.028005049645902,22.028005049645902,59.96387802601768,31.538542233588316,31.538542233588316,24.013163561317338
telecom_cluster_02088,syn_ts_808_27_3p7885,0.7732281684875488,33.51041715032393,33.51041715032393,52.35682062906837,11.882723704589154,11.882723704589154,12.530751460639308
telecom_cluster_02105,syn_ts_808_27_3p7885,1.4399783611297607,22.765243857428388,22.765243857428388,59.249810908433545,25.935708984217538,25.935708984217538,23.275924753534852
telecom_cluster_02107,syn_ts_808_27_3p7885,1.792403221130371,11.117094285743342,11.117094285743342,60.320459292952485,34.759542780776606,34.759542780776606,34.9240743252199
telecom_cluster_02108,syn_ts_808_27_3p7885,0.6303532123565674,33.939951541323616,33.939951541323616,52.12384704348578,9.974864777048317,9.974864777048317,12.101217069639624
telecom_cluster_02109,syn_ts_808_27_3p7885,0.7637033462524414,33.53905225075669,33.53905225075669,52.34128934179284,11.75553544412292,11.75553544412292,12.50211636020655
telecom_cluster_02110,syn_ts_808_27_3p7885,0.8970532417297363,33.13815367696324,33.13815367696324,52.558731251331764,13.536202927511418,13.536202927511418,12.903014933999998
telecom_cluster_02111,syn_ts_808_27_3p7885,0.6684532165527344,33.825408989272134,33.825408989272134,52.18597335889235,10.483627369971607,10.483627369971607,12.215759621691106
telecom_cluster_02128,syn_ts_808_27_3p7885,1.6400032043457031,21.99114283245106,21.99114283245106,59.98485351819748,31.68129049543499,31.68129049543499,24.05002577851218
telecom_cluster_02147,syn_ts_808_27_3p7885,0.8589532375335693,33.252696229014724,33.252696229014724,52.49660493592519,13.027440334588114,13.027440334588114,12.788472381948516
telecom_cluster_02149,syn_ts_808_27_3p7885,0.3350782096385956,44.81455116069824,44.81455116069824,50.531216702166645,5.716665541468409,5.716665541468409,1.2266174502650031
telecom_cluster_02157,syn_ts_808_27_3p7885,0.4874782264232635,34.36948602191999,34.36948602191999,51.89087340930716,8.067005451546699,8.067005451546699,11.67168258904325
telecom_cluster_02178,syn_ts_808_27_3p7885,1.1351783275604248,32.42226254744811,32.42226254744811,52.94702081981485,16.715969929203567,16.715969929203567,13.618906063515126
telecom_cluster_02179,syn_ts_808_27_3p7885,2.0305283069610596,9.947616108178636,9.947616108178636,60.844843447264786,40.69067700489436,40.69067700489436,36.093552502784604
telecom_cluster_02180,syn_ts_808_27_3p7885,0.1731531322002411,45.40730867195396,45.40730867195396,48.361420624844214,2.9541119528902513,2.9541119528902513,0.6338599390092767
telecom_cluster_02221,syn_ts_808_27_3p7885,1.868603229522705,10.742861362596202,10.742861362596202,60.48826218032998,36.657505257418734,36.657505257418734,35.29830724836704
telecom_cluster_02222,syn_ts_808_27_3p7885,1.67810320854187,21.843694886357422,21.843694886357422,60.068754961886235,32.25227996973811,32.25227996973811,24.197473724605818
telecom_cluster_02223,syn_ts_808_27_3p7885,1.0494532585144043,32.679983468757314,32.679983468757314,52.807236512958035,15.571253299204614,15.571253299204614,13.361185142205926
telecom_cluster_02225,syn_ts_808_27_3p7885,2.516303300857544,7.561881515845519,7.561881515845519,61.81684255692086,51.19314038909344,51.19314038909344,38.47928709511772
telecom_cluster_02226,syn_ts_808_27_3p7885,3.287828207015991,0.0,0.0,62.251150762435664,62.251150762435664,62.251150762435664,46.04116861096324
telecom_cluster_02267,syn_ts_808_27_3p7885,1.8209782838821411,10.97675664683327,10.97675664683327,60.383385506976666,35.471280194128525,35.471280194128525,35.064411964129974
telecom_cluster_02268,syn_ts_808_27_3p7885,1.9638532400131223,10.275070208662278,10.275070208662278,60.69801578955186,39.02995835322139,39.02995835322139,35.76609840230096
telecom_cluster_02316,syn_ts_808_27_3p7885,1.8019282817840576,11.070314877620053,11.070314877620053,60.34143478513229,34.99678957496799,34.99678957496799,34.97085373334319
telecom_cluster_02478,syn_ts_808_27_3p7885,1.5638031959533691,22.286038724638345,22.286038724638345,59.73194050663724,30.3814659323585,30.3814659323585,23.755129886324895
telecom_cluster_02479,syn_ts_808_27_3p7885,3.2306783199310303,0.0,0.0,62.251150762435664,62.251150762435664,62.251150762435664,46.04116861096324
telecom_cluster_02485,syn_ts_808_27_3p7885,0.2017283141613006,45.30270378918424,45.30270378918424,48.744328070119245,3.4416242809350024,3.4416242809350024,0.7384648217789973
telecom_cluster_02486,syn_ts_808_27_3p7885,0.6303532123565674,33.939951541323616,33.939951541323616,52.12384704348578,9.974864777048317,9.974864777048317,12.101217069639624
telecom_cluster_02487,syn_ts_808_27_3p7885,1.1828031539916992,32.279084894963866,32.279084894963866,53.10418656768982,17.43142892778598,17.43142892778598,13.762083715999374
telecom_cluster_02523,syn_ts_808_27_3p7885,1.7257282733917236,11.444547800767193,11.444547800767193,60.17363189775479,33.09882709832586,33.09882709832586,34.59662081019604
telecom_cluster_02525,syn_ts_808_27_3p7885,2.478203296661377,7.748997977419088,7.748997977419088,61.74288055278076,50.593738674841774,50.593738674841774,38.29217063354415
telecom_cluster_02529,syn_ts_808_27_3p7885,1.0780282020568848,32.594076733912075,32.594076733912075,52.85383115232093,15.952824447975559,15.952824447975559,13.447091877051164
telecom_cluster_02532,syn_ts_808_27_3p7885,1.0589783191680908,32.65134765155108,32.65134765155108,52.822768189001714,15.698444743356966,15.698444743356966,13.389820959412162
telecom_cluster_02576,syn_ts_808_27_3p7885,1.8495532274246216,10.836419593382987,10.836419593382987,60.44631145848561,36.18301463825821,36.18301463825821,35.204749017580255
telecom_cluster_02579,syn_ts_808_27_3p7885,0.401753157377243,44.57047484645524,44.57047484645524,51.42466101819035,6.854186171735108,6.854186171735108,1.470693764507999
telecom_cluster_02580,syn_ts_808_27_3p7885,1.5733282566070557,22.249176507443504,22.249176507443504,59.769027684442634,30.613061370118256,30.613061370118256,23.791992103519735
telecom_cluster_02582,syn_ts_808_27_3p7885,1.754303216934204,11.30421074731691,11.30421074731691,60.23655784926373,33.810561542455545,33.810561542455545,34.73695786364633
telecom_cluster_02583,syn_ts_808_27_3p7885,1.6685781478881836,21.88055710355226,21.88055710355226,60.047779469706434,32.10953170789145,32.10953170789145,24.16061150741098
telecom_cluster_02626,syn_ts_808_27_3p7885,0.8208532333374023,33.367238781066206,33.367238781066206,52.434478620518625,12.518677741664817,12.518677741664817,12.673929829897034
telecom_cluster_02634,syn_ts_808_27_3p7885,1.4685533046722412,22.654658128529586,22.654658128529586,59.36107151353312,27.96264511215412,27.96264511215412,23.386510482433653
telecom_cluster_02635,syn_ts_808_27_3p7885,2.2781782150268555,8.731359693410223,8.731359693410223,61.35457991533712,46.82342943136973,46.82342943136973,37.30980891755301
telecom_cluster_02683,syn_ts_808_27_3p7885,1.5733282566070557,22.249176507443504,22.249176507443504,59.769027684442634,30.613061370118256,30.613061370118256,23.791992103519735
telecom_cluster_02684,syn_ts_808_27_3p7885,0.7827532291412354,33.48178133311769,33.48178133311769,52.37235230511205,12.009915148741513,12.009915148741513,12.559387277845552
telecom_cluster_02685,syn_ts_808_27_3p7885,0.0874283015727996,45.7211207019336,45.7211207019336,47.212707873446185,1.4915871715125846,1.4915871715125846,0.32004790902963975
telecom_cluster_02690,syn_ts_808_27_3p7885,1.0208783149719238,32.76589020360256,32.76589020360256,52.76064187359515,15.189682150433676,15.189682150433676,13.27527840736068
telecom_cluster_02692,syn_ts_808_27_3p7885,1.7447781562805176,11.350990155440197,11.350990155440197,60.21558235708393,33.573314748264174,33.573314748264174,34.69017845552304
telecom_cluster_02694,syn_ts_808_27_3p7885,0.5922532081604004,34.0544940933751,34.0544940933751,52.06172072807921,9.466102184125013,9.466102184125013,11.986674517588142
telecom_cluster_02695,syn_ts_808_27_3p7885,0.5922532081604004,34.0544940933751,34.0544940933751,52.06172072807921,9.466102184125013,9.466102184125013,11.986674517588142
telecom_cluster_02711,syn_ts_808_27_3p7885,0.1636283099651336,45.44217609343403,45.44217609343403,48.23378800456156,2.791611911127532,2.791611911127532,0.5989925175292115
telecom_cluster_02734,syn_ts_808_27_3p7885,2.0876781940460205,9.666942001278072,9.666942001278072,60.97069535028268,42.11414589315373,42.11414589315373,36.37422660968517
telecom_cluster_02735,syn_ts_808_27_3p7885,1.1828031539916992,32.279084894963866,32.279084894963866,53.10418656768982,17.43142892778598,17.43142892778598,13.762083715999374
telecom_cluster_02740,syn_ts_808_27_3p7885,1.0589783191680908,32.65134765155108,32.65134765155108,52.822768189001714,15.698444743356966,15.698444743356966,13.389820959412162
telecom_cluster_02741,syn_ts_808_27_3p7885,1.8781282901763916,10.696081954472914,10.696081954472914,60.50923767250979,36.89475205161012,36.89475205161012,35.345086656490324
telecom_cluster_02750,syn_ts_808_27_3p7885,1.6876282691955566,21.80683266916258,21.80683266916258,60.08973045406604,32.395028231584796,32.395028231584796,24.23433594180066
telecom_cluster_02763,syn_ts_808_27_3p7885,2.0876781940460205,9.666942001278072,9.666942001278072,60.97069535028268,42.11414589315373,42.11414589315373,36.37422660968517
telecom_cluster_02764,syn_ts_808_27_3p7885,2.0876781940460205,9.666942001278072,9.666942001278072,60.97069535028268,42.11414589315373,42.11414589315373,36.37422660968517
telecom_cluster_02786,syn_ts_808_27_3p7885,1.2590031623840332,32.0499997908609,32.0499997908609,57.86551325540827,19.11931516308575,19.11931516308575,13.991168820102338
telecom_cluster_02793,syn_ts_808_27_3p7885,2.1257781982421875,9.479825539704501,9.479825539704501,61.05459679397143,43.06312713147479,43.06312713147479,36.56134307125874
telecom_cluster_02794,syn_ts_808_27_3p7885,1.9638532400131223,10.275070208662278,10.275070208662278,60.69801578955186,39.02995835322139,39.02995835322139,35.76609840230096
telecom_cluster_02796,syn_ts_808_27_3p7885,0.3350782096385956,44.81455116069824,44.81455116069824,50.531216702166645,5.716665541468409,5.716665541468409,1.2266174502650031
telecom_cluster_02797,syn_ts_808_27_3p7885,0.8018033504486084,33.42450969870521,33.42450969870521,52.40341565719941,12.264298037046224,12.264298037046224,12.616658912258032
telecom_cluster_02812,syn_ts_808_27_3p7885,2.0876781940460205,9.666942001278072,9.666942001278072,60.97069535028268,42.11414589315373,42.11414589315373,36.37422660968517
telecom_cluster_02813,syn_ts_808_27_3p7885,2.0876781940460205,9.666942001278072,9.666942001278072,60.97069535028268,42.11414589315373,42.11414589315373,36.37422660968517
telecom_cluster_02832,syn_ts_808_27_3p7885,1.7257282733917236,11.444547800767193,11.444547800767193,60.17363189775479,33.09882709832586,33.09882709832586,34.59662081019604
telecom_cluster_02838,syn_ts_808_27_3p7885,0.0779032409191131,45.755988996190176,45.755988996190176,47.085072058354505,1.3290830621643295,1.3290830621643295,0.28517961477306386
telecom_cluster_02839,syn_ts_808_27_3p7885,2.0305283069610596,9.947616108178636,9.947616108178636,60.844843447264786,40.69067700489436,40.69067700489436,36.093552502784604
telecom_cluster_02842,syn_ts_808_27_3p7885,0.7922782897949219,33.453145515911444,33.453145515911444,52.38788398115573,12.137106592893872,12.137106592893872,12.588023095051796
telecom_cluster_02843,syn_ts_808_27_3p7885,0.8303782939910889,33.33860296385997,33.33860296385997,52.4500102965623,12.645869185817162,12.645869185817162,12.70256564710327
telecom_cluster_02844,syn_ts_808_27_3p7885,2.4686782360076904,7.795777385542375,7.795777385542375,61.72438993603764,50.44388730855911,50.44388730855911,38.24539122542087
telecom_cluster_02845,syn_ts_808_27_3p7885,0.8113281726837158,33.39587459827244,33.39587459827244,52.418946944474946,12.391486297512458,12.391486297512458,12.645294012690798
telecom_cluster_02863,syn_ts_808_27_3p7885,2.0876781940460205,9.666942001278072,9.666942001278072,60.97069535028268,42.11414589315373,42.11414589315373,36.37422660968517
telecom_cluster_02864,syn_ts_808_27_3p7885,1.0113532543182373,32.794526020808796,32.794526020808796,52.74511019755147,15.062490706281316,15.062490706281316,13.246642590154444
telecom_cluster_02891,syn_ts_808_27_3p7885,1.9543282985687256,10.321849031325774,10.321849031325774,60.67704055988729,38.79271452825224,38.79271452825224,35.719319579637464
telecom_cluster_02900,syn_ts_808_27_3p7885,1.5828533172607422,22.212314290248663,22.212314290248663,59.80611486224804,30.771921317590532,30.771921317590532,23.828854320714576
telecom_cluster_02901,syn_ts_808_27_3p7885,1.4304533004760742,22.80210607462323,22.80210607462323,59.21272373062814,25.57409277483041,25.57409277483041,23.23906253634001
telecom_cluster_02902,syn_ts_808_27_3p7885,0.43985316157341,34.51266439117771,34.51266439117771,51.81321541785692,7.4310514144710496,7.4310514144710496,11.528504219785532
telecom_cluster_02918,syn_ts_808_27_3p7885,2.0876781940460205,9.666942001278072,9.666942001278072,60.97069535028268,42.11414589315373,42.11414589315373,36.37422660968517
telecom_cluster_02947,syn_ts_808_27_3p7885,2.0495781898498535,9.85405846285164,9.85405846285164,60.88679390659393,41.16516465483267,41.16516465483267,36.1871101481116
telecom_cluster_02948,syn_ts_808_27_3p7885,1.1542282104492188,32.36499162980911,32.36499162980911,53.002062621999556,16.99432847268765,16.99432847268765,13.676176981154128
telecom_cluster_02954,syn_ts_808_27_3p7885,0.6875033378601074,33.768137354859654,33.768137354859654,52.217036710979706,10.738010258276326,10.738010258276326,12.273031256103586
telecom_cluster_02955,syn_ts_808_27_3p7885,1.3733031749725342,31.706372134706456,31.706372134706456,58.99020159211236,23.411211672357695,23.411211672357695,14.334796476256784
telecom_cluster_02957,syn_ts_808_27_3p7885,1.4780783653259275,22.61779591133475,22.61779591133475,59.398158691338516,28.20452901052882,28.20452901052882,23.42337269962849
telecom_cluster_02959,syn_ts_808_27_3p7885,1.1732783317565918,32.30771999539663,32.30771999539663,53.07014582051559,17.285731207421037,17.285731207421037,13.733448615566608
telecom_cluster_02979,syn_ts_808_27_3p7885,0.1541032493114471,45.477044387690604,45.477044387690604,48.10615218946988,2.629107801779277,2.629107801779277,0.5641242232726356
telecom_cluster_02980,syn_ts_808_27_3p7885,2.0876781940460205,9.666942001278072,9.666942001278072,60.97069535028268,42.11414589315373,42.11414589315373,36.37422660968517
telecom_cluster_02981,syn_ts_808_27_3p7885,0.4970032870769501,34.340850204713746,34.340850204713746,51.90640508535084,8.194196895699058,8.194196895699058,11.700318406249494
telecom_cluster_03010,syn_ts_808_27_3p7885,2.421053171157837,8.029673255239231,8.029673255239231,61.63193731515441,49.69463422802476,49.69463422802476,38.01149535572401
telecom_cluster_03011,syn_ts_808_27_3p7885,0.7446532249450684,33.59632388516917,33.59632388516917,52.310225989705486,11.501152555818216,11.501152555818216,12.44484472579407
telecom_cluster_03024,syn_ts_808_27_3p7885,0.1160032451152801,45.61651669194039,45.61651669194039,47.5956121239122,1.9790954319718068,1.9790954319718068,0.4246519190228497
telecom_cluster_03041,syn_ts_808_27_3p7885,1.1161282062530518,32.47953418186059,32.47953418186059,52.915957467727495,16.461587040898856,16.461587040898856,13.561634429102646
telecom_cluster_03042,syn_ts_808_27_3p7885,2.3543782234191895,8.357126770263083,8.357126770263083,61.502503923617326,48.64568216580406,48.64568216580406,37.68404184070016
telecom_cluster_03043,syn_ts_808_27_3p7885,2.0114781856536865,10.04117492442521,10.04117492442521,60.802892462905184,40.21618341651161,40.21618341651161,35.99999368653803
telecom_cluster_03071,syn_ts_808_27_3p7885,1.8495532274246216,10.836419593382987,10.836419593382987,60.44631145848561,36.18301463825821,36.18301463825821,35.204749017580255
telecom_cluster_03096,syn_ts_808_27_3p7885,1.0399281978607178,32.70861928596356,32.70861928596356,52.791704836914356,15.444061855052261,15.444061855052261,13.332549324999682
telecom_cluster_03097,syn_ts_808_27_3p7885,0.9542033672332764,32.96633949049928,32.96633949049928,52.65192091882569,14.299348408739426,14.299348408739426,13.07482912046396
telecom_cluster_03098,syn_ts_808_27_3p7885,1.535228252410889,22.396624453537143,22.396624453537143,59.62067990153766,29.655820291748622,29.655820291748622,23.644544157426097
telecom_cluster_03099,syn_ts_808_27_3p7885,0.2398283183574676,45.16323148493446,45.16323148493446,49.254868135676936,4.09163665074248,4.09163665074248,0.8779371260287832
telecom_cluster_03131,syn_ts_808_27_3p7885,0.8018033504486084,33.42450969870521,33.42450969870521,52.40341565719941,12.264298037046224,12.264298037046224,12.616658912258032
telecom_cluster_03144,syn_ts_808_27_3p7885,1.1637532711029053,32.33635581260287,32.33635581260287,53.036104221257574,17.140029840054353,17.140029840054353,13.704812798360372
telecom_cluster_03145,syn_ts_808_27_3p7885,0.4684283435344696,34.42675693955899,34.42675693955899,51.85981044598795,7.812625746928113,7.812625746928113,11.614411671404248
telecom_cluster_03146,syn_ts_808_27_3p7885,1.906703233718872,10.555744901022631,10.555744901022631,60.572163624018735,37.6064864957398,37.6064864957398,35.485423709940605
telecom_cluster_03197,syn_ts_808_27_3p7885,2.668703079223633,0.0,0.0,62.112690110648884,55.47238409404342,55.47238409404342,46.04116861096324
telecom_cluster_03205,syn_ts_808_27_3p7885,0.6494033336639404,33.882679906911136,33.882679906911136,52.15491039557313,10.229247665353022,10.229247665353022,12.158488704052104
telecom_cluster_03206,syn_ts_808_27_3p7885,0.7446532249450684,33.59632388516917,33.59632388516917,52.310225989705486,11.501152555818216,11.501152555818216,12.44484472579407
telecom_cluster_03207,syn_ts_808_27_3p7885,3.1354281902313232,0.0,0.0,62.251150762435664,62.251150762435664,62.251150762435664,46.04116861096324
telecom_cluster_03214,syn_ts_808_27_3p7885,2.040053129196167,9.900837870974927,9.900837870974927,60.86581841441413,40.927917860641294,40.927917860641294,36.140330739988315
telecom_cluster_03250,syn_ts_808_27_3p7885,5.497628211975098,0.0,0.0,62.251150762435664,62.251150762435664,62.251150762435664,46.04116861096324
telecom_cluster_03259,syn_ts_808_27_3p7885,0.0398032404482364,45.89546128680283,45.89546128680283,46.57453204271571,0.6790707559128819,0.6790707559128819,0.1457073241604121
telecom_cluster_03260,syn_ts_808_27_3p7885,0.3065032660961151,44.919155170691454,44.919155170691454,50.14831245170063,5.229157281009179,5.229157281009179,1.122013440271786
telecom_cluster_03261,syn_ts_808_27_3p7885,2.078153133392334,9.713721409401359,9.713721409401359,60.949719858102874,41.876899098962355,41.876899098962355,36.32744720156188
telecom_cluster_03262,syn_ts_808_27_3p7885,2.5829782485961914,0.0,0.0,61.946275948457945,52.582738919854236,52.582738919854236,46.04116861096324
telecom_cluster_03264,syn_ts_808_27_3p7885,0.3446032702922821,44.77968286644167,44.77968286644167,50.658852517258325,5.879169650816657,5.879169650816657,1.261485744521572
telecom_cluster_03304,syn_ts_808_27_3p7885,0.7541782855987549,33.56768806796293,33.56768806796293,52.325757665749165,11.628343999970568,11.628343999970568,12.473480543000306
telecom_cluster_03305,syn_ts_808_27_3p7885,0.6684532165527344,33.825408989272134,33.825408989272134,52.18597335889235,10.483627369971607,10.483627369971607,12.215759621691106
telecom_cluster_03306,syn_ts_808_27_3p7885,1.5542783737182615,22.322900019147465,22.322900019147465,59.694854257148464,30.13958808849802,30.13958808849802,23.718268591815775
telecom_cluster_03307,syn_ts_808_27_3p7885,3.1544783115386963,0.0,0.0,62.251150762435664,62.251150762435664,62.251150762435664,46.04116861096324
telecom_cluster_03308,syn_ts_808_27_3p7885,0.7732281684875488,33.51041715032393,33.51041715032393,52.35682062906837,11.882723704589154,11.882723704589154,12.530751460639308
telecom_cluster_03328,syn_ts_808_27_3p7885,1.716203212738037,11.491327208890478,11.491327208890478,60.15265640557499,32.86158030413449,32.86158030413449,34.54984140207276
telecom_cluster_03337,syn_ts_808_27_3p7885,0.1731531322002411,45.40730867195396,45.40730867195396,48.361420624844214,2.9541119528902513,2.9541119528902513,0.6338599390092767
telecom_cluster_03343,syn_ts_808_27_3p7885,0.6113033294677734,33.99722245896262,33.99722245896262,52.09278408016657,9.720485072429724,9.720485072429724,12.043946152000622
telecom_cluster_03344,syn_ts_808_27_3p7885,0.4684283435344696,34.42675693955899,34.42675693955899,51.85981044598795,7.812625746928113,7.812625746928113,11.614411671404248
telecom_cluster_03370,syn_ts_808_27_3p7885,1.830503225326538,10.929977824169772,10.929977824169772,60.40436073664124,35.70852401909768,35.70852401909768,35.11119078679347
telecom_cluster_03371,syn_ts_808_27_3p7885,2.7353782653808594,0.0,0.0,62.24212396501836,57.719896611795996,57.719896611795996,46.04116861096324
telecom_cluster_03380,syn_ts_808_27_3p7885,1.2590031623840332,32.0499997908609,32.0499997908609,57.86551325540827,19.11931516308575,19.11931516308575,13.991168820102338
telecom_cluster_03400,syn_ts_808_27_3p7885,1.944803237915039,10.368628439449061,10.368628439449061,60.65606506770749,38.55546773406086,38.55546773406086,35.67254017151418
telecom_cluster_03401,syn_ts_808_27_3p7885,2.0114781856536865,10.04117492442521,10.04117492442521,60.802892462905184,40.21618341651161,40.21618341651161,35.99999368653803
telecom_cluster_03442,syn_ts_808_27_3p7885,0.5351033210754395,34.22630756306558,34.22630756306558,51.96853144935343,8.702959886583123,8.702959886583123,11.814861047897658
telecom_cluster_03443,syn_ts_808_27_3p7885,1.1828031539916992,32.279084894963866,32.279084894963866,53.10418656768982,17.43142892778598,17.43142892778598,13.762083715999374
telecom_cluster_03475,syn_ts_808_27_3p7885,0.4970032870769501,34.340850204713746,34.340850204713746,51.90640508535084,8.194196895699058,8.194196895699058,11.700318406249494
telecom_cluster_03499,syn_ts_808_27_3p7885,0.1826781928539276,45.37244037769739,45.37244037769739,48.489056439935894,3.1166160622385064,3.1166160622385064,0.6687282332658526
telecom_cluster_03500,syn_ts_808_27_3p7885,2.459153175354004,7.842556793665663,7.842556793665663,61.70589931929452,50.294035942276444,50.294035942276444,38.198611817297575
telecom_cluster_03502,syn_ts_808_27_3p7885,0.7637033462524414,33.53905225075669,33.53905225075669,52.34128934179284,11.75553544412292,11.75553544412292,12.50211636020655
telecom_cluster_03505,syn_ts_808_27_3p7885,0.8684782981872559,33.22406041180848,33.22406041180848,52.51213661196887,13.154631778740473,13.154631778740473,12.81710819915476
telecom_cluster_03524,syn_ts_808_27_3p7885,1.8781282901763916,10.696081954472914,10.696081954472914,60.50923767250979,36.89475205161012,36.89475205161012,35.345086656490324
telecom_cluster_03525,syn_ts_808_27_3p7885,0.0112282959744334,46.00006530020533,46.00006530020533,46.19162777976997,0.19156247956464512,0.19156247956464512,0.041103310757911515
telecom_cluster_03531,syn_ts_808_27_3p7885,0.9542033672332764,32.96633949049928,32.96633949049928,52.65192091882569,14.299348408739426,14.299348408739426,13.07482912046396
telecom_cluster_03536,syn_ts_808_27_3p7885,0.7732281684875488,33.51041715032393,33.51041715032393,52.35682062906837,11.882723704589154,11.882723704589154,12.530751460639308
telecom_cluster_03564,syn_ts_808_27_3p7885,1.8114532232284544,11.023536054956555,11.023536054956555,60.36241001479686,35.23403339993714,35.23403339993714,35.01763255600669
telecom_cluster_03566,syn_ts_808_27_3p7885,0.4874782264232635,34.36948602191999,34.36948602191999,51.89087340930716,8.067005451546699,8.067005451546699,11.67168258904325
telecom_cluster_03567,syn_ts_808_27_3p7885,0.2779283225536346,45.023759180684664,45.023759180684664,49.76540820123462,4.741649020549957,4.741649020549957,1.017409430278576
telecom_cluster_03570,syn_ts_808_27_3p7885,1.4495031833648682,22.72838256291927,22.72838256291927,59.28689715792231,26.502083681758144,26.502083681758144,23.31278604804397
telecom_cluster_03588,syn_ts_808_27_3p7885,1.5447533130645752,22.359762236342306,22.359762236342306,59.65776707934307,29.897704190123324,29.897704190123324,23.681406374620934
telecom_cluster_03592,syn_ts_808_27_3p7885,0.7446532249450684,33.59632388516917,33.59632388516917,52.310225989705486,11.501152555818216,11.501152555818216,12.44484472579407
telecom_cluster_03593,syn_ts_808_27_3p7885,0.4970032870769501,34.340850204713746,34.340850204713746,51.90640508535084,8.194196895699058,8.194196895699058,11.700318406249494
telecom_cluster_03618,syn_ts_808_27_3p7885,2.1448280811309814,9.386267894377507,9.386267894377507,61.09571266943057,43.5367801975431,43.5367801975431,36.65490071658573
telecom_cluster_03630,syn_ts_808_27_3p7885,0.6779782772064209,33.7967731720659,33.7967731720659,52.20150503493603,10.610818814123967,10.610818814123967,12.244395438897342
telecom_cluster_03645,syn_ts_808_27_3p7885,0.8589532375335693,33.252696229014724,33.252696229014724,52.49660493592519,13.027440334588114,13.027440334588114,12.788472381948516
telecom_cluster_03651,syn_ts_808_27_3p7885,2.4156124591827393,8.056393640044954,8.056393640044954,61.62137548005446,49.60903916961395,49.60903916961395,37.98477497091829
telecom_cluster_03674,syn_ts_808_27_3p7885,2.5717499256134033,0.0,0.0,61.92447885713314,52.20425034094458,52.20425034094458,46.04116861096324
telecom_cluster_03677,syn_ts_808_27_3p7885,0.8113281726837158,33.39587459827244,33.39587459827244,52.418946944474946,12.391486297512458,12.391486297512458,12.645294012690798
telecom_cluster_03688,syn_ts_808_27_3p7885,1.3542532920837402,31.76364305234546,31.76364305234546,58.916028164818194,22.8742598787184,22.8742598787184,14.277525558617779
telecom_cluster_03708,syn_ts_808_27_3p7885,2.992553234100342,0.0,0.0,62.251150762435664,62.251150762435664,62.251150762435664,46.04116861096324
telecom_cluster_03719,syn_ts_808_27_3p7885,0.6303532123565674,33.939951541323616,33.939951541323616,52.12384704348578,9.974864777048317,9.974864777048317,12.101217069639624
telecom_cluster_03750,syn_ts_808_27_3p7885,0.7446532249450684,33.59632388516917,33.59632388516917,52.310225989705486,11.501152555818216,11.501152555818216,12.44484472579407
telecom_cluster_03766,syn_ts_808_27_3p7885,1.601903200149536,22.138590778544703,22.138590778544703,59.88028828954221,31.089637236165334,31.089637236165334,23.902577832418537
telecom_cluster_03767,syn_ts_808_27_3p7885,0.2017283141613006,45.30270378918424,45.30270378918424,48.744328070119245,3.4416242809350024,3.4416242809350024,0.7384648217789973
telecom_cluster_03774,syn_ts_808_27_3p7885,0.1646677255630493,45.438371115151924,45.438371115151924,48.24771617382814,2.8093450586762145,2.8093450586762145,0.6027974958113163
telecom_cluster_03799,syn_ts_808_27_3p7885,2.221028089523315,9.012034971230369,9.012034971230369,61.243636677710775,45.414863795087925,45.414863795087925,37.02913363973287
telecom_cluster_03805,syn_ts_808_27_3p7885,0.2017283141613006,45.30270378918424,45.30270378918424,48.744328070119245,3.4416242809350024,3.4416242809350024,0.7384648217789973
telecom_cluster_03830,syn_ts_808_27_3p7885,0.2588782012462616,45.093495769197816,45.093495769197816,49.51013657105127,4.416640801853454,4.416640801853454,0.9476728417654243
telecom_cluster_03854,syn_ts_808_27_3p7885,0.6494033336639404,33.882679906911136,33.882679906911136,52.15491039557313,10.229247665353022,10.229247665353022,12.158488704052104
telecom_cluster_03884,syn_ts_808_27_3p7885,0.6494033336639404,33.882679906911136,33.882679906911136,52.15491039557313,10.229247665353022,10.229247665353022,12.158488704052104
telecom_cluster_03885,syn_ts_808_27_3p7885,0.9446783065795898,32.99497530770552,32.99497530770552,52.63638924278201,14.172156964587067,14.172156964587067,13.046193303257716
telecom_cluster_03908,syn_ts_808_27_3p7885,1.1351783275604248,32.42226254744811,32.42226254744811,52.94702081981485,16.715969929203567,16.715969929203567,13.618906063515126
telecom_cluster_03925,syn_ts_808_27_3p7885,2.459153175354004,7.842556793665663,7.842556793665663,61.70589931929452,50.294035942276444,50.294035942276444,38.198611817297575
telecom_cluster_03926,syn_ts_808_27_3p7885,2.230553150177002,8.96525556310708,8.96525556310708,61.2621272944539,45.649625713842624,45.649625713842624,37.07591304785616
telecom_cluster_03951,syn_ts_808_27_3p7885,2.478203296661377,7.748997977419088,7.748997977419088,61.74288055278076,50.593738674841774,50.593738674841774,38.29217063354415
telecom_cluster_04005,syn_ts_808_27_3p7885,1.2685282230377195,32.021363973654665,32.021363973654665,58.01663091629068,19.56746610583135,19.56746610583135,14.019804637308575
telecom_cluster_04006,syn_ts_808_27_3p7885,2.0495781898498535,9.85405846285164,9.85405846285164,60.88679390659393,41.16516465483267,41.16516465483267,36.1871101481116
telecom_cluster_04034,syn_ts_808_27_3p7885,2.0495781898498535,9.85405846285164,9.85405846285164,60.88679390659393,41.16516465483267,41.16516465483267,36.1871101481116
hospital_bellevue_hospital_center,syn_ts_808_27_3p7885,1.525703191757202,22.433486670731988,22.433486670731988,59.58359272373226,29.41393639337389,29.41393639337389,23.607681940231252
hospital_coney_island_hospital,syn_ts_808_27_3p7885,1.5161783695220947,22.470347965241107,22.470347965241107,59.54650647424349,29.172058549513434,29.172058549513434,23.570820645722133
hospital_metropolitan_hospital_center,syn_ts_808_27_3p7885,1.3637783527374268,31.73500723513922,31.73500723513922,58.9531153426236,23.14273913564488,23.14273913564488,14.306161375824018
hospital_david_h__koch_center_for_cancer_care,syn_ts_808_27_3p7885,0.325553148984909,44.84941945495481,44.84941945495481,50.403580887074966,5.554161432120154,5.554161432120154,1.1917491560084272
hospital_staten_island_university_hosp_north,syn_ts_808_27_3p7885,0.0112282959744334,46.00006530020533,46.00006530020533,46.19162777976997,0.19156247956464512,0.19156247956464512,0.041103310757911515
hospital_hospital_for_special_surgery,syn_ts_808_27_3p7885,1.0304033756256104,32.737254386396316,32.737254386396316,52.77617354963882,15.31687359458602,15.31687359458602,13.303914224566924
subway_tottenville_sir,syn_ts_808_27_3p7885,1.525703191757202,22.433486670731988,22.433486670731988,59.58359272373226,29.41393639337389,29.41393639337389,23.607681940231252
subway_richmond_valley_sir,syn_ts_808_27_3p7885,1.5733282566070557,22.249176507443504,22.249176507443504,59.769027684442634,30.613061370118256,30.613061370118256,23.791992103519735
subway_w_8_st_ny_aquarium_fq,syn_ts_808_27_3p7885,1.982903242111206,10.181511977875491,10.181511977875491,60.73996651139623,39.50444897238192,39.50444897238192,35.85965663308775
subway_ocean_pkwy_q,syn_ts_808_27_3p7885,1.944803237915039,10.368628439449061,10.368628439449061,60.65606506770749,38.55546773406086,38.55546773406086,35.67254017151418
subway_coney_island_stillwell_av_dfnq,syn_ts_808_27_3p7885,1.782878279685974,11.163873108406838,11.163873108406838,60.29948406328791,34.52229895580746,34.52229895580746,34.8772955025564
subway_brighton_beach_bq,syn_ts_808_27_3p7885,1.4114031791687012,22.87583050901291,22.87583050901291,59.13854937501734,24.85086035605618,24.85086035605618,23.16533810195033
subway_neptune_av_f,syn_ts_808_27_3p7885,1.4685533046722412,22.654658128529586,22.654658128529586,59.36107151353312,27.96264511215412,27.96264511215412,23.386510482433653
subway_bay_50_st_d,syn_ts_808_27_3p7885,1.1447031497955322,32.39362744701535,32.39362744701535,52.96802102274154,16.848627105320958,16.848627105320958,13.647541163947892
subway_avenue_x_f,syn_ts_808_27_3p7885,1.0113532543182373,32.794526020808796,32.794526020808796,52.74511019755147,15.062490706281316,15.062490706281316,13.246642590154444
subway_25_av_d,syn_ts_808_27_3p7885,1.1447031497955322,32.39362744701535,32.39362744701535,52.96802102274154,16.848627105320958,16.848627105320958,13.647541163947892
subway_clifton_sir,syn_ts_808_27_3p7885,1.4304533004760742,22.80210607462323,22.80210607462323,59.21272373062814,25.57409277483041,25.57409277483041,23.23906253634001
subway_stapleton_sir,syn_ts_808_27_3p7885,1.535228252410889,22.396624453537143,22.396624453537143,59.62067990153766,29.655820291748622,29.655820291748622,23.644544157426097
subway_tompkinsville_sir,syn_ts_808_27_3p7885,0.0302781779319047,45.93032958787797,45.93032958787797,46.44689620266459,0.516566614786619,0.516566614786619,0.11083902308526916
subway_st_george_sir,syn_ts_808_27_3p7885,0.8494281768798828,33.28133204622097,33.28133204622097,52.48107325988151,12.900248890435755,12.900248890435755,12.759836564742272
subway_canarsie_rockaway_pkwy_l,syn_ts_808_27_3p7885,0.2969782054424286,44.95402346494802,44.95402346494802,50.02067663660896,5.066653171660938,5.066653171660938,1.0871451460152173
subway_east_105_st_l,syn_ts_808_27_3p7885,0.401753157377243,44.57047484645524,44.57047484645524,51.42466101819035,6.854186171735108,6.854186171735108,1.470693764507999
subway_howard_beach_jfk_airport_a,syn_ts_808_27_3p7885,1.7733532190322876,11.210652516530125,11.210652516530125,60.27850857110811,34.28505216161608,34.28505216161608,34.830516094433115
subway_smith_9_sts_fg,syn_ts_808_27_3p7885,1.7733532190322876,11.210652516530125,11.210652516530125,60.27850857110811,34.28505216161608,34.28505216161608,34.830516094433115
subway_flushing_av_g,syn_ts_808_27_3p7885,0.1064781844615936,45.65138498619696,45.65138498619696,47.46797630882052,1.8165913226235588,1.8165913226235588,0.3897836247662809
subway_south_ferry_1,syn_ts_808_27_3p7885,1.5923781394958496,22.17545299573954,22.17545299573954,59.8432011117368,30.930777288693065,30.930777288693065,23.8657156152237
subway_whitehall_st_south_ferry_rw,syn_ts_808_27_3p7885,1.3256783485412598,31.849549787190703,31.849549787190703,58.80476755971863,22.06882882815262,22.06882882815262,14.191618823772536
subway_lorimer_st_jm,syn_ts_808_27_3p7885,0.1064781844615936,45.65138498619696,45.65138498619696,47.46797630882052,1.8165913226235588,1.8165913226235588,0.3897836247662809
subway_rector_st_1,syn_ts_808_27_3p7885,0.211253136396408,45.26783636770418,45.26783636770418,48.871960690401906,3.6041243226977286,3.6041243226977286,0.7733322432590626
subway_franklin_st_1,syn_ts_808_27_3p7885,0.9827783107757568,32.88043275565404,32.88043275565404,52.698515558188575,14.680919557510371,14.680919557510371,13.160735855309198
subway_canal_st_rw,syn_ts_808_27_3p7885,0.3446032702922821,44.77968286644167,44.77968286644167,50.658852517258325,5.879169650816657,5.879169650816657,1.261485744521572
subway_canal_st_ace,syn_ts_808_27_3p7885,1.2113783359527588,32.19317744334515,32.19317744334515,53.206311365463876,17.86853302988606,17.86853302988606,13.84799116761809
subway_canal_st_1,syn_ts_808_27_3p7885,1.2113783359527588,32.19317744334515,32.19317744334515,53.206311365463876,17.86853302988606,17.86853302988606,13.84799116761809
subway_mets_willets_point_7,syn_ts_808_27_3p7885,1.1351783275604248,32.42226254744811,32.42226254744811,52.94702081981485,16.715969929203567,16.715969929203567,13.618906063515126
subway_96_st_q,syn_ts_808_27_3p7885,0.3827032744884491,44.64021056219188,44.64021056219188,51.16939258281601,6.529182020624127,6.529182020624127,1.4009580487713578
subway_103_st_6,syn_ts_808_27_3p7885,0.4303283393383026,44.46586996368552,44.46586996368552,51.79768413058138,7.33181416689586,7.33181416689586,1.5752986472777195
subway_145_st_3,syn_ts_808_27_3p7885,0.5827281475067139,34.083129910581334,34.083129910581334,52.04618905203553,9.338910739972654,9.338910739972654,11.958038700381906
water_red_hook_wwtp,syn_ts_808_27_3p7885,0.7351281642913818,33.624959702375406,33.624959702375406,52.29469431366181,11.373961111665864,11.373961111665864,12.416208908587834
water_bensonhurst_storm_water_sewer,syn_ts_808_27_3p7885,0.5827281475067139,34.083129910581334,34.083129910581334,52.04618905203553,9.338910739972654,9.338910739972654,11.958038700381906
water_owls_head_wwtp,syn_ts_808_27_3p7885,2.7353782653808594,0.0,0.0,62.24212396501836,57.719896611795996,57.719896611795996,46.04116861096324
water_brooklyn_navy_yard_admiral_row,syn_ts_808_27_3p7885,2.230553150177002,8.96525556310708,8.96525556310708,61.2621272944539,45.649625713842624,45.649625713842624,37.07591304785616
water_hunts_point_wwtp,syn_ts_808_27_3p7885,2.459153175354004,7.842556793665663,7.842556793665663,61.70589931929452,50.294035942276444,50.294035942276444,38.198611817297575
water_manhattan_grit_chamber,syn_ts_808_27_3p7885,1.1066031455993652,32.50816999906683,32.50816999906683,52.900425791683816,16.334395596746504,16.334395596746504,13.53299861189641
water_zerega_industrial_park,syn_ts_808_27_3p7885,1.5923781394958496,22.17545299573954,22.17545299573954,59.8432011117368,30.930777288693065,30.930777288693065,23.8657156152237
water_eltingville_pump_station_park,syn_ts_808_27_3p7885,0.9542033672332764,32.96633949049928,32.96633949049928,52.65192091882569,14.299348408739426,14.299348408739426,13.07482912046396
water_paerdegat_pumping_station,syn_ts_808_27_3p7885,0.3731782138347626,44.67507885644845,44.67507885644845,51.04175676772434,6.366677911275886,6.366677911275886,1.366089754514789
water_coney_island_wwtp,syn_ts_808_27_3p7885,0.9065783023834229,33.109517859757005,33.109517859757005,52.574262927375436,13.663394371663763,13.663394371663763,12.931650751206234
water_red_hook_poll_control_plant,syn_ts_808_27_3p7885,0.2398283183574676,45.16323148493446,45.16323148493446,49.254868135676936,4.09163665074248,4.09163665074248,0.8779371260287832
water_manhattan_sewage_pump_station,syn_ts_808_27_3p7885,1.6304781436920166,22.028005049645902,22.028005049645902,59.96387802601768,31.538542233588316,31.538542233588316,24.013163561317338
water_26th_ward_wwtp,syn_ts_808_27_3p7885,0.3446032702922821,44.77968286644167,44.77968286644167,50.658852517258325,5.879169650816657,5.879169650816657,1.261485744521572
water_wastewater_pumping_station,syn_ts_808_27_3p7885,0.8494281768798828,33.28133204622097,33.28133204622097,52.48107325988151,12.900248890435755,12.900248890435755,12.759836564742272
water_coney_island_wpcp,syn_ts_808_27_3p7885,1.3161532878875732,31.87818560439694,31.87818560439694,58.76768038191322,21.800349571226143,21.800349571226143,14.1629830065663
water_spring_creek_park_dep_aux_plnt,syn_ts_808_27_3p7885,0.9827783107757568,32.88043275565404,32.88043275565404,52.698515558188575,14.680919557510371,14.680919557510371,13.160735855309198
water_gowanus_pumping_station,syn_ts_808_27_3p7885,1.5447533130645752,22.359762236342306,22.359762236342306,59.65776707934307,29.897704190123324,29.897704190123324,23.681406374620934
water_hunts_pt_market_wholesale,syn_ts_808_27_3p7885,0.8780033588409424,33.195424594602244,33.195424594602244,52.52766828801255,13.281823222892832,13.281823222892832,12.845744016360996
water_spring_creek_park,syn_ts_808_27_3p7885,2.954453229904175,0.0,0.0,62.251150762435664,62.251150762435664,62.251150762435664,46.04116861096324
water_destratification_facility,syn_ts_808_27_3p7885,1.3733031749725342,31.706372134706456,31.706372134706456,58.99020159211236,23.411211672357695,23.411211672357695,14.334796476256784
water_bowery_bay_wwtp,syn_ts_808_27_3p7885,0.2969782054424286,44.95402346494802,44.95402346494802,50.02067663660896,5.066653171660938,5.066653171660938,1.0871451460152173
water_hannah_street_pumping_station,syn_ts_808_27_3p7885,0.1350531280040741,45.54678097620375,45.54678097620375,47.85088055928653,2.304099583082781,2.304099583082781,0.4943876347594909
water_mason_avenue_pumping_station,syn_ts_808_27_3p7885,1.4971282482147217,22.544072399630785,22.544072399630785,59.472332118632686,28.68829075276401,28.68829075276401,23.497096211332455
water_jfk_airport,syn_ts_808_27_3p7885,0.6398782730102539,33.91131572411737,33.91131572411737,52.139378719529454,10.10205622120067,10.10205622120067,12.129852886845867
water_pumping_stn_sewage_disposal,syn_ts_808_27_3p7885,0.9732532501220704,32.90906857286028,32.90906857286028,52.682983882144896,14.553728113358012,14.553728113358012,13.132100038102962
water_sirtoa_r_o_w_hannah_st_ps,syn_ts_808_27_3p7885,0.8494281768798828,33.28133204622097,33.28133204622097,52.48107325988151,12.900248890435755,12.900248890435755,12.759836564742272
water_newton_creek_pollution_control,syn_ts_808_27_3p7885,0.2588782012462616,45.093495769197816,45.093495769197816,49.51013657105127,4.416640801853454,4.416640801853454,0.9476728417654243
water_p_o_water_pollution_control_pl,syn_ts_808_27_3p7885,0.7065532207489014,33.71086643722065,33.71086643722065,52.24809967429891,10.992389962894904,10.992389962894904,12.330302173742588
water_grand_canal_court_park,syn_ts_808_27_3p7885,1.2113783359527588,32.19317744334515,32.19317744334515,53.206311365463876,17.86853302988606,17.86853302988606,13.84799116761809
water_26_ward_water_pollution_cp,syn_ts_808_27_3p7885,0.9256281852722168,33.052246942118,33.052246942118,52.60532589069465,13.917774076282356,13.917774076282356,12.988921668845236
water_throgs_neck_sewage_pump_station,syn_ts_808_27_3p7885,1.897178292274475,10.60252372368613,10.60252372368613,60.55118839435416,37.369242670770646,37.369242670770646,35.43864488727711
water_marble_hill_sewage_pump_statn,syn_ts_808_27_3p7885,2.1067283153533936,9.573383185031496,9.573383185031496,61.01264633464229,42.58863948153649,42.58863948153649,36.467785425931744
water_lew_fidler_park_dep_pier,syn_ts_808_27_3p7885,2.135303258895874,9.433046131581214,9.433046131581214,61.075572286151235,43.30037392566617,43.30037392566617,36.608122479382025
water_avenue_v_sewage_pumping_station,syn_ts_808_27_3p7885,0.2779283225536346,45.023759180684664,45.023759180684664,49.76540820123462,4.741649020549957,4.741649020549957,1.017409430278576
water_newtown_creek_wwtp,syn_ts_808_27_3p7885,1.5066533088684082,22.507210182435948,22.507210182435948,59.50941929643809,28.930174651138714,28.930174651138714,23.533958428527292
fuel_station_sunoco_0105,syn_ts_808_27_3p7885,0.2684032618999481,45.05862747494124,45.05862747494124,49.63777238614295,4.579144911201709,4.579144911201709,0.9825411360220002
fuel_station_mobil_0148,syn_ts_808_27_3p7885,1.1161282062530518,32.47953418186059,32.47953418186059,52.915957467727495,16.461587040898856,16.461587040898856,13.561634429102646
fuel_station_sunoco_0168,syn_ts_808_27_3p7885,0.8399033546447754,33.309967146653726,33.309967146653726,52.465541972605976,12.773060629969521,12.773060629969521,12.731201464309514
fuel_station_bp_0169,syn_ts_808_27_3p7885,1.0304033756256104,32.737254386396316,32.737254386396316,52.77617354963882,15.31687359458602,15.31687359458602,13.303914224566924
fuel_station_bp_0212,syn_ts_808_27_3p7885,0.211253136396408,45.26783636770418,45.26783636770418,48.871960690401906,3.6041243226977286,3.6041243226977286,0.7733322432590626
fuel_station_allegiance_0213,syn_ts_808_27_3p7885,0.9732532501220704,32.90906857286028,32.90906857286028,52.682983882144896,14.553728113358012,14.553728113358012,13.132100038102962
fuel_station_bp_0281,syn_ts_808_27_3p7885,0.7827532291412354,33.48178133311769,33.48178133311769,52.37235230511205,12.009915148741513,12.009915148741513,12.559387277845552
fuel_station_mobil_0300,syn_ts_808_27_3p7885,1.0113532543182373,32.794526020808796,32.794526020808796,52.74511019755147,15.062490706281316,15.062490706281316,13.246642590154444
fuel_station_gulf_0324,syn_ts_808_27_3p7885,2.0114781856536865,10.04117492442521,10.04117492442521,60.802892462905184,40.21618341651161,40.21618341651161,35.99999368653803
fuel_station_shell_0326,syn_ts_808_27_3p7885,0.8399033546447754,33.309967146653726,33.309967146653726,52.465541972605976,12.773060629969521,12.773060629969521,12.731201464309514
fuel_station_shell_0327,syn_ts_808_27_3p7885,1.716203212738037,11.491327208890478,11.491327208890478,60.15265640557499,32.86158030413449,32.86158030413449,34.54984140207276
fuel_station_shell_0379,syn_ts_808_27_3p7885,0.8875281810760498,33.166789494169485,33.166789494169485,52.543199575288085,13.409011483359059,13.409011483359059,12.874379116793754
fuel_station_allegiance_0402,syn_ts_808_27_3p7885,1.9257532358169556,10.462186670235846,10.462186670235846,60.61411434586311,38.08097711490033,38.08097711490033,35.578981940727395
fuel_station_gulf_0508,syn_ts_808_27_3p7885,1.1542282104492188,32.36499162980911,32.36499162980911,53.002062621999556,16.99432847268765,16.99432847268765,13.676176981154128
fuel_station_bp_0509,syn_ts_808_27_3p7885,1.0304033756256104,32.737254386396316,32.737254386396316,52.77617354963882,15.31687359458602,15.31687359458602,13.303914224566924
fuel_station_citgo_0518,syn_ts_808_27_3p7885,0.6970281600952148,33.73950225442689,33.73950225442689,52.23256799825524,10.865198518742567,10.865198518742567,12.301666356536352
fuel_station_shell_0531,syn_ts_808_27_3p7885,1.9162282943725584,10.508965492899346,10.508965492899346,60.593139116198536,37.843733289931166,37.843733289931166,35.53220311806389
fuel_station_bp_0532,syn_ts_808_27_3p7885,0.1731531322002411,45.40730867195396,45.40730867195396,48.361420624844214,2.9541119528902513,2.9541119528902513,0.6338599390092767
fuel_station_allegiance_0536,syn_ts_808_27_3p7885,2.9258782863616943,0.0,0.0,62.251150762435664,62.251150762435664,62.251150762435664,46.04116861096324
fuel_station_mobil_0568,syn_ts_808_27_3p7885,0.0588531233370304,45.82572557106619,45.82572557106619,46.82980047809004,1.0040749070238562,1.0040749070238562,0.21544303989705327
fuel_station_unknown_gas_station_0578,syn_ts_808_27_3p7885,0.0493283011019229,45.86059299254626,45.86059299254626,46.70216785780738,0.8415748652611228,0.8415748652611228,0.1805756184169809
fuel_station_bp_0597,syn_ts_808_27_3p7885,1.2209031581878662,32.164542342912384,32.164542342912384,53.24035211263811,18.014230750250988,18.014230750250988,13.876626268050856
fuel_station_mobil_0600,syn_ts_808_27_3p7885,0.3160283267498016,44.88428687643488,44.88428687643488,50.27594826679231,5.391661390357434,5.391661390357434,1.156881734528362
fuel_station_unknown_gas_station_0628,syn_ts_808_27_3p7885,0.1255283057689666,45.581648397683814,45.581648397683814,47.72324793900387,2.141599541320055,2.141599541320055,0.4595202132794256
fuel_station_unknown_gas_station_0630,syn_ts_808_27_3p7885,0.8113281726837158,33.39587459827244,33.39587459827244,52.418946944474946,12.391486297512458,12.391486297512458,12.645294012690798
fuel_station_bp_0649,syn_ts_808_27_3p7885,0.8399033546447754,33.309967146653726,33.309967146653726,52.465541972605976,12.773060629969521,12.773060629969521,12.731201464309514
fuel_station_shell_0678,syn_ts_808_27_3p7885,1.535228252410889,22.396624453537143,22.396624453537143,59.62067990153766,29.655820291748622,29.655820291748622,23.644544157426097
fuel_station_mobil_0695,syn_ts_808_27_3p7885,1.859078288078308,10.7896401852597,10.7896401852597,60.46728695066542,36.42026143244959,36.42026143244959,35.25152842570354
fuel_station_american_quick_start_auto_cent_0713,syn_ts_808_27_3p7885,1.7638282775878906,11.257431339193623,11.257431339193623,60.25753334144354,34.04780833664692,34.04780833664692,34.78373727176962
fuel_station_natural_gas_fueling_station_0758,syn_ts_808_27_3p7885,0.7637033462524414,33.53905225075669,33.53905225075669,52.34128934179284,11.75553544412292,11.75553544412292,12.50211636020655
fuel_station_citgo_0763,syn_ts_808_27_3p7885,0.1255283057689666,45.581648397683814,45.581648397683814,47.72324793900387,2.141599541320055,2.141599541320055,0.4595202132794256
fuel_station_bp_0770,syn_ts_808_27_3p7885,1.1447031497955322,32.39362744701535,32.39362744701535,52.96802102274154,16.848627105320958,16.848627105320958,13.647541163947892
fuel_station_mobil_0815,syn_ts_808_27_3p7885,1.0304033756256104,32.737254386396316,32.737254386396316,52.77617354963882,15.31687359458602,15.31687359458602,13.303914224566924
fuel_station_citgo_0833,syn_ts_808_27_3p7885,0.8018033504486084,33.42450969870521,33.42450969870521,52.40341565719941,12.264298037046224,12.264298037046224,12.616658912258032
fuel_station_speedway_0842,syn_ts_808_27_3p7885,1.2780532836914062,31.992728156448422,31.992728156448422,58.16774857717311,20.015617048577006,20.015617048577006,14.048440454514818
fuel_station_sonamax_0846,syn_ts_808_27_3p7885,1.2780532836914062,31.992728156448422,31.992728156448422,58.16774857717311,20.015617048577006,20.015617048577006,14.048440454514818
fuel_station_bp_0850,syn_ts_808_27_3p7885,2.1067283153533936,9.573383185031496,9.573383185031496,61.01264633464229,42.58863948153649,42.58863948153649,36.467785425931744
fuel_station_sunoco_0873,syn_ts_808_27_3p7885,0.7637033462524414,33.53905225075669,33.53905225075669,52.34128934179284,11.75553544412292,11.75553544412292,12.50211636020655
fuel_station_sunoco_0884,syn_ts_808_27_3p7885,0.3827032744884491,44.64021056219188,44.64021056219188,51.16939258281601,6.529182020624127,6.529182020624127,1.4009580487713578
fuel_station_gulf_0890,syn_ts_808_27_3p7885,0.2303032577037811,45.198099779191026,45.198099779191026,49.12723232058526,3.9291325413942317,3.9291325413942317,0.8430688317722144
fuel_station_bp_0893,syn_ts_808_27_3p7885,0.2684032618999481,45.05862747494124,45.05862747494124,49.63777238614295,4.579144911201709,4.579144911201709,0.9825411360220002
fuel_station_mobil_0895,syn_ts_808_27_3p7885,1.4971282482147217,22.544072399630785,22.544072399630785,59.472332118632686,28.68829075276401,28.68829075276401,23.497096211332455
fuel_station_bp_0914,syn_ts_808_27_3p7885,1.4971282482147217,22.544072399630785,22.544072399630785,59.472332118632686,28.68829075276401,28.68829075276401,23.497096211332455
fuel_station_sunoco_0928,syn_ts_808_27_3p7885,1.4876031875610352,22.580934616825626,22.580934616825626,59.43524494082729,28.446406854389306,28.446406854389306,23.460233994137614
fuel_station_citgo_0936,syn_ts_808_27_3p7885,1.3256783485412598,31.849549787190703,31.849549787190703,58.80476755971863,22.06882882815262,22.06882882815262,14.191618823772536
fuel_station_citgo_0937,syn_ts_808_27_3p7885,3.1735281944274902,0.0,0.0,62.251150762435664,62.251150762435664,62.251150762435664,46.04116861096324
fuel_station_shell_0946,syn_ts_808_27_3p7885,0.3065032660961151,44.919155170691454,44.919155170691454,50.14831245170063,5.229157281009179,5.229157281009179,1.122013440271786
fuel_station_mobil_0990,syn_ts_808_27_3p7885,0.8208532333374023,33.367238781066206,33.367238781066206,52.434478620518625,12.518677741664817,12.518677741664817,12.673929829897034
fuel_station_gulf_0991,syn_ts_808_27_3p7885,0.4112782180309295,44.535606552198665,44.535606552198665,51.55229683328202,7.016690281083356,7.016690281083356,1.5055620587645748
fuel_station_bp_0999,syn_ts_808_27_3p7885,0.1064781844615936,45.65138498619696,45.65138498619696,47.46797630882052,1.8165913226235588,1.8165913226235588,0.3897836247662809
fuel_station_mobil_1019,syn_ts_808_27_3p7885,1.5542783737182615,22.322900019147465,22.322900019147465,59.694854257148464,30.13958808849802,30.13958808849802,23.718268591815775
fuel_station_exxon_1020,syn_ts_808_27_3p7885,0.9827783107757568,32.88043275565404,32.88043275565404,52.698515558188575,14.680919557510371,14.680919557510371,13.160735855309198
fuel_station_sunoco_1021,syn_ts_808_27_3p7885,0.2303032577037811,45.198099779191026,45.198099779191026,49.12723232058526,3.9291325413942317,3.9291325413942317,0.8430688317722144
fuel_station_bp_1033,syn_ts_808_27_3p7885,0.6113033294677734,33.99722245896262,33.99722245896262,52.09278408016657,9.720485072429724,9.720485072429724,12.043946152000622
fuel_station_citgo_1035,syn_ts_808_27_3p7885,0.3446032702922821,44.77968286644167,44.77968286644167,50.658852517258325,5.879169650816657,5.879169650816657,1.261485744521572
fuel_station_unknown_gas_station_1040,syn_ts_808_27_3p7885,1.982903242111206,10.181511977875491,10.181511977875491,60.73996651139623,39.50444897238192,39.50444897238192,35.85965663308775
fuel_station_citgo_1044,syn_ts_808_27_3p7885,1.4971282482147217,22.544072399630785,22.544072399630785,59.472332118632686,28.68829075276401,28.68829075276401,23.497096211332455
fuel_station_unknown_gas_station_1054,syn_ts_808_27_3p7885,0.7065532207489014,33.71086643722065,33.71086643722065,52.24809967429891,10.992389962894904,10.992389962894904,12.330302173742588
fuel_station_lukoil_1058,syn_ts_808_27_3p7885,6.326303005218506,0.0,0.0,62.251150762435664,62.251150762435664,62.251150762435664,46.04116861096324
fuel_station_sunoco_1068,syn_ts_808_27_3p7885,0.9923033714294434,32.8517969384478,32.8517969384478,52.714047234232254,14.808111001662724,14.808111001662724,13.189371672515442
fuel_station_unknown_gas_station_1079,syn_ts_808_27_3p7885,0.4303283393383026,44.46586996368552,44.46586996368552,51.79768413058138,7.33181416689586,7.33181416689586,1.5752986472777195
fuel_station_unknown_gas_station_1094,syn_ts_808_27_3p7885,1.0970783233642578,32.536805099499595,32.536805099499595,52.88489450440828,16.207207336280263,16.207207336280263,13.504363511463644
fuel_station_sunoco_1100,syn_ts_808_27_3p7885,1.1447031497955322,32.39362744701535,32.39362744701535,52.96802102274154,16.848627105320958,16.848627105320958,13.647541163947892
fuel_station_speedway_1103,syn_ts_808_27_3p7885,1.935278296470642,10.41540726211256,10.41540726211256,60.635089838042916,38.31822390909171,38.31822390909171,35.62576134885068
fuel_station_mobil_1104,syn_ts_808_27_3p7885,2.001953125,10.087954332548497,10.087954332548497,60.781916970725376,39.978936622320234,39.978936622320234,35.95321427841474
fuel_station_speedway_1105,syn_ts_808_27_3p7885,2.173403263092041,9.245929670007644,9.245929670007644,61.151184519659935,44.24106595380719,44.24106595380719,36.7952389409556
fuel_station_speedway_1106,syn_ts_808_27_3p7885,0.5160531997680664,34.28357919747806,34.28357919747806,51.93746809726607,8.448576998278412,8.448576998278412,11.757589413485178
fuel_station_mobil_1108,syn_ts_808_27_3p7885,0.5160531997680664,34.28357919747806,34.28357919747806,51.93746809726607,8.448576998278412,8.448576998278412,11.757589413485178
fuel_station_unknown_gas_station_1109,syn_ts_808_27_3p7885,0.2398283183574676,45.16323148493446,45.16323148493446,49.254868135676936,4.09163665074248,4.09163665074248,0.8779371260287832
fuel_station_conoco_1113,syn_ts_808_27_3p7885,0.0302781779319047,45.93032958787797,45.93032958787797,46.44689620266459,0.516566614786619,0.516566614786619,0.11083902308526916
fuel_station_bp_1148,syn_ts_808_27_3p7885,0.1445781886577606,45.51191268194717,45.51191268194717,47.9785163743782,2.466603692431029,2.466603692431029,0.5292559290160668
fuel_station_bp_1149,syn_ts_808_27_3p7885,1.67810320854187,21.843694886357422,21.843694886357422,60.068754961886235,32.25227996973811,32.25227996973811,24.197473724605818
fuel_station_unknown_gas_station_1150,syn_ts_808_27_3p7885,0.3922283351421356,44.605342267935306,44.605342267935306,51.29702839790769,6.691686129972382,6.691686129972382,1.4358263430279337
