run_id,seed,n_bus_flood_failed,bus_flood_failed,n_line_flood_failed,line_flood_failed,n_island_pass1,n_overload_iterations,max_iterations_reached,n_lines_overload_tripped,overload_tripped_lines,n_island_overload_loop,solver_sequence,used_dc_fallback,converged_overall,solver_final,reason_final,n_bus_oos_final,n_line_oos_final,n_trafo_oos_final,final_bus_oos,final_line_oos_idx,final_trafo_oos_idx
0,42,0,,3,87;1206;1903,0,1,False,0,,0,AC,False,True,AC,,0,3,0,,87;1206;1903,
1,43,2,UNKNOWN129920;FARRAGUT,3,1189;1901;2220,2,2,False,1,1215,0,DC;DC,True,True,DC,,4,11,4,UNKNOWN129920;GOWANUS;FARRAGUT;GOWANUS,1148;1149;1150;1189;1215;1901;1902;1903;1904;1907;2220,82;83;86;87
2,44,0,,2,1189;1219,0,1,False,0,,0,AC,False,True,AC,,0,2,0,,1189;1219,
3,45,0,,3,1216;1217;1283,0,1,False,0,,0,AC,False,True,AC,,0,3,0,,1216;1217;1283,
4,46,1,UNKNOWN129920,6,88;1150;1194;1206;1219;1904,0,1,False,0,,0,AC,False,True,AC,,1,8,0,UNKNOWN129920,88;1148;1149;1150;1194;1206;1219;1904,
5,47,1,FARRAGUT,2,1218;1283,0,1,False,0,,0,AC,False,True,AC,,1,4,2,FARRAGUT,1218;1283;1905;1906,86;87
6,48,0,,3,1148;1217;1907,0,1,False,0,,0,AC,False,True,AC,,0,3,0,,1148;1217;1907,
7,49,0,,7,88;1194;1216;1219;1283;1906;2220,0,1,False,0,,0,AC,False,True,AC,,0,7,0,,88;1194;1216;1219;1283;1906;2220,
8,50,0,,4,203;1150;1207;1283,0,1,False,0,,0,AC,False,True,AC,,0,4,0,,203;1150;1207;1283,
9,51,0,,2,1283;1284,0,1,False,0,,0,AC,False,True,AC,,0,2,0,,1283;1284,
10,52,1,FARRAGUT,5,204;1149;1150;1189;1216,0,1,False,0,,0,AC,False,True,AC,,1,7,2,FARRAGUT,204;1149;1150;1189;1216;1905;1906,86;87
11,53,1,EAST 13TH STREET,5,87;1207;1218;1219;1906,0,2,False,1,1215,0,AC;AC,False,True,AC,,1,10,0,EAST 13TH STREET,87;203;204;205;206;1207;1215;1218;1219;1906,
12,54,1,FARRAGUT,6,87;1219;1283;1905;1906;2222,1,2,False,1,1215,0,DC;DC,True,True,DC,,2,12,2,FARRAGUT;FARRAGUT,87;1215;1219;1283;1901;1902;1903;1904;1905;1906;1907;2222,86;87
13,55,0,,5,205;1149;1188;1219;1283,0,1,False,0,,0,AC,False,True,AC,,0,5,0,,205;1149;1188;1219;1283,
14,56,1,UNKNOWN129920,2,1114;1150,0,1,False,0,,0,AC,False,True,AC,,1,4,0,UNKNOWN129920,1114;1148;1149;1150,
15,57,0,,2,1194;1906,0,1,False,0,,0,AC,False,True,AC,,0,2,0,,1194;1906,
16,58,0,,3,1218;1283;1904,0,1,False,0,,0,AC,False,True,AC,,0,3,0,,1218;1283;1904,
17,59,1,FARRAGUT,5,203;1149;1206;1902;2220,0,2,False,2,1150;1215,3,DC;DC,True,True,DC,,4,12,4,UNKNOWN129920;GOWANUS;FARRAGUT;GOWANUS,203;1148;1149;1150;1206;1215;1901;1902;1903;1904;1907;2220,82;83;86;87
18,60,2,UNKNOWN129920;FARRAGUT,5,1148;1216;1219;1906;1907,2,5,False,18,53;54;1144;1145;1146;1147;1215;1217;1218;1271;1274;1275;1278;1279;1280;1281;1282;2226,11,DC;DC;DC;DC;AC,True,True,AC,,15,41,5,UNKNOWN129913;UNKNOWN129920;CORONA;TAP135492;TAP135493;FAR ROCKAWAY;HEWLETT;WOODMERE;JAMAICA;GOWANUS;HUDSON AVENUE;FARRAGUT;JAMAICA;GOWANUS;FARRAGUT,53;54;1144;1145;1146;1147;1148;1149;1150;1212;1213;1214;1215;1216;1217;1218;1219;1269;1270;1271;1272;1273;1274;1275;1276;1277;1278;1279;1280;1281;1282;1283;1284;1901;1902;1903;1904;1905;1906;1907;2226,54;82;83;86;87
19,61,0,,3,1207;1216;1904,0,1,False,0,,0,AC,False,True,AC,,0,3,0,,1207;1216;1904,
20,62,0,,3,1148;1283;1284,0,1,False,0,,0,AC,False,True,AC,,0,3,0,,1148;1283;1284,
21,63,0,,2,1206;1901,0,2,False,1,1902,0,AC;DC,True,True,DC,,0,3,0,,1206;1901;1902,
22,64,1,FARRAGUT,7,88;206;1150;1283;1901;1903;1907,0,2,False,3,1149;1215;1284,5,DC;DC,True,True,DC,,6,15,4,UNKNOWN129920;GOWANUS;HUDSON AVENUE;FARRAGUT;GOWANUS;FARRAGUT,88;206;1148;1149;1150;1215;1283;1284;1901;1902;1903;1904;1905;1906;1907,82;83;86;87
23,65,1,EAST 13TH STREET,4,204;206;1148;1903,0,2,False,1,1215,0,AC;AC,False,True,AC,,1,7,0,EAST 13TH STREET,203;204;205;206;1148;1215;1903,
24,66,1,FARRAGUT,1,1283,0,2,False,2,1215;1284,2,DC;DC,True,True,DC,,3,10,2,HUDSON AVENUE;FARRAGUT;FARRAGUT,1215;1283;1284;1901;1902;1903;1904;1905;1906;1907,86;87
25,67,0,,3,205;1148;1904,0,1,False,0,,0,AC,False,True,AC,,0,3,0,,205;1148;1904,
26,68,0,,4,1189;1218;1901;1903,0,2,False,1,1902,0,AC;DC,True,True,DC,,0,5,0,,1189;1218;1901;1902;1903,
27,69,0,,4,205;1188;1216;1217,0,1,False,0,,0,AC,False,True,AC,,0,4,0,,205;1188;1216;1217,
28,70,0,,6,204;1114;1150;1207;1216;1907,0,1,False,0,,0,AC,False,True,AC,,0,6,0,,204;1114;1150;1207;1216;1907,
29,71,0,,2,88;206,0,1,False,0,,0,AC,False,True,AC,,0,2,0,,88;206,
30,72,2,UNKNOWN129920;FARRAGUT,3,204;1284;2222,0,1,False,0,,0,AC,False,True,AC,,2,8,2,UNKNOWN129920;FARRAGUT,204;1148;1149;1150;1284;1905;1906;2222,86;87
31,73,0,,7,88;1148;1216;1218;1283;1902;1905,0,1,False,0,,0,AC,False,True,AC,,0,7,0,,88;1148;1216;1218;1283;1902;1905,
32,74,0,,2,203;1189,0,1,False,0,,0,AC,False,True,AC,,0,2,0,,203;1189,
33,75,0,,3,206;1149;1905,0,1,False,0,,0,AC,False,True,AC,,0,3,0,,206;1149;1905,
34,76,0,,4,87;1148;1189;1194,0,1,False,0,,0,AC,False,True,AC,,0,4,0,,87;1148;1189;1194,
35,77,0,,6,204;1283;1902;1904;1906;1907,0,3,False,2,1215;1901,0,AC;DC;DC,True,True,DC,,0,8,0,,204;1215;1283;1901;1902;1904;1906;1907,
36,78,0,,1,1206,0,1,False,0,,0,AC,False,True,AC,,0,1,0,,1206,
37,79,2,UNKNOWN129920;FARRAGUT,7,87;88;1149;1150;1189;1218;1284,0,2,False,1,1215,2,AC;DC,True,True,DC,,4,11,3,UNKNOWN124169;UNKNOWN129920;UNKNOWN124169;FARRAGUT,87;88;1148;1149;1150;1189;1215;1218;1284;1905;1906,3;86;87
38,80,2,UNKNOWN129920;FARRAGUT,1,1283,2,2,False,2,1215;1284,2,DC;DC,True,True,DC,,6,13,4,UNKNOWN129920;GOWANUS;HUDSON AVENUE;FARRAGUT;GOWANUS;FARRAGUT,1148;1149;1150;1215;1283;1284;1901;1902;1903;1904;1905;1906;1907,82;83;86;87
39,81,0,,3,206;1901;1903,0,2,False,1,1902,0,AC;DC,True,True,DC,,0,4,0,,206;1901;1902;1903,
40,82,0,,2,1150;2220,0,1,False,0,,0,AC,False,True,AC,,0,2,0,,1150;2220,
41,83,1,UNKNOWN129920,1,1283,0,1,False,0,,0,AC,False,True,AC,,1,4,0,UNKNOWN129920,1148;1149;1150;1283,
42,84,0,,0,,0,1,False,0,,0,AC,False,True,AC,,0,0,0,,,
43,85,1,EAST 13TH STREET,3,1149;1206;1904,0,2,False,1,1215,0,AC;AC,False,True,AC,,1,8,0,EAST 13TH STREET,203;204;205;206;1149;1206;1215;1904,
44,86,0,,1,1283,0,1,False,0,,0,AC,False,True,AC,,0,1,0,,1283,
45,87,0,,7,1148;1149;1150;1207;1217;1904;1905,1,1,False,0,,0,AC,False,True,AC,,1,7,0,UNKNOWN129920,1148;1149;1150;1207;1217;1904;1905,
46,88,0,,4,88;206;1219;1903,0,1,False,0,,0,AC,False,True,AC,,0,4,0,,88;206;1219;1903,
47,89,1,FARRAGUT,1,1906,0,1,False,0,,0,AC,False,True,AC,,1,2,2,FARRAGUT,1905;1906,86;87
48,90,0,,5,88;206;1206;1902;1904,0,2,False,1,1901,0,AC;DC,True,True,DC,,0,6,0,,88;206;1206;1901;1902;1904,
49,91,0,,2,1206;1906,0,1,False,0,,0,AC,False,True,AC,,0,2,0,,1206;1906,
50,92,1,UNKNOWN129920,7,87;203;204;206;1206;2221;2222,0,2,False,1,1215,0,AC;AC,False,True,AC,,1,11,0,UNKNOWN129920,87;203;204;206;1148;1149;1150;1206;1215;2221;2222,
51,93,0,,3,88;206;1216,0,1,False,0,,0,AC,False,True,AC,,0,3,0,,88;206;1216,
52,94,1,FARRAGUT,0,,0,1,False,0,,0,AC,False,True,AC,,1,2,2,FARRAGUT,1905;1906,86;87
53,95,0,,2,1218;1219,0,1,False,0,,0,AC,False,True,AC,,0,2,0,,1218;1219,
54,96,0,,6,203;1218;1219;1903;1906;1907,0,1,False,0,,0,AC,False,True,AC,,0,6,0,,203;1218;1219;1903;1906;1907,
55,97,0,,8,203;204;1188;1194;1217;1219;1283;1284,0,2,False,1,1215,0,AC;AC,False,True,AC,,0,9,0,,203;204;1188;1194;1215;1217;1219;1283;1284,
56,98,1,FARRAGUT,6,87;204;1148;1216;1906;2222,2,2,False,1,1215,0,DC;DC,True,True,DC,,3,12,4,GOWANUS;FARRAGUT;GOWANUS,87;204;1148;1215;1216;1901;1902;1903;1904;1906;1907;2222,82;83;86;87
57,99,0,,2,1216;1907,0,1,False,0,,0,AC,False,True,AC,,0,2,0,,1216;1907,
58,100,1,FARRAGUT,2,1907;2222,0,1,False,0,,0,AC,False,True,AC,,1,4,2,FARRAGUT,1905;1906;1907;2222,86;87
59,101,0,,2,1150;1219,0,1,False,0,,0,AC,False,True,AC,,0,2,0,,1150;1219,
60,102,0,,1,1283,0,1,False,0,,0,AC,False,True,AC,,0,1,0,,1283,
61,103,0,,6,88;1206;1218;1903;1904;1905,0,3,False,2,1215;1906,0,AC;AC;AC,False,True,AC,,0,8,0,,88;1206;1215;1218;1903;1904;1905;1906,
62,104,1,FARRAGUT,2,1114;1283,0,1,False,0,,0,AC,False,True,AC,,1,4,2,FARRAGUT,1114;1283;1905;1906,86;87
63,105,1,FARRAGUT,0,,0,2,False,1,1215,0,DC;DC,True,True,DC,,1,6,2,FARRAGUT,1215;1901;1902;1903;1904;1907,86;87
64,106,2,UNKNOWN129920;FARRAGUT,7,206;1148;1189;1217;1283;1284;1901,4,1,False,0,,0,DC,True,True,DC,,6,15,4,UNKNOWN129920;GOWANUS;HUDSON AVENUE;FARRAGUT;GOWANUS;FARRAGUT,206;1148;1149;1150;1189;1217;1283;1284;1901;1902;1903;1904;1905;1906;1907,82;83;86;87
65,107,0,,4,88;1149;1150;2221,0,1,False,0,,0,AC,False,True,AC,,0,4,0,,88;1149;1150;2221,
66,108,1,FARRAGUT,4,88;1150;1217;1219,0,5,False,19,53;54;1144;1145;1146;1147;1149;1215;1216;1218;1271;1274;1275;1278;1279;1280;1281;1282;2226,14,DC;DC;DC;DC;AC,True,True,AC,,15,42,5,UNKNOWN129913;UNKNOWN129920;CORONA;TAP135492;TAP135493;FAR ROCKAWAY;HEWLETT;WOODMERE;JAMAICA;GOWANUS;HUDSON AVENUE;FARRAGUT;JAMAICA;GOWANUS;FARRAGUT,53;54;88;1144;1145;1146;1147;1148;1149;1150;1212;1213;1214;1215;1216;1217;1218;1219;1269;1270;1271;1272;1273;1274;1275;1276;1277;1278;1279;1280;1281;1282;1283;1284;1901;1902;1903;1904;1905;1906;1907;2226,54;82;83;86;87
67,109,0,,2,1218;1901,0,2,False,1,1902,0,AC;DC,True,True,DC,,0,3,0,,1218;1901;1902,
68,110,0,,3,203;1149;2220,0,1,False,0,,0,AC,False,True,AC,,0,3,0,,203;1149;2220,
69,111,0,,3,88;1149;1216,0,1,False,0,,0,AC,False,True,AC,,0,3,0,,88;1149;1216,
70,112,1,FARRAGUT,5,87;1114;1217;1901;2221,0,2,False,1,1902,0,AC;DC,True,True,DC,,1,8,2,FARRAGUT,87;1114;1217;1901;1902;1905;1906;2221,86;87
71,113,2,EAST 13TH STREET;FARRAGUT,1,205,0,2,False,1,1215,0,DC;DC,True,True,DC,,2,10,2,EAST 13TH STREET;FARRAGUT,203;204;205;206;1215;1901;1902;1903;1904;1907,86;87
72,114,0,,5,1148;1206;1283;1903;1904,0,1,False,0,,0,AC,False,True,AC,,0,5,0,,1148;1206;1283;1903;1904,
73,115,0,,5,87;88;1901;1902;1904,0,2,False,1,1215,2,DC;DC,True,True,DC,,2,6,1,UNKNOWN124169;UNKNOWN124169,87;88;1215;1901;1902;1904,3
74,116,0,,3,1188;1284;1901,0,2,False,1,1902,0,AC;DC,True,True,DC,,0,4,0,,1188;1284;1901;1902,
75,117,0,,7,1149;1216;1284;1902;1904;1907;2221,0,3,False,3,1150;1215;1901,3,AC;DC;DC,True,True,DC,,3,11,2,UNKNOWN129920;GOWANUS;GOWANUS,1148;1149;1150;1215;1216;1284;1901;1902;1904;1907;2221,82;83
76,118,0,,3,88;1114;1283,0,1,False,0,,0,AC,False,True,AC,,0,3,0,,88;1114;1283,
77,119,1,FARRAGUT,5,88;204;1218;1283;2222,0,1,False,0,,0,AC,False,True,AC,,1,7,2,FARRAGUT,88;204;1218;1283;1905;1906;2222,86;87
78,120,1,UNKNOWN129920,3,1114;1206;2222,0,1,False,0,,0,AC,False,True,AC,,1,6,0,UNKNOWN129920,1114;1148;1149;1150;1206;2222,
79,121,0,,4,206;1216;1904;2221,0,1,False,0,,0,AC,False,True,AC,,0,4,0,,206;1216;1904;2221,
80,122,0,,4,204;1114;1216;1904,0,1,False,0,,0,AC,False,True,AC,,0,4,0,,204;1114;1216;1904,
81,123,1,UNKNOWN129920,1,1901,0,1,False,0,,0,AC,False,True,AC,,1,4,0,UNKNOWN129920,1148;1149;1150;1901,
82,124,0,,2,1207;1216,0,1,False,0,,0,AC,False,True,AC,,0,2,0,,1207;1216,
83,125,0,,6,87;1189;1206;1218;1219;1901,0,2,False,1,1902,0,AC;DC,True,True,DC,,0,7,0,,87;1189;1206;1218;1219;1901;1902,
84,126,2,EAST 13TH STREET;FARRAGUT,5,87;88;1148;1149;2220,2,5,False,24,53;54;1116;1127;1144;1145;1146;1147;1194;1204;1205;1212;1213;1214;1215;1269;1270;1271;1274;1275;1278;1281;1282;2226,12,DC;DC;DC;DC;AC,True,True,AC,,16,47,8,UNKNOWN124169;EAST 13TH STREET;EAST ASTORIA;UNKNOWN129913;CORONA;TAP135492;WOODMERE;JAMAICA;GOWANUS;HUDSON AVENUE;FARRAGUT;UNKNOWN124169;EAST ASTORIA;JAMAICA;GOWANUS;FARRAGUT,53;54;87;88;203;204;205;206;1116;1127;1144;1145;1146;1147;1148;1149;1194;1204;1205;1212;1213;1214;1215;1216;1217;1218;1219;1269;1270;1271;1272;1274;1275;1278;1281;1282;1283;1284;1901;1902;1903;1904;1905;1906;1907;2220;2226,3;32;33;54;82;83;86;87
85,127,1,EAST 13TH STREET,2,206;1217,0,2,False,1,1215,0,AC;AC,False,True,AC,,1,6,0,EAST 13TH STREET,203;204;205;206;1215;1217,
86,128,0,,5,87;1206;1216;1901;2220,0,2,False,1,1902,0,AC;DC,True,True,DC,,0,6,0,,87;1206;1216;1901;1902;2220,
87,129,0,,3,1149;1902;2221,0,3,False,2,1150;1901,3,AC;DC;DC,True,True,DC,,3,6,2,UNKNOWN129920;GOWANUS;GOWANUS,1148;1149;1150;1901;1902;2221,82;83
88,130,1,UNKNOWN129920,4,203;206;1217;1903,0,1,False,0,,0,AC,False,True,AC,,1,7,0,UNKNOWN129920,203;206;1148;1149;1150;1217;1903,
89,131,1,FARRAGUT,6,87;1189;1206;1218;1906;2222,0,1,False,0,,0,AC,False,True,AC,,1,7,2,FARRAGUT,87;1189;1206;1218;1905;1906;2222,86;87
90,132,0,,1,1216,0,1,False,0,,0,AC,False,True,AC,,0,1,0,,1216,
91,133,0,,2,1905;2220,0,1,False,0,,0,AC,False,True,AC,,0,2,0,,1905;2220,
92,134,0,,4,1149;1189;1207;1218,0,1,False,0,,0,AC,False,True,AC,,0,4,0,,1149;1189;1207;1218,
93,135,0,,1,1149,0,1,False,0,,0,AC,False,True,AC,,0,1,0,,1149,
94,136,2,UNKNOWN129920;FARRAGUT,1,1219,2,2,False,1,1215,0,DC;DC,True,True,DC,,4,10,4,UNKNOWN129920;GOWANUS;FARRAGUT;GOWANUS,1148;1149;1150;1215;1219;1901;1902;1903;1904;1907,82;83;86;87
95,137,0,,4,205;1902;1903;1905,0,2,False,1,1901,0,AC;DC,True,True,DC,,0,5,0,,205;1901;1902;1903;1905,
96,138,0,,3,205;1219;1284,0,1,False,0,,0,AC,False,True,AC,,0,3,0,,205;1219;1284,
97,139,2,FARRAGUT;FARRAGUT,7,88;1148;1207;1217;1903;1905;2221,2,2,False,1,1215,0,AC;AC,False,True,AC,,4,13,4,GOWANUS;FARRAGUT;GOWANUS;FARRAGUT,88;1148;1207;1215;1217;1901;1902;1903;1904;1905;1906;1907;2221,82;83;86;87
98,140,0,,3,1149;1216;1283,0,1,False,0,,0,AC,False,True,AC,,0,3,0,,1149;1216;1283,
99,141,1,FARRAGUT,2,1149;1906,0,2,False,2,1150;1215,3,DC;DC,True,True,DC,,4,10,4,UNKNOWN129920;GOWANUS;FARRAGUT;GOWANUS,1148;1149;1150;1215;1901;1902;1903;1904;1906;1907,82;83;86;87
100,142,1,EAST 13TH STREET,3,1206;1219;1907,0,2,False,1,1215,0,AC;AC,False,True,AC,,1,8,0,EAST 13TH STREET,203;204;205;206;1206;1215;1219;1907,
101,143,0,,1,1284,0,1,False,0,,0,AC,False,True,AC,,0,1,0,,1284,
102,144,2,UNKNOWN129920;FARRAGUT,4,88;1150;1206;1219,0,1,False,0,,0,AC,False,True,AC,,2,8,2,UNKNOWN129920;FARRAGUT,88;1148;1149;1150;1206;1219;1905;1906,86;87
103,145,0,,2,1188;1906,0,1,False,0,,0,AC,False,True,AC,,0,2,0,,1188;1906,
104,146,0,,5,205;206;1149;1219;1906,0,2,False,1,1215,0,AC;AC,False,True,AC,,0,6,0,,205;206;1149;1215;1219;1906,
105,147,0,,10,206;1148;1149;1150;1188;1194;1207;1219;1905;2221,1,1,False,0,,0,DC,True,True,DC,,1,10,0,UNKNOWN129920,206;1148;1149;1150;1188;1194;1207;1219;1905;2221,
106,148,0,,3,1218;1903;2221,0,1,False,0,,0,AC,False,True,AC,,0,3,0,,1218;1903;2221,
107,149,0,,2,1216;1906,0,1,False,0,,0,AC,False,True,AC,,0,2,0,,1216;1906,
108,150,1,EAST 13TH STREET,0,,0,2,False,1,1215,0,AC;AC,False,True,AC,,1,5,0,EAST 13TH STREET,203;204;205;206;1215,
109,151,0,,6,203;1114;1207;1219;1903;1904,0,1,False,0,,0,AC,False,True,AC,,0,6,0,,203;1114;1207;1219;1903;1904,
110,152,1,FARRAGUT,3,1219;1283;1906,0,2,False,2,1215;1284,2,DC;DC,True,True,DC,,3,11,2,HUDSON AVENUE;FARRAGUT;FARRAGUT,1215;1219;1283;1284;1901;1902;1903;1904;1905;1906;1907,86;87
111,153,1,FARRAGUT,4,206;1149;1206;2221,0,2,False,2,1150;1215,3,DC;DC,True,True,DC,,4,12,4,UNKNOWN129920;GOWANUS;FARRAGUT;GOWANUS,206;1148;1149;1150;1206;1215;1901;1902;1903;1904;1907;2221,82;83;86;87
112,154,0,,3,88;1188;1902,0,2,False,1,1901,0,AC;DC,True,True,DC,,0,4,0,,88;1188;1901;1902,
113,155,0,,1,1149,0,1,False,0,,0,AC,False,True,AC,,0,1,0,,1149,
114,156,3,UNKNOWN129920;FARRAGUT;FARRAGUT,4,206;1149;1217;1906,2,1,False,0,,0,DC,True,True,DC,,5,12,4,UNKNOWN129920;GOWANUS;FARRAGUT;GOWANUS;FARRAGUT,206;1148;1149;1150;1217;1901;1902;1903;1904;1905;1906;1907,82;83;86;87
115,157,0,,5,203;1148;1207;1217;1284,0,1,False,0,,0,AC,False,True,AC,,0,5,0,,203;1148;1207;1217;1284,
116,158,0,,6,1148;1150;1189;1217;1218;1219,0,1,False,0,,0,AC,False,True,AC,,0,6,0,,1148;1150;1189;1217;1218;1219,
117,159,0,,2,1148;1906,0,1,False,0,,0,AC,False,True,AC,,0,2,0,,1148;1906,
118,160,0,,2,204;1219,0,1,False,0,,0,AC,False,True,AC,,0,2,0,,204;1219,
119,161,0,,1,1206,0,1,False,0,,0,AC,False,True,AC,,0,1,0,,1206,
120,162,1,EAST 13TH STREET,4,87;1188;1217;1218,0,2,False,1,1215,0,AC;AC,False,True,AC,,1,9,0,EAST 13TH STREET,87;203;204;205;206;1188;1215;1217;1218,
121,163,1,UNKNOWN129920,2,204;1217,0,1,False,0,,0,AC,False,True,AC,,1,5,0,UNKNOWN129920,204;1148;1149;1150;1217,
122,164,1,EAST 13TH STREET,4,204;206;1149;1905,0,2,False,1,1215,0,AC;AC,False,True,AC,,1,7,0,EAST 13TH STREET,203;204;205;206;1149;1215;1905,
123,165,0,,4,88;1902;1905;1907,0,3,False,2,1215;1901,0,AC;DC;DC,True,True,DC,,0,6,0,,88;1215;1901;1902;1905;1907,
124,166,0,,4,1189;1194;1219;1905,0,1,False,0,,0,AC,False,True,AC,,0,4,0,,1189;1194;1219;1905,
125,167,0,,2,1150;1219,0,1,False,0,,0,AC,False,True,AC,,0,2,0,,1150;1219,
126,168,1,UNKNOWN129920,7,203;1149;1189;1194;1217;1283;1904,0,1,False,0,,0,DC,True,True,DC,,1,9,0,UNKNOWN129920,203;1148;1149;1150;1189;1194;1217;1283;1904,
127,169,0,,1,1207,0,1,False,0,,0,AC,False,True,AC,,0,1,0,,1207,
128,170,0,,5,203;204;1149;1189;1217,0,2,False,1,1215,0,AC;AC,False,True,AC,,0,6,0,,203;204;1149;1189;1215;1217,
129,171,0,,0,,0,1,False,0,,0,AC,False,True,AC,,0,0,0,,,
130,172,0,,2,1114;1903,0,1,False,0,,0,AC,False,True,AC,,0,2,0,,1114;1903,
131,173,1,EAST 13TH STREET,3,1150;1206;1902,0,3,False,3,1149;1215;1901,3,AC;DC;DC,True,True,DC,,4,11,2,EAST 13TH STREET;UNKNOWN129920;GOWANUS;GOWANUS,203;204;205;206;1148;1149;1150;1206;1215;1901;1902,82;83
132,174,0,,6,87;1114;1149;1207;1219;1905,0,1,False,0,,0,AC,False,True,AC,,0,6,0,,87;1114;1149;1207;1219;1905,
133,175,2,FARRAGUT;FARRAGUT,4,87;1284;1901;1906,0,2,False,1,1215,0,DC;DC,True,True,DC,,2,10,2,FARRAGUT;FARRAGUT,87;1215;1284;1901;1902;1903;1904;1905;1906;1907,86;87
134,176,0,,3,1150;1216;1218,0,1,False,0,,0,AC,False,True,AC,,0,3,0,,1150;1216;1218,
135,177,0,,3,1114;1149;1216,0,1,False,0,,0,AC,False,True,AC,,0,3,0,,1114;1149;1216,
136,178,2,UNKNOWN129920;FARRAGUT,0,,2,2,False,1,1215,0,DC;DC,True,True,DC,,4,9,4,UNKNOWN129920;GOWANUS;FARRAGUT;GOWANUS,1148;1149;1150;1215;1901;1902;1903;1904;1907,82;83;86;87
137,179,1,FARRAGUT,5,1148;1194;1216;1218;1219,0,5,False,15,53;54;1144;1145;1146;1147;1215;1217;1271;1274;1275;1278;1281;1282;2226,5,AC;AC;DC;DC;AC,True,True,AC,,6,27,3,UNKNOWN129913;CORONA;JAMAICA;HUDSON AVENUE;JAMAICA;FARRAGUT,53;54;1144;1145;1146;1147;1148;1194;1212;1213;1214;1215;1216;1217;1218;1219;1271;1274;1275;1278;1281;1282;1283;1284;1905;1906;2226,54;86;87
138,180,0,,3,1219;1283;1904,0,1,False,0,,0,AC,False,True,AC,,0,3,0,,1219;1283;1904,
139,181,0,,2,1206;1207,0,1,False,0,,0,AC,False,True,AC,,0,2,0,,1206;1207,
140,182,0,,3,1218;1219;1903,0,1,False,0,,0,AC,False,True,AC,,0,3,0,,1218;1219;1903,
141,183,1,FARRAGUT,1,1189,0,1,False,0,,0,AC,False,True,AC,,1,3,2,FARRAGUT,1189;1905;1906,86;87
142,184,1,EAST 13TH STREET,5,1149;1216;1284;1901;1905,0,3,False,3,1150;1215;1902,3,AC;DC;DC,True,True,DC,,4,13,2,EAST 13TH STREET;UNKNOWN129920;GOWANUS;GOWANUS,203;204;205;206;1148;1149;1150;1215;1216;1284;1901;1902;1905,82;83
143,185,0,,1,203,0,1,False,0,,0,AC,False,True,AC,,0,1,0,,203,
144,186,0,,0,,0,1,False,0,,0,AC,False,True,AC,,0,0,0,,,
145,187,0,,3,206;1284;1904,0,1,False,0,,0,AC,False,True,AC,,0,3,0,,206;1284;1904,
146,188,0,,2,1206;1905,0,1,False,0,,0,AC,False,True,AC,,0,2,0,,1206;1905,
147,189,0,,8,88;204;1188;1189;1218;1284;1903;1907,0,1,False,0,,0,AC,False,True,AC,,0,8,0,,88;204;1188;1189;1218;1284;1903;1907,
148,190,1,UNKNOWN129920,3,1216;1218;1905,0,1,False,0,,0,AC,False,True,AC,,1,6,0,UNKNOWN129920,1148;1149;1150;1216;1218;1905,
149,191,1,FARRAGUT,4,1206;1216;1904;1907,0,2,False,1,1215,0,DC;DC,True,True,DC,,1,8,2,FARRAGUT,1206;1215;1216;1901;1902;1903;1904;1907,86;87
150,192,2,FARRAGUT;FARRAGUT,3,1150;1189;1906,0,2,False,2,1149;1215,3,DC;DC,True,True,DC,,5,12,4,UNKNOWN129920;GOWANUS;FARRAGUT;GOWANUS;FARRAGUT,1148;1149;1150;1189;1215;1901;1902;1903;1904;1905;1906;1907,82;83;86;87
151,193,1,FARRAGUT,2,87;1206,0,1,False,0,,0,AC,False,True,AC,,1,4,2,FARRAGUT,87;1206;1905;1906,86;87
152,194,0,,2,1148;1218,0,1,False,0,,0,AC,False,True,AC,,0,2,0,,1148;1218,
153,195,2,EAST 13TH STREET;UNKNOWN129920,4,1148;1904;2220;2222,0,1,False,0,,0,DC,True,True,DC,,2,10,0,EAST 13TH STREET;UNKNOWN129920,203;204;205;206;1148;1149;1150;1904;2220;2222,
154,196,0,,7,87;88;203;1194;1901;2221;2222,0,2,False,2,1215;1902,2,AC;DC,True,True,DC,,2,9,1,UNKNOWN124169;UNKNOWN124169,87;88;203;1194;1215;1901;1902;2221;2222,3
155,197,0,,6,204;205;1148;1149;1905;1906,0,1,False,0,,0,AC,False,True,AC,,0,6,0,,204;205;1148;1149;1905;1906,
156,198,1,FARRAGUT,6,1206;1207;1217;1218;1284;1905,0,2,False,2,1215;1283,2,DC;DC,True,True,DC,,3,14,2,HUDSON AVENUE;FARRAGUT;FARRAGUT,1206;1207;1215;1217;1218;1283;1284;1901;1902;1903;1904;1905;1906;1907,86;87
157,199,2,FARRAGUT;FARRAGUT,3,204;1902;2220,0,2,False,1,1215,0,DC;DC,True,True,DC,,2,10,2,FARRAGUT;FARRAGUT,204;1215;1901;1902;1903;1904;1905;1906;1907;2220,86;87
158,200,1,FARRAGUT,4,205;1149;1217;1903,0,2,False,2,1150;1215,3,DC;DC,True,True,DC,,4,11,4,UNKNOWN129920;GOWANUS;FARRAGUT;GOWANUS,205;1148;1149;1150;1215;1217;1901;1902;1903;1904;1907,82;83;86;87
159,201,0,,4,1150;1218;1905;1907,0,1,False,0,,0,AC,False,True,AC,,0,4,0,,1150;1218;1905;1907,
160,202,0,,1,1284,0,1,False,0,,0,AC,False,True,AC,,0,1,0,,1284,
161,203,1,FARRAGUT,3,1148;1206;1904,2,2,False,1,1215,0,DC;DC,True,True,DC,,3,8,4,GOWANUS;FARRAGUT;GOWANUS,1148;1206;1215;1901;1902;1903;1904;1907,82;83;86;87
162,204,0,,4,87;203;1148;1149,0,1,False,0,,0,AC,False,True,AC,,0,4,0,,87;203;1148;1149,
163,205,0,,3,204;1905;1907,0,1,False,0,,0,AC,False,True,AC,,0,3,0,,204;1905;1907,
164,206,0,,2,88;1150,0,1,False,0,,0,AC,False,True,AC,,0,2,0,,88;1150,
165,207,0,,4,1188;1194;1218;1905,0,1,False,0,,0,AC,False,True,AC,,0,4,0,,1188;1194;1218;1905,
166,208,0,,4,1149;1207;1217;1903,0,1,False,0,,0,AC,False,True,AC,,0,4,0,,1149;1207;1217;1903,
167,209,1,FARRAGUT,3,1149;1206;1207,0,1,False,0,,0,AC,False,True,AC,,1,5,2,FARRAGUT,1149;1206;1207;1905;1906,86;87
168,210,0,,4,87;1189;1216;1905,0,1,False,0,,0,AC,False,True,AC,,0,4,0,,87;1189;1216;1905,
169,211,0,,1,1217,0,1,False,0,,0,AC,False,True,AC,,0,1,0,,1217,
170,212,0,,0,,0,1,False,0,,0,AC,False,True,AC,,0,0,0,,,
171,213,0,,2,204;206,0,1,False,0,,0,AC,False,True,AC,,0,2,0,,204;206,
172,214,1,FARRAGUT,2,204;1902,0,2,False,1,1215,0,DC;DC,True,True,DC,,1,7,2,FARRAGUT,204;1215;1901;1902;1903;1904;1907,86;87
173,215,1,UNKNOWN129920,4,88;1206;1218;1283,0,1,False,0,,0,AC,False,True,AC,,1,7,0,UNKNOWN129920,88;1148;1149;1150;1206;1218;1283,
174,216,0,,2,205;1903,0,1,False,0,,0,AC,False,True,AC,,0,2,0,,205;1903,
175,217,0,,4,206;1188;1207;1284,0,1,False,0,,0,AC,False,True,AC,,0,4,0,,206;1188;1207;1284,
176,218,0,,1,1216,0,1,False,0,,0,AC,False,True,AC,,0,1,0,,1216,
177,219,0,,6,203;1148;1188;1206;1207;1905,0,1,False,0,,0,AC,False,True,AC,,0,6,0,,203;1148;1188;1206;1207;1905,
178,220,0,,1,1906,0,1,False,0,,0,AC,False,True,AC,,0,1,0,,1906,
179,221,0,,3,1194;1206;2222,0,1,False,0,,0,AC,False,True,AC,,0,3,0,,1194;1206;2222,
180,222,0,,3,88;1148;1150,0,1,False,0,,0,AC,False,True,AC,,0,3,0,,88;1148;1150,
181,223,0,,5,1114;1216;1218;1283;2222,0,1,False,0,,0,AC,False,True,AC,,0,5,0,,1114;1216;1218;1283;2222,
182,224,1,FARRAGUT,1,1902,0,2,False,1,1901,0,AC;DC,True,True,DC,,1,4,2,FARRAGUT,1901;1902;1905;1906,86;87
183,225,0,,4,1148;1218;1901;1904,0,1,False,0,,0,AC,False,True,AC,,0,4,0,,1148;1218;1901;1904,
184,226,0,,4,88;204;1216;1217,0,1,False,0,,0,AC,False,True,AC,,0,4,0,,88;204;1216;1217,
185,227,0,,4,203;1284;1904;2220,0,1,False,0,,0,AC,False,True,AC,,0,4,0,,203;1284;1904;2220,
186,228,0,,4,1150;1188;1905;2222,0,1,False,0,,0,AC,False,True,AC,,0,4,0,,1150;1188;1905;2222,
187,229,1,FARRAGUT,5,1148;1189;1206;1219;1902,2,2,False,1,1215,0,DC;DC,True,True,DC,,3,10,4,GOWANUS;FARRAGUT;GOWANUS,1148;1189;1206;1215;1219;1901;1902;1903;1904;1907,82;83;86;87
188,230,1,EAST 13TH STREET,4,1148;1283;1904;2220,0,2,False,1,1215,0,AC;AC,False,True,AC,,1,9,0,EAST 13TH STREET,203;204;205;206;1148;1215;1283;1904;2220,
189,231,0,,2,1219;1283,0,1,False,0,,0,AC,False,True,AC,,0,2,0,,1219;1283,
190,232,0,,0,,0,1,False,0,,0,AC,False,True,AC,,0,0,0,,,
191,233,1,FARRAGUT,4,203;1216;1218;1283,0,2,False,2,1215;1284,2,DC;DC,True,True,DC,,3,13,2,HUDSON AVENUE;FARRAGUT;FARRAGUT,203;1215;1216;1218;1283;1284;1901;1902;1903;1904;1905;1906;1907,86;87
192,234,0,,3,1194;1903;1905,0,1,False,0,,0,AC,False,True,AC,,0,3,0,,1194;1903;1905,
193,235,3,UNKNOWN129920;FARRAGUT;FARRAGUT,4,1216;1219;1283;1284,3,1,False,0,,0,DC,True,True,DC,,6,14,4,UNKNOWN129920;GOWANUS;HUDSON AVENUE;FARRAGUT;GOWANUS;FARRAGUT,1148;1149;1150;1216;1219;1283;1284;1901;1902;1903;1904;1905;1906;1907,82;83;86;87
194,236,0,,2,1194;2222,0,1,False,0,,0,AC,False,True,AC,,0,2,0,,1194;2222,
195,237,1,UNKNOWN129920,5,88;203;1148;1149;1189,0,1,False,0,,0,DC,True,True,DC,,1,6,0,UNKNOWN129920,88;203;1148;1149;1150;1189,
196,238,0,,3,1217;1905;2221,0,1,False,0,,0,AC,False,True,AC,,0,3,0,,1217;1905;2221,
197,239,1,EAST 13TH STREET,5,204;1148;1149;1284;1905,0,2,False,1,1215,0,AC;AC,False,True,AC,,1,9,0,EAST 13TH STREET,203;204;205;206;1148;1149;1215;1284;1905,
198,240,1,UNKNOWN129920,4,88;1283;1284;1904,0,1,False,0,,0,AC,False,True,AC,,1,7,0,UNKNOWN129920,88;1148;1149;1150;1283;1284;1904,
199,241,0,,3,203;1218;2221,0,1,False,0,,0,AC,False,True,AC,,0,3,0,,203;1218;2221,
200,242,1,FARRAGUT,3,1206;1903;1906,0,1,False,0,,0,AC,False,True,AC,,1,4,2,FARRAGUT,1206;1903;1905;1906,86;87
201,243,0,,1,1114,0,1,False,0,,0,AC,False,True,AC,,0,1,0,,1114,
202,244,0,,2,88;1284,0,1,False,0,,0,AC,False,True,AC,,0,2,0,,88;1284,
203,245,2,FARRAGUT;FARRAGUT,3,1206;1216;1902,0,2,False,1,1215,0,DC;DC,True,True,DC,,2,10,2,FARRAGUT;FARRAGUT,1206;1215;1216;1901;1902;1903;1904;1905;1906;1907,86;87
204,246,0,,6,1150;1206;1207;1902;1906;2220,0,3,False,2,1149;1901,3,AC;DC;DC,True,True,DC,,3,9,2,UNKNOWN129920;GOWANUS;GOWANUS,1148;1149;1150;1206;1207;1901;1902;1906;2220,82;83
205,247,0,,2,205;2222,0,1,False,0,,0,AC,False,True,AC,,0,2,0,,205;2222,
206,248,1,FARRAGUT,4,1150;1903;1904;2220,0,2,False,2,1149;1215,3,DC;DC,True,True,DC,,4,10,4,UNKNOWN129920;GOWANUS;FARRAGUT;GOWANUS,1148;1149;1150;1215;1901;1902;1903;1904;1907;2220,82;83;86;87
207,249,1,FARRAGUT,2,203;1901,0,2,False,1,1902,0,AC;DC,True,True,DC,,1,5,2,FARRAGUT,203;1901;1902;1905;1906,86;87
208,250,1,FARRAGUT,5,87;206;1194;1218;1904,0,2,False,1,1215,0,DC;DC,True,True,DC,,1,10,2,FARRAGUT,87;206;1194;1215;1218;1901;1902;1903;1904;1907,86;87
209,251,0,,6,1150;1189;1283;1906;2220;2222,0,1,False,0,,0,AC,False,True,AC,,0,6,0,,1150;1189;1283;1906;2220;2222,
210,252,0,,6,205;1217;1284;1906;1907;2222,0,1,False,0,,0,AC,False,True,AC,,0,6,0,,205;1217;1284;1906;1907;2222,
211,253,1,FARRAGUT,2,87;1217,0,2,False,1,1215,0,DC;DC,True,True,DC,,1,8,2,FARRAGUT,87;1215;1217;1901;1902;1903;1904;1907,86;87
212,254,0,,5,206;1148;1150;1188;1219,0,1,False,0,,0,AC,False,True,AC,,0,5,0,,206;1148;1150;1188;1219,
213,255,0,,2,1906;2220,0,1,False,0,,0,AC,False,True,AC,,0,2,0,,1906;2220,
214,256,0,,6,1189;1218;1284;1901;1902;1907,0,2,False,1,1215,0,DC;DC,True,True,DC,,0,7,0,,1189;1215;1218;1284;1901;1902;1907,
215,257,0,,4,206;1207;1219;1902,0,2,False,1,1901,0,AC;DC,True,True,DC,,0,5,0,,206;1207;1219;1901;1902,
216,258,1,FARRAGUT,4,1150;1188;1207;1217,0,1,False,0,,0,AC,False,True,AC,,1,6,2,FARRAGUT,1150;1188;1207;1217;1905;1906,86;87
217,259,0,,6,206;1218;1284;1901;1902;1906,0,1,False,0,,0,DC,True,True,DC,,0,6,0,,206;1218;1284;1901;1902;1906,
218,260,1,FARRAGUT,2,88;205,0,1,False,0,,0,AC,False,True,AC,,1,4,2,FARRAGUT,88;205;1905;1906,86;87
219,261,0,,4,1207;1218;1904;2222,0,1,False,0,,0,AC,False,True,AC,,0,4,0,,1207;1218;1904;2222,
220,262,0,,3,88;206;2220,0,1,False,0,,0,AC,False,True,AC,,0,3,0,,88;206;2220,
221,263,1,FARRAGUT,3,1206;1904;2221,0,2,False,1,1215,0,DC;DC,True,True,DC,,1,8,2,FARRAGUT,1206;1215;1901;1902;1903;1904;1907;2221,86;87
222,264,1,FARRAGUT,4,1114;1148;1188;1194,0,1,False,0,,0,AC,False,True,AC,,1,6,2,FARRAGUT,1114;1148;1188;1194;1905;1906,86;87
223,265,1,UNKNOWN129920,1,203,0,1,False,0,,0,AC,False,True,AC,,1,4,0,UNKNOWN129920,203;1148;1149;1150,
224,266,0,,4,1148;1217;1905;2220,0,1,False,0,,0,AC,False,True,AC,,0,4,0,,1148;1217;1905;2220,
225,267,1,FARRAGUT,4,1148;1207;1906;2220,0,1,False,0,,0,AC,False,True,AC,,1,5,2,FARRAGUT,1148;1207;1905;1906;2220,86;87
226,268,0,,4,1149;1150;1902;1905,0,2,False,1,1901,3,AC;DC,True,True,DC,,3,6,2,UNKNOWN129920;GOWANUS;GOWANUS,1148;1149;1150;1901;1902;1905,82;83
227,269,0,,3,87;1148;1283,0,1,False,0,,0,AC,False,True,AC,,0,3,0,,87;1148;1283,
228,270,0,,5,205;1207;1284;1904;1906,0,1,False,0,,0,AC,False,True,AC,,0,5,0,,205;1207;1284;1904;1906,
229,271,0,,2,205;2221,0,1,False,0,,0,AC,False,True,AC,,0,2,0,,205;2221,
230,272,0,,1,1284,0,1,False,0,,0,AC,False,True,AC,,0,1,0,,1284,
231,273,0,,1,1219,0,1,False,0,,0,AC,False,True,AC,,0,1,0,,1219,
232,274,0,,5,203;205;1148;1207;1284,0,1,False,0,,0,AC,False,True,AC,,0,5,0,,203;205;1148;1207;1284,
233,275,2,FARRAGUT;FARRAGUT,4,1217;1284;1901;2221,0,2,False,1,1215,0,DC;DC,True,True,DC,,2,11,2,FARRAGUT;FARRAGUT,1215;1217;1284;1901;1902;1903;1904;1905;1906;1907;2221,86;87
234,276,1,UNKNOWN129920,3,1194;1901;2221,0,1,False,0,,0,AC,False,True,AC,,1,6,0,UNKNOWN129920,1148;1149;1150;1194;1901;2221,
235,277,1,FARRAGUT,3,1148;1189;1901,0,1,False,0,,0,AC,False,True,AC,,1,5,2,FARRAGUT,1148;1189;1901;1905;1906,86;87
236,278,0,,5,1189;1219;1904;1907;2221,0,1,False,0,,0,AC,False,True,AC,,0,5,0,,1189;1219;1904;1907;2221,
237,279,2,EAST 13TH STREET;FARRAGUT,5,204;206;1189;1219;1901,0,2,False,1,1215,0,DC;DC,True,True,DC,,2,12,2,EAST 13TH STREET;FARRAGUT,203;204;205;206;1189;1215;1219;1901;1902;1903;1904;1907,86;87
238,280,0,,4,206;1207;1217;1283,0,1,False,0,,0,AC,False,True,AC,,0,4,0,,206;1207;1217;1283,
239,281,0,,4,204;1217;1903;1906,0,1,False,0,,0,AC,False,True,AC,,0,4,0,,204;1217;1903;1906,
240,282,0,,5,87;1194;1219;1284;1906,0,1,False,0,,0,AC,False,True,AC,,0,5,0,,87;1194;1219;1284;1906,
241,283,1,FARRAGUT,6,1216;1217;1219;1903;1906;2222,0,5,False,15,53;54;1144;1145;1146;1147;1215;1218;1271;1274;1275;1278;1281;1282;2226,5,AC;AC;DC;DC;AC,True,True,AC,,6,27,3,UNKNOWN129913;CORONA;JAMAICA;HUDSON AVENUE;JAMAICA;FARRAGUT,53;54;1144;1145;1146;1147;1212;1213;1214;1215;1216;1217;1218;1219;1271;1274;1275;1278;1281;1282;1283;1284;1903;1905;1906;2222;2226,54;86;87
242,284,1,UNKNOWN129920,1,1283,0,1,False,0,,0,AC,False,True,AC,,1,4,0,UNKNOWN129920,1148;1149;1150;1283,
243,285,2,EAST 13TH STREET;FARRAGUT,6,1206;1218;1219;1905;1906;2222,0,2,False,1,1215,0,AC;AC,False,True,AC,,2,11,2,EAST 13TH STREET;FARRAGUT,203;204;205;206;1206;1215;1218;1219;1905;1906;2222,86;87
244,286,1,FARRAGUT,5,1194;1206;1207;1217;2222,0,2,False,1,1215,0,DC;DC,True,True,DC,,1,11,2,FARRAGUT,1194;1206;1207;1215;1217;1901;1902;1903;1904;1907;2222,86;87
245,287,1,FARRAGUT,5,205;1194;1217;1219;1283,0,2,False,2,1215;1284,2,DC;DC,True,True,DC,,3,14,2,HUDSON AVENUE;FARRAGUT;FARRAGUT,205;1194;1215;1217;1219;1283;1284;1901;1902;1903;1904;1905;1906;1907,86;87
246,288,0,,4,88;206;1148;1206,0,1,False,0,,0,AC,False,True,AC,,0,4,0,,88;206;1148;1206,
247,289,1,UNKNOWN129920,4,204;1149;1906;1907,0,1,False,0,,0,AC,False,True,AC,,1,6,0,UNKNOWN129920,204;1148;1149;1150;1906;1907,
248,290,1,FARRAGUT,3,1903;1905;1906,0,1,False,0,,0,AC,False,True,AC,,1,3,2,FARRAGUT,1903;1905;1906,86;87
249,291,1,FARRAGUT,4,88;204;1188;1903,0,1,False,0,,0,AC,False,True,AC,,1,6,2,FARRAGUT,88;204;1188;1903;1905;1906,86;87
250,292,0,,2,1207;1907,0,1,False,0,,0,AC,False,True,AC,,0,2,0,,1207;1907,
251,293,0,,2,1284;2220,0,1,False,0,,0,AC,False,True,AC,,0,2,0,,1284;2220,
252,294,0,,2,1149;2222,0,1,False,0,,0,AC,False,True,AC,,0,2,0,,1149;2222,
253,295,1,UNKNOWN129920,3,1114;1283;1284,0,1,False,0,,0,AC,False,True,AC,,1,6,0,UNKNOWN129920,1114;1148;1149;1150;1283;1284,
254,296,1,FARRAGUT,1,1903,0,1,False,0,,0,AC,False,True,AC,,1,3,2,FARRAGUT,1903;1905;1906,86;87
255,297,1,EAST 13TH STREET,5,88;1148;1150;1189;1216,0,2,False,1,1215,0,AC;AC,False,True,AC,,1,10,0,EAST 13TH STREET,88;203;204;205;206;1148;1150;1189;1215;1216,
256,298,0,,7,203;206;1148;1218;1901;1904;1905,0,1,False,0,,0,AC,False,True,AC,,0,7,0,,203;206;1148;1218;1901;1904;1905,
257,299,1,FARRAGUT,5,203;206;1148;1902;1906,2,2,False,1,1215,0,DC;DC,True,True,DC,,3,10,4,GOWANUS;FARRAGUT;GOWANUS,203;206;1148;1215;1901;1902;1903;1904;1906;1907,82;83;86;87
258,300,0,,3,1206;1207;1283,0,1,False,0,,0,AC,False,True,AC,,0,3,0,,1206;1207;1283,
259,301,0,,3,204;205;1902,0,2,False,1,1901,0,AC;DC,True,True,DC,,0,4,0,,204;205;1901;1902,
260,302,0,,2,1903;1907,0,1,False,0,,0,AC,False,True,AC,,0,2,0,,1903;1907,
261,303,0,,4,88;1217;1284;1904,0,1,False,0,,0,AC,False,True,AC,,0,4,0,,88;1217;1284;1904,
262,304,0,,6,204;206;1148;1150;1218;2222,0,1,False,0,,0,AC,False,True,AC,,0,6,0,,204;206;1148;1150;1218;2222,
263,305,0,,4,87;1150;1219;1906,0,1,False,0,,0,AC,False,True,AC,,0,4,0,,87;1150;1219;1906,
264,306,2,EAST 13TH STREET;FARRAGUT,5,204;205;1150;1218;2222,0,2,False,2,1149;1215,3,DC;DC,True,True,DC,,5,15,4,EAST 13TH STREET;UNKNOWN129920;GOWANUS;FARRAGUT;GOWANUS,203;204;205;206;1148;1149;1150;1215;1218;1901;1902;1903;1904;1907;2222,82;83;86;87
265,307,0,,6,88;206;1150;1218;1284;1906,0,1,False,0,,0,AC,False,True,AC,,0,6,0,,88;206;1150;1218;1284;1906,
266,308,0,,1,88,0,1,False,0,,0,AC,False,True,AC,,0,1,0,,88,
267,309,1,UNKNOWN129920,3,1903;1906;2220,0,1,False,0,,0,AC,False,True,AC,,1,6,0,UNKNOWN129920,1148;1149;1150;1903;1906;2220,
268,310,0,,3,206;1206;1216,0,1,False,0,,0,AC,False,True,AC,,0,3,0,,206;1206;1216,
269,311,0,,5,204;206;1150;1194;1218,0,1,False,0,,0,AC,False,True,AC,,0,5,0,,204;206;1150;1194;1218,
270,312,1,FARRAGUT,3,203;1283;1905,0,1,False,0,,0,AC,False,True,AC,,1,4,2,FARRAGUT,203;1283;1905;1906,86;87
271,313,0,,2,205;1906,0,1,False,0,,0,AC,False,True,AC,,0,2,0,,205;1906,
272,314,0,,3,87;1217;2222,0,1,False,0,,0,AC,False,True,AC,,0,3,0,,87;1217;2222,
273,315,0,,1,203,0,1,False,0,,0,AC,False,True,AC,,0,1,0,,203,
274,316,1,UNKNOWN129920,2,87;1206,0,1,False,0,,0,AC,False,True,AC,,1,5,0,UNKNOWN129920,87;1148;1149;1150;1206,
275,317,0,,2,1148;1906,0,1,False,0,,0,AC,False,True,AC,,0,2,0,,1148;1906,
276,318,1,FARRAGUT,1,1206,0,1,False,0,,0,AC,False,True,AC,,1,3,2,FARRAGUT,1206;1905;1906,86;87
277,319,0,,4,1188;1216;1283;1904,0,1,False,0,,0,AC,False,True,AC,,0,4,0,,1188;1216;1283;1904,
278,320,0,,3,1206;1284;1901,0,2,False,1,1902,0,AC;DC,True,True,DC,,0,4,0,,1206;1284;1901;1902,
279,321,0,,1,1904,0,1,False,0,,0,AC,False,True,AC,,0,1,0,,1904,
280,322,0,,5,1189;1219;1284;1901;2220,0,2,False,1,1902,0,AC;DC,True,True,DC,,0,6,0,,1189;1219;1284;1901;1902;2220,
281,323,0,,5,87;1148;1189;1283;1906,0,1,False,0,,0,AC,False,True,AC,,0,5,0,,87;1148;1189;1283;1906,
282,324,0,,3,203;1283;2221,0,1,False,0,,0,AC,False,True,AC,,0,3,0,,203;1283;2221,
283,325,0,,5,88;1148;1149;1283;1907,0,1,False,0,,0,AC,False,True,AC,,0,5,0,,88;1148;1149;1283;1907,
284,326,1,EAST 13TH STREET,2,1206;1904,0,2,False,1,1215,0,AC;AC,False,True,AC,,1,7,0,EAST 13TH STREET,203;204;205;206;1206;1215;1904,
285,327,1,FARRAGUT,2,88;1903,0,1,False,0,,0,AC,False,True,AC,,1,4,2,FARRAGUT,88;1903;1905;1906,86;87
286,328,0,,2,1216;2221,0,1,False,0,,0,AC,False,True,AC,,0,2,0,,1216;2221,
287,329,0,,4,1189;1206;1904;2222,0,1,False,0,,0,AC,False,True,AC,,0,4,0,,1189;1206;1904;2222,
288,330,0,,4,205;1114;1148;1905,0,1,False,0,,0,AC,False,True,AC,,0,4,0,,205;1114;1148;1905,
289,331,0,,2,1206;1218,0,1,False,0,,0,AC,False,True,AC,,0,2,0,,1206;1218,
290,332,0,,1,1217,0,1,False,0,,0,AC,False,True,AC,,0,1,0,,1217,
291,333,0,,4,206;1901;1905;2220,0,2,False,1,1902,0,AC;DC,True,True,DC,,0,5,0,,206;1901;1902;1905;2220,
292,334,1,FARRAGUT,2,205;1906,0,2,False,1,1215,0,DC;DC,True,True,DC,,1,8,2,FARRAGUT,205;1215;1901;1902;1903;1904;1906;1907,86;87
293,335,0,,5,205;1194;1219;1283;2222,0,1,False,0,,0,AC,False,True,AC,,0,5,0,,205;1194;1219;1283;2222,
294,336,1,FARRAGUT,4,204;1114;1207;1283,0,1,False,0,,0,AC,False,True,AC,,1,6,2,FARRAGUT,204;1114;1207;1283;1905;1906,86;87
295,337,1,EAST 13TH STREET,7,205;1149;1206;1283;1902;1905;1907,0,3,False,3,1150;1215;1901,3,AC;DC;DC,True,True,DC,,4,14,2,EAST 13TH STREET;UNKNOWN129920;GOWANUS;GOWANUS,203;204;205;206;1148;1149;1150;1206;1215;1283;1901;1902;1905;1907,82;83
296,338,0,,4,204;1149;1905;1906,0,1,False,0,,0,AC,False,True,AC,,0,4,0,,204;1149;1905;1906,
297,339,0,,0,,0,1,False,0,,0,AC,False,True,AC,,0,0,0,,,
298,340,0,,4,204;1284;1904;1905,0,1,False,0,,0,AC,False,True,AC,,0,4,0,,204;1284;1904;1905,
299,341,0,,3,87;1903;1906,0,1,False,0,,0,AC,False,True,AC,,0,3,0,,87;1903;1906,
300,342,2,FARRAGUT;FARRAGUT,5,204;1901;1903;2220;2222,0,2,False,1,1215,0,DC;DC,True,True,DC,,2,11,2,FARRAGUT;FARRAGUT,204;1215;1901;1902;1903;1904;1905;1906;1907;2220;2222,86;87
301,343,2,UNKNOWN129920;FARRAGUT,6,205;1150;1207;1216;1283;1901,0,1,False,0,,0,AC,False,True,AC,,2,10,2,UNKNOWN129920;FARRAGUT,205;1148;1149;1150;1207;1216;1283;1901;1905;1906,86;87
302,344,0,,3,1207;1283;1905,0,1,False,0,,0,AC,False,True,AC,,0,3,0,,1207;1283;1905,
303,345,0,,6,203;1148;1188;1219;1903;1907,0,1,False,0,,0,AC,False,True,AC,,0,6,0,,203;1148;1188;1219;1903;1907,
304,346,2,FARRAGUT;FARRAGUT,0,,0,2,False,1,1215,0,DC;DC,True,True,DC,,2,8,2,FARRAGUT;FARRAGUT,1215;1901;1902;1903;1904;1905;1906;1907,86;87
305,347,0,,2,1284;1902,0,2,False,1,1901,0,AC;DC,True,True,DC,,0,3,0,,1284;1901;1902,
306,348,0,,2,88;1194,0,1,False,0,,0,AC,False,True,AC,,0,2,0,,88;1194,
307,349,0,,0,,0,1,False,0,,0,AC,False,True,AC,,0,0,0,,,
308,350,0,,5,204;1114;1903;1904;2220,0,1,False,0,,0,AC,False,True,AC,,0,5,0,,204;1114;1903;1904;2220,
309,351,1,FARRAGUT,4,88;205;1903;2221,0,2,False,1,1215,0,DC;DC,True,True,DC,,1,9,2,FARRAGUT,88;205;1215;1901;1902;1903;1904;1907;2221,86;87
310,352,0,,3,205;1283;1904,0,1,False,0,,0,AC,False,True,AC,,0,3,0,,205;1283;1904,
311,353,1,UNKNOWN129920,5,88;203;1150;1206;1216,0,1,False,0,,0,AC,False,True,AC,,1,7,0,UNKNOWN129920,88;203;1148;1149;1150;1206;1216,
312,354,0,,4,1194;1216;1905;1907,0,1,False,0,,0,AC,False,True,AC,,0,4,0,,1194;1216;1905;1907,
313,355,0,,3,88;204;1284,0,1,False,0,,0,AC,False,True,AC,,0,3,0,,88;204;1284,
314,356,0,,5,204;206;1194;1207;1216,0,1,False,0,,0,AC,False,True,AC,,0,5,0,,204;206;1194;1207;1216,
315,357,1,FARRAGUT,5,87;1148;1283;1906;1907,2,2,False,2,1215;1284,2,DC;AC,True,True,AC,,5,12,4,GOWANUS;HUDSON AVENUE;FARRAGUT;GOWANUS;FARRAGUT,87;1148;1215;1283;1284;1901;1902;1903;1904;1905;1906;1907,82;83;86;87
316,358,0,,1,88,0,1,False,0,,0,AC,False,True,AC,,0,1,0,,88,
317,359,0,,3,1150;1207;1283,0,1,False,0,,0,AC,False,True,AC,,0,3,0,,1150;1207;1283,
318,360,0,,2,1189;1284,0,1,False,0,,0,AC,False,True,AC,,0,2,0,,1189;1284,
319,361,0,,4,1194;1901;1905;1906,0,2,False,1,1902,0,AC;DC,True,True,DC,,0,5,0,,1194;1901;1902;1905;1906,
320,362,1,FARRAGUT,5,1150;1207;1216;1217;1904,0,1,False,0,,0,AC,False,True,AC,,1,7,2,FARRAGUT,1150;1207;1216;1217;1904;1905;1906,86;87
321,363,1,FARRAGUT,3,1216;1906;2220,0,1,False,0,,0,AC,False,True,AC,,1,4,2,FARRAGUT,1216;1905;1906;2220,86;87
322,364,2,EAST 13TH STREET;FARRAGUT,6,1114;1189;1218;1283;1904;1907,0,2,False,2,1215;1284,2,DC;DC,True,True,DC,,4,17,2,EAST 13TH STREET;HUDSON AVENUE;FARRAGUT;FARRAGUT,203;204;205;206;1114;1189;1215;1218;1283;1284;1901;1902;1903;1904;1905;1906;1907,86;87
323,365,0,,3,88;1149;1218,0,1,False,0,,0,AC,False,True,AC,,0,3,0,,88;1149;1218,
324,366,1,FARRAGUT,2,1901;1905,0,2,False,1,1215,0,DC;DC,True,True,DC,,1,7,2,FARRAGUT,1215;1901;1902;1903;1904;1905;1907,86;87
325,367,0,,0,,0,1,False,0,,0,AC,False,True,AC,,0,0,0,,,
326,368,0,,1,1148,0,1,False,0,,0,AC,False,True,AC,,0,1,0,,1148,
327,369,0,,5,204;205;1114;1150;1194,0,1,False,0,,0,AC,False,True,AC,,0,5,0,,204;205;1114;1150;1194,
328,370,1,FARRAGUT,7,87;88;1114;1150;1189;1207;1283,0,7,False,30,53;54;1127;1144;1145;1146;1147;1149;1188;1190;1191;1192;1194;1208;1212;1213;1214;1215;1271;1273;1274;1275;1278;1279;1280;1281;1282;1284;2219;2226,33,DC;DC;DC;DC;DC;DC;DC,True,True,DC,,34,84,14,UNKNOWN124169;EAST 13TH STREET;WEST ASTORIA;EAST ASTORIA;UNKNOWN129913;UNKNOWN129920;BRUCKNER;NORTH QUEENS;CORONA;TAP135492;TAP135493;FAR ROCKAWAY;HEWLETT;WOODMERE;JAMAICA;QUEENSBRIDGE;GOWANUS;RAINEY;HUDSON AVENUE;FARRAGUT;VERNON;LEONARD STREET;WEST 65TH STREET;WEST 49TH STREET;UNKNOWN172523;UNKNOWN172524;UNKNOWN124169;EAST ASTORIA;JAMAICA;GOWANUS;RAINEY;FARRAGUT;LEONARD STREET;WEST 49TH STREET,53;54;87;88;203;204;205;206;1114;1115;1116;1117;1118;1127;1144;1145;1146;1147;1148;1149;1150;1188;1189;1190;1191;1192;1193;1194;1200;1201;1202;1203;1204;1205;1207;1208;1212;1213;1214;1215;1216;1217;1218;1219;1269;1270;1271;1272;1273;1274;1275;1276;1277;1278;1279;1280;1281;1282;1283;1284;1285;1286;1287;1901;1902;1903;1904;1905;1906;1907;1908;1909;1910;1911;1912;1913;1914;1915;1916;2219;2220;2221;2222;2226,3;32;33;54;82;83;84;85;86;87;88;89;90;91
329,371,1,FARRAGUT,5,205;1194;1216;1218;1905,0,1,False,0,,0,AC,False,True,AC,,1,6,2,FARRAGUT,205;1194;1216;1218;1905;1906,86;87
330,372,1,FARRAGUT,4,204;206;1188;1218,0,1,False,0,,0,AC,False,True,AC,,1,6,2,FARRAGUT,204;206;1188;1218;1905;1906,86;87
331,373,1,FARRAGUT,4,1150;1904;1905;1906,0,1,False,0,,0,AC,False,True,AC,,1,4,2,FARRAGUT,1150;1904;1905;1906,86;87
332,374,0,,2,205;1904,0,1,False,0,,0,AC,False,True,AC,,0,2,0,,205;1904,
333,375,0,,3,1902;1903;2222,0,2,False,1,1901,0,AC;DC,True,True,DC,,0,4,0,,1901;1902;1903;2222,
334,376,2,FARRAGUT;FARRAGUT,5,204;206;1219;1284;1904,0,2,False,1,1215,0,DC;DC,True,True,DC,,2,12,2,FARRAGUT;FARRAGUT,204;206;1215;1219;1284;1901;1902;1903;1904;1905;1906;1907,86;87
335,377,0,,2,1219;1901,0,2,False,1,1902,0,AC;DC,True,True,DC,,0,3,0,,1219;1901;1902,
336,378,2,FARRAGUT;FARRAGUT,4,1150;1207;1216;1218,0,2,False,2,1149;1215,3,DC;DC,True,True,DC,,5,14,4,UNKNOWN129920;GOWANUS;FARRAGUT;GOWANUS;FARRAGUT,1148;1149;1150;1207;1215;1216;1218;1901;1902;1903;1904;1905;1906;1907,82;83;86;87
337,379,1,FARRAGUT,4,87;88;203;1148,2,2,False,1,1215,2,DC;DC,True,True,DC,,5,10,5,UNKNOWN124169;GOWANUS;FARRAGUT;UNKNOWN124169;GOWANUS,87;88;203;1148;1215;1901;1902;1903;1904;1907,3;82;83;86;87
338,380,1,UNKNOWN129920,2,204;1904,0,1,False,0,,0,AC,False,True,AC,,1,5,0,UNKNOWN129920,204;1148;1149;1150;1904,
339,381,0,,4,1216;1283;1904;2221,0,1,False,0,,0,AC,False,True,AC,,0,4,0,,1216;1283;1904;2221,
340,382,0,,4,88;1218;1283;1902,0,2,False,1,1901,0,AC;DC,True,True,DC,,0,5,0,,88;1218;1283;1901;1902,
341,383,1,EAST 13TH STREET,7,88;1114;1207;1218;1283;1284;1902,0,2,False,2,1215;1901,0,AC;DC,True,True,DC,,1,13,0,EAST 13TH STREET,88;203;204;205;206;1114;1207;1215;1218;1283;1284;1901;1902,
342,384,0,,2,203;1189,0,1,False,0,,0,AC,False,True,AC,,0,2,0,,203;1189,
343,385,0,,1,1217,0,1,False,0,,0,AC,False,True,AC,,0,1,0,,1217,
344,386,0,,3,1188;1206;1903,0,1,False,0,,0,AC,False,True,AC,,0,3,0,,1188;1206;1903,
345,387,0,,0,,0,1,False,0,,0,AC,False,True,AC,,0,0,0,,,
346,388,0,,3,204;1149;1903,0,1,False,0,,0,AC,False,True,AC,,0,3,0,,204;1149;1903,
347,389,1,EAST 13TH STREET,5,87;203;1148;1284;1907,0,2,False,1,1215,0,AC;AC,False,True,AC,,1,9,0,EAST 13TH STREET,87;203;204;205;206;1148;1215;1284;1907,
348,390,0,,4,1216;1902;1906;1907,0,3,False,2,1215;1901,0,AC;DC;DC,True,True,DC,,0,6,0,,1215;1216;1901;1902;1906;1907,
349,391,1,EAST 13TH STREET,2,1902;1904,0,2,False,2,1215;1901,0,AC;DC,True,True,DC,,1,8,0,EAST 13TH STREET,203;204;205;206;1215;1901;1902;1904,
350,392,0,,3,88;1216;1906,0,1,False,0,,0,AC,False,True,AC,,0,3,0,,88;1216;1906,
351,393,1,FARRAGUT,3,205;1148;1284,0,1,False,0,,0,AC,False,True,AC,,1,5,2,FARRAGUT,205;1148;1284;1905;1906,86;87
352,394,1,UNKNOWN129920,3,204;1150;1188,0,1,False,0,,0,DC,True,True,DC,,1,5,0,UNKNOWN129920,204;1148;1149;1150;1188,
353,395,1,EAST 13TH STREET,1,1906,0,2,False,1,1215,0,AC;AC,False,True,AC,,1,6,0,EAST 13TH STREET,203;204;205;206;1215;1906,
354,396,1,FARRAGUT,3,1206;1283;1902,0,2,False,1,1901,0,AC;DC,True,True,DC,,1,6,2,FARRAGUT,1206;1283;1901;1902;1905;1906,86;87
355,397,0,,4,206;1114;1284;1901,0,2,False,1,1902,0,AC;DC,True,True,DC,,0,5,0,,206;1114;1284;1901;1902,
356,398,0,,3,204;1206;1218,0,1,False,0,,0,AC,False,True,AC,,0,3,0,,204;1206;1218,
357,399,0,,3,1207;1903;1905,0,1,False,0,,0,AC,False,True,AC,,0,3,0,,1207;1903;1905,
358,400,0,,6,1148;1149;1150;1207;1217;1283,1,1,False,0,,0,AC,False,True,AC,,1,6,0,UNKNOWN129920,1148;1149;1150;1207;1217;1283,
359,401,1,FARRAGUT,3,1188;1207;1283,0,2,False,2,1215;1284,2,DC;DC,True,True,DC,,3,12,2,HUDSON AVENUE;FARRAGUT;FARRAGUT,1188;1207;1215;1283;1284;1901;1902;1903;1904;1905;1906;1907,86;87
360,402,0,,3,88;1206;1219,0,1,False,0,,0,AC,False,True,AC,,0,3,0,,88;1206;1219,
361,403,0,,2,205;1189,0,1,False,0,,0,AC,False,True,AC,,0,2,0,,205;1189,
362,404,0,,4,203;1188;1903;2222,0,1,False,0,,0,AC,False,True,AC,,0,4,0,,203;1188;1903;2222,
363,405,0,,5,206;1206;1207;1217;2220,0,1,False,0,,0,AC,False,True,AC,,0,5,0,,206;1206;1207;1217;2220,
364,406,2,EAST 13TH STREET;UNKNOWN129920,2,1206;1218,0,1,False,0,,0,DC,True,True,DC,,2,9,0,EAST 13TH STREET;UNKNOWN129920,203;204;205;206;1148;1149;1150;1206;1218,
365,407,0,,3,87;1189;1217,0,1,False,0,,0,AC,False,True,AC,,0,3,0,,87;1189;1217,
366,408,1,FARRAGUT,4,1219;1283;1903;1906,0,1,False,0,,0,AC,False,True,AC,,1,5,2,FARRAGUT,1219;1283;1903;1905;1906,86;87
367,409,1,FARRAGUT,2,88;2222,0,2,False,1,1215,0,DC;DC,True,True,DC,,1,8,2,FARRAGUT,88;1215;1901;1902;1903;1904;1907;2222,86;87
368,410,0,,2,1149;1150,0,1,False,0,,0,AC,False,True,AC,,0,2,0,,1149;1150,
369,411,0,,6,1149;1188;1194;1206;1901;1903,0,3,False,2,1150;1902,3,AC;DC;DC,True,True,DC,,3,9,2,UNKNOWN129920;GOWANUS;GOWANUS,1148;1149;1150;1188;1194;1206;1901;1902;1903,82;83
370,412,1,FARRAGUT,4,204;1283;1901;2220,0,2,False,1,1902,0,AC;DC,True,True,DC,,1,7,2,FARRAGUT,204;1283;1901;1902;1905;1906;2220,86;87
371,413,3,EAST 13TH STREET;FARRAGUT;FARRAGUT,3,1207;1216;2222,0,2,False,1,1215,0,DC;DC,True,True,DC,,3,15,2,EAST 13TH STREET;FARRAGUT;FARRAGUT,203;204;205;206;1207;1215;1216;1901;1902;1903;1904;1905;1906;1907;2222,86;87
372,414,0,,4,1148;1149;1283;1904,0,1,False,0,,0,AC,False,True,AC,,0,4,0,,1148;1149;1283;1904,
373,415,0,,2,1150;2222,0,1,False,0,,0,AC,False,True,AC,,0,2,0,,1150;2222,
374,416,1,EAST 13TH STREET,2,87;1149,0,2,False,1,1215,0,AC;AC,False,True,AC,,1,7,0,EAST 13TH STREET,87;203;204;205;206;1149;1215,
375,417,0,,2,88;1902,0,2,False,1,1901,0,AC;DC,True,True,DC,,0,3,0,,88;1901;1902,
376,418,0,,4,205;1219;1284;1906,0,1,False,0,,0,AC,False,True,AC,,0,4,0,,205;1219;1284;1906,
377,419,0,,4,1189;1284;1905;1906,0,1,False,0,,0,AC,False,True,AC,,0,4,0,,1189;1284;1905;1906,
378,420,0,,6,203;206;1283;1901;1906;1907,0,3,False,2,1215;1902,0,AC;DC;DC,True,True,DC,,0,8,0,,203;206;1215;1283;1901;1902;1906;1907,
379,421,0,,6,87;88;1149;1217;1219;1906,0,2,False,1,1215,2,AC;AC,False,True,AC,,2,7,1,UNKNOWN124169;UNKNOWN124169,87;88;1149;1215;1217;1219;1906,3
380,422,0,,1,1207,0,1,False,0,,0,AC,False,True,AC,,0,1,0,,1207,
381,423,0,,2,1216;1902,0,2,False,1,1901,0,AC;DC,True,True,DC,,0,3,0,,1216;1901;1902,
382,424,0,,1,1114,0,1,False,0,,0,AC,False,True,AC,,0,1,0,,1114,
383,425,1,FARRAGUT,5,1149;1219;1903;1907;2222,0,2,False,2,1150;1215,3,DC;DC,True,True,DC,,4,11,4,UNKNOWN129920;GOWANUS;FARRAGUT;GOWANUS,1148;1149;1150;1215;1219;1901;1902;1903;1904;1907;2222,82;83;86;87
384,426,1,FARRAGUT,1,1901,0,2,False,1,1215,0,DC;DC,True,True,DC,,1,6,2,FARRAGUT,1215;1901;1902;1903;1904;1907,86;87
385,427,0,,4,206;1150;1217;1283,0,1,False,0,,0,AC,False,True,AC,,0,4,0,,206;1150;1217;1283,
386,428,0,,2,1206;1903,0,1,False,0,,0,AC,False,True,AC,,0,2,0,,1206;1903,
387,429,1,UNKNOWN129920,5,204;1148;1194;1906;2220,0,1,False,0,,0,AC,False,True,AC,,1,7,0,UNKNOWN129920,204;1148;1149;1150;1194;1906;2220,
388,430,0,,4,87;88;1207;1901,0,2,False,2,1215;1902,2,AC;DC,True,True,DC,,2,6,1,UNKNOWN124169;UNKNOWN124169,87;88;1207;1215;1901;1902,3
389,431,1,EAST 13TH STREET,5,87;1194;1901;1903;1905,0,2,False,2,1215;1902,0,AC;DC,True,True,DC,,1,11,0,EAST 13TH STREET,87;203;204;205;206;1194;1215;1901;1902;1903;1905,
390,432,1,FARRAGUT,1,1283,0,2,False,2,1215;1284,2,DC;DC,True,True,DC,,3,10,2,HUDSON AVENUE;FARRAGUT;FARRAGUT,1215;1283;1284;1901;1902;1903;1904;1905;1906;1907,86;87
391,433,0,,3,88;1149;1901,0,3,False,2,1150;1902,3,AC;DC;DC,True,True,DC,,3,6,2,UNKNOWN129920;GOWANUS;GOWANUS,88;1148;1149;1150;1901;1902,82;83
392,434,1,FARRAGUT,8,87;1114;1188;1189;1207;1218;1219;1284,0,2,False,2,1215;1283,2,DC;DC,True,True,DC,,3,17,2,HUDSON AVENUE;FARRAGUT;FARRAGUT,87;1114;1188;1189;1207;1215;1218;1219;1283;1284;1901;1902;1903;1904;1905;1906;1907,86;87
393,435,0,,4,1148;1207;1283;1906,0,1,False,0,,0,AC,False,True,AC,,0,4,0,,1148;1207;1283;1906,
394,436,1,FARRAGUT,4,205;1207;2220;2222,0,2,False,1,1215,0,DC;DC,True,True,DC,,1,10,2,FARRAGUT,205;1207;1215;1901;1902;1903;1904;1907;2220;2222,86;87
395,437,0,,1,87,0,1,False,0,,0,AC,False,True,AC,,0,1,0,,87,
396,438,0,,5,1207;1216;1901;1902;1907,0,2,False,1,1215,0,DC;DC,True,True,DC,,0,6,0,,1207;1215;1216;1901;1902;1907,
397,439,0,,3,205;1217;1906,0,1,False,0,,0,AC,False,True,AC,,0,3,0,,205;1217;1906,
398,440,1,UNKNOWN129920,5,1148;1188;1218;1904;1905,0,1,False,0,,0,DC,True,True,DC,,1,7,0,UNKNOWN129920,1148;1149;1150;1188;1218;1904;1905,
399,441,0,,5,204;1194;1217;1906;2220,0,1,False,0,,0,AC,False,True,AC,,0,5,0,,204;1194;1217;1906;2220,
400,442,1,FARRAGUT,4,1149;1206;1216;1284,0,2,False,3,1150;1215;1283,5,DC;DC,True,True,DC,,6,15,4,UNKNOWN129920;GOWANUS;HUDSON AVENUE;FARRAGUT;GOWANUS;FARRAGUT,1148;1149;1150;1206;1215;1216;1283;1284;1901;1902;1903;1904;1905;1906;1907,82;83;86;87
401,443,1,EAST 13TH STREET,3,206;1114;1283,0,2,False,1,1215,0,AC;AC,False,True,AC,,1,7,0,EAST 13TH STREET,203;204;205;206;1114;1215;1283,
402,444,0,,2,203;1219,0,1,False,0,,0,AC,False,True,AC,,0,2,0,,203;1219,
403,445,1,UNKNOWN129920,5,205;1149;1206;1216;1284,0,1,False,0,,0,AC,False,True,AC,,1,7,0,UNKNOWN129920,205;1148;1149;1150;1206;1216;1284,
404,446,1,FARRAGUT,4,204;1206;1217;1905,0,1,False,0,,0,AC,False,True,AC,,1,5,2,FARRAGUT,204;1206;1217;1905;1906,86;87
405,447,0,,1,1194,0,1,False,0,,0,AC,False,True,AC,,0,1,0,,1194,
406,448,1,EAST 13TH STREET,0,,0,2,False,1,1215,0,AC;AC,False,True,AC,,1,5,0,EAST 13TH STREET,203;204;205;206;1215,
407,449,1,FARRAGUT,2,1207;1218,0,1,False,0,,0,AC,False,True,AC,,1,4,2,FARRAGUT,1207;1218;1905;1906,86;87
408,450,2,UNKNOWN129920;FARRAGUT,2,1216;2220,0,1,False,0,,0,AC,False,True,AC,,2,7,2,UNKNOWN129920;FARRAGUT,1148;1149;1150;1216;1905;1906;2220,86;87
409,451,0,,6,1150;1194;1206;1219;1283;1902,0,3,False,2,1149;1901,3,AC;DC;DC,True,True,DC,,3,9,2,UNKNOWN129920;GOWANUS;GOWANUS,1148;1149;1150;1194;1206;1219;1283;1901;1902,82;83
410,452,1,UNKNOWN129920,4,205;1148;1149;1905,0,1,False,0,,0,AC,False,True,AC,,1,5,0,UNKNOWN129920,205;1148;1149;1150;1905,
411,453,0,,4,87;1149;1194;1901,0,3,False,2,1150;1902,3,AC;DC;DC,True,True,DC,,3,7,2,UNKNOWN129920;GOWANUS;GOWANUS,87;1148;1149;1150;1194;1901;1902,82;83
412,454,1,FARRAGUT,3,205;1217;1902,0,2,False,1,1901,0,AC;DC,True,True,DC,,1,6,2,FARRAGUT,205;1217;1901;1902;1905;1906,86;87
413,455,1,FARRAGUT,4,88;203;1902;2221,0,2,False,1,1215,0,DC;DC,True,True,DC,,1,9,2,FARRAGUT,88;203;1215;1901;1902;1903;1904;1907;2221,86;87
414,456,1,FARRAGUT,2,88;1283,0,2,False,2,1215;1284,2,DC;DC,True,True,DC,,3,11,2,HUDSON AVENUE;FARRAGUT;FARRAGUT,88;1215;1283;1284;1901;1902;1903;1904;1905;1906;1907,86;87
415,457,1,FARRAGUT,3,1194;1904;1907,0,2,False,1,1215,0,DC;DC,True,True,DC,,1,7,2,FARRAGUT,1194;1215;1901;1902;1903;1904;1907,86;87
416,458,2,FARRAGUT;FARRAGUT,3,1149;1217;1907,0,2,False,2,1150;1215,3,DC;DC,True,True,DC,,5,12,4,UNKNOWN129920;GOWANUS;FARRAGUT;GOWANUS;FARRAGUT,1148;1149;1150;1215;1217;1901;1902;1903;1904;1905;1906;1907,82;83;86;87
417,459,0,,2,1150;1905,0,1,False,0,,0,AC,False,True,AC,,0,2,0,,1150;1905,
418,460,1,EAST 13TH STREET,4,1149;1189;1216;1906,0,2,False,1,1215,0,AC;AC,False,True,AC,,1,9,0,EAST 13TH STREET,203;204;205;206;1149;1189;1215;1216;1906,
419,461,1,FARRAGUT,3,1150;1207;1905,0,2,False,2,1149;1215,3,DC;DC,True,True,DC,,4,11,4,UNKNOWN129920;GOWANUS;FARRAGUT;GOWANUS,1148;1149;1150;1207;1215;1901;1902;1903;1904;1905;1907,82;83;86;87
420,462,0,,1,1218,0,1,False,0,,0,AC,False,True,AC,,0,1,0,,1218,
421,463,0,,2,203;1907,0,1,False,0,,0,AC,False,True,AC,,0,2,0,,203;1907,
422,464,0,,1,87,0,1,False,0,,0,AC,False,True,AC,,0,1,0,,87,
423,465,0,,2,205;2222,0,1,False,0,,0,AC,False,True,AC,,0,2,0,,205;2222,
424,466,0,,4,204;1206;1216;1904,0,1,False,0,,0,AC,False,True,AC,,0,4,0,,204;1206;1216;1904,
425,467,0,,3,205;206;1207,0,2,False,1,1215,0,AC;AC,False,True,AC,,0,4,0,,205;206;1207;1215,
426,468,1,FARRAGUT,5,203;1149;1283;1902;1903,0,3,False,2,1150;1901,3,AC;DC;DC,True,True,DC,,4,10,4,UNKNOWN129920;GOWANUS;GOWANUS;FARRAGUT,203;1148;1149;1150;1283;1901;1902;1903;1905;1906,82;83;86;87
427,469,0,,2,1148;1904,0,1,False,0,,0,AC,False,True,AC,,0,2,0,,1148;1904,
428,470,0,,4,87;1206;1284;1902,0,2,False,1,1901,0,AC;DC,True,True,DC,,0,5,0,,87;1206;1284;1901;1902,
429,471,2,UNKNOWN129920;FARRAGUT,0,,2,2,False,1,1215,0,DC;DC,True,True,DC,,4,9,4,UNKNOWN129920;GOWANUS;FARRAGUT;GOWANUS,1148;1149;1150;1215;1901;1902;1903;1904;1907,82;83;86;87
430,472,1,FARRAGUT,5,1149;1188;1217;1283;1902,0,3,False,2,1150;1901,3,AC;DC;DC,True,True,DC,,4,10,4,UNKNOWN129920;GOWANUS;GOWANUS;FARRAGUT,1148;1149;1150;1188;1217;1283;1901;1902;1905;1906,82;83;86;87
431,473,0,,7,1150;1189;1207;1219;1283;1902;1906,0,4,False,3,1149;1188;1901,3,AC;DC;DC;DC,True,True,DC,,3,11,2,UNKNOWN129920;GOWANUS;GOWANUS,1148;1149;1150;1188;1189;1207;1219;1283;1901;1902;1906,82;83
432,474,0,,3,1188;1189;1218,0,1,False,0,,0,AC,False,True,AC,,0,3,0,,1188;1189;1218,
433,475,2,EAST 13TH STREET;FARRAGUT,3,1207;1904;1906,0,2,False,1,1215,0,DC;DC,True,True,DC,,2,12,2,EAST 13TH STREET;FARRAGUT,203;204;205;206;1207;1215;1901;1902;1903;1904;1906;1907,86;87
434,476,1,EAST 13TH STREET,2,1188;1284,0,2,False,1,1215,0,AC;AC,False,True,AC,,1,7,0,EAST 13TH STREET,203;204;205;206;1188;1215;1284,
435,477,0,,2,1114;2222,0,1,False,0,,0,AC,False,True,AC,,0,2,0,,1114;2222,
436,478,0,,3,1188;1284;1906,0,1,False,0,,0,AC,False,True,AC,,0,3,0,,1188;1284;1906,
437,479,0,,2,1114;1207,0,1,False,0,,0,AC,False,True,AC,,0,2,0,,1114;1207,
438,480,0,,2,1189;1907,0,1,False,0,,0,AC,False,True,AC,,0,2,0,,1189;1907,
439,481,0,,2,88;1905,0,1,False,0,,0,AC,False,True,AC,,0,2,0,,88;1905,
440,482,0,,7,87;1194;1216;1219;1283;1904;2221,0,1,False,0,,0,AC,False,True,AC,,0,7,0,,87;1194;1216;1219;1283;1904;2221,
441,483,0,,5,88;204;1148;1903;2222,0,1,False,0,,0,AC,False,True,AC,,0,5,0,,88;204;1148;1903;2222,
442,484,1,EAST 13TH STREET,7,204;206;1207;1219;1905;1907;2222,0,2,False,1,1215,0,AC;AC,False,True,AC,,1,10,0,EAST 13TH STREET,203;204;205;206;1207;1215;1219;1905;1907;2222,
443,485,0,,3,1284;1903;1906,0,1,False,0,,0,AC,False,True,AC,,0,3,0,,1284;1903;1906,
444,486,1,FARRAGUT,3,1189;1206;1284,0,2,False,2,1215;1283,2,DC;DC,True,True,DC,,3,12,2,HUDSON AVENUE;FARRAGUT;FARRAGUT,1189;1206;1215;1283;1284;1901;1902;1903;1904;1905;1906;1907,86;87
445,487,0,,5,205;1189;1284;1907;2221,0,1,False,0,,0,AC,False,True,AC,,0,5,0,,205;1189;1284;1907;2221,
446,488,2,EAST 13TH STREET;UNKNOWN129920,2,88;1217,0,2,False,1,1215,0,DC;DC,True,True,DC,,2,10,0,EAST 13TH STREET;UNKNOWN129920,88;203;204;205;206;1148;1149;1150;1215;1217,
447,489,0,,4,204;205;1905;1907,0,1,False,0,,0,AC,False,True,AC,,0,4,0,,204;205;1905;1907,
448,490,0,,1,1150,0,1,False,0,,0,AC,False,True,AC,,0,1,0,,1150,
449,491,1,FARRAGUT,1,1207,0,1,False,0,,0,AC,False,True,AC,,1,3,2,FARRAGUT,1207;1905;1906,86;87
450,492,0,,2,1284;2221,0,1,False,0,,0,AC,False,True,AC,,0,2,0,,1284;2221,
451,493,0,,2,87;205,0,1,False,0,,0,AC,False,True,AC,,0,2,0,,87;205,
452,494,0,,3,1283;1284;1904,0,1,False,0,,0,AC,False,True,AC,,0,3,0,,1283;1284;1904,
453,495,0,,4,203;1906;1907;2222,0,1,False,0,,0,AC,False,True,AC,,0,4,0,,203;1906;1907;2222,
454,496,0,,2,88;1150,0,1,False,0,,0,AC,False,True,AC,,0,2,0,,88;1150,
455,497,0,,2,1114;1206,0,1,False,0,,0,AC,False,True,AC,,0,2,0,,1114;1206,
456,498,1,FARRAGUT,6,87;204;1149;1150;1216;1219,3,5,False,18,53;54;1144;1145;1146;1147;1215;1217;1218;1271;1274;1275;1278;1279;1280;1281;1282;2226,11,DC;DC;DC;DC;AC,True,True,AC,,15,43,5,UNKNOWN129913;UNKNOWN129920;CORONA;TAP135492;TAP135493;FAR ROCKAWAY;HEWLETT;WOODMERE;JAMAICA;GOWANUS;HUDSON AVENUE;FARRAGUT;JAMAICA;GOWANUS;FARRAGUT,53;54;87;204;1144;1145;1146;1147;1148;1149;1150;1212;1213;1214;1215;1216;1217;1218;1219;1269;1270;1271;1272;1273;1274;1275;1276;1277;1278;1279;1280;1281;1282;1283;1284;1901;1902;1903;1904;1905;1906;1907;2226,54;82;83;86;87
457,499,1,FARRAGUT,3,1148;1189;1283,0,1,False,0,,0,AC,False,True,AC,,1,5,2,FARRAGUT,1148;1189;1283;1905;1906,86;87
458,500,0,,0,,0,1,False,0,,0,AC,False,True,AC,,0,0,0,,,
459,501,0,,1,203,0,1,False,0,,0,AC,False,True,AC,,0,1,0,,203,
460,502,0,,3,88;1188;1219,0,1,False,0,,0,AC,False,True,AC,,0,3,0,,88;1188;1219,
461,503,0,,2,1150;1284,0,1,False,0,,0,AC,False,True,AC,,0,2,0,,1150;1284,
462,504,2,EAST 13TH STREET;UNKNOWN129920,0,,0,1,False,0,,0,DC,True,True,DC,,2,7,0,EAST 13TH STREET;UNKNOWN129920,203;204;205;206;1148;1149;1150,
463,505,1,FARRAGUT,2,203;1905,0,2,False,1,1215,0,DC;DC,True,True,DC,,1,8,2,FARRAGUT,203;1215;1901;1902;1903;1904;1905;1907,86;87
464,506,0,,2,1901;1902,0,1,False,0,,0,DC,True,True,DC,,0,2,0,,1901;1902,
465,507,0,,7,87;88;1149;1188;1194;1284;2222,0,2,False,1,1215,2,AC;DC,True,True,DC,,2,8,1,UNKNOWN124169;UNKNOWN124169,87;88;1149;1188;1194;1215;1284;2222,3
466,508,0,,4,206;1150;1188;1217,0,1,False,0,,0,AC,False,True,AC,,0,4,0,,206;1150;1188;1217,
467,509,0,,3,1906;2221;2222,0,1,False,0,,0,AC,False,True,AC,,0,3,0,,1906;2221;2222,
468,510,0,,7,87;88;1114;1188;1216;1284;1907,0,2,False,1,1215,2,AC;DC,True,True,DC,,2,8,1,UNKNOWN124169;UNKNOWN124169,87;88;1114;1188;1215;1216;1284;1907,3
469,511,0,,5,203;204;1216;1284;1903,0,2,False,1,1215,0,AC;AC,False,True,AC,,0,6,0,,203;204;1215;1216;1284;1903,
470,512,1,FARRAGUT,1,1219,0,2,False,1,1215,0,DC;DC,True,True,DC,,1,7,2,FARRAGUT,1215;1219;1901;1902;1903;1904;1907,86;87
471,513,0,,3,203;1148;1216,0,1,False,0,,0,AC,False,True,AC,,0,3,0,,203;1148;1216,
472,514,0,,3,1149;1902;2222,0,3,False,2,1150;1901,3,AC;DC;DC,True,True,DC,,3,6,2,UNKNOWN129920;GOWANUS;GOWANUS,1148;1149;1150;1901;1902;2222,82;83
473,515,1,UNKNOWN129920,1,1149,0,1,False,0,,0,AC,False,True,AC,,1,3,0,UNKNOWN129920,1148;1149;1150,
474,516,1,FARRAGUT,2,1188;1206,0,2,False,1,1215,0,DC;DC,True,True,DC,,1,8,2,FARRAGUT,1188;1206;1215;1901;1902;1903;1904;1907,86;87
475,517,1,FARRAGUT,2,206;1218,0,1,False,0,,0,AC,False,True,AC,,1,4,2,FARRAGUT,206;1218;1905;1906,86;87
476,518,0,,1,1283,0,1,False,0,,0,AC,False,True,AC,,0,1,0,,1283,
477,519,1,UNKNOWN129920,4,204;206;1218;1905,0,1,False,0,,0,AC,False,True,AC,,1,7,0,UNKNOWN129920,204;206;1148;1149;1150;1218;1905,
478,520,1,FARRAGUT,4,1114;1149;1901;1905,0,2,False,2,1150;1215,3,DC;DC,True,True,DC,,4,11,4,UNKNOWN129920;GOWANUS;FARRAGUT;GOWANUS,1114;1148;1149;1150;1215;1901;1902;1903;1904;1905;1907,82;83;86;87
479,521,1,FARRAGUT,4,203;204;1216;1903,0,2,False,1,1215,0,AC;AC,False,True,AC,,1,7,2,FARRAGUT,203;204;1215;1216;1903;1905;1906,86;87
480,522,1,EAST 13TH STREET,4,1149;1194;1206;1216,0,2,False,1,1215,0,AC;AC,False,True,AC,,1,9,0,EAST 13TH STREET,203;204;205;206;1149;1194;1206;1215;1216,
481,523,1,EAST 13TH STREET,4,1148;1149;1217;1284,0,2,False,1,1215,0,AC;AC,False,True,AC,,1,9,0,EAST 13TH STREET,203;204;205;206;1148;1149;1215;1217;1284,
482,524,0,,2,1148;1207,0,1,False,0,,0,AC,False,True,AC,,0,2,0,,1148;1207,
483,525,3,UNKNOWN129920;FARRAGUT;FARRAGUT,4,1149;1219;1907;2221,2,1,False,0,,0,DC,True,True,DC,,5,12,4,UNKNOWN129920;GOWANUS;FARRAGUT;GOWANUS;FARRAGUT,1148;1149;1150;1219;1901;1902;1903;1904;1905;1906;1907;2221,82;83;86;87
484,526,2,UNKNOWN129920;FARRAGUT,3,203;1149;1207,2,2,False,1,1215,0,DC;DC,True,True,DC,,4,11,4,UNKNOWN129920;GOWANUS;FARRAGUT;GOWANUS,203;1148;1149;1150;1207;1215;1901;1902;1903;1904;1907,82;83;86;87
485,527,0,,0,,0,1,False,0,,0,AC,False,True,AC,,0,0,0,,,
486,528,0,,6,206;1218;1284;1901;1904;2220,0,2,False,1,1902,0,AC;DC,True,True,DC,,0,7,0,,206;1218;1284;1901;1902;1904;2220,
487,529,0,,1,1218,0,1,False,0,,0,AC,False,True,AC,,0,1,0,,1218,
488,530,0,,3,1902;1903;1907,0,3,False,2,1215;1901,0,AC;DC;DC,True,True,DC,,0,5,0,,1215;1901;1902;1903;1907,
489,531,0,,4,1149;1903;1907;2222,0,1,False,0,,0,AC,False,True,AC,,0,4,0,,1149;1903;1907;2222,
490,532,2,UNKNOWN129920;FARRAGUT,4,203;1216;1217;1906,2,5,False,18,53;54;1144;1145;1146;1147;1215;1218;1219;1271;1274;1275;1278;1279;1280;1281;1282;2226,11,DC;DC;DC;DC;AC,True,True,AC,,15,42,5,UNKNOWN129913;UNKNOWN129920;CORONA;TAP135492;TAP135493;FAR ROCKAWAY;HEWLETT;WOODMERE;JAMAICA;GOWANUS;HUDSON AVENUE;FARRAGUT;JAMAICA;GOWANUS;FARRAGUT,53;54;203;1144;1145;1146;1147;1148;1149;1150;1212;1213;1214;1215;1216;1217;1218;1219;1269;1270;1271;1272;1273;1274;1275;1276;1277;1278;1279;1280;1281;1282;1283;1284;1901;1902;1903;1904;1905;1906;1907;2226,54;82;83;86;87
491,533,0,,5,203;1149;1189;1217;1283,0,1,False,0,,0,AC,False,True,AC,,0,5,0,,203;1149;1189;1217;1283,
492,534,1,FARRAGUT,2,205;1284,0,2,False,2,1215;1283,2,DC;DC,True,True,DC,,3,11,2,HUDSON AVENUE;FARRAGUT;FARRAGUT,205;1215;1283;1284;1901;1902;1903;1904;1905;1906;1907,86;87
493,535,0,,5,203;204;1217;1219;1905,0,2,False,1,1215,0,AC;AC,False,True,AC,,0,6,0,,203;204;1215;1217;1219;1905,
494,536,2,UNKNOWN129920;FARRAGUT,5,205;1148;1149;1283;2220,2,2,False,2,1215;1284,2,DC;DC,True,True,DC,,6,15,4,UNKNOWN129920;GOWANUS;HUDSON AVENUE;FARRAGUT;GOWANUS;FARRAGUT,205;1148;1149;1150;1215;1283;1284;1901;1902;1903;1904;1905;1906;1907;2220,82;83;86;87
495,537,0,,4,1216;1218;1219;1284,0,1,False,0,,0,AC,False,True,AC,,0,4,0,,1216;1218;1219;1284,
496,538,1,FARRAGUT,5,1219;1283;1284;2221;2222,1,4,False,5,1116;1117;1118;1215;2220,0,AC;AC;AC;AC,False,True,AC,,2,12,2,HUDSON AVENUE;FARRAGUT,1116;1117;1118;1215;1219;1283;1284;1905;1906;2220;2221;2222,86;87
497,539,1,EAST 13TH STREET,3,1283;1904;1906,0,2,False,1,1215,0,AC;AC,False,True,AC,,1,8,0,EAST 13TH STREET,203;204;205;206;1215;1283;1904;1906,
498,540,1,FARRAGUT,2,88;1216,0,2,False,1,1215,0,DC;DC,True,True,DC,,1,8,2,FARRAGUT,88;1215;1216;1901;1902;1903;1904;1907,86;87
499,541,0,,0,,0,1,False,0,,0,AC,False,True,AC,,0,0,0,,,
500,542,2,FARRAGUT;FARRAGUT,3,1188;1207;1284,0,2,False,1,1215,0,DC;DC,True,True,DC,,2,11,2,FARRAGUT;FARRAGUT,1188;1207;1215;1284;1901;1902;1903;1904;1905;1906;1907,86;87
501,543,0,,5,205;1150;1206;1283;1903,0,1,False,0,,0,AC,False,True,AC,,0,5,0,,205;1150;1206;1283;1903,
502,544,0,,1,204,0,1,False,0,,0,AC,False,True,AC,,0,1,0,,204,
503,545,0,,9,88;204;206;1149;1150;1284;1902;1903;1906,0,2,False,1,1901,3,AC;DC,True,True,DC,,3,11,2,UNKNOWN129920;GOWANUS;GOWANUS,88;204;206;1148;1149;1150;1284;1901;1902;1903;1906,82;83
504,546,0,,6,1149;1217;1218;1219;1284;1905,0,1,False,0,,0,AC,False,True,AC,,0,6,0,,1149;1217;1218;1219;1284;1905,
505,547,1,EAST 13TH STREET,2,204;1216,0,2,False,1,1215,0,AC;AC,False,True,AC,,1,6,0,EAST 13TH STREET,203;204;205;206;1215;1216,
506,548,0,,3,1149;1150;1905,0,1,False,0,,0,AC,False,True,AC,,0,3,0,,1149;1150;1905,
507,549,1,EAST 13TH STREET,3,1216;1217;1907,0,2,False,1,1215,0,AC;AC,False,True,AC,,1,8,0,EAST 13TH STREET,203;204;205;206;1215;1216;1217;1907,
508,550,0,,1,1150,0,1,False,0,,0,AC,False,True,AC,,0,1,0,,1150,
509,551,0,,6,1148;1150;1207;1218;1284;2220,0,1,False,0,,0,AC,False,True,AC,,0,6,0,,1148;1150;1207;1218;1284;2220,
510,552,0,,3,88;1114;1206,0,1,False,0,,0,AC,False,True,AC,,0,3,0,,88;1114;1206,
511,553,0,,2,205;1284,0,1,False,0,,0,AC,False,True,AC,,0,2,0,,205;1284,
512,554,1,FARRAGUT,2,1906;2222,0,2,False,1,1215,0,DC;DC,True,True,DC,,1,8,2,FARRAGUT,1215;1901;1902;1903;1904;1906;1907;2222,86;87
513,555,2,UNKNOWN129920;FARRAGUT,5,87;1114;1149;1207;1218,2,2,False,1,1215,0,DC;DC,True,True,DC,,4,13,4,UNKNOWN129920;GOWANUS;FARRAGUT;GOWANUS,87;1114;1148;1149;1150;1207;1215;1218;1901;1902;1903;1904;1907,82;83;86;87
514,556,2,FARRAGUT;FARRAGUT,6,204;1149;1188;1194;1903;2222,0,2,False,2,1150;1215,3,DC;DC,True,True,DC,,5,15,4,UNKNOWN129920;GOWANUS;FARRAGUT;GOWANUS;FARRAGUT,204;1148;1149;1150;1188;1194;1215;1901;1902;1903;1904;1905;1906;1907;2222,82;83;86;87
515,557,1,FARRAGUT,2,204;2220,0,2,False,1,1215,0,DC;DC,True,True,DC,,1,8,2,FARRAGUT,204;1215;1901;1902;1903;1904;1907;2220,86;87
516,558,1,FARRAGUT,3,1188;1219;2221,0,1,False,0,,0,AC,False,True,AC,,1,5,2,FARRAGUT,1188;1219;1905;1906;2221,86;87
517,559,0,,0,,0,1,False,0,,0,AC,False,True,AC,,0,0,0,,,
518,560,2,UNKNOWN129920;FARRAGUT,2,1217;1905,0,1,False,0,,0,AC,False,True,AC,,2,6,2,UNKNOWN129920;FARRAGUT,1148;1149;1150;1217;1905;1906,86;87
519,561,1,FARRAGUT,3,88;1207;1907,0,2,False,1,1215,0,DC;DC,True,True,DC,,1,8,2,FARRAGUT,88;1207;1215;1901;1902;1903;1904;1907,86;87
520,562,1,FARRAGUT,2,87;1149,0,1,False,0,,0,AC,False,True,AC,,1,4,2,FARRAGUT,87;1149;1905;1906,86;87
521,563,0,,5,88;1149;1206;1903;2220,0,1,False,0,,0,AC,False,True,AC,,0,5,0,,88;1149;1206;1903;2220,
522,564,0,,2,1284;1903,0,1,False,0,,0,AC,False,True,AC,,0,2,0,,1284;1903,
523,565,0,,2,1903;1905,0,1,False,0,,0,AC,False,True,AC,,0,2,0,,1903;1905,
524,566,0,,1,205,0,1,False,0,,0,AC,False,True,AC,,0,1,0,,205,
525,567,0,,1,1903,0,1,False,0,,0,AC,False,True,AC,,0,1,0,,1903,
526,568,0,,4,205;1149;1217;1904,0,1,False,0,,0,AC,False,True,AC,,0,4,0,,205;1149;1217;1904,
527,569,0,,3,204;1150;1219,0,1,False,0,,0,AC,False,True,AC,,0,3,0,,204;1150;1219,
528,570,2,UNKNOWN129920;FARRAGUT,5,87;203;206;1150;2222,0,1,False,0,,0,AC,False,True,AC,,2,9,2,UNKNOWN129920;FARRAGUT,87;203;206;1148;1149;1150;1905;1906;2222,86;87
529,571,0,,5,88;1149;1150;1219;1903,0,1,False,0,,0,AC,False,True,AC,,0,5,0,,88;1149;1150;1219;1903,
530,572,0,,4,1188;1283;1284;1907,0,1,False,0,,0,AC,False,True,AC,,0,4,0,,1188;1283;1284;1907,
531,573,1,FARRAGUT,6,87;88;1207;1283;1901;1903,0,2,False,2,1215;1902,2,AC;DC,True,True,DC,,3,10,3,UNKNOWN124169;UNKNOWN124169;FARRAGUT,87;88;1207;1215;1283;1901;1902;1903;1905;1906,3;86;87
532,574,0,,5,204;1148;1216;1219;1906,0,1,False,0,,0,AC,False,True,AC,,0,5,0,,204;1148;1216;1219;1906,
533,575,0,,7,204;1148;1218;1219;1901;1904;1905,0,1,False,0,,0,AC,False,True,AC,,0,7,0,,204;1148;1218;1219;1901;1904;1905,
534,576,1,FARRAGUT,2,1284;1904,0,1,False,0,,0,AC,False,True,AC,,1,4,2,FARRAGUT,1284;1904;1905;1906,86;87
535,577,2,UNKNOWN129920;FARRAGUT,5,1188;1206;1207;1903;1904,0,2,False,1,1215,0,AC;AC,False,True,AC,,2,11,2,UNKNOWN129920;FARRAGUT,1148;1149;1150;1188;1206;1207;1215;1903;1904;1905;1906,86;87
536,578,0,,6,87;1150;1216;1903;1905;1906,0,1,False,0,,0,AC,False,True,AC,,0,6,0,,87;1150;1216;1903;1905;1906,
537,579,1,FARRAGUT,3,1189;1216;1902,0,2,False,1,1215,0,DC;DC,True,True,DC,,1,8,2,FARRAGUT,1189;1215;1216;1901;1902;1903;1904;1907,86;87
538,580,3,EAST 13TH STREET;UNKNOWN129920;FARRAGUT,3,88;1206;2220,2,2,False,1,1215,0,DC;DC,True,True,DC,,5,16,4,EAST 13TH STREET;UNKNOWN129920;GOWANUS;FARRAGUT;GOWANUS,88;203;204;205;206;1148;1149;1150;1206;1215;1901;1902;1903;1904;1907;2220,82;83;86;87
539,581,1,UNKNOWN129920,2,1189;1206,0,1,False,0,,0,DC,True,True,DC,,1,5,0,UNKNOWN129920,1148;1149;1150;1189;1206,
540,582,1,FARRAGUT,5,206;1149;1283;1284;1905,1,1,False,0,,0,AC,False,True,AC,,2,6,2,HUDSON AVENUE;FARRAGUT,206;1149;1283;1284;1905;1906,86;87
541,583,1,EAST 13TH STREET,1,1907,0,2,False,1,1215,0,AC;AC,False,True,AC,,1,6,0,EAST 13TH STREET,203;204;205;206;1215;1907,
542,584,0,,4,205;1194;1283;2222,0,1,False,0,,0,AC,False,True,AC,,0,4,0,,205;1194;1283;2222,
543,585,0,,1,204,0,1,False,0,,0,AC,False,True,AC,,0,1,0,,204,
544,586,1,FARRAGUT,6,205;1149;1194;1206;1217;1907,0,2,False,2,1150;1215,3,DC;DC,True,True,DC,,4,13,4,UNKNOWN129920;GOWANUS;FARRAGUT;GOWANUS,205;1148;1149;1150;1194;1206;1215;1217;1901;1902;1903;1904;1907,82;83;86;87
545,587,1,UNKNOWN129920,3,1218;1907;2221,0,1,False,0,,0,AC,False,True,AC,,1,6,0,UNKNOWN129920,1148;1149;1150;1218;1907;2221,
546,588,1,FARRAGUT,1,1149,0,1,False,0,,0,AC,False,True,AC,,1,3,2,FARRAGUT,1149;1905;1906,86;87
547,589,0,,3,1217;1905;2220,0,1,False,0,,0,AC,False,True,AC,,0,3,0,,1217;1905;2220,
548,590,0,,2,1216;1905,0,1,False,0,,0,AC,False,True,AC,,0,2,0,,1216;1905,
549,591,0,,4,206;1114;1207;1283,0,1,False,0,,0,AC,False,True,AC,,0,4,0,,206;1114;1207;1283,
550,592,1,UNKNOWN129920,1,1284,0,1,False,0,,0,AC,False,True,AC,,1,4,0,UNKNOWN129920,1148;1149;1150;1284,
551,593,0,,3,88;1206;1905,0,1,False,0,,0,AC,False,True,AC,,0,3,0,,88;1206;1905,
552,594,0,,4,87;204;1148;1907,0,1,False,0,,0,AC,False,True,AC,,0,4,0,,87;204;1148;1907,
553,595,0,,2,1901;1907,0,3,False,2,1215;1902,0,AC;DC;DC,True,True,DC,,0,4,0,,1215;1901;1902;1907,
554,596,0,,6,1150;1218;1283;1901;1902;1905,0,2,False,1,1149,3,DC;DC,True,True,DC,,3,8,2,UNKNOWN129920;GOWANUS;GOWANUS,1148;1149;1150;1218;1283;1901;1902;1905,82;83
555,597,0,,2,87;1218,0,1,False,0,,0,AC,False,True,AC,,0,2,0,,87;1218,
556,598,1,FARRAGUT,4,1150;1206;1218;1284,0,1,False,0,,0,AC,False,True,AC,,1,6,2,FARRAGUT,1150;1206;1218;1284;1905;1906,86;87
557,599,0,,4,1150;1194;1207;1283,0,1,False,0,,0,AC,False,True,AC,,0,4,0,,1150;1194;1207;1283,
558,600,1,UNKNOWN129920,4,205;1150;1905;2222,0,1,False,0,,0,AC,False,True,AC,,1,6,0,UNKNOWN129920,205;1148;1149;1150;1905;2222,
559,601,1,UNKNOWN129920,4,1218;1219;1284;1902,0,1,False,0,,0,AC,False,True,AC,,1,7,0,UNKNOWN129920,1148;1149;1150;1218;1219;1284;1902,
560,602,0,,2,87;1284,0,1,False,0,,0,AC,False,True,AC,,0,2,0,,87;1284,
561,603,0,,2,87;1189,0,1,False,0,,0,AC,False,True,AC,,0,2,0,,87;1189,
562,604,2,UNKNOWN129920;FARRAGUT,4,1194;1206;1207;1902,2,2,False,1,1215,0,DC;DC,True,True,DC,,4,12,4,UNKNOWN129920;GOWANUS;FARRAGUT;GOWANUS,1148;1149;1150;1194;1206;1207;1215;1901;1902;1903;1904;1907,82;83;86;87
563,605,0,,1,1148,0,1,False,0,,0,AC,False,True,AC,,0,1,0,,1148,
564,606,1,FARRAGUT,7,87;88;1207;1905;1906;1907;2221,1,2,False,1,1215,2,DC;DC,True,True,DC,,4,12,3,UNKNOWN124169;FARRAGUT;UNKNOWN124169;FARRAGUT,87;88;1207;1215;1901;1902;1903;1904;1905;1906;1907;2221,3;86;87
565,607,1,FARRAGUT,3,204;205;2221,0,1,False,0,,0,AC,False,True,AC,,1,5,2,FARRAGUT,204;205;1905;1906;2221,86;87
566,608,0,,1,203,0,1,False,0,,0,AC,False,True,AC,,0,1,0,,203,
567,609,0,,2,88;1905,0,1,False,0,,0,AC,False,True,AC,,0,2,0,,88;1905,
568,610,2,FARRAGUT;FARRAGUT,6,203;206;1284;1903;1904;2222,0,2,False,1,1215,0,DC;DC,True,True,DC,,2,12,2,FARRAGUT;FARRAGUT,203;206;1215;1284;1901;1902;1903;1904;1905;1906;1907;2222,86;87
569,611,1,FARRAGUT,1,203,0,1,False,0,,0,AC,False,True,AC,,1,3,2,FARRAGUT,203;1905;1906,86;87
570,612,0,,8,206;1148;1149;1150;1216;1217;1283;1906,1,1,False,0,,0,AC,False,True,AC,,1,8,0,UNKNOWN129920,206;1148;1149;1150;1216;1217;1283;1906,
571,613,0,,4,206;1114;1217;2220,0,1,False,0,,0,AC,False,True,AC,,0,4,0,,206;1114;1217;2220,
572,614,1,UNKNOWN129920,7,204;1149;1217;1218;1905;1906;2220,0,1,False,0,,0,AC,False,True,AC,,1,9,0,UNKNOWN129920,204;1148;1149;1150;1217;1218;1905;1906;2220,
573,615,0,,4,1207;1217;1907;2222,0,1,False,0,,0,AC,False,True,AC,,0,4,0,,1207;1217;1907;2222,
574,616,0,,5,88;1148;1207;1284;2222,0,1,False,0,,0,AC,False,True,AC,,0,5,0,,88;1148;1207;1284;2222,
575,617,1,EAST 13TH STREET,4,88;1149;1150;1206,0,2,False,1,1215,0,AC;AC,False,True,AC,,1,9,0,EAST 13TH STREET,88;203;204;205;206;1149;1150;1206;1215,
576,618,0,,3,1218;1284;1903,0,1,False,0,,0,AC,False,True,AC,,0,3,0,,1218;1284;1903,
577,619,0,,3,1150;1901;1906,0,3,False,2,1149;1902,3,AC;DC;DC,True,True,DC,,3,6,2,UNKNOWN129920;GOWANUS;GOWANUS,1148;1149;1150;1901;1902;1906,82;83
578,620,1,FARRAGUT,4,1218;1283;1284;2220,1,1,False,0,,0,AC,False,True,AC,,2,6,2,HUDSON AVENUE;FARRAGUT,1218;1283;1284;1905;1906;2220,86;87
579,621,0,,3,87;1189;1284,0,1,False,0,,0,AC,False,True,AC,,0,3,0,,87;1189;1284,
580,622,1,UNKNOWN129920,2,88;1906,0,1,False,0,,0,AC,False,True,AC,,1,5,0,UNKNOWN129920,88;1148;1149;1150;1906,
581,623,1,EAST 13TH STREET,8,204;1150;1216;1217;1283;1901;1905;1907,0,3,False,3,1149;1215;1902,3,AC;DC;DC,True,True,DC,,4,15,2,EAST 13TH STREET;UNKNOWN129920;GOWANUS;GOWANUS,203;204;205;206;1148;1149;1150;1215;1216;1217;1283;1901;1902;1905;1907,82;83
582,624,3,EAST 13TH STREET;UNKNOWN129920;FARRAGUT,4,1148;1150;1189;1218,2,5,False,30,53;54;1127;1144;1145;1146;1147;1188;1190;1191;1192;1194;1195;1196;1200;1208;1212;1213;1214;1215;1269;1270;1271;1274;1275;1278;1281;1282;2219;2226,27,DC;DC;DC;DC;DC,True,True,DC,,32,80,14,UNKNOWN124169;EAST 13TH STREET;WEST ASTORIA;EAST ASTORIA;UNKNOWN129913;UNKNOWN129920;BRUCKNER;NORTH QUEENS;PARKCHESTER;CORONA;TAP135492;WOODMERE;JAMAICA;QUEENSBRIDGE;GOWANUS;RAINEY;HUDSON AVENUE;FARRAGUT;VERNON;LEONARD STREET;WEST 65TH STREET;WEST 49TH STREET;UNKNOWN172523;UNKNOWN172524;UNKNOWN124169;EAST ASTORIA;JAMAICA;GOWANUS;RAINEY;FARRAGUT;LEONARD STREET;WEST 49TH STREET,53;54;87;88;203;204;205;206;1114;1115;1116;1117;1118;1127;1144;1145;1146;1147;1148;1149;1150;1188;1189;1190;1191;1192;1193;1194;1195;1196;1200;1201;1202;1203;1204;1205;1208;1212;1213;1214;1215;1216;1217;1218;1219;1269;1270;1271;1272;1274;1275;1278;1281;1282;1283;1284;1285;1286;1287;1901;1902;1903;1904;1905;1906;1907;1908;1909;1910;1911;1912;1913;1914;1915;1916;2219;2220;2221;2222;2226,3;32;33;54;82;83;84;85;86;87;88;89;90;91
583,625,1,FARRAGUT,1,1149,0,2,False,2,1150;1215,3,DC;DC,True,True,DC,,4,9,4,UNKNOWN129920;GOWANUS;FARRAGUT;GOWANUS,1148;1149;1150;1215;1901;1902;1903;1904;1907,82;83;86;87
584,626,0,,7,87;204;1217;1219;1903;1906;1907,0,1,False,0,,0,AC,False,True,AC,,0,7,0,,87;204;1217;1219;1903;1906;1907,
585,627,0,,4,87;205;1148;1903,0,1,False,0,,0,AC,False,True,AC,,0,4,0,,87;205;1148;1903,
586,628,1,FARRAGUT,3,206;1207;1217,0,2,False,1,1215,0,DC;DC,True,True,DC,,1,9,2,FARRAGUT,206;1207;1215;1217;1901;1902;1903;1904;1907,86;87
587,629,1,UNKNOWN129920,1,1206,0,1,False,0,,0,AC,False,True,AC,,1,4,0,UNKNOWN129920,1148;1149;1150;1206,
588,630,2,UNKNOWN129920;FARRAGUT,3,1150;1207;1219,2,2,False,1,1215,0,DC;DC,True,True,DC,,4,11,4,UNKNOWN129920;GOWANUS;FARRAGUT;GOWANUS,1148;1149;1150;1207;1215;1219;1901;1902;1903;1904;1907,82;83;86;87
589,631,0,,3,1148;1283;1905,0,1,False,0,,0,AC,False,True,AC,,0,3,0,,1148;1283;1905,
590,632,0,,2,87;2221,0,1,False,0,,0,AC,False,True,AC,,0,2,0,,87;2221,
591,633,1,FARRAGUT,5,87;1148;1905;1907;2221,2,2,False,1,1215,0,DC;DC,True,True,DC,,3,10,4,GOWANUS;FARRAGUT;GOWANUS,87;1148;1215;1901;1902;1903;1904;1905;1907;2221,82;83;86;87
592,634,0,,3,1114;1216;1217,0,1,False,0,,0,AC,False,True,AC,,0,3,0,,1114;1216;1217,
593,635,0,,2,1901;1906,0,2,False,1,1902,0,AC;DC,True,True,DC,,0,3,0,,1901;1902;1906,
594,636,2,UNKNOWN129920;FARRAGUT,2,1114;1149,2,2,False,1,1215,0,DC;DC,True,True,DC,,4,10,4,UNKNOWN129920;GOWANUS;FARRAGUT;GOWANUS,1114;1148;1149;1150;1215;1901;1902;1903;1904;1907,82;83;86;87
595,637,1,FARRAGUT,4,204;205;1216;1907,0,5,False,6,1116;1117;1118;1200;1215;2219,0,AC;AC;AC;AC;AC,False,True,AC,,1,12,2,FARRAGUT,204;205;1116;1117;1118;1200;1215;1216;1905;1906;1907;2219,86;87
596,638,0,,7,203;206;1188;1207;1219;1904;1907,0,1,False,0,,0,AC,False,True,AC,,0,7,0,,203;206;1188;1207;1219;1904;1907,
597,639,0,,6,87;1114;1148;1206;1218;1905,0,1,False,0,,0,AC,False,True,AC,,0,6,0,,87;1114;1148;1206;1218;1905,
598,640,1,FARRAGUT,6,1149;1189;1219;1903;1905;2220,0,1,False,0,,0,AC,False,True,AC,,1,7,2,FARRAGUT,1149;1189;1219;1903;1905;1906;2220,86;87
599,641,1,EAST 13TH STREET,5,87;88;1148;1194;1207,0,2,False,1,1215,2,AC;DC,True,True,DC,,3,10,1,UNKNOWN124169;EAST 13TH STREET;UNKNOWN124169,87;88;203;204;205;206;1148;1194;1207;1215,3
600,642,1,FARRAGUT,3,87;1903;2222,0,2,False,1,1215,0,DC;DC,True,True,DC,,1,8,2,FARRAGUT,87;1215;1901;1902;1903;1904;1907;2222,86;87
601,643,2,EAST 13TH STREET;UNKNOWN129920,3,204;1148;1284,0,1,False,0,,0,DC,True,True,DC,,2,8,0,EAST 13TH STREET;UNKNOWN129920,203;204;205;206;1148;1149;1150;1284,
602,644,0,,3,88;1206;1284,0,1,False,0,,0,AC,False,True,AC,,0,3,0,,88;1206;1284,
603,645,0,,3,1148;1217;1284,0,1,False,0,,0,AC,False,True,AC,,0,3,0,,1148;1217;1284,
604,646,2,FARRAGUT;FARRAGUT,0,,0,2,False,1,1215,0,DC;DC,True,True,DC,,2,8,2,FARRAGUT;FARRAGUT,1215;1901;1902;1903;1904;1905;1906;1907,86;87
605,647,2,UNKNOWN129920;FARRAGUT,2,1218;1284,0,1,False,0,,0,AC,False,True,AC,,2,7,2,UNKNOWN129920;FARRAGUT,1148;1149;1150;1218;1284;1905;1906,86;87
606,648,0,,5,1114;1150;1216;1284;1904,0,1,False,0,,0,AC,False,True,AC,,0,5,0,,1114;1150;1216;1284;1904,
607,649,0,,4,87;1207;1218;2221,0,1,False,0,,0,AC,False,True,AC,,0,4,0,,87;1207;1218;2221,
608,650,0,,3,1207;1284;1907,0,1,False,0,,0,AC,False,True,AC,,0,3,0,,1207;1284;1907,
609,651,0,,1,1189,0,1,False,0,,0,AC,False,True,AC,,0,1,0,,1189,
610,652,1,UNKNOWN129920,1,1216,0,1,False,0,,0,AC,False,True,AC,,1,4,0,UNKNOWN129920,1148;1149;1150;1216,
611,653,2,FARRAGUT;FARRAGUT,3,204;1206;1907,0,2,False,1,1215,0,DC;DC,True,True,DC,,2,10,2,FARRAGUT;FARRAGUT,204;1206;1215;1901;1902;1903;1904;1905;1906;1907,86;87
612,654,0,,4,1216;1218;1219;1907,0,1,False,0,,0,AC,False,True,AC,,0,4,0,,1216;1218;1219;1907,
613,655,1,UNKNOWN129920,2,88;2221,0,1,False,0,,0,AC,False,True,AC,,1,5,0,UNKNOWN129920,88;1148;1149;1150;2221,
614,656,0,,1,1901,0,2,False,1,1902,0,AC;DC,True,True,DC,,0,2,0,,1901;1902,
615,657,0,,0,,0,1,False,0,,0,AC,False,True,AC,,0,0,0,,,
616,658,1,UNKNOWN129920,3,1150;1188;1219,0,1,False,0,,0,DC,True,True,DC,,1,5,0,UNKNOWN129920,1148;1149;1150;1188;1219,
617,659,2,EAST 13TH STREET;UNKNOWN129920,5,203;1194;1206;1283;1284,0,1,False,0,,0,DC,True,True,DC,,2,11,0,EAST 13TH STREET;UNKNOWN129920,203;204;205;206;1148;1149;1150;1194;1206;1283;1284,
618,660,0,,1,1218,0,1,False,0,,0,AC,False,True,AC,,0,1,0,,1218,
619,661,0,,4,87;204;1149;1218,0,1,False,0,,0,AC,False,True,AC,,0,4,0,,87;204;1149;1218,
620,662,2,EAST 13TH STREET;UNKNOWN129920,3,1114;1148;1189,0,1,False,0,,0,DC,True,True,DC,,2,9,0,EAST 13TH STREET;UNKNOWN129920,203;204;205;206;1114;1148;1149;1150;1189,
621,663,1,EAST 13TH STREET,2,204;206,0,2,False,1,1215,0,AC;AC,False,True,AC,,1,5,0,EAST 13TH STREET,203;204;205;206;1215,
622,664,1,FARRAGUT,4,205;1150;1283;1901,0,3,False,2,1149;1902,3,AC;DC;DC,True,True,DC,,4,9,4,UNKNOWN129920;GOWANUS;GOWANUS;FARRAGUT,205;1148;1149;1150;1283;1901;1902;1905;1906,82;83;86;87
623,665,1,FARRAGUT,3,204;1149;1217,0,1,False,0,,0,AC,False,True,AC,,1,5,2,FARRAGUT,204;1149;1217;1905;1906,86;87
624,666,0,,1,1901,0,2,False,1,1902,0,AC;DC,True,True,DC,,0,2,0,,1901;1902,
625,667,1,EAST 13TH STREET,4,1148;1150;1206;1219,0,2,False,1,1215,0,AC;AC,False,True,AC,,1,9,0,EAST 13TH STREET,203;204;205;206;1148;1150;1206;1215;1219,
626,668,1,FARRAGUT,4,204;1148;1206;1218,0,1,False,0,,0,AC,False,True,AC,,1,6,2,FARRAGUT,204;1148;1206;1218;1905;1906,86;87
627,669,3,EAST 13TH STREET;UNKNOWN129920;FARRAGUT,1,2222,0,2,False,1,1215,0,AC;AC,False,True,AC,,3,11,2,EAST 13TH STREET;UNKNOWN129920;FARRAGUT,203;204;205;206;1148;1149;1150;1215;1905;1906;2222,86;87
628,670,0,,3,1218;1903;1906,0,1,False,0,,0,AC,False,True,AC,,0,3,0,,1218;1903;1906,
629,671,0,,1,203,0,1,False,0,,0,AC,False,True,AC,,0,1,0,,203,
630,672,1,FARRAGUT,2,1149;1283,0,2,False,3,1150;1215;1284,5,DC;DC,True,True,DC,,6,13,4,UNKNOWN129920;GOWANUS;HUDSON AVENUE;FARRAGUT;GOWANUS;FARRAGUT,1148;1149;1150;1215;1283;1284;1901;1902;1903;1904;1905;1906;1907,82;83;86;87
631,673,1,FARRAGUT,5,88;206;1217;1219;1284,0,1,False,0,,0,AC,False,True,AC,,1,7,2,FARRAGUT,88;206;1217;1219;1284;1905;1906,86;87
632,674,0,,4,1148;1194;1216;1217,0,1,False,0,,0,AC,False,True,AC,,0,4,0,,1148;1194;1216;1217,
633,675,0,,5,1114;1149;1188;1217;1283,0,1,False,0,,0,AC,False,True,AC,,0,5,0,,1114;1149;1188;1217;1283,
634,676,1,FARRAGUT,2,1206;1219,0,2,False,1,1215,0,DC;DC,True,True,DC,,1,8,2,FARRAGUT,1206;1215;1219;1901;1902;1903;1904;1907,86;87
635,677,1,EAST 13TH STREET,4,87;1149;1283;2221,0,2,False,1,1215,0,AC;AC,False,True,AC,,1,9,0,EAST 13TH STREET,87;203;204;205;206;1149;1215;1283;2221,
636,678,1,FARRAGUT,4,203;1217;1284;2221,0,2,False,2,1215;1283,2,DC;DC,True,True,DC,,3,13,2,HUDSON AVENUE;FARRAGUT;FARRAGUT,203;1215;1217;1283;1284;1901;1902;1903;1904;1905;1906;1907;2221,86;87
637,679,2,FARRAGUT;FARRAGUT,4,205;1114;1902;1905,0,2,False,1,1215,0,DC;DC,True,True,DC,,2,10,2,FARRAGUT;FARRAGUT,205;1114;1215;1901;1902;1903;1904;1905;1906;1907,86;87
638,680,1,EAST 13TH STREET,4,205;1188;1207;1904,0,2,False,1,1215,0,AC;AC,False,True,AC,,1,8,0,EAST 13TH STREET,203;204;205;206;1188;1207;1215;1904,
639,681,0,,4,1206;1903;1905;1906,0,1,False,0,,0,AC,False,True,AC,,0,4,0,,1206;1903;1905;1906,
640,682,1,FARRAGUT,4,1150;1188;1217;1219,0,5,False,19,53;54;1144;1145;1146;1147;1149;1215;1216;1218;1271;1274;1275;1278;1279;1280;1281;1282;2226,14,DC;DC;DC;DC;AC,True,True,AC,,15,42,5,UNKNOWN129913;UNKNOWN129920;CORONA;TAP135492;TAP135493;FAR ROCKAWAY;HEWLETT;WOODMERE;JAMAICA;GOWANUS;HUDSON AVENUE;FARRAGUT;JAMAICA;GOWANUS;FARRAGUT,53;54;1144;1145;1146;1147;1148;1149;1150;1188;1212;1213;1214;1215;1216;1217;1218;1219;1269;1270;1271;1272;1273;1274;1275;1276;1277;1278;1279;1280;1281;1282;1283;1284;1901;1902;1903;1904;1905;1906;1907;2226,54;82;83;86;87
641,683,0,,3,204;1148;1207,0,1,False,0,,0,AC,False,True,AC,,0,3,0,,204;1148;1207,
642,684,0,,5,206;1284;1902;1903;2222,0,2,False,1,1901,0,AC;DC,True,True,DC,,0,6,0,,206;1284;1901;1902;1903;2222,
643,685,0,,3,206;1218;1905,0,1,False,0,,0,AC,False,True,AC,,0,3,0,,206;1218;1905,
644,686,1,FARRAGUT,3,88;1206;1904,0,1,False,0,,0,AC,False,True,AC,,1,5,2,FARRAGUT,88;1206;1904;1905;1906,86;87
645,687,0,,0,,0,1,False,0,,0,AC,False,True,AC,,0,0,0,,,
646,688,1,EAST 13TH STREET,5,204;1114;1150;1194;1218,0,2,False,1,1215,0,AC;AC,False,True,AC,,1,9,0,EAST 13TH STREET,203;204;205;206;1114;1150;1194;1215;1218,
647,689,1,FARRAGUT,1,2222,0,1,False,0,,0,AC,False,True,AC,,1,3,2,FARRAGUT,1905;1906;2222,86;87
648,690,0,,1,88,0,1,False,0,,0,AC,False,True,AC,,0,1,0,,88,
649,691,1,FARRAGUT,1,1149,0,2,False,2,1150;1215,3,DC;DC,True,True,DC,,4,9,4,UNKNOWN129920;GOWANUS;FARRAGUT;GOWANUS,1148;1149;1150;1215;1901;1902;1903;1904;1907,82;83;86;87
650,692,1,EAST 13TH STREET,1,88,0,2,False,1,1215,0,AC;AC,False,True,AC,,1,6,0,EAST 13TH STREET,88;203;204;205;206;1215,
651,693,0,,6,206;1188;1217;1219;1904;1906,0,1,False,0,,0,AC,False,True,AC,,0,6,0,,206;1188;1217;1219;1904;1906,
652,694,0,,4,203;1149;1150;1218,0,1,False,0,,0,AC,False,True,AC,,0,4,0,,203;1149;1150;1218,
653,695,1,EAST 13TH STREET,0,,0,2,False,1,1215,0,AC;AC,False,True,AC,,1,5,0,EAST 13TH STREET,203;204;205;206;1215,
654,696,1,FARRAGUT,3,87;1150;2221,0,1,False,0,,0,AC,False,True,AC,,1,5,2,FARRAGUT,87;1150;1905;1906;2221,86;87
655,697,0,,4,206;1148;1904;1906,0,1,False,0,,0,AC,False,True,AC,,0,4,0,,206;1148;1904;1906,
656,698,0,,3,88;1906;2221,0,1,False,0,,0,AC,False,True,AC,,0,3,0,,88;1906;2221,
657,699,0,,1,2222,0,1,False,0,,0,AC,False,True,AC,,0,1,0,,2222,
658,700,0,,5,88;1189;1207;1903;1905,0,1,False,0,,0,AC,False,True,AC,,0,5,0,,88;1189;1207;1903;1905,
659,701,0,,4,203;1216;1217;1283,0,1,False,0,,0,AC,False,True,AC,,0,4,0,,203;1216;1217;1283,
660,702,0,,6,88;1149;1150;1188;1207;2221,0,1,False,0,,0,AC,False,True,AC,,0,6,0,,88;1149;1150;1188;1207;2221,
661,703,0,,4,1150;1206;1207;1905,0,1,False,0,,0,AC,False,True,AC,,0,4,0,,1150;1206;1207;1905,
662,704,0,,1,204,0,1,False,0,,0,AC,False,True,AC,,0,1,0,,204,
663,705,1,UNKNOWN129920,4,1149;1206;1216;1218,0,1,False,0,,0,AC,False,True,AC,,1,6,0,UNKNOWN129920,1148;1149;1150;1206;1216;1218,
664,706,1,EAST 13TH STREET,2,205;2220,0,2,False,1,1215,0,AC;AC,False,True,AC,,1,6,0,EAST 13TH STREET,203;204;205;206;1215;2220,
665,707,1,FARRAGUT,2,1219;1284,0,1,False,0,,0,AC,False,True,AC,,1,4,2,FARRAGUT,1219;1284;1905;1906,86;87
666,708,1,FARRAGUT,4,204;1150;1217;1905,0,1,False,0,,0,AC,False,True,AC,,1,5,2,FARRAGUT,204;1150;1217;1905;1906,86;87
667,709,1,FARRAGUT,2,1189;2220,0,1,False,0,,0,AC,False,True,AC,,1,4,2,FARRAGUT,1189;1905;1906;2220,86;87
668,710,1,UNKNOWN129920,10,88;204;1114;1189;1206;1207;1283;1902;1903;2222,0,1,False,0,,0,DC,True,True,DC,,1,13,0,UNKNOWN129920,88;204;1114;1148;1149;1150;1189;1206;1207;1283;1902;1903;2222,
669,711,0,,6,206;1114;1148;1207;1216;1905,0,1,False,0,,0,AC,False,True,AC,,0,6,0,,206;1114;1148;1207;1216;1905,
670,712,0,,2,1217;2220,0,1,False,0,,0,AC,False,True,AC,,0,2,0,,1217;2220,
671,713,1,FARRAGUT,1,204,0,1,False,0,,0,AC,False,True,AC,,1,3,2,FARRAGUT,204;1905;1906,86;87
672,714,1,UNKNOWN129920,5,88;1206;1217;1904;1905,0,1,False,0,,0,AC,False,True,AC,,1,8,0,UNKNOWN129920,88;1148;1149;1150;1206;1217;1904;1905,
673,715,0,,2,87;205,0,1,False,0,,0,AC,False,True,AC,,0,2,0,,87;205,
674,716,0,,2,206;1216,0,1,False,0,,0,AC,False,True,AC,,0,2,0,,206;1216,
675,717,0,,3,203;1217;1218,0,1,False,0,,0,AC,False,True,AC,,0,3,0,,203;1217;1218,
676,718,0,,4,204;1150;1283;2220,0,1,False,0,,0,AC,False,True,AC,,0,4,0,,204;1150;1283;2220,
677,719,0,,4,88;1188;1219;2221,0,1,False,0,,0,AC,False,True,AC,,0,4,0,,88;1188;1219;2221,
678,720,1,UNKNOWN129920,1,1284,0,1,False,0,,0,AC,False,True,AC,,1,4,0,UNKNOWN129920,1148;1149;1150;1284,
679,721,0,,3,1284;1901;1904,0,2,False,1,1902,0,AC;DC,True,True,DC,,0,4,0,,1284;1901;1902;1904,
680,722,0,,5,1149;1150;1217;1219;1903,0,1,False,0,,0,AC,False,True,AC,,0,5,0,,1149;1150;1217;1219;1903,
681,723,0,,6,204;1114;1150;1188;1901;1904,0,3,False,2,1149;1902,3,AC;DC;DC,True,True,DC,,3,9,2,UNKNOWN129920;GOWANUS;GOWANUS,204;1114;1148;1149;1150;1188;1901;1902;1904,82;83
682,724,0,,4,204;1149;1150;1189,0,1,False,0,,0,AC,False,True,AC,,0,4,0,,204;1149;1150;1189,
683,725,0,,0,,0,1,False,0,,0,AC,False,True,AC,,0,0,0,,,
684,726,1,FARRAGUT,2,205;1189,0,2,False,1,1215,0,DC;DC,True,True,DC,,1,8,2,FARRAGUT,205;1189;1215;1901;1902;1903;1904;1907,86;87
685,727,0,,2,87;1283,0,1,False,0,,0,AC,False,True,AC,,0,2,0,,87;1283,
686,728,0,,3,203;1283;1905,0,1,False,0,,0,AC,False,True,AC,,0,3,0,,203;1283;1905,
687,729,1,FARRAGUT,0,,0,1,False,0,,0,AC,False,True,AC,,1,2,2,FARRAGUT,1905;1906,86;87
688,730,1,FARRAGUT,2,1283;1284,2,2,False,1,1215,0,DC;DC,True,True,DC,,3,10,2,HUDSON AVENUE;FARRAGUT;FARRAGUT,1215;1283;1284;1901;1902;1903;1904;1905;1906;1907,86;87
689,731,0,,6,88;206;1283;1903;2221;2222,0,1,False,0,,0,AC,False,True,AC,,0,6,0,,88;206;1283;1903;2221;2222,
690,732,1,FARRAGUT,5,1148;1150;1216;1218;1902,0,1,False,0,,0,AC,False,True,AC,,1,7,2,FARRAGUT,1148;1150;1216;1218;1902;1905;1906,86;87
691,733,1,EAST 13TH STREET,2,1907;2220,0,2,False,1,1215,0,AC;AC,False,True,AC,,1,7,0,EAST 13TH STREET,203;204;205;206;1215;1907;2220,
692,734,0,,5,87;88;203;1114;1907,0,2,False,1,1215,2,AC;AC,False,True,AC,,2,6,1,UNKNOWN124169;UNKNOWN124169,87;88;203;1114;1215;1907,3
693,735,0,,3,204;1903;1907,0,1,False,0,,0,AC,False,True,AC,,0,3,0,,204;1903;1907,
694,736,0,,4,204;1148;1189;1904,0,1,False,0,,0,AC,False,True,AC,,0,4,0,,204;1148;1189;1904,
695,737,0,,1,1901,0,2,False,1,1902,0,AC;DC,True,True,DC,,0,2,0,,1901;1902,
696,738,0,,4,87;88;1218;1283,0,2,False,1,1215,2,AC;AC,False,True,AC,,2,5,1,UNKNOWN124169;UNKNOWN124169,87;88;1215;1218;1283,3
697,739,0,,1,88,0,1,False,0,,0,AC,False,True,AC,,0,1,0,,88,
698,740,1,FARRAGUT,2,1114;1149,0,2,False,2,1150;1215,3,DC;DC,True,True,DC,,4,10,4,UNKNOWN129920;GOWANUS;FARRAGUT;GOWANUS,1114;1148;1149;1150;1215;1901;1902;1903;1904;1907,82;83;86;87
699,741,0,,4,205;1114;1188;1284,0,1,False,0,,0,AC,False,True,AC,,0,4,0,,205;1114;1188;1284,
700,742,0,,4,1148;1149;1283;1905,0,1,False,0,,0,AC,False,True,AC,,0,4,0,,1148;1149;1283;1905,
701,743,2,UNKNOWN129920;FARRAGUT,4,203;1284;1901;1906,2,2,False,2,1215;1283,2,DC;DC,True,True,DC,,6,14,4,UNKNOWN129920;GOWANUS;HUDSON AVENUE;FARRAGUT;GOWANUS;FARRAGUT,203;1148;1149;1150;1215;1283;1284;1901;1902;1903;1904;1905;1906;1907,82;83;86;87
702,744,0,,5,205;1114;1189;1216;1284,0,1,False,0,,0,AC,False,True,AC,,0,5,0,,205;1114;1189;1216;1284,
703,745,0,,4,1114;1206;1284;1906,0,1,False,0,,0,AC,False,True,AC,,0,4,0,,1114;1206;1284;1906,
704,746,0,,3,1150;1218;2221,0,1,False,0,,0,AC,False,True,AC,,0,3,0,,1150;1218;2221,
705,747,0,,3,203;1150;1901,0,3,False,2,1149;1902,3,AC;DC;DC,True,True,DC,,3,6,2,UNKNOWN129920;GOWANUS;GOWANUS,203;1148;1149;1150;1901;1902,82;83
706,748,0,,3,1150;1188;1901,0,3,False,2,1149;1902,3,AC;DC;DC,True,True,DC,,3,6,2,UNKNOWN129920;GOWANUS;GOWANUS,1148;1149;1150;1188;1901;1902,82;83
707,749,1,FARRAGUT,4,205;1114;1150;1206,0,1,False,0,,0,AC,False,True,AC,,1,6,2,FARRAGUT,205;1114;1150;1206;1905;1906,86;87
708,750,0,,5,87;1194;1207;1219;1906,0,1,False,0,,0,AC,False,True,AC,,0,5,0,,87;1194;1207;1219;1906,
709,751,0,,3,203;1219;1283,0,1,False,0,,0,AC,False,True,AC,,0,3,0,,203;1219;1283,
710,752,1,FARRAGUT,2,1150;1901,0,3,False,2,1149;1902,3,AC;DC;DC,True,True,DC,,4,7,4,UNKNOWN129920;GOWANUS;GOWANUS;FARRAGUT,1148;1149;1150;1901;1902;1905;1906,82;83;86;87
711,753,1,FARRAGUT,4,206;1148;1150;1904,2,2,False,1,1215,0,DC;DC,True,True,DC,,3,9,4,GOWANUS;FARRAGUT;GOWANUS,206;1148;1150;1215;1901;1902;1903;1904;1907,82;83;86;87
712,754,0,,4,88;1194;1216;1903,0,1,False,0,,0,AC,False,True,AC,,0,4,0,,88;1194;1216;1903,
713,755,0,,5,204;1149;1901;1907;2221,0,3,False,3,1150;1215;1902,3,AC;DC;DC,True,True,DC,,3,9,2,UNKNOWN129920;GOWANUS;GOWANUS,204;1148;1149;1150;1215;1901;1902;1907;2221,82;83
714,756,0,,3,1194;1216;1906,0,1,False,0,,0,AC,False,True,AC,,0,3,0,,1194;1216;1906,
715,757,1,FARRAGUT,3,1188;1206;1283,0,2,False,2,1215;1284,2,DC;DC,True,True,DC,,3,12,2,HUDSON AVENUE;FARRAGUT;FARRAGUT,1188;1206;1215;1283;1284;1901;1902;1903;1904;1905;1906;1907,86;87
716,758,0,,1,1216,0,1,False,0,,0,AC,False,True,AC,,0,1,0,,1216,
717,759,0,,3,88;1216;1907,0,1,False,0,,0,AC,False,True,AC,,0,3,0,,88;1216;1907,
718,760,0,,4,206;1148;1206;1907,0,1,False,0,,0,AC,False,True,AC,,0,4,0,,206;1148;1206;1907,
719,761,0,,1,1148,0,1,False,0,,0,AC,False,True,AC,,0,1,0,,1148,
720,762,0,,5,88;206;1148;1218;1284,0,1,False,0,,0,AC,False,True,AC,,0,5,0,,88;206;1148;1218;1284,
721,763,0,,6,88;1189;1206;1217;1284;1906,0,1,False,0,,0,AC,False,True,AC,,0,6,0,,88;1189;1206;1217;1284;1906,
722,764,1,FARRAGUT,3,204;1150;1217,0,1,False,0,,0,AC,False,True,AC,,1,5,2,FARRAGUT,204;1150;1217;1905;1906,86;87
723,765,0,,3,205;1114;1194,0,1,False,0,,0,AC,False,True,AC,,0,3,0,,205;1114;1194,
724,766,0,,4,205;1114;1217;1284,0,1,False,0,,0,AC,False,True,AC,,0,4,0,,205;1114;1217;1284,
725,767,0,,1,1148,0,1,False,0,,0,AC,False,True,AC,,0,1,0,,1148,
726,768,0,,3,87;1284;1902,0,2,False,1,1901,0,AC;DC,True,True,DC,,0,4,0,,87;1284;1901;1902,
727,769,0,,4,204;1148;1218;1904,0,1,False,0,,0,AC,False,True,AC,,0,4,0,,204;1148;1218;1904,
728,770,0,,4,204;1206;1217;1906,0,1,False,0,,0,AC,False,True,AC,,0,4,0,,204;1206;1217;1906,
729,771,0,,4,1148;1149;1903;1907,0,1,False,0,,0,AC,False,True,AC,,0,4,0,,1148;1149;1903;1907,
730,772,0,,1,2222,0,1,False,0,,0,AC,False,True,AC,,0,1,0,,2222,
731,773,1,EAST 13TH STREET,4,1149;1188;1219;1902,0,7,False,33,53;54;1127;1144;1145;1146;1147;1150;1189;1190;1191;1192;1200;1208;1212;1213;1214;1215;1271;1274;1275;1278;1279;1280;1281;1282;1283;1284;1901;1905;1906;2219;2226,33,AC;DC;DC;DC;DC;DC;DC,True,True,DC,,34,83,14,UNKNOWN124169;EAST 13TH STREET;WEST ASTORIA;EAST ASTORIA;UNKNOWN129913;UNKNOWN129920;BRUCKNER;NORTH QUEENS;CORONA;TAP135492;TAP135493;FAR ROCKAWAY;HEWLETT;WOODMERE;JAMAICA;QUEENSBRIDGE;GOWANUS;RAINEY;HUDSON AVENUE;FARRAGUT;VERNON;LEONARD STREET;WEST 65TH STREET;WEST 49TH STREET;UNKNOWN172523;UNKNOWN172524;UNKNOWN124169;EAST ASTORIA;JAMAICA;GOWANUS;RAINEY;FARRAGUT;LEONARD STREET;WEST 49TH STREET,53;54;87;88;203;204;205;206;1114;1115;1116;1117;1118;1127;1144;1145;1146;1147;1148;1149;1150;1188;1189;1190;1191;1192;1193;1194;1200;1201;1202;1203;1204;1205;1208;1212;1213;1214;1215;1216;1217;1218;1219;1269;1270;1271;1272;1273;1274;1275;1276;1277;1278;1279;1280;1281;1282;1283;1284;1285;1286;1287;1901;1902;1903;1904;1905;1906;1907;1908;1909;1910;1911;1912;1913;1914;1915;1916;2219;2220;2221;2222;2226,3;32;33;54;82;83;84;85;86;87;88;89;90;91
732,774,0,,1,1149,0,1,False,0,,0,AC,False,True,AC,,0,1,0,,1149,
733,775,0,,2,1148;1188,0,1,False,0,,0,AC,False,True,AC,,0,2,0,,1148;1188,
734,776,0,,4,1206;1216;1283;1903,0,1,False,0,,0,AC,False,True,AC,,0,4,0,,1206;1216;1283;1903,
735,777,0,,5,1114;1194;1216;1283;1907,0,1,False,0,,0,AC,False,True,AC,,0,5,0,,1114;1194;1216;1283;1907,
736,778,1,UNKNOWN129920,4,87;88;1283;2221,0,2,False,1,1215,2,AC;DC,True,True,DC,,3,8,1,UNKNOWN124169;UNKNOWN129920;UNKNOWN124169,87;88;1148;1149;1150;1215;1283;2221,3
737,779,1,UNKNOWN129920,3,1189;1217;1904,0,1,False,0,,0,DC,True,True,DC,,1,6,0,UNKNOWN129920,1148;1149;1150;1189;1217;1904,
738,780,0,,4,203;1194;1206;1284,0,1,False,0,,0,AC,False,True,AC,,0,4,0,,203;1194;1206;1284,
739,781,1,FARRAGUT,2,1216;1217,0,1,False,0,,0,AC,False,True,AC,,1,4,2,FARRAGUT,1216;1217;1905;1906,86;87
740,782,1,EAST 13TH STREET,2,1114;1907,0,2,False,1,1215,0,AC;AC,False,True,AC,,1,7,0,EAST 13TH STREET,203;204;205;206;1114;1215;1907,
741,783,1,FARRAGUT,3,88;1148;1905,2,2,False,1,1215,0,DC;DC,True,True,DC,,3,9,4,GOWANUS;FARRAGUT;GOWANUS,88;1148;1215;1901;1902;1903;1904;1905;1907,82;83;86;87
742,784,0,,2,1114;1284,0,1,False,0,,0,AC,False,True,AC,,0,2,0,,1114;1284,
743,785,0,,4,1148;1207;1903;1906,0,1,False,0,,0,AC,False,True,AC,,0,4,0,,1148;1207;1903;1906,
744,786,1,UNKNOWN129920,1,1218,0,1,False,0,,0,AC,False,True,AC,,1,4,0,UNKNOWN129920,1148;1149;1150;1218,
745,787,0,,1,205,0,1,False,0,,0,AC,False,True,AC,,0,1,0,,205,
746,788,0,,3,1206;1904;1906,0,1,False,0,,0,AC,False,True,AC,,0,3,0,,1206;1904;1906,
747,789,0,,4,87;203;206;2221,0,1,False,0,,0,AC,False,True,AC,,0,4,0,,87;203;206;2221,
748,790,0,,2,1194;1284,0,1,False,0,,0,AC,False,True,AC,,0,2,0,,1194;1284,
749,791,1,FARRAGUT,4,1218;1219;1284;2220,0,1,False,0,,0,AC,False,True,AC,,1,6,2,FARRAGUT,1218;1219;1284;1905;1906;2220,86;87
750,792,0,,2,1217;1284,0,1,False,0,,0,AC,False,True,AC,,0,2,0,,1217;1284,
751,793,1,FARRAGUT,5,88;205;1194;1903;2221,0,2,False,1,1215,0,DC;DC,True,True,DC,,1,10,2,FARRAGUT,88;205;1194;1215;1901;1902;1903;1904;1907;2221,86;87
752,794,0,,0,,0,1,False,0,,0,AC,False,True,AC,,0,0,0,,,
753,795,0,,4,206;1150;1283;2220,0,1,False,0,,0,AC,False,True,AC,,0,4,0,,206;1150;1283;2220,
754,796,0,,2,1188;1217,0,1,False,0,,0,AC,False,True,AC,,0,2,0,,1188;1217,
755,797,0,,2,1150;1217,0,1,False,0,,0,AC,False,True,AC,,0,2,0,,1150;1217,
756,798,0,,2,1148;1284,0,1,False,0,,0,AC,False,True,AC,,0,2,0,,1148;1284,
757,799,1,FARRAGUT,4,1148;1206;1207;1283,0,1,False,0,,0,AC,False,True,AC,,1,6,2,FARRAGUT,1148;1206;1207;1283;1905;1906,86;87
758,800,1,UNKNOWN129920,3,87;1217;1902,0,1,False,0,,0,AC,False,True,AC,,1,6,0,UNKNOWN129920,87;1148;1149;1150;1217;1902,
759,801,0,,4,1206;1283;1904;1906,0,1,False,0,,0,AC,False,True,AC,,0,4,0,,1206;1283;1904;1906,
760,802,2,FARRAGUT;FARRAGUT,3,204;1194;1906,0,2,False,1,1215,0,DC;DC,True,True,DC,,2,10,2,FARRAGUT;FARRAGUT,204;1194;1215;1901;1902;1903;1904;1905;1906;1907,86;87
761,803,0,,2,1217;1901,0,2,False,1,1902,0,AC;DC,True,True,DC,,0,3,0,,1217;1901;1902,
762,804,1,FARRAGUT,3,205;1148;1902,0,1,False,0,,0,AC,False,True,AC,,1,5,2,FARRAGUT,205;1148;1902;1905;1906,86;87
763,805,2,EAST 13TH STREET;UNKNOWN129920,1,1283,0,1,False,0,,0,DC,True,True,DC,,2,8,0,EAST 13TH STREET;UNKNOWN129920,203;204;205;206;1148;1149;1150;1283,
764,806,0,,6,205;1150;1188;1217;1905;2220,0,1,False,0,,0,AC,False,True,AC,,0,6,0,,205;1150;1188;1217;1905;2220,
765,807,0,,4,1217;1901;1902;1907,0,2,False,1,1215,0,DC;DC,True,True,DC,,0,5,0,,1215;1217;1901;1902;1907,
766,808,0,,1,1903,0,1,False,0,,0,AC,False,True,AC,,0,1,0,,1903,
767,809,0,,1,87,0,1,False,0,,0,AC,False,True,AC,,0,1,0,,87,
768,810,1,FARRAGUT,3,204;1148;1189,0,1,False,0,,0,AC,False,True,AC,,1,5,2,FARRAGUT,204;1148;1189;1905;1906,86;87
769,811,0,,5,88;203;1207;1901;2221,0,2,False,1,1902,0,AC;DC,True,True,DC,,0,6,0,,88;203;1207;1901;1902;2221,
770,812,0,,1,1283,0,1,False,0,,0,AC,False,True,AC,,0,1,0,,1283,
771,813,1,FARRAGUT,4,88;1218;1906;1907,0,2,False,1,1215,0,DC;DC,True,True,DC,,1,9,2,FARRAGUT,88;1215;1218;1901;1902;1903;1904;1906;1907,86;87
772,814,0,,4,1149;1150;1189;2220,0,1,False,0,,0,AC,False,True,AC,,0,4,0,,1149;1150;1189;2220,
773,815,0,,3,203;1903;2222,0,1,False,0,,0,AC,False,True,AC,,0,3,0,,203;1903;2222,
774,816,0,,5,203;204;206;1206;1207,0,2,False,1,1215,0,AC;AC,False,True,AC,,0,6,0,,203;204;206;1206;1207;1215,
775,817,1,EAST 13TH STREET,2,1207;1219,0,2,False,1,1215,0,AC;AC,False,True,AC,,1,7,0,EAST 13TH STREET,203;204;205;206;1207;1215;1219,
776,818,1,EAST 13TH STREET,4,1114;1150;1903;1905,0,2,False,1,1215,0,AC;AC,False,True,AC,,1,9,0,EAST 13TH STREET,203;204;205;206;1114;1150;1215;1903;1905,
777,819,0,,3,88;1901;1903,0,2,False,1,1902,0,AC;DC,True,True,DC,,0,4,0,,88;1901;1902;1903,
778,820,1,FARRAGUT,6,88;1150;1207;1216;1284;1906,0,1,False,0,,0,AC,False,True,AC,,1,7,2,FARRAGUT,88;1150;1207;1216;1284;1905;1906,86;87
779,821,0,,4,1149;1188;1217;2220,0,1,False,0,,0,AC,False,True,AC,,0,4,0,,1149;1188;1217;2220,
780,822,0,,4,1148;1217;1218;2220,0,1,False,0,,0,AC,False,True,AC,,0,4,0,,1148;1217;1218;2220,
781,823,0,,6,206;1114;1149;1903;1904;2221,0,1,False,0,,0,AC,False,True,AC,,0,6,0,,206;1114;1149;1903;1904;2221,
782,824,1,FARRAGUT,1,205,0,1,False,0,,0,AC,False,True,AC,,1,3,2,FARRAGUT,205;1905;1906,86;87
783,825,1,UNKNOWN129920,1,1216,0,1,False,0,,0,AC,False,True,AC,,1,4,0,UNKNOWN129920,1148;1149;1150;1216,
784,826,1,FARRAGUT,6,87;206;1150;1206;1218;1907,0,2,False,2,1149;1215,3,DC;DC,True,True,DC,,4,13,4,UNKNOWN129920;GOWANUS;FARRAGUT;GOWANUS,87;206;1148;1149;1150;1206;1215;1218;1901;1902;1903;1904;1907,82;83;86;87
785,827,0,,2,1901;1904,0,2,False,1,1902,0,AC;DC,True,True,DC,,0,3,0,,1901;1902;1904,
786,828,2,EAST 13TH STREET;FARRAGUT,1,1905,0,2,False,1,1215,0,DC;DC,True,True,DC,,2,11,2,EAST 13TH STREET;FARRAGUT,203;204;205;206;1215;1901;1902;1903;1904;1905;1907,86;87
787,829,0,,0,,0,1,False,0,,0,AC,False,True,AC,,0,0,0,,,
788,830,1,UNKNOWN129920,4,1150;1217;1283;1904,0,1,False,0,,0,AC,False,True,AC,,1,6,0,UNKNOWN129920,1148;1149;1150;1217;1283;1904,
789,831,1,FARRAGUT,2,1188;1903,0,2,False,1,1215,0,DC;DC,True,True,DC,,1,7,2,FARRAGUT,1188;1215;1901;1902;1903;1904;1907,86;87
790,832,1,UNKNOWN129920,3,1207;1902;1903,0,1,False,0,,0,AC,False,True,AC,,1,6,0,UNKNOWN129920,1148;1149;1150;1207;1902;1903,
791,833,0,,3,1188;1903;2220,0,1,False,0,,0,AC,False,True,AC,,0,3,0,,1188;1903;2220,
792,834,1,FARRAGUT,4,88;1149;1206;1217,0,1,False,0,,0,AC,False,True,AC,,1,6,2,FARRAGUT,88;1149;1206;1217;1905;1906,86;87
793,835,1,FARRAGUT,2,1188;1906,0,1,False,0,,0,AC,False,True,AC,,1,3,2,FARRAGUT,1188;1905;1906,86;87
794,836,0,,1,1206,0,1,False,0,,0,AC,False,True,AC,,0,1,0,,1206,
795,837,1,UNKNOWN129920,2,88;1284,0,1,False,0,,0,AC,False,True,AC,,1,5,0,UNKNOWN129920,88;1148;1149;1150;1284,
796,838,1,UNKNOWN129920,2,1216;1907,0,1,False,0,,0,AC,False,True,AC,,1,5,0,UNKNOWN129920,1148;1149;1150;1216;1907,
797,839,1,UNKNOWN129920,3,1206;1284;2220,0,1,False,0,,0,AC,False,True,AC,,1,6,0,UNKNOWN129920,1148;1149;1150;1206;1284;2220,
798,840,0,,5,88;206;1149;1207;1907,0,1,False,0,,0,AC,False,True,AC,,0,5,0,,88;206;1149;1207;1907,
799,841,0,,4,203;1194;1902;1905,0,2,False,1,1901,0,AC;DC,True,True,DC,,0,5,0,,203;1194;1901;1902;1905,
800,842,0,,2,87;203,0,1,False,0,,0,AC,False,True,AC,,0,2,0,,87;203,
801,843,2,FARRAGUT;FARRAGUT,2,205;1283,0,2,False,1,1215,0,DC;DC,True,True,DC,,2,10,2,FARRAGUT;FARRAGUT,205;1215;1283;1901;1902;1903;1904;1905;1906;1907,86;87
802,844,0,,3,1902;1903;1907,0,3,False,2,1215;1901,0,AC;DC;DC,True,True,DC,,0,5,0,,1215;1901;1902;1903;1907,
803,845,1,FARRAGUT,1,2222,0,1,False,0,,0,AC,False,True,AC,,1,3,2,FARRAGUT,1905;1906;2222,86;87
804,846,0,,2,1189;1902,0,2,False,1,1901,0,AC;DC,True,True,DC,,0,3,0,,1189;1901;1902,
805,847,1,FARRAGUT,3,1148;1283;1906,2,2,False,2,1215;1284,2,DC;AC,True,True,AC,,5,11,4,GOWANUS;HUDSON AVENUE;FARRAGUT;GOWANUS;FARRAGUT,1148;1215;1283;1284;1901;1902;1903;1904;1905;1906;1907,82;83;86;87
806,848,2,FARRAGUT;FARRAGUT,5,87;203;206;1219;1283,0,2,False,1,1215,0,DC;DC,True,True,DC,,2,13,2,FARRAGUT;FARRAGUT,87;203;206;1215;1219;1283;1901;1902;1903;1904;1905;1906;1907,86;87
807,849,1,FARRAGUT,5,88;1216;1284;1901;1905,0,2,False,1,1902,0,AC;DC,True,True,DC,,1,7,2,FARRAGUT,88;1216;1284;1901;1902;1905;1906,86;87
808,850,0,,1,1114,0,1,False,0,,0,AC,False,True,AC,,0,1,0,,1114,
809,851,0,,3,1207;1283;1905,0,1,False,0,,0,AC,False,True,AC,,0,3,0,,1207;1283;1905,
810,852,0,,3,88;203;206,0,1,False,0,,0,AC,False,True,AC,,0,3,0,,88;203;206,
811,853,1,FARRAGUT,6,87;206;1149;1219;1283;1284,1,1,False,0,,0,AC,False,True,AC,,2,8,2,HUDSON AVENUE;FARRAGUT,87;206;1149;1219;1283;1284;1905;1906,86;87
812,854,1,FARRAGUT,4,205;1148;1189;1906,2,2,False,1,1215,0,DC;DC,True,True,DC,,3,10,4,GOWANUS;FARRAGUT;GOWANUS,205;1148;1189;1215;1901;1902;1903;1904;1906;1907,82;83;86;87
813,855,0,,3,204;1194;1907,0,1,False,0,,0,AC,False,True,AC,,0,3,0,,204;1194;1907,
814,856,0,,3,1150;1216;2221,0,1,False,0,,0,AC,False,True,AC,,0,3,0,,1150;1216;2221,
815,857,1,FARRAGUT,7,203;1148;1149;1217;1903;1905;2221,0,1,False,0,,0,AC,False,True,AC,,1,8,2,FARRAGUT,203;1148;1149;1217;1903;1905;1906;2221,86;87
816,858,0,,3,1206;1905;1906,0,1,False,0,,0,AC,False,True,AC,,0,3,0,,1206;1905;1906,
817,859,0,,1,203,0,1,False,0,,0,AC,False,True,AC,,0,1,0,,203,
818,860,0,,7,203;205;1114;1148;1218;1219;1907,0,1,False,0,,0,AC,False,True,AC,,0,7,0,,203;205;1114;1148;1218;1219;1907,
819,861,1,FARRAGUT,4,203;1188;1206;1218,0,2,False,1,1215,0,DC;DC,True,True,DC,,1,10,2,FARRAGUT,203;1188;1206;1215;1218;1901;1902;1903;1904;1907,86;87
820,862,0,,4,87;1148;1207;1284,0,1,False,0,,0,AC,False,True,AC,,0,4,0,,87;1148;1207;1284,
821,863,0,,1,1150,0,1,False,0,,0,AC,False,True,AC,,0,1,0,,1150,
822,864,0,,0,,0,1,False,0,,0,AC,False,True,AC,,0,0,0,,,
823,865,0,,2,206;1150,0,1,False,0,,0,AC,False,True,AC,,0,2,0,,206;1150,
824,866,0,,5,87;1206;1283;1906;1907,0,1,False,0,,0,AC,False,True,AC,,0,5,0,,87;1206;1283;1906;1907,
825,867,0,,3,88;1149;1218,0,1,False,0,,0,AC,False,True,AC,,0,3,0,,88;1149;1218,
826,868,0,,2,1207;2221,0,1,False,0,,0,AC,False,True,AC,,0,2,0,,1207;2221,
827,869,1,FARRAGUT,5,205;206;1207;1217;1906,0,2,False,1,1215,0,AC;AC,False,True,AC,,1,7,2,FARRAGUT,205;206;1207;1215;1217;1905;1906,86;87
828,870,3,EAST 13TH STREET;UNKNOWN129920;FARRAGUT,4,1148;1284;1903;1906,0,2,False,1,1215,0,AC;AC,False,True,AC,,3,12,2,EAST 13TH STREET;UNKNOWN129920;FARRAGUT,203;204;205;206;1148;1149;1150;1215;1284;1903;1905;1906,86;87
829,871,1,EAST 13TH STREET,5,87;205;1206;1284;1902,0,2,False,2,1215;1901,0,AC;DC,True,True,DC,,1,10,0,EAST 13TH STREET,87;203;204;205;206;1206;1215;1284;1901;1902,
830,872,1,UNKNOWN129920,3,204;1188;1906,0,1,False,0,,0,DC,True,True,DC,,1,6,0,UNKNOWN129920,204;1148;1149;1150;1188;1906,
831,873,1,UNKNOWN129920,0,,0,1,False,0,,0,AC,False,True,AC,,1,3,0,UNKNOWN129920,1148;1149;1150,
832,874,1,FARRAGUT,5,1283;1903;1906;1907;2220,0,1,False,0,,0,AC,False,True,AC,,1,6,2,FARRAGUT,1283;1903;1905;1906;1907;2220,86;87
833,875,0,,1,1906,0,1,False,0,,0,AC,False,True,AC,,0,1,0,,1906,
834,876,0,,3,1206;1904;1907,0,1,False,0,,0,AC,False,True,AC,,0,3,0,,1206;1904;1907,
835,877,1,FARRAGUT,3,88;1194;1283,0,2,False,2,1215;1284,2,DC;DC,True,True,DC,,3,12,2,HUDSON AVENUE;FARRAGUT;FARRAGUT,88;1194;1215;1283;1284;1901;1902;1903;1904;1905;1906;1907,86;87
836,878,1,FARRAGUT,6,87;1207;1216;1218;1904;2221,0,5,False,18,53;54;1144;1145;1146;1147;1215;1217;1219;1271;1274;1275;1278;1279;1280;1281;1282;2226,11,DC;DC;DC;DC;DC,True,True,DC,,12,41,3,UNKNOWN129913;CORONA;TAP135492;TAP135493;FAR ROCKAWAY;HEWLETT;WOODMERE;JAMAICA;HUDSON AVENUE;FARRAGUT;JAMAICA;FARRAGUT,53;54;87;1144;1145;1146;1147;1207;1212;1213;1214;1215;1216;1217;1218;1219;1269;1270;1271;1272;1273;1274;1275;1276;1277;1278;1279;1280;1281;1282;1283;1284;1901;1902;1903;1904;1905;1906;1907;2221;2226,54;86;87
837,879,1,FARRAGUT,0,,0,1,False,0,,0,AC,False,True,AC,,1,2,2,FARRAGUT,1905;1906,86;87
838,880,0,,1,1150,0,1,False,0,,0,AC,False,True,AC,,0,1,0,,1150,
839,881,0,,2,1219;1907,0,1,False,0,,0,AC,False,True,AC,,0,2,0,,1219;1907,
840,882,1,UNKNOWN129920,1,1283,0,1,False,0,,0,AC,False,True,AC,,1,4,0,UNKNOWN129920,1148;1149;1150;1283,
841,883,1,FARRAGUT,6,1148;1188;1206;1207;1218;1219,0,1,False,0,,0,AC,False,True,AC,,1,8,2,FARRAGUT,1148;1188;1206;1207;1218;1219;1905;1906,86;87
842,884,0,,4,1283;1284;1906;2221,0,1,False,0,,0,AC,False,True,AC,,0,4,0,,1283;1284;1906;2221,
843,885,0,,3,1207;1218;1903,0,1,False,0,,0,AC,False,True,AC,,0,3,0,,1207;1218;1903,
844,886,0,,7,203;205;1189;1206;1905;1906;2221,0,1,False,0,,0,AC,False,True,AC,,0,7,0,,203;205;1189;1206;1905;1906;2221,
845,887,1,FARRAGUT,6,1148;1189;1206;1217;1283;2221,0,1,False,0,,0,AC,False,True,AC,,1,8,2,FARRAGUT,1148;1189;1206;1217;1283;1905;1906;2221,86;87
846,888,2,UNKNOWN129920;FARRAGUT,4,1148;1149;1902;1906,2,2,False,1,1215,0,DC;DC,True,True,DC,,4,10,4,UNKNOWN129920;GOWANUS;FARRAGUT;GOWANUS,1148;1149;1150;1215;1901;1902;1903;1904;1906;1907,82;83;86;87
847,889,0,,3,1148;1149;1283,0,1,False,0,,0,AC,False,True,AC,,0,3,0,,1148;1149;1283,
848,890,0,,4,1283;1902;1903;1904,0,2,False,1,1901,0,AC;DC,True,True,DC,,0,5,0,,1283;1901;1902;1903;1904,
849,891,1,FARRAGUT,1,1150,0,2,False,2,1149;1215,3,DC;DC,True,True,DC,,4,9,4,UNKNOWN129920;GOWANUS;FARRAGUT;GOWANUS,1148;1149;1150;1215;1901;1902;1903;1904;1907,82;83;86;87
850,892,1,FARRAGUT,4,1194;1284;1902;2220,0,2,False,2,1215;1283,2,DC;DC,True,True,DC,,3,12,2,HUDSON AVENUE;FARRAGUT;FARRAGUT,1194;1215;1283;1284;1901;1902;1903;1904;1905;1906;1907;2220,86;87
851,893,0,,3,1188;1217;1284,0,1,False,0,,0,AC,False,True,AC,,0,3,0,,1188;1217;1284,
852,894,0,,3,1218;1284;1905,0,1,False,0,,0,AC,False,True,AC,,0,3,0,,1218;1284;1905,
853,895,0,,5,203;205;206;1114;1149,0,2,False,1,1215,0,AC;AC,False,True,AC,,0,6,0,,203;205;206;1114;1149;1215,
854,896,0,,5,88;206;1216;1284;1907,0,1,False,0,,0,AC,False,True,AC,,0,5,0,,88;206;1216;1284;1907,
855,897,1,FARRAGUT,4,206;1149;1206;1219,0,1,False,0,,0,AC,False,True,AC,,1,6,2,FARRAGUT,206;1149;1206;1219;1905;1906,86;87
856,898,0,,3,1149;1194;1206,0,1,False,0,,0,AC,False,True,AC,,0,3,0,,1149;1194;1206,
857,899,0,,3,204;1148;1904,0,1,False,0,,0,AC,False,True,AC,,0,3,0,,204;1148;1904,
858,900,2,EAST 13TH STREET;UNKNOWN129920,2,1149;1903,0,1,False,0,,0,DC,True,True,DC,,2,8,0,EAST 13TH STREET;UNKNOWN129920,203;204;205;206;1148;1149;1150;1903,
859,901,0,,2,204;1217,0,1,False,0,,0,AC,False,True,AC,,0,2,0,,204;1217,
860,902,0,,1,1150,0,1,False,0,,0,AC,False,True,AC,,0,1,0,,1150,
861,903,0,,3,203;1907;2220,0,1,False,0,,0,AC,False,True,AC,,0,3,0,,203;1907;2220,
862,904,0,,3,88;206;1901,0,2,False,1,1902,0,AC;DC,True,True,DC,,0,4,0,,88;206;1901;1902,
863,905,1,FARRAGUT,3,88;1207;2220,0,1,False,0,,0,AC,False,True,AC,,1,5,2,FARRAGUT,88;1207;1905;1906;2220,86;87
864,906,1,UNKNOWN129920,2,87;2222,0,1,False,0,,0,AC,False,True,AC,,1,5,0,UNKNOWN129920,87;1148;1149;1150;2222,
865,907,1,UNKNOWN129920,7,1114;1206;1207;1216;1219;1905;2222,0,1,False,0,,0,AC,False,True,AC,,1,10,0,UNKNOWN129920,1114;1148;1149;1150;1206;1207;1216;1219;1905;2222,
866,908,0,,3,87;1149;1904,0,1,False,0,,0,AC,False,True,AC,,0,3,0,,87;1149;1904,
867,909,0,,2,1149;2220,0,1,False,0,,0,AC,False,True,AC,,0,2,0,,1149;2220,
868,910,1,FARRAGUT,4,1216;1217;1902;2222,0,5,False,18,53;54;1144;1145;1146;1147;1215;1218;1219;1271;1274;1275;1278;1279;1280;1281;1282;2226,11,DC;DC;DC;DC;DC,True,True,DC,,12,39,3,UNKNOWN129913;CORONA;TAP135492;TAP135493;FAR ROCKAWAY;HEWLETT;WOODMERE;JAMAICA;HUDSON AVENUE;FARRAGUT;JAMAICA;FARRAGUT,53;54;1144;1145;1146;1147;1212;1213;1214;1215;1216;1217;1218;1219;1269;1270;1271;1272;1273;1274;1275;1276;1277;1278;1279;1280;1281;1282;1283;1284;1901;1902;1903;1904;1905;1906;1907;2222;2226,54;86;87
869,911,0,,3,203;1148;1207,0,1,False,0,,0,AC,False,True,AC,,0,3,0,,203;1148;1207,
870,912,0,,3,87;1219;1283,0,1,False,0,,0,AC,False,True,AC,,0,3,0,,87;1219;1283,
871,913,1,FARRAGUT,0,,0,2,False,1,1215,0,DC;DC,True,True,DC,,1,6,2,FARRAGUT,1215;1901;1902;1903;1904;1907,86;87
872,914,0,,6,203;1148;1150;1188;1194;1219,0,1,False,0,,0,AC,False,True,AC,,0,6,0,,203;1148;1150;1188;1194;1219,
873,915,0,,2,1150;1283,0,1,False,0,,0,AC,False,True,AC,,0,2,0,,1150;1283,
874,916,0,,3,88;1189;1218,0,1,False,0,,0,AC,False,True,AC,,0,3,0,,88;1189;1218,
875,917,0,,1,1206,0,1,False,0,,0,AC,False,True,AC,,0,1,0,,1206,
876,918,1,UNKNOWN129920,3,1149;1206;1905,0,1,False,0,,0,AC,False,True,AC,,1,5,0,UNKNOWN129920,1148;1149;1150;1206;1905,
877,919,0,,2,1217;1906,0,1,False,0,,0,AC,False,True,AC,,0,2,0,,1217;1906,
878,920,0,,2,1216;1904,0,1,False,0,,0,AC,False,True,AC,,0,2,0,,1216;1904,
879,921,1,FARRAGUT,1,1149,0,1,False,0,,0,AC,False,True,AC,,1,3,2,FARRAGUT,1149;1905;1906,86;87
880,922,1,UNKNOWN129920,4,88;205;1283;1903,0,1,False,0,,0,AC,False,True,AC,,1,7,0,UNKNOWN129920,88;205;1148;1149;1150;1283;1903,
881,923,0,,4,1150;1188;1206;1207,0,1,False,0,,0,AC,False,True,AC,,0,4,0,,1150;1188;1206;1207,
882,924,1,FARRAGUT,4,88;1148;1189;1284,2,2,False,2,1215;1283,2,DC;AC,True,True,AC,,5,13,4,GOWANUS;HUDSON AVENUE;FARRAGUT;GOWANUS;FARRAGUT,88;1148;1189;1215;1283;1284;1901;1902;1903;1904;1905;1906;1907,82;83;86;87
883,925,0,,2,1150;1904,0,1,False,0,,0,AC,False,True,AC,,0,2,0,,1150;1904,
884,926,2,FARRAGUT;FARRAGUT,6,87;203;1188;1194;1219;1905,0,2,False,1,1215,0,DC;DC,True,True,DC,,2,13,2,FARRAGUT;FARRAGUT,87;203;1188;1194;1215;1219;1901;1902;1903;1904;1905;1906;1907,86;87
885,927,1,UNKNOWN129920,2,1216;1283,0,1,False,0,,0,AC,False,True,AC,,1,5,0,UNKNOWN129920,1148;1149;1150;1216;1283,
886,928,1,FARRAGUT,4,1206;1207;1216;1217,0,5,False,18,53;54;1144;1145;1146;1147;1215;1218;1219;1271;1274;1275;1278;1279;1280;1281;1282;2226,11,DC;DC;DC;DC;DC,True,True,DC,,12,40,3,UNKNOWN129913;CORONA;TAP135492;TAP135493;FAR ROCKAWAY;HEWLETT;WOODMERE;JAMAICA;HUDSON AVENUE;FARRAGUT;JAMAICA;FARRAGUT,53;54;1144;1145;1146;1147;1206;1207;1212;1213;1214;1215;1216;1217;1218;1219;1269;1270;1271;1272;1273;1274;1275;1276;1277;1278;1279;1280;1281;1282;1283;1284;1901;1902;1903;1904;1905;1906;1907;2226,54;86;87
887,929,1,FARRAGUT,1,203,0,1,False,0,,0,AC,False,True,AC,,1,3,2,FARRAGUT,203;1905;1906,86;87
888,930,0,,3,205;1150;1216,0,1,False,0,,0,AC,False,True,AC,,0,3,0,,205;1150;1216,
889,931,0,,5,87;1207;1218;1906;1907,0,1,False,0,,0,AC,False,True,AC,,0,5,0,,87;1207;1218;1906;1907,
890,932,0,,1,1217,0,1,False,0,,0,AC,False,True,AC,,0,1,0,,1217,
891,933,1,EAST 13TH STREET,4,1148;1150;1904;1907,0,2,False,1,1215,0,AC;AC,False,True,AC,,1,9,0,EAST 13TH STREET,203;204;205;206;1148;1150;1215;1904;1907,
892,934,0,,5,203;1150;1218;1219;1903,0,1,False,0,,0,AC,False,True,AC,,0,5,0,,203;1150;1218;1219;1903,
893,935,0,,2,204;1906,0,1,False,0,,0,AC,False,True,AC,,0,2,0,,204;1906,
894,936,0,,4,205;1218;1903;1907,0,1,False,0,,0,AC,False,True,AC,,0,4,0,,205;1218;1903;1907,
895,937,0,,4,87;1206;1216;1904,0,1,False,0,,0,AC,False,True,AC,,0,4,0,,87;1206;1216;1904,
896,938,0,,4,87;1216;1902;1907,0,3,False,2,1215;1901,0,AC;DC;DC,True,True,DC,,0,6,0,,87;1215;1216;1901;1902;1907,
897,939,0,,2,204;1149,0,1,False,0,,0,AC,False,True,AC,,0,2,0,,204;1149,
898,940,0,,3,203;1149;1150,0,1,False,0,,0,AC,False,True,AC,,0,3,0,,203;1149;1150,
899,941,0,,4,87;1219;1907;2222,0,1,False,0,,0,AC,False,True,AC,,0,4,0,,87;1219;1907;2222,
900,942,1,FARRAGUT,1,203,0,1,False,0,,0,AC,False,True,AC,,1,3,2,FARRAGUT,203;1905;1906,86;87
901,943,0,,2,205;1901,0,2,False,1,1902,0,AC;DC,True,True,DC,,0,3,0,,205;1901;1902,
902,944,0,,5,1188;1194;1218;1901;1902,0,1,False,0,,0,DC,True,True,DC,,0,5,0,,1188;1194;1218;1901;1902,
903,945,1,FARRAGUT,2,1905;2221,0,2,False,1,1215,0,DC;DC,True,True,DC,,1,8,2,FARRAGUT,1215;1901;1902;1903;1904;1905;1907;2221,86;87
904,946,2,FARRAGUT;FARRAGUT,4,1148;1903;1907;2220,2,2,False,1,1215,0,AC;AC,False,True,AC,,4,10,4,GOWANUS;FARRAGUT;GOWANUS;FARRAGUT,1148;1215;1901;1902;1903;1904;1905;1906;1907;2220,82;83;86;87
905,947,0,,2,1217;1283,0,1,False,0,,0,AC,False,True,AC,,0,2,0,,1217;1283,
906,948,1,FARRAGUT,1,1284,0,2,False,2,1215;1283,2,DC;DC,True,True,DC,,3,10,2,HUDSON AVENUE;FARRAGUT;FARRAGUT,1215;1283;1284;1901;1902;1903;1904;1905;1906;1907,86;87
907,949,1,UNKNOWN129920,4,204;1149;1207;1283,0,1,False,0,,0,AC,False,True,AC,,1,6,0,UNKNOWN129920,204;1148;1149;1150;1207;1283,
908,950,0,,2,203;1904,0,1,False,0,,0,AC,False,True,AC,,0,2,0,,203;1904,
909,951,0,,6,88;205;1194;1217;1904;1907,0,1,False,0,,0,AC,False,True,AC,,0,6,0,,88;205;1194;1217;1904;1907,
910,952,1,FARRAGUT,3,1150;1284;1901,0,3,False,2,1149;1902,3,AC;DC;DC,True,True,DC,,4,8,4,UNKNOWN129920;GOWANUS;GOWANUS;FARRAGUT,1148;1149;1150;1284;1901;1902;1905;1906,82;83;86;87
911,953,0,,2,1114;1150,0,1,False,0,,0,AC,False,True,AC,,0,2,0,,1114;1150,
912,954,0,,2,87;206,0,1,False,0,,0,AC,False,True,AC,,0,2,0,,87;206,
913,955,0,,3,88;1217;1901,0,2,False,1,1902,0,AC;DC,True,True,DC,,0,4,0,,88;1217;1901;1902,
914,956,0,,2,206;1149,0,1,False,0,,0,AC,False,True,AC,,0,2,0,,206;1149,
915,957,1,FARRAGUT,6,206;1114;1216;1217;1284;1907,0,5,False,7,1115;1116;1117;1118;1200;1215;2219,1,AC;AC;AC;AC;AC,False,True,AC,,2,15,2,WEST ASTORIA;FARRAGUT,206;1114;1115;1116;1117;1118;1200;1215;1216;1217;1284;1905;1906;1907;2219,86;87
916,958,1,FARRAGUT,1,1218,0,1,False,0,,0,AC,False,True,AC,,1,3,2,FARRAGUT,1218;1905;1906,86;87
917,959,0,,2,1189;1219,0,1,False,0,,0,AC,False,True,AC,,0,2,0,,1189;1219,
918,960,2,EAST 13TH STREET;FARRAGUT,4,87;1219;1903;1905,0,2,False,1,1215,0,AC;AC,False,True,AC,,2,10,2,EAST 13TH STREET;FARRAGUT,87;203;204;205;206;1215;1219;1903;1905;1906,86;87
919,961,2,UNKNOWN129920;FARRAGUT,3,203;205;1904,0,1,False,0,,0,AC,False,True,AC,,2,8,2,UNKNOWN129920;FARRAGUT,203;205;1148;1149;1150;1904;1905;1906,86;87
920,962,0,,5,206;1206;1284;1901;1905,0,2,False,1,1902,0,AC;DC,True,True,DC,,0,6,0,,206;1206;1284;1901;1902;1905,
921,963,0,,3,203;1219;1283,0,1,False,0,,0,AC,False,True,AC,,0,3,0,,203;1219;1283,
922,964,1,FARRAGUT,2,1188;1207,0,2,False,1,1215,0,DC;DC,True,True,DC,,1,8,2,FARRAGUT,1188;1207;1215;1901;1902;1903;1904;1907,86;87
923,965,1,EAST 13TH STREET,6,204;1219;1283;1902;1903;1905,0,2,False,2,1215;1901,0,AC;DC,True,True,DC,,1,11,0,EAST 13TH STREET,203;204;205;206;1215;1219;1283;1901;1902;1903;1905,
924,966,0,,2,1188;1217,0,1,False,0,,0,AC,False,True,AC,,0,2,0,,1188;1217,
925,967,1,FARRAGUT,4,1114;1194;1219;1901,0,2,False,1,1215,0,DC;DC,True,True,DC,,1,9,2,FARRAGUT,1114;1194;1215;1219;1901;1902;1903;1904;1907,86;87
926,968,0,,5,1206;1283;1903;1906;2222,0,1,False,0,,0,AC,False,True,AC,,0,5,0,,1206;1283;1903;1906;2222,
927,969,0,,5,88;1218;1219;1284;1906,0,1,False,0,,0,AC,False,True,AC,,0,5,0,,88;1218;1219;1284;1906,
928,970,1,FARRAGUT,1,1901,0,2,False,1,1215,0,DC;DC,True,True,DC,,1,6,2,FARRAGUT,1215;1901;1902;1903;1904;1907,86;87
929,971,0,,3,203;1148;1901,0,1,False,0,,0,AC,False,True,AC,,0,3,0,,203;1148;1901,
930,972,0,,3,205;1188;2221,0,1,False,0,,0,AC,False,True,AC,,0,3,0,,205;1188;2221,
931,973,1,UNKNOWN129920,3,87;1206;1216,0,1,False,0,,0,AC,False,True,AC,,1,6,0,UNKNOWN129920,87;1148;1149;1150;1206;1216,
932,974,0,,2,205;1148,0,1,False,0,,0,AC,False,True,AC,,0,2,0,,205;1148,
933,975,0,,2,1216;1217,0,1,False,0,,0,AC,False,True,AC,,0,2,0,,1216;1217,
934,976,0,,3,203;1188;1218,0,1,False,0,,0,AC,False,True,AC,,0,3,0,,203;1188;1218,
935,977,0,,1,1150,0,1,False,0,,0,AC,False,True,AC,,0,1,0,,1150,
936,978,0,,3,87;1218;1284,0,1,False,0,,0,AC,False,True,AC,,0,3,0,,87;1218;1284,
937,979,0,,3,88;1188;1284,0,1,False,0,,0,AC,False,True,AC,,0,3,0,,88;1188;1284,
938,980,0,,2,1206;1907,0,1,False,0,,0,AC,False,True,AC,,0,2,0,,1206;1907,
939,981,0,,2,87;1207,0,1,False,0,,0,AC,False,True,AC,,0,2,0,,87;1207,
940,982,0,,0,,0,1,False,0,,0,AC,False,True,AC,,0,0,0,,,
941,983,0,,5,205;1188;1217;1906;1907,0,1,False,0,,0,AC,False,True,AC,,0,5,0,,205;1188;1217;1906;1907,
942,984,0,,0,,0,1,False,0,,0,AC,False,True,AC,,0,0,0,,,
943,985,2,UNKNOWN129920;FARRAGUT,3,204;1148;1216,0,1,False,0,,0,AC,False,True,AC,,2,7,2,UNKNOWN129920;FARRAGUT,204;1148;1149;1150;1216;1905;1906,86;87
944,986,2,EAST 13TH STREET;FARRAGUT,0,,0,2,False,1,1215,0,AC;AC,False,True,AC,,2,7,2,EAST 13TH STREET;FARRAGUT,203;204;205;206;1215;1905;1906,86;87
945,987,0,,4,1189;1216;1905;2221,0,1,False,0,,0,AC,False,True,AC,,0,4,0,,1189;1216;1905;2221,
946,988,0,,3,1901;1903;1904,0,2,False,1,1902,0,AC;DC,True,True,DC,,0,4,0,,1901;1902;1903;1904,
947,989,1,FARRAGUT,5,1114;1216;1904;1905;1907,0,2,False,1,1215,0,DC;DC,True,True,DC,,1,9,2,FARRAGUT,1114;1215;1216;1901;1902;1903;1904;1905;1907,86;87
948,990,1,FARRAGUT,2,1194;1216,0,2,False,1,1215,0,DC;DC,True,True,DC,,1,8,2,FARRAGUT,1194;1215;1216;1901;1902;1903;1904;1907,86;87
949,991,0,,1,1194,0,1,False,0,,0,AC,False,True,AC,,0,1,0,,1194,
950,992,0,,3,203;1150;1218,0,1,False,0,,0,AC,False,True,AC,,0,3,0,,203;1150;1218,
951,993,0,,3,204;1189;1905,0,1,False,0,,0,AC,False,True,AC,,0,3,0,,204;1189;1905,
952,994,0,,4,1194;1216;1218;1904,0,1,False,0,,0,AC,False,True,AC,,0,4,0,,1194;1216;1218;1904,
953,995,0,,2,1207;1217,0,1,False,0,,0,AC,False,True,AC,,0,2,0,,1207;1217,
954,996,0,,4,87;205;1904;1907,0,1,False,0,,0,AC,False,True,AC,,0,4,0,,87;205;1904;1907,
955,997,0,,4,205;1216;1907;2222,0,1,False,0,,0,AC,False,True,AC,,0,4,0,,205;1216;1907;2222,
956,998,0,,3,1148;1217;1903,0,1,False,0,,0,AC,False,True,AC,,0,3,0,,1148;1217;1903,
957,999,0,,2,1194;1905,0,1,False,0,,0,AC,False,True,AC,,0,2,0,,1194;1905,
958,1000,0,,2,1284;2222,0,1,False,0,,0,AC,False,True,AC,,0,2,0,,1284;2222,
959,1001,1,UNKNOWN129920,5,87;1207;1283;1903;2221,0,1,False,0,,0,AC,False,True,AC,,1,8,0,UNKNOWN129920,87;1148;1149;1150;1207;1283;1903;2221,
960,1002,0,,5,1189;1194;1283;1284;1902,0,2,False,1,1901,0,AC;DC,True,True,DC,,0,6,0,,1189;1194;1283;1284;1901;1902,
961,1003,0,,2,1216;1219,0,1,False,0,,0,AC,False,True,AC,,0,2,0,,1216;1219,
962,1004,2,EAST 13TH STREET;FARRAGUT,3,1149;1283;1284,2,2,False,1,1150,3,DC;DC,True,True,DC,,7,16,4,EAST 13TH STREET;UNKNOWN129920;GOWANUS;HUDSON AVENUE;FARRAGUT;GOWANUS;FARRAGUT,203;204;205;206;1148;1149;1150;1283;1284;1901;1902;1903;1904;1905;1906;1907,82;83;86;87
963,1005,0,,2,1218;1284,0,1,False,0,,0,AC,False,True,AC,,0,2,0,,1218;1284,
964,1006,0,,4,1149;1189;1902;1904,0,3,False,2,1150;1901,3,AC;DC;DC,True,True,DC,,3,7,2,UNKNOWN129920;GOWANUS;GOWANUS,1148;1149;1150;1189;1901;1902;1904,82;83
965,1007,1,EAST 13TH STREET,1,206,0,2,False,1,1215,0,AC;AC,False,True,AC,,1,5,0,EAST 13TH STREET,203;204;205;206;1215,
966,1008,0,,2,204;1902,0,2,False,1,1901,0,AC;DC,True,True,DC,,0,3,0,,204;1901;1902,
967,1009,2,EAST 13TH STREET;FARRAGUT,5,205;1148;1217;1905;2220,2,2,False,1,1215,0,DC;DC,True,True,DC,,4,14,4,EAST 13TH STREET;GOWANUS;FARRAGUT;GOWANUS,203;204;205;206;1148;1215;1217;1901;1902;1903;1904;1905;1907;2220,82;83;86;87
968,1010,0,,6,205;1149;1206;1219;1283;1904,0,1,False,0,,0,AC,False,True,AC,,0,6,0,,205;1149;1206;1219;1283;1904,
969,1011,1,FARRAGUT,5,87;1114;1188;1217;1902,0,2,False,1,1901,0,AC;DC,True,True,DC,,1,8,2,FARRAGUT,87;1114;1188;1217;1901;1902;1905;1906,86;87
970,1012,0,,0,,0,1,False,0,,0,AC,False,True,AC,,0,0,0,,,
971,1013,1,UNKNOWN129920,2,1148;1907,0,1,False,0,,0,AC,False,True,AC,,1,4,0,UNKNOWN129920,1148;1149;1150;1907,
972,1014,0,,1,1902,0,2,False,1,1901,0,AC;DC,True,True,DC,,0,2,0,,1901;1902,
973,1015,1,FARRAGUT,1,87,0,1,False,0,,0,AC,False,True,AC,,1,3,2,FARRAGUT,87;1905;1906,86;87
974,1016,0,,4,1148;1218;1283;1906,0,1,False,0,,0,AC,False,True,AC,,0,4,0,,1148;1218;1283;1906,
975,1017,0,,5,87;1206;1207;1219;1903,0,1,False,0,,0,AC,False,True,AC,,0,5,0,,87;1206;1207;1219;1903,
976,1018,0,,4,1149;1194;1206;1905,0,1,False,0,,0,AC,False,True,AC,,0,4,0,,1149;1194;1206;1905,
977,1019,0,,3,1150;1206;1907,0,1,False,0,,0,AC,False,True,AC,,0,3,0,,1150;1206;1907,
978,1020,1,FARRAGUT,2,87;1149,0,2,False,2,1150;1215,3,DC;DC,True,True,DC,,4,10,4,UNKNOWN129920;GOWANUS;FARRAGUT;GOWANUS,87;1148;1149;1150;1215;1901;1902;1903;1904;1907,82;83;86;87
979,1021,2,UNKNOWN129920;FARRAGUT,3,1148;1216;1218,0,1,False,0,,0,AC,False,True,AC,,2,7,2,UNKNOWN129920;FARRAGUT,1148;1149;1150;1216;1218;1905;1906,86;87
980,1022,1,EAST 13TH STREET,2,1217;1284,0,2,False,1,1215,0,AC;AC,False,True,AC,,1,7,0,EAST 13TH STREET,203;204;205;206;1215;1217;1284,
981,1023,0,,4,203;1219;1903;1906,0,1,False,0,,0,AC,False,True,AC,,0,4,0,,203;1219;1903;1906,
982,1024,0,,4,88;1216;1218;2222,0,1,False,0,,0,AC,False,True,AC,,0,4,0,,88;1216;1218;2222,
983,1025,0,,3,204;1216;1284,0,1,False,0,,0,AC,False,True,AC,,0,3,0,,204;1216;1284,
984,1026,1,FARRAGUT,4,1150;1219;1283;1907,0,6,False,10,1116;1117;1118;1148;1149;1200;1215;1912;1913;2219,9,AC;AC;AC;AC;DC;DC,True,True,DC,,10,29,6,UNKNOWN129920;QUEENSBRIDGE;GOWANUS;RAINEY;FARRAGUT;VERNON;UNKNOWN172523;GOWANUS;RAINEY;FARRAGUT,1116;1117;1118;1148;1149;1150;1200;1215;1219;1283;1285;1286;1287;1901;1902;1903;1904;1905;1906;1907;1908;1909;1910;1912;1913;2219;2220;2221;2222,82;83;84;85;86;87
985,1027,2,EAST 13TH STREET;FARRAGUT,5,205;1219;1284;1901;1904,0,2,False,2,1215;1902,0,AC;DC,True,True,DC,,2,12,2,EAST 13TH STREET;FARRAGUT,203;204;205;206;1215;1219;1284;1901;1902;1904;1905;1906,86;87
986,1028,0,,2,1216;2222,0,1,False,0,,0,AC,False,True,AC,,0,2,0,,1216;2222,
987,1029,1,FARRAGUT,2,1188;2220,0,2,False,1,1215,0,DC;DC,True,True,DC,,1,8,2,FARRAGUT,1188;1215;1901;1902;1903;1904;1907;2220,86;87
988,1030,1,UNKNOWN129920,2,204;205,0,1,False,0,,0,AC,False,True,AC,,1,5,0,UNKNOWN129920,204;205;1148;1149;1150,
989,1031,0,,3,203;206;1207,0,1,False,0,,0,AC,False,True,AC,,0,3,0,,203;206;1207,
990,1032,0,,4,203;1149;1207;1217,0,1,False,0,,0,AC,False,True,AC,,0,4,0,,203;1149;1207;1217,
991,1033,0,,3,1188;1217;1907,0,1,False,0,,0,AC,False,True,AC,,0,3,0,,1188;1217;1907,
992,1034,1,FARRAGUT,2,203;1218,0,2,False,1,1215,0,DC;DC,True,True,DC,,1,8,2,FARRAGUT,203;1215;1218;1901;1902;1903;1904;1907,86;87
993,1035,0,,3,88;1188;1906,0,1,False,0,,0,AC,False,True,AC,,0,3,0,,88;1188;1906,
994,1036,1,FARRAGUT,4,1188;1206;1902;1903,0,2,False,1,1901,0,AC;DC,True,True,DC,,1,7,2,FARRAGUT,1188;1206;1901;1902;1903;1905;1906,86;87
995,1037,0,,2,1283;1906,0,1,False,0,,0,AC,False,True,AC,,0,2,0,,1283;1906,
996,1038,1,UNKNOWN129920,2,1284;1901,0,1,False,0,,0,AC,False,True,AC,,1,5,0,UNKNOWN129920,1148;1149;1150;1284;1901,
997,1039,0,,1,1218,0,1,False,0,,0,AC,False,True,AC,,0,1,0,,1218,
998,1040,0,,3,1188;1189;1905,0,1,False,0,,0,AC,False,True,AC,,0,3,0,,1188;1189;1905,
999,1041,0,,2,1218;1219,0,1,False,0,,0,AC,False,True,AC,,0,2,0,,1218;1219,
